Date,Open,High,Low,Close,Volume,Dividends,Stock Splits
2015-11-11 00:00:00-05:00,24.25,24.520000457763672,23.549999237060547,23.889999389648438,805500,0.0,0.0
2015-11-12 00:00:00-05:00,23.899999618530273,24.93000030517578,23.799999237060547,24.149999618530273,127700,0.0,0.0
2015-11-13 00:00:00-05:00,23.760000228881836,24.25,23.549999237060547,23.989999771118164,29600,0.0,0.0
2015-11-16 00:00:00-05:00,23.530000686645508,24.530000686645508,23.1200008392334,24.209999084472656,77000,0.0,0.0
2015-11-17 00:00:00-05:00,24.209999084472656,24.540000915527344,24.149999618530273,24.450000762939453,111800,0.0,0.0
2015-11-18 00:00:00-05:00,24.5,24.649999618530273,24.100000381469727,24.170000076293945,143200,0.0,0.0
2015-11-19 00:00:00-05:00,24.18000030517578,24.59000015258789,24.100000381469727,24.110000610351562,114800,0.0,0.0
2015-11-20 00:00:00-05:00,24.139999389648438,24.389999389648438,23.829999923706055,24.100000381469727,127600,0.0,0.0
2015-11-23 00:00:00-05:00,24.010000228881836,24.549999237060547,24.010000228881836,24.09000015258789,90000,0.0,0.0
2015-11-24 00:00:00-05:00,24.360000610351562,24.440000534057617,24.0,24.1200008392334,68200,0.0,0.0
2015-11-25 00:00:00-05:00,24.190000534057617,24.290000915527344,24.020000457763672,24.18000030517578,81600,0.0,0.0
2015-11-27 00:00:00-05:00,24.200000762939453,24.899999618530273,23.8700008392334,24.09000015258789,58400,0.0,0.0
2015-11-30 00:00:00-05:00,23.8700008392334,24.5,23.739999771118164,24.190000534057617,98700,0.0,0.0
2015-12-01 00:00:00-05:00,24.5,24.5,24.0,24.239999771118164,35300,0.0,0.0
2015-12-02 00:00:00-05:00,24.010000228881836,24.190000534057617,24.010000228881836,24.149999618530273,3800,0.0,0.0
2015-12-03 00:00:00-05:00,24.200000762939453,24.25,23.899999618530273,24.0,44500,0.0,0.0
2015-12-04 00:00:00-05:00,23.950000762939453,24.190000534057617,23.75,24.0,18100,0.0,0.0
2015-12-07 00:00:00-05:00,24.200000762939453,24.200000762939453,24.0,24.0,11600,0.0,0.0
2015-12-08 00:00:00-05:00,20.0,24.0,16.0,23.850000381469727,41600,0.0,0.0
2015-12-09 00:00:00-05:00,24.0,24.0,23.690000534057617,23.860000610351562,31800,0.0,0.0
2015-12-10 00:00:00-05:00,24.0,24.0,23.399999618530273,23.510000228881836,32100,0.0,0.0
2015-12-11 00:00:00-05:00,23.520000457763672,23.940000534057617,22.510000228881836,23.0,41200,0.0,0.0
2015-12-14 00:00:00-05:00,23.0,23.649999618530273,22.899999618530273,23.049999237060547,74900,0.0,0.0
2015-12-15 00:00:00-05:00,23.020000457763672,23.920000076293945,23.020000457763672,23.65999984741211,73800,0.0,0.0
2015-12-16 00:00:00-05:00,23.350000381469727,23.75,23.350000381469727,23.729999542236328,38700,0.0,0.0
2015-12-17 00:00:00-05:00,23.979999542236328,24.040000915527344,23.329999923706055,23.799999237060547,62600,0.0,0.0
2015-12-18 00:00:00-05:00,23.8799991607666,23.8799991607666,23.100000381469727,23.75,317500,0.0,0.0
2015-12-21 00:00:00-05:00,23.799999237060547,23.899999618530273,23.290000915527344,23.6299991607666,16400,0.0,0.0
2015-12-22 00:00:00-05:00,23.600000381469727,23.899999618530273,23.350000381469727,23.8700008392334,45700,0.0,0.0
2015-12-23 00:00:00-05:00,23.889999389648438,24.690000534057617,23.700000762939453,24.360000610351562,131000,0.0,0.0
2015-12-24 00:00:00-05:00,24.110000610351562,24.510000228881836,23.700000762939453,23.700000762939453,17000,0.0,0.0
2015-12-28 00:00:00-05:00,23.899999618530273,24.010000228881836,23.25,23.360000610351562,20600,0.0,0.0
2015-12-29 00:00:00-05:00,23.489999771118164,23.600000381469727,23.100000381469727,23.299999237060547,37800,0.0,0.0
2015-12-30 00:00:00-05:00,23.209999084472656,23.469999313354492,23.209999084472656,23.299999237060547,5100,0.0,0.0
2015-12-31 00:00:00-05:00,23.260000228881836,23.549999237060547,23.260000228881836,23.389999389648438,13200,0.0,0.0
2016-01-04 00:00:00-05:00,22.670000076293945,23.469999313354492,20.0,23.229999542236328,44500,0.0,0.0
2016-01-05 00:00:00-05:00,23.229999542236328,23.809999465942383,23.09000015258789,23.520000457763672,52300,0.0,0.0
2016-01-06 00:00:00-05:00,21.899999618530273,24.100000381469727,21.8799991607666,23.93000030517578,60800,0.0,0.0
2016-01-07 00:00:00-05:00,23.6200008392334,23.899999618530273,23.25,23.899999618530273,33700,0.0,0.0
2016-01-08 00:00:00-05:00,23.959999084472656,24.0,19.719999313354492,23.84000015258789,28900,0.0,0.0
2016-01-11 00:00:00-05:00,23.700000762939453,24.0,23.43000030517578,23.940000534057617,60200,0.0,0.0
2016-01-12 00:00:00-05:00,23.950000762939453,23.959999084472656,23.579999923706055,23.93000030517578,26000,0.0,0.0
2016-01-13 00:00:00-05:00,23.950000762939453,23.950000762939453,23.3799991607666,23.8799991607666,22800,0.0,0.0
2016-01-14 00:00:00-05:00,23.770000457763672,23.829999923706055,23.290000915527344,23.469999313354492,21500,0.0,0.0
2016-01-15 00:00:00-05:00,22.959999084472656,23.43000030517578,22.010000228881836,23.350000381469727,24200,0.0,0.0
2016-01-19 00:00:00-05:00,23.3799991607666,23.43000030517578,22.1299991607666,22.719999313354492,52500,0.0,0.0
2016-01-20 00:00:00-05:00,22.389999389648438,23.350000381469727,22.0,22.959999084472656,13800,0.0,0.0
2016-01-21 00:00:00-05:00,23.15999984741211,23.450000762939453,22.780000686645508,22.790000915527344,12300,0.0,0.0
2016-01-22 00:00:00-05:00,23.0,23.0,22.56999969482422,22.989999771118164,4800,0.0,0.0
2016-01-25 00:00:00-05:00,22.389999389648438,22.940000534057617,21.889999389648438,22.09000015258789,22900,0.0,0.0
2016-01-26 00:00:00-05:00,22.1299991607666,22.479999542236328,21.40999984741211,21.860000610351562,18000,0.0,0.0
2016-01-27 00:00:00-05:00,22.200000762939453,22.219999313354492,20.799999237060547,20.799999237060547,18700,0.0,0.0
2016-01-28 00:00:00-05:00,20.420000076293945,21.799999237060547,20.420000076293945,21.209999084472656,7400,0.0,0.0
2016-01-29 00:00:00-05:00,21.920000076293945,22.0,20.989999771118164,22.0,15400,0.0,0.0
2016-02-01 00:00:00-05:00,21.850000381469727,21.959999084472656,21.299999237060547,21.8799991607666,5300,0.0,0.0
2016-02-02 00:00:00-05:00,21.510000228881836,21.979999542236328,21.260000228881836,21.75,11400,0.0,0.0
2016-02-03 00:00:00-05:00,21.899999618530273,22.739999771118164,21.799999237060547,21.899999618530273,34700,0.0,0.0
2016-02-04 00:00:00-05:00,22.229999542236328,22.559999465942383,22.010000228881836,22.100000381469727,7000,0.0,0.0
2016-02-05 00:00:00-05:00,22.139999389648438,22.139999389648438,22.010000228881836,22.020000457763672,4900,0.0,0.0
2016-02-08 00:00:00-05:00,22.43000030517578,22.43000030517578,21.799999237060547,22.110000610351562,8800,0.0,0.0
2016-02-09 00:00:00-05:00,22.389999389648438,22.469999313354492,22.010000228881836,22.010000228881836,26200,0.0,0.0
2016-02-10 00:00:00-05:00,22.06999969482422,22.56999969482422,21.049999237060547,21.059999465942383,17400,0.0,0.0
2016-02-11 00:00:00-05:00,21.0,21.100000381469727,20.010000228881836,20.8799991607666,43400,0.0,0.0
2016-02-12 00:00:00-05:00,21.0,21.149999618530273,20.5,20.770000457763672,15600,0.0,0.0
2016-02-16 00:00:00-05:00,20.75,21.020000457763672,20.299999237060547,20.84000015258789,5900,0.0,0.0
2016-02-17 00:00:00-05:00,20.600000381469727,20.799999237060547,20.5,20.649999618530273,12200,0.0,0.0
2016-02-18 00:00:00-05:00,21.059999465942383,21.059999465942383,20.270000457763672,20.59000015258789,16700,0.0,0.0
2016-02-19 00:00:00-05:00,20.1200008392334,20.90999984741211,20.1200008392334,20.739999771118164,21800,0.0,0.0
2016-02-22 00:00:00-05:00,21.0,21.0,20.75,20.899999618530273,20100,0.0,0.0
2016-02-23 00:00:00-05:00,20.690000534057617,21.0,20.510000228881836,20.90999984741211,14700,0.0,0.0
2016-02-24 00:00:00-05:00,20.739999771118164,21.0,20.709999084472656,20.850000381469727,11900,0.0,0.0
2016-02-25 00:00:00-05:00,20.899999618530273,21.0,20.81999969482422,20.989999771118164,17100,0.0,0.0
2016-02-26 00:00:00-05:00,21.0,21.0,20.889999389648438,20.90999984741211,9300,0.0,0.0
2016-02-29 00:00:00-05:00,20.899999618530273,21.0,20.889999389648438,20.889999389648438,9500,0.0,0.0
2016-03-01 00:00:00-05:00,21.0,21.0,20.850000381469727,20.920000076293945,12000,0.0,0.0
2016-03-02 00:00:00-05:00,20.889999389648438,20.889999389648438,20.809999465942383,20.889999389648438,2300,0.0,0.0
2016-03-03 00:00:00-05:00,20.729999542236328,20.899999618530273,20.610000610351562,20.899999618530273,12000,0.0,0.0
2016-03-04 00:00:00-05:00,20.8700008392334,20.8700008392334,20.549999237060547,20.780000686645508,2800,0.0,0.0
2016-03-07 00:00:00-05:00,21.0,21.010000228881836,20.600000381469727,21.010000228881836,16500,0.0,0.0
2016-03-08 00:00:00-05:00,21.0,21.049999237060547,20.809999465942383,20.959999084472656,20600,0.0,0.0
2016-03-09 00:00:00-05:00,21.0,21.489999771118164,21.0,21.18000030517578,15600,0.0,0.0
2016-03-10 00:00:00-05:00,21.229999542236328,21.399999618530273,20.6299991607666,20.969999313354492,14800,0.0,0.0
2016-03-11 00:00:00-05:00,20.81999969482422,21.479999542236328,20.81999969482422,21.399999618530273,19000,0.0,0.0
2016-03-14 00:00:00-04:00,21.399999618530273,21.489999771118164,21.010000228881836,21.469999313354492,29900,0.0,0.0
2016-03-15 00:00:00-04:00,21.06999969482422,21.399999618530273,21.06999969482422,21.229999542236328,17300,0.0,0.0
2016-03-16 00:00:00-04:00,21.299999237060547,21.489999771118164,21.0,21.049999237060547,13300,0.0,0.0
2016-03-17 00:00:00-04:00,20.93000030517578,21.200000762939453,20.75,20.829999923706055,18300,0.0,0.0
2016-03-18 00:00:00-04:00,20.90999984741211,21.489999771118164,20.860000610351562,21.31999969482422,125400,0.0,0.0
2016-03-21 00:00:00-04:00,21.020000457763672,21.209999084472656,20.709999084472656,21.100000381469727,11600,0.0,0.0
2016-03-22 00:00:00-04:00,21.110000610351562,21.229999542236328,20.90999984741211,21.190000534057617,10100,0.0,0.0
2016-03-23 00:00:00-04:00,21.25,21.350000381469727,21.010000228881836,21.15999984741211,8600,0.0,0.0
2016-03-24 00:00:00-04:00,21.100000381469727,21.149999618530273,20.989999771118164,21.020000457763672,4000,0.0,0.0
2016-03-28 00:00:00-04:00,21.09000015258789,21.399999618530273,21.0,21.309999465942383,6100,0.0,0.0
2016-03-29 00:00:00-04:00,21.190000534057617,21.190000534057617,20.649999618530273,20.739999771118164,27500,0.0,0.0
2016-03-30 00:00:00-04:00,21.0,21.0,20.950000762939453,20.989999771118164,6400,0.0,0.0
2016-03-31 00:00:00-04:00,21.0,21.09000015258789,20.959999084472656,21.0,5300,0.0,0.0
2016-04-01 00:00:00-04:00,20.979999542236328,21.020000457763672,20.950000762939453,21.020000457763672,7300,0.0,0.0
2016-04-04 00:00:00-04:00,21.0,21.09000015258789,20.899999618530273,21.0,15900,0.0,0.0
2016-04-05 00:00:00-04:00,21.0,21.06999969482422,20.799999237060547,21.010000228881836,12600,0.0,0.0
2016-04-06 00:00:00-04:00,21.0,21.030000686645508,20.920000076293945,21.010000228881836,6100,0.0,0.0
2016-04-07 00:00:00-04:00,20.950000762939453,20.950000762939453,20.649999618530273,20.670000076293945,10200,0.0,0.0
2016-04-08 00:00:00-04:00,20.729999542236328,21.110000610351562,20.729999542236328,21.049999237060547,22200,0.0,0.0
2016-04-11 00:00:00-04:00,20.8799991607666,21.18000030517578,20.829999923706055,21.100000381469727,15200,0.0,0.0
2016-04-12 00:00:00-04:00,20.770000457763672,21.1299991607666,20.770000457763672,20.959999084472656,4100,0.0,0.0
2016-04-13 00:00:00-04:00,20.709999084472656,20.940000534057617,20.709999084472656,20.920000076293945,4600,0.0,0.0
2016-04-14 00:00:00-04:00,20.969999313354492,20.979999542236328,20.719999313354492,20.81999969482422,11200,0.0,0.0
2016-04-15 00:00:00-04:00,20.829999923706055,20.969999313354492,20.729999542236328,20.969999313354492,6500,0.0,0.0
2016-04-18 00:00:00-04:00,20.940000534057617,21.0,20.850000381469727,20.950000762939453,7200,0.0,0.0
2016-04-19 00:00:00-04:00,20.93000030517578,21.0,20.790000915527344,20.84000015258789,4900,0.0,0.0
2016-04-20 00:00:00-04:00,20.790000915527344,21.0,20.559999465942383,20.979999542236328,20800,0.0,0.0
2016-04-21 00:00:00-04:00,20.979999542236328,20.979999542236328,20.829999923706055,20.899999618530273,8500,0.0,0.0
2016-04-22 00:00:00-04:00,21.0,21.84000015258789,20.68000030517578,21.049999237060547,43800,0.0,0.0
2016-04-25 00:00:00-04:00,20.920000076293945,21.229999542236328,20.770000457763672,21.100000381469727,9700,0.0,0.0
2016-04-26 00:00:00-04:00,21.1299991607666,21.170000076293945,20.850000381469727,21.020000457763672,24000,0.0,0.0
2016-04-27 00:00:00-04:00,20.979999542236328,21.25,20.979999542236328,21.209999084472656,12200,0.0,0.0
2016-04-28 00:00:00-04:00,20.860000610351562,21.139999389648438,20.860000610351562,21.010000228881836,5200,0.0,0.0
2016-04-29 00:00:00-04:00,20.899999618530273,21.0,20.799999237060547,20.969999313354492,3800,0.0,0.0
2016-05-02 00:00:00-04:00,21.0,21.0,20.969999313354492,21.0,7200,0.0,0.0
2016-05-03 00:00:00-04:00,20.93000030517578,21.139999389648438,20.8700008392334,21.020000457763672,7100,0.0,0.0
2016-05-04 00:00:00-04:00,21.0,21.06999969482422,20.920000076293945,20.979999542236328,6600,0.0,0.0
2016-05-05 00:00:00-04:00,21.0,21.190000534057617,20.920000076293945,20.920000076293945,6900,0.0,0.0
2016-05-06 00:00:00-04:00,20.81999969482422,21.6299991607666,20.719999313354492,21.6299991607666,17000,0.0,0.0
2016-05-09 00:00:00-04:00,21.420000076293945,21.450000762939453,21.049999237060547,21.3799991607666,12700,0.0,0.0
2016-05-10 00:00:00-04:00,21.309999465942383,22.0,21.200000762939453,21.5,15000,0.0,0.0
2016-05-11 00:00:00-04:00,21.65999984741211,21.739999771118164,21.0,21.200000762939453,10500,0.0,0.0
2016-05-12 00:00:00-04:00,21.389999389648438,21.579999923706055,21.15999984741211,21.5,9100,0.0,0.0
2016-05-13 00:00:00-04:00,21.399999618530273,21.399999618530273,21.0,21.049999237060547,21000,0.0,0.0
2016-05-16 00:00:00-04:00,21.170000076293945,21.200000762939453,21.0,21.030000686645508,5100,0.0,0.0
2016-05-17 00:00:00-04:00,21.149999618530273,21.8799991607666,21.030000686645508,21.3700008392334,231900,0.0,0.0
2016-05-18 00:00:00-04:00,21.329999923706055,21.719999313354492,21.15999984741211,21.520000457763672,36000,0.0,0.0
2016-05-19 00:00:00-04:00,21.5,21.700000762939453,21.389999389648438,21.59000015258789,34100,0.0,0.0
2016-05-20 00:00:00-04:00,21.68000030517578,22.68000030517578,21.68000030517578,22.0,17800,0.0,0.0
2016-05-23 00:00:00-04:00,22.049999237060547,22.3799991607666,21.75,21.84000015258789,169700,0.0,0.0
2016-05-24 00:00:00-04:00,21.93000030517578,22.780000686645508,21.700000762939453,22.75,66700,0.0,0.0
2016-05-25 00:00:00-04:00,22.6200008392334,23.639999389648438,22.149999618530273,23.43000030517578,34100,0.0,0.0
2016-05-26 00:00:00-04:00,23.43000030517578,23.729999542236328,22.690000534057617,23.200000762939453,12300,0.0,0.0
2016-05-27 00:00:00-04:00,23.270000457763672,23.799999237060547,21.799999237060547,23.65999984741211,21600,0.0,0.0
2016-05-31 00:00:00-04:00,23.600000381469727,23.850000381469727,23.020000457763672,23.75,15500,0.0,0.0
2016-06-01 00:00:00-04:00,23.610000610351562,23.700000762939453,22.729999542236328,23.450000762939453,10600,0.0,0.0
2016-06-02 00:00:00-04:00,23.440000534057617,23.8700008392334,22.690000534057617,22.959999084472656,12300,0.0,0.0
2016-06-03 00:00:00-04:00,22.829999923706055,23.899999618530273,22.780000686645508,23.0,28900,0.0,0.0
2016-06-06 00:00:00-04:00,23.1299991607666,23.940000534057617,22.530000686645508,23.84000015258789,18900,0.0,0.0
2016-06-07 00:00:00-04:00,23.3700008392334,23.59000015258789,23.0,23.18000030517578,16200,0.0,0.0
2016-06-08 00:00:00-04:00,23.0,23.489999771118164,22.920000076293945,23.239999771118164,15100,0.0,0.0
2016-06-09 00:00:00-04:00,23.34000015258789,23.780000686645508,23.079999923706055,23.729999542236328,11500,0.0,0.0
2016-06-10 00:00:00-04:00,23.700000762939453,23.75,23.420000076293945,23.600000381469727,11500,0.0,0.0
2016-06-13 00:00:00-04:00,23.690000534057617,23.75,23.100000381469727,23.610000610351562,11700,0.0,0.0
2016-06-14 00:00:00-04:00,23.610000610351562,23.700000762939453,22.989999771118164,23.110000610351562,23600,0.0,0.0
2016-06-15 00:00:00-04:00,23.5,23.610000610351562,23.010000228881836,23.25,16700,0.0,0.0
2016-06-16 00:00:00-04:00,22.989999771118164,23.34000015258789,22.989999771118164,23.110000610351562,14400,0.0,0.0
2016-06-17 00:00:00-04:00,23.09000015258789,23.09000015258789,22.649999618530273,22.75,22800,0.0,0.0
2016-06-20 00:00:00-04:00,22.899999618530273,22.899999618530273,22.280000686645508,22.440000534057617,13900,0.0,0.0
2016-06-21 00:00:00-04:00,22.5,22.84000015258789,22.309999465942383,22.489999771118164,21100,0.0,0.0
2016-06-22 00:00:00-04:00,23.100000381469727,23.739999771118164,22.31999969482422,22.3799991607666,13000,0.0,0.0
2016-06-23 00:00:00-04:00,21.920000076293945,23.690000534057617,21.920000076293945,22.049999237060547,43200,0.0,0.0
2016-06-24 00:00:00-04:00,21.579999923706055,22.09000015258789,21.420000076293945,21.670000076293945,242600,0.0,0.0
2016-06-27 00:00:00-04:00,21.600000381469727,21.600000381469727,19.809999465942383,20.809999465942383,90600,0.0,0.0
2016-06-28 00:00:00-04:00,20.850000381469727,21.950000762939453,20.850000381469727,21.389999389648438,9000,0.0,0.0
2016-06-29 00:00:00-04:00,21.149999618530273,21.899999618530273,21.0,21.899999618530273,116800,0.0,0.0
2016-06-30 00:00:00-04:00,21.790000915527344,22.600000381469727,21.790000915527344,22.139999389648438,13400,0.0,0.0
2016-07-01 00:00:00-04:00,22.68000030517578,22.68000030517578,21.030000686645508,21.420000076293945,24100,0.0,0.0
2016-07-05 00:00:00-04:00,21.399999618530273,22.0,20.920000076293945,21.09000015258789,14400,0.0,0.0
2016-07-06 00:00:00-04:00,21.06999969482422,21.239999771118164,20.8700008392334,21.020000457763672,38800,0.0,0.0
2016-07-07 00:00:00-04:00,21.399999618530273,21.690000534057617,21.079999923706055,21.139999389648438,14000,0.0,0.0
2016-07-08 00:00:00-04:00,21.309999465942383,21.600000381469727,21.139999389648438,21.559999465942383,11600,0.0,0.0
2016-07-11 00:00:00-04:00,21.8700008392334,21.989999771118164,21.34000015258789,21.709999084472656,17800,0.0,0.0
2016-07-12 00:00:00-04:00,21.979999542236328,21.979999542236328,21.56999969482422,21.81999969482422,23200,0.0,0.0
2016-07-13 00:00:00-04:00,21.90999984741211,21.90999984741211,21.309999465942383,21.579999923706055,22300,0.0,0.0
2016-07-14 00:00:00-04:00,21.889999389648438,22.0,21.6299991607666,21.8799991607666,9100,0.0,0.0
2016-07-15 00:00:00-04:00,22.0,23.649999618530273,22.0,22.940000534057617,20900,0.0,0.0
2016-07-18 00:00:00-04:00,23.209999084472656,23.209999084472656,22.690000534057617,23.1200008392334,15700,0.0,0.0
2016-07-19 00:00:00-04:00,22.649999618530273,23.15999984741211,22.610000610351562,22.6200008392334,11500,0.0,0.0
2016-07-20 00:00:00-04:00,22.579999923706055,22.729999542236328,22.579999923706055,22.700000762939453,5600,0.0,0.0
2016-07-21 00:00:00-04:00,22.59000015258789,22.790000915527344,22.5,22.780000686645508,20100,0.0,0.0
2016-07-22 00:00:00-04:00,22.579999923706055,23.100000381469727,22.5,22.6200008392334,17900,0.0,0.0
2016-07-25 00:00:00-04:00,22.510000228881836,22.670000076293945,22.5,22.549999237060547,11100,0.0,0.0
2016-07-26 00:00:00-04:00,22.549999237060547,23.030000686645508,22.549999237060547,22.850000381469727,14000,0.0,0.0
2016-07-27 00:00:00-04:00,22.809999465942383,22.809999465942383,22.549999237060547,22.75,10800,0.0,0.0
2016-07-28 00:00:00-04:00,22.760000228881836,22.8799991607666,22.610000610351562,22.739999771118164,4400,0.0,0.0
2016-07-29 00:00:00-04:00,23.049999237060547,23.049999237060547,22.5,22.59000015258789,18600,0.0,0.0
2016-08-01 00:00:00-04:00,22.940000534057617,23.0,22.600000381469727,22.65999984741211,8400,0.0,0.0
2016-08-02 00:00:00-04:00,22.860000610351562,23.239999771118164,22.709999084472656,23.100000381469727,41600,0.0,0.0
2016-08-03 00:00:00-04:00,23.229999542236328,23.8799991607666,23.229999542236328,23.739999771118164,13200,0.0,0.0
2016-08-04 00:00:00-04:00,23.600000381469727,23.959999084472656,23.31999969482422,23.899999618530273,8600,0.0,0.0
2016-08-05 00:00:00-04:00,24.0,24.100000381469727,23.520000457763672,23.899999618530273,60800,0.0,0.0
2016-08-08 00:00:00-04:00,23.75,23.75,23.459999084472656,23.709999084472656,20800,0.0,0.0
2016-08-09 00:00:00-04:00,23.75,23.93000030517578,23.6299991607666,23.780000686645508,4400,0.0,0.0
2016-08-10 00:00:00-04:00,20.770000457763672,23.899999618530273,20.770000457763672,23.43000030517578,7600,0.0,0.0
2016-08-11 00:00:00-04:00,23.3700008392334,23.549999237060547,22.84000015258789,23.540000915527344,3800,0.0,0.0
2016-08-12 00:00:00-04:00,23.43000030517578,23.709999084472656,23.280000686645508,23.440000534057617,6400,0.0,0.0
2016-08-15 00:00:00-04:00,23.3700008392334,23.56999969482422,23.1200008392334,23.469999313354492,16200,0.0,0.0
2016-08-16 00:00:00-04:00,23.299999237060547,23.739999771118164,23.06999969482422,23.100000381469727,14200,0.0,0.0
2016-08-17 00:00:00-04:00,23.149999618530273,23.760000228881836,23.149999618530273,23.68000030517578,17100,0.0,0.0
2016-08-18 00:00:00-04:00,23.68000030517578,23.81999969482422,23.549999237060547,23.799999237060547,27100,0.0,0.0
2016-08-19 00:00:00-04:00,23.770000457763672,23.979999542236328,23.5,23.829999923706055,15900,0.0,0.0
2016-08-22 00:00:00-04:00,23.68000030517578,23.899999618530273,23.68000030517578,23.84000015258789,11600,0.0,0.0
2016-08-23 00:00:00-04:00,23.899999618530273,23.979999542236328,23.75,23.81999969482422,15600,0.0,0.0
2016-08-24 00:00:00-04:00,23.959999084472656,23.979999542236328,23.889999389648438,23.950000762939453,15800,0.0,0.0
2016-08-25 00:00:00-04:00,23.969999313354492,24.020000457763672,23.959999084472656,24.020000457763672,8500,0.0,0.0
2016-08-26 00:00:00-04:00,24.020000457763672,24.100000381469727,23.809999465942383,24.09000015258789,7600,0.0,0.0
2016-08-29 00:00:00-04:00,24.079999923706055,24.100000381469727,23.969999313354492,24.040000915527344,4800,0.0,0.0
2016-08-30 00:00:00-04:00,24.100000381469727,24.350000381469727,24.020000457763672,24.350000381469727,24200,0.0,0.0
2016-08-31 00:00:00-04:00,24.100000381469727,24.450000762939453,24.059999465942383,24.190000534057617,9300,0.0,0.0
2016-09-01 00:00:00-04:00,23.889999389648438,24.43000030517578,23.889999389648438,24.350000381469727,6700,0.0,0.0
2016-09-02 00:00:00-04:00,24.200000762939453,24.780000686645508,24.200000762939453,24.530000686645508,14200,0.0,0.0
2016-09-06 00:00:00-04:00,25.34000015258789,26.270000457763672,25.299999237060547,25.700000762939453,21000,0.0,0.0
2016-09-07 00:00:00-04:00,25.700000762939453,25.860000610351562,25.360000610351562,25.68000030517578,14600,0.0,0.0
2016-09-08 00:00:00-04:00,25.700000762939453,26.0,25.6299991607666,25.899999618530273,9000,0.0,0.0
2016-09-09 00:00:00-04:00,25.760000228881836,26.0,25.40999984741211,25.729999542236328,19200,0.0,0.0
2016-09-12 00:00:00-04:00,25.6200008392334,25.989999771118164,25.6200008392334,25.850000381469727,9500,0.0,0.0
2016-09-13 00:00:00-04:00,25.75,25.850000381469727,25.450000762939453,25.65999984741211,14500,0.0,0.0
2016-09-14 00:00:00-04:00,25.75,25.790000915527344,25.389999389648438,25.549999237060547,9700,0.0,0.0
2016-09-15 00:00:00-04:00,25.520000457763672,25.809999465942383,25.520000457763672,25.780000686645508,14000,0.0,0.0
2016-09-16 00:00:00-04:00,25.790000915527344,25.920000076293945,24.3700008392334,24.8799991607666,57900,0.0,0.0
2016-09-19 00:00:00-04:00,25.1299991607666,25.510000228881836,23.850000381469727,23.979999542236328,15100,0.0,0.0
2016-09-20 00:00:00-04:00,24.110000610351562,25.399999618530273,24.110000610351562,25.020000457763672,9800,0.0,0.0
2016-09-21 00:00:00-04:00,25.030000686645508,25.649999618530273,24.90999984741211,25.56999969482422,12400,0.0,0.0
2016-09-22 00:00:00-04:00,25.559999465942383,25.950000762939453,25.170000076293945,25.920000076293945,14100,0.0,0.0
2016-09-23 00:00:00-04:00,25.860000610351562,25.8799991607666,25.559999465942383,25.6200008392334,9100,0.0,0.0
2016-09-26 00:00:00-04:00,25.31999969482422,25.989999771118164,25.31999969482422,25.559999465942383,8100,0.0,0.0
2016-09-27 00:00:00-04:00,25.489999771118164,25.559999465942383,25.200000762939453,25.3700008392334,6100,0.0,0.0
2016-09-28 00:00:00-04:00,25.030000686645508,25.399999618530273,25.030000686645508,25.079999923706055,8000,0.0,0.0
2016-09-29 00:00:00-04:00,25.079999923706055,25.079999923706055,24.690000534057617,24.700000762939453,1900,0.0,0.0
2016-09-30 00:00:00-04:00,24.760000228881836,26.0,24.760000228881836,25.940000534057617,10900,0.0,0.0
2016-10-03 00:00:00-04:00,25.350000381469727,25.989999771118164,25.280000686645508,25.639999389648438,10900,0.0,0.0
2016-10-04 00:00:00-04:00,23.940000534057617,25.719999313354492,23.940000534057617,25.549999237060547,7000,0.0,0.0
2016-10-05 00:00:00-04:00,25.520000457763672,25.959999084472656,25.18000030517578,25.68000030517578,7900,0.0,0.0
2016-10-06 00:00:00-04:00,25.389999389648438,25.75,25.040000915527344,25.600000381469727,2800,0.0,0.0
2016-10-07 00:00:00-04:00,25.520000457763672,25.75,25.5,25.649999618530273,3200,0.0,0.0
2016-10-10 00:00:00-04:00,25.639999389648438,25.75,25.6200008392334,25.75,4100,0.0,0.0
2016-10-11 00:00:00-04:00,25.709999084472656,25.75,25.3799991607666,25.399999618530273,4600,0.0,0.0
2016-10-12 00:00:00-04:00,25.360000610351562,25.719999313354492,24.6299991607666,25.68000030517578,6200,0.0,0.0
2016-10-13 00:00:00-04:00,25.389999389648438,25.399999618530273,25.0,25.010000228881836,3800,0.0,0.0
2016-10-14 00:00:00-04:00,25.200000762939453,25.239999771118164,24.6200008392334,24.8700008392334,8400,0.0,0.0
2016-10-17 00:00:00-04:00,24.739999771118164,25.75,24.65999984741211,25.700000762939453,14400,0.0,0.0
2016-10-18 00:00:00-04:00,25.75,25.75,25.31999969482422,25.670000076293945,3000,0.0,0.0
2016-10-19 00:00:00-04:00,25.690000534057617,26.3799991607666,25.6200008392334,26.09000015258789,23000,0.0,0.0
2016-10-20 00:00:00-04:00,26.239999771118164,26.549999237060547,26.15999984741211,26.459999084472656,5800,0.0,0.0
2016-10-21 00:00:00-04:00,26.40999984741211,27.489999771118164,26.40999984741211,26.920000076293945,5700,0.0,0.0
2016-10-24 00:00:00-04:00,27.1299991607666,28.239999771118164,26.950000762939453,27.709999084472656,14400,0.0,0.0
2016-10-25 00:00:00-04:00,27.329999923706055,27.329999923706055,26.770000457763672,26.979999542236328,9900,0.0,0.0
2016-10-26 00:00:00-04:00,26.100000381469727,27.200000762939453,26.100000381469727,26.8799991607666,5200,0.0,0.0
2016-10-27 00:00:00-04:00,26.59000015258789,26.81999969482422,26.040000915527344,26.280000686645508,7100,0.0,0.0
2016-10-28 00:00:00-04:00,25.799999237060547,26.65999984741211,25.0,26.18000030517578,6600,0.0,0.0
2016-10-31 00:00:00-04:00,26.110000610351562,26.190000534057617,26.0,26.030000686645508,6900,0.0,0.0
2016-11-01 00:00:00-04:00,26.360000610351562,27.049999237060547,26.0,26.010000228881836,8600,0.0,0.0
2016-11-02 00:00:00-04:00,26.399999618530273,26.600000381469727,26.0,26.020000457763672,8700,0.0,0.0
2016-11-03 00:00:00-04:00,26.350000381469727,26.350000381469727,26.0,26.06999969482422,4200,0.0,0.0
2016-11-04 00:00:00-04:00,26.540000915527344,26.540000915527344,26.0,26.020000457763672,4900,0.0,0.0
2016-11-07 00:00:00-05:00,26.100000381469727,26.700000762939453,26.06999969482422,26.59000015258789,12200,0.0,0.0
2016-11-08 00:00:00-05:00,26.270000457763672,26.530000686645508,26.260000228881836,26.3700008392334,6000,0.0,0.0
2016-11-09 00:00:00-05:00,26.450000762939453,27.200000762939453,26.3700008392334,27.200000762939453,21700,0.0,0.0
2016-11-10 00:00:00-05:00,27.200000762939453,27.969999313354492,27.200000762939453,27.6200008392334,25400,0.0,0.0
2016-11-11 00:00:00-05:00,27.399999618530273,29.049999237060547,27.399999618530273,28.5,305300,0.0,0.0
2016-11-14 00:00:00-05:00,28.780000686645508,29.889999389648438,27.420000076293945,29.469999313354492,23800,0.0,0.0
2016-11-15 00:00:00-05:00,29.350000381469727,31.219999313354492,29.350000381469727,29.8799991607666,11700,0.0,0.0
2016-11-16 00:00:00-05:00,29.469999313354492,29.90999984741211,29.469999313354492,29.90999984741211,19000,0.0,0.0
2016-11-17 00:00:00-05:00,30.0,30.469999313354492,29.950000762939453,30.18000030517578,11800,0.0,0.0
2016-11-18 00:00:00-05:00,30.360000610351562,33.02000045776367,29.950000762939453,30.389999389648438,25500,0.0,0.0
2016-11-21 00:00:00-05:00,30.399999618530273,30.65999984741211,30.200000762939453,30.479999542236328,20400,0.0,0.0
2016-11-22 00:00:00-05:00,30.799999237060547,34.97999954223633,30.549999237060547,31.489999771118164,15300,0.0,0.0
2016-11-23 00:00:00-05:00,31.489999771118164,31.540000915527344,31.309999465942383,31.43000030517578,8600,0.0,0.0
2016-11-25 00:00:00-05:00,30.8700008392334,31.489999771118164,30.360000610351562,31.170000076293945,3000,0.0,0.0
2016-11-28 00:00:00-05:00,31.549999237060547,31.760000228881836,31.100000381469727,31.200000762939453,97300,0.0,0.0
2016-11-29 00:00:00-05:00,31.43000030517578,31.639999389648438,30.959999084472656,31.049999237060547,9100,0.0,0.0
2016-11-30 00:00:00-05:00,31.329999923706055,31.729999542236328,31.149999618530273,31.31999969482422,6800,0.0,0.0
2016-12-01 00:00:00-05:00,31.5,32.4900016784668,31.5,31.899999618530273,25200,0.0,0.0
2016-12-02 00:00:00-05:00,33.0099983215332,33.29999923706055,32.150001525878906,32.65999984741211,25100,0.0,0.0
2016-12-05 00:00:00-05:00,32.88999938964844,34.5,32.81999969482422,33.22999954223633,43200,0.0,0.0
2016-12-06 00:00:00-05:00,33.9900016784668,35.380001068115234,32.900001525878906,35.22999954223633,31300,0.0,0.0
2016-12-07 00:00:00-05:00,35.060001373291016,37.11000061035156,34.97999954223633,35.45000076293945,29700,0.0,0.0
2016-12-08 00:00:00-05:00,37.0,37.9900016784668,35.689998626708984,37.34000015258789,34400,0.0,0.0
2016-12-09 00:00:00-05:00,37.099998474121094,38.029998779296875,35.27000045776367,36.619998931884766,25900,0.0,0.0
2016-12-12 00:00:00-05:00,36.45000076293945,37.08000183105469,35.220001220703125,36.81999969482422,15100,0.0,0.0
2016-12-13 00:00:00-05:00,36.599998474121094,36.75,35.2599983215332,35.75,24200,0.0,0.0
2016-12-14 00:00:00-05:00,35.790000915527344,35.900001525878906,35.2599983215332,35.29999923706055,12100,0.0,0.0
2016-12-15 00:00:00-05:00,35.79999923706055,35.900001525878906,35.459999084472656,35.459999084472656,17100,0.0,0.0
2016-12-16 00:00:00-05:00,35.689998626708984,35.790000915527344,35.0,35.040000915527344,62600,0.0,0.0
2016-12-19 00:00:00-05:00,35.13999938964844,35.279998779296875,34.86000061035156,35.209999084472656,7800,0.0,0.0
2016-12-20 00:00:00-05:00,34.939998626708984,35.29999923706055,34.33000183105469,35.0,34900,0.0,0.0
2016-12-21 00:00:00-05:00,34.33000183105469,34.619998931884766,33.619998931884766,33.779998779296875,25400,0.0,0.0
2016-12-22 00:00:00-05:00,33.61000061035156,34.11000061035156,32.5,33.709999084472656,55600,0.0,0.0
2016-12-23 00:00:00-05:00,34.880001068115234,34.880001068115234,33.5,33.97999954223633,8700,0.0,0.0
2016-12-27 00:00:00-05:00,33.79999923706055,33.79999923706055,32.66999816894531,32.869998931884766,25400,0.0,0.0
2016-12-28 00:00:00-05:00,32.7400016784668,32.7400016784668,32.0,32.54999923706055,46000,0.0,0.0
2016-12-29 00:00:00-05:00,32.86000061035156,33.959999084472656,32.599998474121094,33.720001220703125,21800,0.0,0.0
2016-12-30 00:00:00-05:00,33.150001525878906,33.75,33.119998931884766,33.63999938964844,13400,0.0,0.0
2017-01-03 00:00:00-05:00,33.779998779296875,33.93000030517578,32.33000183105469,32.650001525878906,29300,0.0,0.0
2017-01-04 00:00:00-05:00,32.72999954223633,32.93000030517578,32.099998474121094,32.189998626708984,23900,0.0,0.0
2017-01-05 00:00:00-05:00,31.760000228881836,32.88999938964844,31.760000228881836,32.2599983215332,25000,0.0,0.0
2017-01-06 00:00:00-05:00,32.099998474121094,32.77000045776367,32.099998474121094,32.5,11900,0.0,0.0
2017-01-09 00:00:00-05:00,32.41999816894531,32.7400016784668,32.369998931884766,32.5099983215332,16500,0.0,0.0
2017-01-10 00:00:00-05:00,32.75,33.25,32.400001525878906,32.72999954223633,25500,0.0,0.0
2017-01-11 00:00:00-05:00,32.63999938964844,32.77000045776367,32.5,32.54999923706055,31700,0.0,0.0
2017-01-12 00:00:00-05:00,32.5,32.86000061035156,32.45000076293945,32.56999969482422,18200,0.0,0.0
2017-01-13 00:00:00-05:00,32.72999954223633,33.25,32.72999954223633,33.040000915527344,22300,0.0,0.0
2017-01-17 00:00:00-05:00,32.810001373291016,32.97999954223633,32.599998474121094,32.75,19300,0.0,0.0
2017-01-18 00:00:00-05:00,32.45000076293945,33.22999954223633,32.45000076293945,33.0,16000,0.0,0.0
2017-01-19 00:00:00-05:00,32.97999954223633,33.15999984741211,32.900001525878906,32.900001525878906,28200,0.0,0.0
2017-01-20 00:00:00-05:00,33.119998931884766,33.119998931884766,32.90999984741211,33.0,38500,0.0,0.0
2017-01-23 00:00:00-05:00,33.220001220703125,33.220001220703125,33.0,33.06999969482422,6800,0.0,0.0
2017-01-24 00:00:00-05:00,33.34000015258789,33.34000015258789,32.95000076293945,33.130001068115234,31200,0.0,0.0
2017-01-25 00:00:00-05:00,33.25,34.220001220703125,33.22999954223633,34.099998474121094,44700,0.0,0.0
2017-01-26 00:00:00-05:00,33.79999923706055,34.65999984741211,33.400001525878906,34.599998474121094,33200,0.0,0.0
2017-01-27 00:00:00-05:00,34.099998474121094,35.0,33.029998779296875,34.70000076293945,59100,0.0,0.0
2017-01-30 00:00:00-05:00,34.5,34.5,33.0099983215332,33.150001525878906,62700,0.0,0.0
2017-01-31 00:00:00-05:00,33.189998626708984,33.25,32.20000076293945,32.65999984741211,177200,0.0,0.0
2017-02-01 00:00:00-05:00,32.560001373291016,33.83000183105469,32.43000030517578,32.959999084472656,32100,0.0,0.0
2017-02-02 00:00:00-05:00,32.939998626708984,33.34000015258789,32.470001220703125,32.66999816894531,43700,0.0,0.0
2017-02-03 00:00:00-05:00,32.86000061035156,33.9900016784668,32.720001220703125,33.880001068115234,39700,0.0,0.0
2017-02-06 00:00:00-05:00,35.2400016784668,35.2400016784668,33.290000915527344,33.40999984741211,29900,0.0,0.0
2017-02-07 00:00:00-05:00,33.630001068115234,33.630001068115234,32.470001220703125,32.790000915527344,45200,0.0,0.0
2017-02-08 00:00:00-05:00,32.79999923706055,32.880001068115234,32.16999816894531,32.47999954223633,29100,0.0,0.0
2017-02-09 00:00:00-05:00,32.7599983215332,33.25,32.2599983215332,32.81999969482422,24200,0.0,0.0
2017-02-10 00:00:00-05:00,33.060001373291016,34.27000045776367,32.34000015258789,34.2400016784668,34900,0.0,0.0
2017-02-13 00:00:00-05:00,34.400001525878906,34.400001525878906,33.75,34.189998626708984,20000,0.0,0.0
2017-02-14 00:00:00-05:00,33.810001373291016,34.38999938964844,33.77000045776367,33.849998474121094,29000,0.0,0.0
2017-02-15 00:00:00-05:00,33.70000076293945,34.279998779296875,33.38999938964844,33.4900016784668,28900,0.0,0.0
2017-02-16 00:00:00-05:00,33.599998474121094,33.849998474121094,33.33000183105469,33.4900016784668,28700,0.0,0.0
2017-02-17 00:00:00-05:00,33.59000015258789,33.59000015258789,33.060001373291016,33.5,32900,0.0,0.0
2017-02-21 00:00:00-05:00,33.43000030517578,33.560001373291016,33.2400016784668,33.400001525878906,27200,0.0,0.0
2017-02-22 00:00:00-05:00,33.25,33.88999938964844,33.150001525878906,33.68000030517578,38600,0.0,0.0
2017-02-23 00:00:00-05:00,33.93000030517578,33.93000030517578,33.29999923706055,33.38999938964844,24900,0.0,0.0
2017-02-24 00:00:00-05:00,32.27000045776367,33.31999969482422,32.27000045776367,32.91999816894531,30300,0.0,0.0
2017-02-27 00:00:00-05:00,32.849998474121094,33.52000045776367,32.38999938964844,32.95000076293945,26300,0.0,0.0
2017-02-28 00:00:00-05:00,32.959999084472656,33.0,32.34000015258789,32.540000915527344,23600,0.0,0.0
2017-03-01 00:00:00-05:00,32.84000015258789,33.220001220703125,32.84000015258789,32.9900016784668,28900,0.0,0.0
2017-03-02 00:00:00-05:00,32.720001220703125,32.880001068115234,32.380001068115234,32.59000015258789,23900,0.0,0.0
2017-03-03 00:00:00-05:00,32.52000045776367,32.599998474121094,32.0,32.41999816894531,14100,0.0,0.0
2017-03-06 00:00:00-05:00,32.150001525878906,32.279998779296875,32.150001525878906,32.220001220703125,20900,0.0,0.0
2017-03-07 00:00:00-05:00,32.25,32.380001068115234,32.119998931884766,32.18000030517578,8600,0.0,0.0
2017-03-08 00:00:00-05:00,32.33000183105469,32.7599983215332,31.81999969482422,32.56999969482422,382300,0.0,0.0
2017-03-09 00:00:00-05:00,32.93000030517578,33.06999969482422,32.02000045776367,32.2400016784668,140800,0.0,0.0
2017-03-10 00:00:00-05:00,32.45000076293945,32.45000076293945,31.579999923706055,31.790000915527344,25200,0.0,0.0
2017-03-13 00:00:00-04:00,32.900001525878906,34.18000030517578,32.25,32.58000183105469,46800,0.0,0.0
2017-03-14 00:00:00-04:00,32.18000030517578,32.220001220703125,31.6299991607666,31.989999771118164,13800,0.0,0.0
2017-03-15 00:00:00-04:00,32.040000915527344,32.90999984741211,31.700000762939453,32.2400016784668,229600,0.0,0.0
2017-03-16 00:00:00-04:00,32.380001068115234,32.5099983215332,31.940000534057617,32.380001068115234,32600,0.0,0.0
2017-03-17 00:00:00-04:00,32.27000045776367,33.20000076293945,32.119998931884766,33.060001373291016,117100,0.0,0.0
2017-03-20 00:00:00-04:00,33.119998931884766,33.25,32.790000915527344,32.939998626708984,27600,0.0,0.0
2017-03-21 00:00:00-04:00,33.20000076293945,33.20000076293945,31.200000762939453,31.200000762939453,33100,0.0,0.0
2017-03-22 00:00:00-04:00,31.200000762939453,31.5,30.15999984741211,30.299999237060547,34600,0.0,0.0
2017-03-23 00:00:00-04:00,30.530000686645508,30.770000457763672,30.190000534057617,30.56999969482422,25100,0.0,0.0
2017-03-24 00:00:00-04:00,31.110000610351562,31.110000610351562,30.399999618530273,30.600000381469727,24100,0.0,0.0
2017-03-27 00:00:00-04:00,30.25,30.760000228881836,29.81999969482422,30.579999923706055,27100,0.0,0.0
2017-03-28 00:00:00-04:00,30.530000686645508,31.15999984741211,30.229999542236328,31.15999984741211,23600,0.0,0.0
2017-03-29 00:00:00-04:00,31.020000457763672,31.309999465942383,30.450000762939453,30.600000381469727,26600,0.0,0.0
2017-03-30 00:00:00-04:00,30.799999237060547,31.790000915527344,30.43000030517578,31.6299991607666,30200,0.0,0.0
2017-03-31 00:00:00-04:00,31.200000762939453,31.8700008392334,30.770000457763672,31.770000457763672,35800,0.0,0.0
2017-04-03 00:00:00-04:00,31.75,31.75,31.0,31.190000534057617,26000,0.0,0.0
2017-04-04 00:00:00-04:00,31.639999389648438,31.809999465942383,30.950000762939453,31.760000228881836,22900,0.0,0.0
2017-04-05 00:00:00-04:00,32.150001525878906,32.65999984741211,30.959999084472656,31.0,22900,0.0,0.0
2017-04-06 00:00:00-04:00,30.850000381469727,31.559999465942383,30.600000381469727,31.079999923706055,30400,0.0,0.0
2017-04-07 00:00:00-04:00,30.510000228881836,31.31999969482422,30.510000228881836,31.100000381469727,25100,0.0,0.0
2017-04-10 00:00:00-04:00,31.0,31.309999465942383,30.31999969482422,30.530000686645508,20200,0.0,0.0
2017-04-11 00:00:00-04:00,30.75,31.1299991607666,30.5,30.889999389648438,14100,0.0,0.0
2017-04-12 00:00:00-04:00,31.100000381469727,31.100000381469727,30.479999542236328,30.5,15600,0.0,0.0
2017-04-13 00:00:00-04:00,30.450000762939453,30.670000076293945,29.520000457763672,29.600000381469727,46800,0.0,0.0
2017-04-17 00:00:00-04:00,29.700000762939453,30.469999313354492,29.670000076293945,30.360000610351562,35700,0.0,0.0
2017-04-18 00:00:00-04:00,30.059999465942383,31.239999771118164,30.059999465942383,30.690000534057617,35300,0.0,0.0
2017-04-19 00:00:00-04:00,30.739999771118164,31.68000030517578,30.329999923706055,31.09000015258789,57600,0.0,0.0
2017-04-20 00:00:00-04:00,31.68000030517578,31.950000762939453,30.860000610351562,31.5,42300,0.0,0.0
2017-04-21 00:00:00-04:00,30.989999771118164,31.979999542236328,30.75,31.489999771118164,53300,0.0,0.0
2017-04-24 00:00:00-04:00,31.969999313354492,32.349998474121094,31.81999969482422,31.950000762939453,79800,0.0,0.0
2017-04-25 00:00:00-04:00,32.29999923706055,32.43000030517578,31.979999542236328,32.36000061035156,79900,0.0,0.0
2017-04-26 00:00:00-04:00,32.29999923706055,33.11000061035156,32.209999084472656,32.470001220703125,104500,0.0,0.0
2017-04-27 00:00:00-04:00,32.75,32.75,31.760000228881836,32.02000045776367,26900,0.0,0.0
2017-04-28 00:00:00-04:00,32.04999923706055,32.22999954223633,31.450000762939453,31.56999969482422,23200,0.0,0.0
2017-05-01 00:00:00-04:00,31.530000686645508,31.969999313354492,31.389999389648438,31.8700008392334,32700,0.0,0.0
2017-05-02 00:00:00-04:00,32.0,32.029998779296875,31.399999618530273,31.899999618530273,26600,0.0,0.0
2017-05-03 00:00:00-04:00,31.989999771118164,32.0,31.489999771118164,31.790000915527344,48500,0.0,0.0
2017-05-04 00:00:00-04:00,31.790000915527344,31.809999465942383,31.489999771118164,31.75,10800,0.0,0.0
2017-05-05 00:00:00-04:00,31.459999084472656,31.690000534057617,31.25,31.520000457763672,11100,0.0,0.0
2017-05-08 00:00:00-04:00,31.3799991607666,31.989999771118164,30.59000015258789,31.479999542236328,17900,0.0,0.0
2017-05-09 00:00:00-04:00,31.520000457763672,31.649999618530273,30.889999389648438,31.059999465942383,11400,0.0,0.0
2017-05-10 00:00:00-04:00,31.049999237060547,31.280000686645508,30.5,30.959999084472656,19800,0.0,0.0
2017-05-11 00:00:00-04:00,30.969999313354492,31.200000762939453,30.40999984741211,30.530000686645508,23900,0.0,0.0
2017-05-12 00:00:00-04:00,30.530000686645508,31.899999618530273,30.15999984741211,30.389999389648438,15000,0.0,0.0
2017-05-15 00:00:00-04:00,30.440000534057617,30.809999465942383,30.440000534057617,30.809999465942383,10100,0.0,0.0
2017-05-16 00:00:00-04:00,30.350000381469727,30.59000015258789,30.34000015258789,30.540000915527344,9100,0.0,0.0
2017-05-17 00:00:00-04:00,30.15999984741211,30.209999084472656,29.450000762939453,29.700000762939453,20900,0.0,0.0
2017-05-18 00:00:00-04:00,29.790000915527344,30.200000762939453,29.6299991607666,29.760000228881836,12900,0.0,0.0
2017-05-19 00:00:00-04:00,29.739999771118164,30.06999969482422,29.1299991607666,29.59000015258789,27300,0.0,0.0
2017-05-22 00:00:00-04:00,29.889999389648438,30.34000015258789,29.670000076293945,29.920000076293945,11500,0.0,0.0
2017-05-23 00:00:00-04:00,29.8700008392334,31.0,29.8700008392334,30.420000076293945,15400,0.0,0.0
2017-05-24 00:00:00-04:00,30.34000015258789,31.149999618530273,29.950000762939453,30.09000015258789,7100,0.0,0.0
2017-05-25 00:00:00-04:00,30.110000610351562,31.3799991607666,30.110000610351562,31.219999313354492,24300,0.0,0.0
2017-05-26 00:00:00-04:00,31.219999313354492,31.670000076293945,30.229999542236328,30.899999618530273,22900,0.0,0.0
2017-05-30 00:00:00-04:00,30.06999969482422,30.149999618530273,29.68000030517578,29.75,7800,0.0,0.0
2017-05-31 00:00:00-04:00,29.56999969482422,30.399999618530273,29.56999969482422,29.739999771118164,10700,0.0,0.0
2017-06-01 00:00:00-04:00,29.75,30.899999618530273,29.579999923706055,30.479999542236328,30500,0.0,0.0
2017-06-02 00:00:00-04:00,30.450000762939453,30.549999237060547,30.09000015258789,30.139999389648438,36900,0.0,0.0
2017-06-05 00:00:00-04:00,29.950000762939453,30.3700008392334,29.950000762939453,30.0,17100,0.0,0.0
2017-06-06 00:00:00-04:00,29.799999237060547,30.299999237060547,29.799999237060547,30.200000762939453,19400,0.0,0.0
2017-06-07 00:00:00-04:00,30.25,30.5,29.860000610351562,30.1299991607666,15000,0.0,0.0
2017-06-08 00:00:00-04:00,30.399999618530273,30.8799991607666,30.3799991607666,30.690000534057617,197500,0.0,0.0
2017-06-09 00:00:00-04:00,31.0,31.40999984741211,30.959999084472656,31.059999465942383,44600,0.0,0.0
2017-06-12 00:00:00-04:00,31.25,31.829999923706055,31.18000030517578,31.450000762939453,52900,0.0,0.0
2017-06-13 00:00:00-04:00,31.5,32.029998779296875,30.200000762939453,31.780000686645508,54800,0.0,0.0
2017-06-14 00:00:00-04:00,31.809999465942383,32.0,31.280000686645508,31.90999984741211,44900,0.0,0.0
2017-06-15 00:00:00-04:00,31.81999969482422,32.029998779296875,31.65999984741211,31.979999542236328,54100,0.0,0.0
2017-06-16 00:00:00-04:00,31.649999618530273,32.029998779296875,31.469999313354492,31.670000076293945,135200,0.0,0.0
2017-06-19 00:00:00-04:00,31.90999984741211,32.0,31.5,31.899999618530273,28900,0.0,0.0
2017-06-20 00:00:00-04:00,31.899999618530273,32.0099983215332,31.690000534057617,31.90999984741211,48400,0.0,0.0
2017-06-21 00:00:00-04:00,31.90999984741211,31.90999984741211,30.299999237060547,30.459999084472656,75200,0.0,0.0
2017-06-22 00:00:00-04:00,30.8799991607666,31.229999542236328,30.260000228881836,30.420000076293945,25800,0.0,0.0
2017-06-23 00:00:00-04:00,30.440000534057617,30.729999542236328,29.850000381469727,30.549999237060547,489900,0.0,0.0
2017-06-26 00:00:00-04:00,30.290000915527344,30.389999389648438,29.770000457763672,29.8799991607666,41600,0.0,0.0
2017-06-27 00:00:00-04:00,30.09000015258789,30.690000534057617,29.65999984741211,30.030000686645508,20300,0.0,0.0
2017-06-28 00:00:00-04:00,30.3799991607666,31.899999618530273,30.3799991607666,31.170000076293945,39300,0.0,0.0
2017-06-29 00:00:00-04:00,31.549999237060547,31.59000015258789,30.360000610351562,30.8700008392334,43700,0.0,0.0
2017-06-30 00:00:00-04:00,31.049999237060547,31.09000015258789,30.530000686645508,30.639999389648438,19200,0.0,0.0
2017-07-03 00:00:00-04:00,30.920000076293945,31.979999542236328,30.920000076293945,31.90999984741211,10900,0.0,0.0
2017-07-05 00:00:00-04:00,31.959999084472656,31.959999084472656,30.829999923706055,31.040000915527344,24200,0.0,0.0
2017-07-06 00:00:00-04:00,30.920000076293945,31.829999923706055,30.670000076293945,31.549999237060547,41500,0.0,0.0
2017-07-07 00:00:00-04:00,31.34000015258789,31.950000762939453,31.260000228881836,31.729999542236328,40400,0.0,0.0
2017-07-10 00:00:00-04:00,31.469999313354492,31.920000076293945,31.25,31.600000381469727,28700,0.0,0.0
2017-07-11 00:00:00-04:00,31.5,31.850000381469727,31.5,31.610000610351562,40200,0.0,0.0
2017-07-12 00:00:00-04:00,31.40999984741211,31.979999542236328,31.399999618530273,31.760000228881836,34800,0.0,0.0
2017-07-13 00:00:00-04:00,31.639999389648438,31.770000457763672,31.280000686645508,31.75,22600,0.0,0.0
2017-07-14 00:00:00-04:00,31.510000228881836,31.81999969482422,31.5,31.56999969482422,25300,0.0,0.0
2017-07-17 00:00:00-04:00,31.6200008392334,34.09000015258789,31.5,33.900001525878906,232700,0.0,0.0
2017-07-18 00:00:00-04:00,33.9900016784668,35.0,33.9900016784668,34.43000030517578,94000,0.0,0.0
2017-07-19 00:00:00-04:00,34.0,34.54999923706055,34.0,34.43000030517578,40500,0.0,0.0
2017-07-20 00:00:00-04:00,34.470001220703125,34.83000183105469,33.25,34.7400016784668,47800,0.0,0.0
2017-07-21 00:00:00-04:00,35.849998474121094,35.849998474121094,35.099998474121094,35.279998779296875,56800,0.0,0.0
2017-07-24 00:00:00-04:00,35.279998779296875,35.650001525878906,35.2599983215332,35.540000915527344,51700,0.0,0.0
2017-07-25 00:00:00-04:00,35.810001373291016,36.29999923706055,35.56999969482422,35.880001068115234,36900,0.0,0.0
2017-07-26 00:00:00-04:00,34.529998779296875,35.95000076293945,34.529998779296875,35.15999984741211,20400,0.0,0.0
2017-07-27 00:00:00-04:00,34.970001220703125,34.970001220703125,34.33000183105469,34.529998779296875,59200,0.0,0.0
2017-07-28 00:00:00-04:00,34.540000915527344,34.75,33.880001068115234,34.349998474121094,68300,0.0,0.0
2017-07-31 00:00:00-04:00,34.400001525878906,34.75,34.040000915527344,34.56999969482422,22000,0.0,0.0
2017-08-01 00:00:00-04:00,34.599998474121094,34.75,34.38999938964844,34.75,20800,0.0,0.0
2017-08-02 00:00:00-04:00,34.7599983215332,35.540000915527344,34.25,34.439998626708984,13800,0.0,0.0
2017-08-03 00:00:00-04:00,34.439998626708984,34.709999084472656,34.34000015258789,34.41999816894531,21500,0.0,0.0
2017-08-04 00:00:00-04:00,34.75,34.75,34.38999938964844,34.45000076293945,9200,0.0,0.0
2017-08-07 00:00:00-04:00,34.59000015258789,34.88999938964844,34.34000015258789,34.47999954223633,12900,0.0,0.0
2017-08-08 00:00:00-04:00,34.150001525878906,34.939998626708984,34.130001068115234,34.4900016784668,14000,0.0,0.0
2017-08-09 00:00:00-04:00,34.25,34.75,34.0,34.20000076293945,16000,0.0,0.0
2017-08-10 00:00:00-04:00,34.02000045776367,34.84000015258789,33.93000030517578,34.290000915527344,45100,0.0,0.0
2017-08-11 00:00:00-04:00,34.54999923706055,34.54999923706055,34.0099983215332,34.2400016784668,34000,0.0,0.0
2017-08-14 00:00:00-04:00,34.459999084472656,34.90999984741211,34.310001373291016,34.5,27000,0.0,0.0
2017-08-15 00:00:00-04:00,34.5099983215332,34.599998474121094,33.90999984741211,33.91999816894531,16200,0.0,0.0
2017-08-16 00:00:00-04:00,33.7400016784668,34.099998474121094,33.47999954223633,33.91999816894531,26700,0.0,0.0
2017-08-17 00:00:00-04:00,33.70000076293945,34.27000045776367,33.70000076293945,33.83000183105469,36300,0.0,0.0
2017-08-18 00:00:00-04:00,33.5099983215332,34.18000030517578,33.5099983215332,34.0099983215332,24000,0.0,0.0
2017-08-21 00:00:00-04:00,34.02000045776367,34.189998626708984,33.779998779296875,34.119998931884766,19500,0.0,0.0
2017-08-22 00:00:00-04:00,34.2599983215332,34.349998474121094,33.59000015258789,34.0099983215332,16400,0.0,0.0
2017-08-23 00:00:00-04:00,33.66999816894531,34.310001373291016,33.66999816894531,34.09000015258789,26500,0.0,0.0
2017-08-24 00:00:00-04:00,34.130001068115234,34.22999954223633,33.849998474121094,34.16999816894531,23900,0.0,0.0
2017-08-25 00:00:00-04:00,34.150001525878906,34.56999969482422,33.91999816894531,34.099998474121094,70900,0.0,0.0
2017-08-28 00:00:00-04:00,34.20000076293945,34.41999816894531,33.7599983215332,34.11000061035156,33400,0.0,0.0
2017-08-29 00:00:00-04:00,34.02000045776367,34.33000183105469,33.81999969482422,34.06999969482422,30000,0.0,0.0
2017-08-30 00:00:00-04:00,34.0,34.290000915527344,33.790000915527344,34.0,41700,0.0,0.0
2017-08-31 00:00:00-04:00,34.029998779296875,34.25,33.869998931884766,34.150001525878906,36900,0.0,0.0
2017-09-01 00:00:00-04:00,34.0,34.29999923706055,33.91999816894531,34.130001068115234,61900,0.0,0.0
2017-09-05 00:00:00-04:00,34.0,34.310001373291016,33.97999954223633,34.029998779296875,59900,0.0,0.0
2017-09-06 00:00:00-04:00,34.0,34.369998931884766,33.97999954223633,34.15999984741211,46300,0.0,0.0
2017-09-07 00:00:00-04:00,34.0,34.18000030517578,33.77000045776367,34.130001068115234,65100,0.0,0.0
2017-09-08 00:00:00-04:00,34.0,34.099998474121094,33.630001068115234,33.790000915527344,35600,0.0,0.0
2017-09-11 00:00:00-04:00,34.029998779296875,34.31999969482422,33.849998474121094,34.09000015258789,52000,0.0,0.0
2017-09-12 00:00:00-04:00,33.81999969482422,34.310001373291016,33.81999969482422,34.22999954223633,63600,0.0,0.0
2017-09-13 00:00:00-04:00,34.25,34.369998931884766,34.0,34.099998474121094,97400,0.0,0.0
2017-09-14 00:00:00-04:00,33.709999084472656,34.25,33.709999084472656,34.099998474121094,40200,0.0,0.0
2017-09-15 00:00:00-04:00,34.15999984741211,34.15999984741211,33.130001068115234,33.31999969482422,233300,0.0,0.0
2017-09-18 00:00:00-04:00,33.2599983215332,34.099998474121094,33.0,33.9900016784668,106300,0.0,0.0
2017-09-19 00:00:00-04:00,34.029998779296875,34.29999923706055,34.029998779296875,34.27000045776367,52500,0.0,0.0
2017-09-20 00:00:00-04:00,34.310001373291016,34.63999938964844,33.869998931884766,34.29999923706055,125300,0.0,0.0
2017-09-21 00:00:00-04:00,34.40999984741211,34.40999984741211,33.91999816894531,33.9900016784668,129200,0.0,0.0
2017-09-22 00:00:00-04:00,33.5099983215332,34.869998931884766,33.5099983215332,34.459999084472656,279900,0.0,0.0
2017-09-25 00:00:00-04:00,34.349998474121094,34.599998474121094,34.310001373291016,34.459999084472656,93400,0.0,0.0
2017-09-26 00:00:00-04:00,34.400001525878906,34.540000915527344,34.060001373291016,34.279998779296875,80000,0.0,0.0
2017-09-27 00:00:00-04:00,34.349998474121094,34.939998626708984,34.11000061035156,34.5,121900,0.0,0.0
2017-09-28 00:00:00-04:00,34.5,35.470001220703125,34.400001525878906,35.27000045776367,109700,0.0,0.0
2017-09-29 00:00:00-04:00,35.06999969482422,35.849998474121094,34.97999954223633,35.58000183105469,74200,0.0,0.0
2017-10-02 00:00:00-04:00,35.58000183105469,35.79999923706055,35.310001373291016,35.75,71700,0.0,0.0
2017-10-03 00:00:00-04:00,35.79999923706055,36.310001373291016,35.7400016784668,36.29999923706055,135200,0.0,0.0
2017-10-04 00:00:00-04:00,36.119998931884766,36.45000076293945,35.61000061035156,36.029998779296875,36400,0.0,0.0
2017-10-05 00:00:00-04:00,36.13999938964844,36.41999816894531,35.900001525878906,36.2400016784668,29900,0.0,0.0
2017-10-06 00:00:00-04:00,36.290000915527344,36.38999938964844,35.9900016784668,36.16999816894531,40000,0.0,0.0
2017-10-09 00:00:00-04:00,36.0,36.439998626708984,35.959999084472656,36.380001068115234,40400,0.0,0.0
2017-10-10 00:00:00-04:00,36.5,36.7400016784668,36.31999969482422,36.619998931884766,45700,0.0,0.0
2017-10-11 00:00:00-04:00,36.52000045776367,36.9900016784668,36.45000076293945,36.72999954223633,60000,0.0,0.0
2017-10-12 00:00:00-04:00,36.63999938964844,36.65999984741211,36.20000076293945,36.29999923706055,28400,0.0,0.0
2017-10-13 00:00:00-04:00,36.380001068115234,36.380001068115234,35.86000061035156,36.16999816894531,21800,0.0,0.0
2017-10-16 00:00:00-04:00,36.2599983215332,36.43000030517578,36.04999923706055,36.2599983215332,35400,0.0,0.0
2017-10-17 00:00:00-04:00,36.16999816894531,36.27000045776367,35.650001525878906,35.720001220703125,23400,0.0,0.0
2017-10-18 00:00:00-04:00,36.02000045776367,36.099998474121094,35.5,35.7599983215332,23600,0.0,0.0
2017-10-19 00:00:00-04:00,35.529998779296875,35.849998474121094,35.33000183105469,35.369998931884766,39600,0.0,0.0
2017-10-20 00:00:00-04:00,35.709999084472656,35.709999084472656,33.709999084472656,33.959999084472656,122700,0.0,0.0
2017-10-23 00:00:00-04:00,33.81999969482422,34.040000915527344,33.65999984741211,33.900001525878906,35200,0.0,0.0
2017-10-24 00:00:00-04:00,34.0,34.13999938964844,33.619998931884766,34.0,59500,0.0,0.0
2017-10-25 00:00:00-04:00,34.0,34.220001220703125,33.779998779296875,34.0,26900,0.0,0.0
2017-10-26 00:00:00-04:00,34.130001068115234,34.400001525878906,33.79999923706055,34.060001373291016,23500,0.0,0.0
2017-10-27 00:00:00-04:00,33.5,34.09000015258789,33.5,34.02000045776367,35400,0.0,0.0
2017-10-30 00:00:00-04:00,34.0,34.0,33.06999969482422,33.63999938964844,85400,0.0,0.0
2017-10-31 00:00:00-04:00,33.66999816894531,34.13999938964844,33.18000030517578,34.09000015258789,58700,0.0,0.0
2017-11-01 00:00:00-04:00,34.25,34.400001525878906,33.720001220703125,34.029998779296875,37600,0.0,0.0
2017-11-02 00:00:00-04:00,34.040000915527344,34.459999084472656,33.7599983215332,34.2599983215332,21500,0.0,0.0
2017-11-03 00:00:00-04:00,34.380001068115234,34.380001068115234,33.880001068115234,34.099998474121094,29300,0.0,0.0
2017-11-06 00:00:00-05:00,34.38999938964844,34.38999938964844,33.810001373291016,34.060001373291016,21100,0.0,0.0
2017-11-07 00:00:00-05:00,34.06999969482422,34.209999084472656,33.5099983215332,33.93000030517578,63900,0.0,0.0
2017-11-08 00:00:00-05:00,33.81999969482422,34.22999954223633,33.5,34.060001373291016,63800,0.0,0.0
2017-11-09 00:00:00-05:00,33.86000061035156,34.04999923706055,32.9900016784668,33.36000061035156,68700,0.0,0.0
2017-11-10 00:00:00-05:00,33.439998626708984,33.79999923706055,33.150001525878906,33.150001525878906,30300,0.0,0.0
2017-11-13 00:00:00-05:00,33.09000015258789,33.47999954223633,33.040000915527344,33.33000183105469,33400,0.0,0.0
2017-11-14 00:00:00-05:00,33.209999084472656,33.529998779296875,33.15999984741211,33.52000045776367,22200,0.0,0.0
2017-11-15 00:00:00-05:00,33.349998474121094,33.61000061035156,33.099998474121094,33.18000030517578,31700,0.0,0.0
2017-11-16 00:00:00-05:00,33.369998931884766,33.630001068115234,32.91999816894531,33.56999969482422,46800,0.0,0.0
2017-11-17 00:00:00-05:00,33.54999923706055,34.02000045776367,33.290000915527344,33.650001525878906,24300,0.0,0.0
2017-11-20 00:00:00-05:00,33.75,34.04999923706055,33.400001525878906,33.9900016784668,24300,0.0,0.0
2017-11-21 00:00:00-05:00,34.119998931884766,34.540000915527344,33.97999954223633,34.380001068115234,26500,0.0,0.0
2017-11-22 00:00:00-05:00,34.08000183105469,34.540000915527344,34.08000183105469,34.290000915527344,17700,0.0,0.0
2017-11-24 00:00:00-05:00,34.38999938964844,34.38999938964844,33.599998474121094,33.79999923706055,19600,0.0,0.0
2017-11-27 00:00:00-05:00,33.810001373291016,34.18000030517578,33.65999984741211,34.029998779296875,27100,0.0,0.0
2017-11-28 00:00:00-05:00,34.099998474121094,34.900001525878906,33.79999923706055,34.79999923706055,24300,0.0,0.0
2017-11-29 00:00:00-05:00,34.900001525878906,35.54999923706055,34.459999084472656,35.15999984741211,40500,0.0,0.0
2017-11-30 00:00:00-05:00,35.25,35.25,34.29999923706055,34.56999969482422,33500,0.0,0.0
2017-12-01 00:00:00-05:00,34.560001373291016,34.7400016784668,33.459999084472656,34.119998931884766,30900,0.0,0.0
2017-12-04 00:00:00-05:00,34.5,35.29999923706055,34.08000183105469,35.08000183105469,66200,0.0,0.0
2017-12-05 00:00:00-05:00,35.06999969482422,35.119998931884766,34.5,34.54999923706055,56800,0.0,0.0
2017-12-06 00:00:00-05:00,34.52000045776367,34.93000030517578,34.29999923706055,34.5,29400,0.0,0.0
2017-12-07 00:00:00-05:00,34.470001220703125,34.5,34.0099983215332,34.04999923706055,26600,0.0,0.0
2017-12-08 00:00:00-05:00,34.209999084472656,34.27000045776367,33.790000915527344,34.040000915527344,33800,0.0,0.0
2017-12-11 00:00:00-05:00,33.83000183105469,34.439998626708984,33.7599983215332,33.9900016784668,24000,0.0,0.0
2017-12-12 00:00:00-05:00,34.0,34.099998474121094,33.84000015258789,34.0,25100,0.0,0.0
2017-12-13 00:00:00-05:00,34.06999969482422,34.650001525878906,33.90999984741211,34.060001373291016,40500,0.0,0.0
2017-12-14 00:00:00-05:00,34.0,34.41999816894531,33.5,33.900001525878906,59600,0.0,0.0
2017-12-15 00:00:00-05:00,34.0,35.16999816894531,34.0,35.099998474121094,216900,0.0,0.0
2017-12-18 00:00:00-05:00,35.25,35.31999969482422,34.56999969482422,35.130001068115234,45000,0.0,0.0
2017-12-19 00:00:00-05:00,35.349998474121094,35.79999923706055,34.95000076293945,35.72999954223633,102400,0.0,0.0
2017-12-20 00:00:00-05:00,35.720001220703125,36.16999816894531,35.470001220703125,36.02000045776367,100200,0.0,0.0
2017-12-21 00:00:00-05:00,36.189998626708984,36.95000076293945,35.81999969482422,36.650001525878906,74900,0.0,0.0
2017-12-22 00:00:00-05:00,36.79999923706055,36.810001373291016,36.22999954223633,36.29999923706055,53000,0.0,0.0
2017-12-26 00:00:00-05:00,36.310001373291016,36.310001373291016,35.150001525878906,35.38999938964844,27300,0.0,0.0
2017-12-27 00:00:00-05:00,35.400001525878906,35.5,35.0,35.33000183105469,25000,0.0,0.0
2017-12-28 00:00:00-05:00,35.470001220703125,35.470001220703125,34.97999954223633,35.060001373291016,154400,0.0,0.0
2017-12-29 00:00:00-05:00,35.13999938964844,35.599998474121094,35.0,35.40999984741211,92300,0.0,0.0
2018-01-02 00:00:00-05:00,35.400001525878906,35.66999816894531,35.34000015258789,35.66999816894531,58800,0.0,0.0
2018-01-03 00:00:00-05:00,35.689998626708984,35.97999954223633,35.209999084472656,35.5099983215332,59100,0.0,0.0
2018-01-04 00:00:00-05:00,35.68000030517578,36.220001220703125,35.56999969482422,36.04999923706055,27500,0.0,0.0
2018-01-05 00:00:00-05:00,36.130001068115234,36.16999816894531,35.619998931884766,35.959999084472656,40200,0.0,0.0
2018-01-08 00:00:00-05:00,35.849998474121094,36.130001068115234,35.09000015258789,35.72999954223633,110300,0.0,0.0
2018-01-09 00:00:00-05:00,35.66999816894531,36.06999969482422,35.560001373291016,35.560001373291016,35500,0.0,0.0
2018-01-10 00:00:00-05:00,35.4900016784668,36.029998779296875,35.4900016784668,35.68000030517578,44500,0.0,0.0
2018-01-11 00:00:00-05:00,35.720001220703125,36.0,35.61000061035156,35.88999938964844,157300,0.0,0.0
2018-01-12 00:00:00-05:00,36.0,36.959999084472656,35.810001373291016,36.220001220703125,69800,0.0,0.0
2018-01-16 00:00:00-05:00,36.400001525878906,36.720001220703125,35.689998626708984,35.720001220703125,36200,0.0,0.0
2018-01-17 00:00:00-05:00,36.040000915527344,36.310001373291016,35.5,36.08000183105469,61200,0.0,0.0
2018-01-18 00:00:00-05:00,35.970001220703125,36.02000045776367,35.540000915527344,35.66999816894531,22200,0.0,0.0
2018-01-19 00:00:00-05:00,35.54999923706055,35.880001068115234,35.54999923706055,35.689998626708984,51600,0.0,0.0
2018-01-22 00:00:00-05:00,35.630001068115234,35.75,35.5,35.70000076293945,35800,0.0,0.0
2018-01-23 00:00:00-05:00,35.61000061035156,35.900001525878906,35.43000030517578,35.689998626708984,38500,0.0,0.0
2018-01-24 00:00:00-05:00,35.41999816894531,36.22999954223633,35.400001525878906,35.45000076293945,33700,0.0,0.0
2018-01-25 00:00:00-05:00,35.540000915527344,35.540000915527344,34.720001220703125,35.130001068115234,21300,0.0,0.0
2018-01-26 00:00:00-05:00,35.470001220703125,36.04999923706055,35.310001373291016,35.779998779296875,71100,0.0,0.0
2018-01-29 00:00:00-05:00,35.779998779296875,36.150001525878906,35.400001525878906,36.040000915527344,77900,0.0,0.0
2018-01-30 00:00:00-05:00,35.849998474121094,36.189998626708984,35.849998474121094,36.150001525878906,33600,0.0,0.0
2018-01-31 00:00:00-05:00,36.209999084472656,36.33000183105469,36.0099983215332,36.0099983215332,27700,0.0,0.0
2018-02-01 00:00:00-05:00,36.0,36.470001220703125,35.939998626708984,36.22999954223633,68700,0.0,0.0
2018-02-02 00:00:00-05:00,36.099998474121094,36.29999923706055,35.90999984741211,36.099998474121094,57800,0.0,0.0
2018-02-05 00:00:00-05:00,36.02000045776367,36.29999923706055,35.5099983215332,35.7599983215332,97200,0.0,0.0
2018-02-06 00:00:00-05:00,35.2599983215332,35.88999938964844,34.9900016784668,35.619998931884766,60500,0.0,0.0
2018-02-07 00:00:00-05:00,35.56999969482422,35.83000183105469,35.27000045776367,35.7400016784668,58700,0.0,0.0
2018-02-08 00:00:00-05:00,35.7400016784668,35.880001068115234,35.40999984741211,35.58000183105469,57800,0.0,0.0
2018-02-09 00:00:00-05:00,35.7400016784668,36.0,35.34000015258789,35.86000061035156,46100,0.0,0.0
2018-02-12 00:00:00-05:00,35.97999954223633,36.0,35.47999954223633,35.72999954223633,27200,0.0,0.0
2018-02-13 00:00:00-05:00,35.70000076293945,36.0099983215332,35.5,36.0099983215332,43100,0.0,0.0
2018-02-14 00:00:00-05:00,36.040000915527344,36.41999816894531,35.5099983215332,36.29999923706055,73200,0.0,0.0
2018-02-15 00:00:00-05:00,36.310001373291016,36.66999816894531,35.79999923706055,36.400001525878906,56600,0.0,0.0
2018-02-16 00:00:00-05:00,36.2400016784668,36.869998931884766,35.869998931884766,36.83000183105469,112200,0.0,0.0
2018-02-20 00:00:00-05:00,36.630001068115234,37.77000045776367,36.630001068115234,37.0,97500,0.0,0.0
2018-02-21 00:00:00-05:00,37.0,37.91999816894531,37.0,37.709999084472656,78800,0.0,0.0
2018-02-22 00:00:00-05:00,37.709999084472656,37.90999984741211,36.220001220703125,37.40999984741211,69300,0.0,0.0
2018-02-23 00:00:00-05:00,37.54999923706055,37.66999816894531,36.029998779296875,37.63999938964844,51600,0.0,0.0
2018-02-26 00:00:00-05:00,37.650001525878906,37.650001525878906,37.31999969482422,37.650001525878906,34300,0.0,0.0
2018-02-27 00:00:00-05:00,37.619998931884766,37.86000061035156,37.0,37.06999969482422,29200,0.0,0.0
2018-02-28 00:00:00-05:00,37.099998474121094,37.459999084472656,36.529998779296875,36.939998626708984,68100,0.0,0.0
2018-03-01 00:00:00-05:00,37.09000015258789,37.88999938964844,36.970001220703125,37.849998474121094,65800,0.0,0.0
2018-03-02 00:00:00-05:00,37.70000076293945,38.52000045776367,37.5099983215332,38.45000076293945,82000,0.0,0.0
2018-03-05 00:00:00-05:00,38.459999084472656,38.91999816894531,38.25,38.58000183105469,53600,0.0,0.0
2018-03-06 00:00:00-05:00,38.66999816894531,38.75,37.95000076293945,38.61000061035156,19200,0.0,0.0
2018-03-07 00:00:00-05:00,38.36000061035156,38.959999084472656,38.36000061035156,38.79999923706055,40900,0.0,0.0
2018-03-08 00:00:00-05:00,38.83000183105469,38.970001220703125,38.20000076293945,38.45000076293945,24100,0.0,0.0
2018-03-09 00:00:00-05:00,38.540000915527344,39.029998779296875,38.0,38.86000061035156,62300,0.0,0.0
2018-03-12 00:00:00-04:00,38.849998474121094,39.0,38.41999816894531,38.849998474121094,38200,0.0,0.0
2018-03-13 00:00:00-04:00,39.0099983215332,39.099998474121094,38.599998474121094,38.810001373291016,316800,0.0,0.0
2018-03-14 00:00:00-04:00,38.939998626708984,39.08000183105469,38.4900016784668,38.689998626708984,50900,0.0,0.0
2018-03-15 00:00:00-04:00,38.65999984741211,39.0,37.709999084472656,38.81999969482422,51800,0.0,0.0
2018-03-16 00:00:00-04:00,38.75,39.130001068115234,38.59000015258789,38.959999084472656,216600,0.0,0.0
2018-03-19 00:00:00-04:00,38.790000915527344,39.93000030517578,38.650001525878906,39.779998779296875,114000,0.0,0.0
2018-03-20 00:00:00-04:00,39.869998931884766,39.95000076293945,39.529998779296875,39.7599983215332,134800,0.0,0.0
2018-03-21 00:00:00-04:00,39.720001220703125,40.77000045776367,39.65999984741211,39.72999954223633,247600,0.0,0.0
2018-03-22 00:00:00-04:00,39.619998931884766,40.130001068115234,38.88999938964844,39.29999923706055,184200,0.0,0.0
2018-03-23 00:00:00-04:00,39.29999923706055,39.29999923706055,37.63999938964844,37.7599983215332,137100,0.0,0.0
2018-03-26 00:00:00-04:00,38.20000076293945,38.9900016784668,37.9900016784668,38.790000915527344,61100,0.0,0.0
2018-03-27 00:00:00-04:00,38.90999984741211,39.36000061035156,38.709999084472656,38.72999954223633,50300,0.0,0.0
2018-03-28 00:00:00-04:00,38.7400016784668,39.34000015258789,38.63999938964844,38.959999084472656,54500,0.0,0.0
2018-03-29 00:00:00-04:00,39.08000183105469,39.66999816894531,38.95000076293945,39.15999984741211,200800,0.0,0.0
2018-04-02 00:00:00-04:00,39.18000030517578,39.529998779296875,38.93000030517578,39.04999923706055,119900,0.0,0.0
2018-04-03 00:00:00-04:00,39.29999923706055,40.04999923706055,38.93000030517578,39.5,55200,0.0,0.0
2018-04-04 00:00:00-04:00,39.18000030517578,40.040000915527344,39.18000030517578,39.91999816894531,81300,0.0,0.0
2018-04-05 00:00:00-04:00,40.04999923706055,40.290000915527344,39.630001068115234,40.130001068115234,57300,0.0,0.0
2018-04-06 00:00:00-04:00,39.88999938964844,40.25,36.56999969482422,39.439998626708984,73400,0.0,0.0
2018-04-09 00:00:00-04:00,39.599998474121094,39.7599983215332,39.060001373291016,39.130001068115234,110900,0.0,0.0
2018-04-10 00:00:00-04:00,39.36000061035156,40.02000045776367,39.09000015258789,39.599998474121094,42300,0.0,0.0
2018-04-11 00:00:00-04:00,39.4900016784668,39.61000061035156,39.22999954223633,39.349998474121094,36100,0.0,0.0
2018-04-12 00:00:00-04:00,39.63999938964844,40.20000076293945,39.4900016784668,40.040000915527344,54500,0.0,0.0
2018-04-13 00:00:00-04:00,40.189998626708984,40.54999923706055,39.7599983215332,39.91999816894531,54900,0.0,0.0
2018-04-16 00:00:00-04:00,40.150001525878906,40.810001373291016,39.90999984741211,40.689998626708984,54500,0.0,0.0
2018-04-17 00:00:00-04:00,40.90999984741211,40.90999984741211,40.33000183105469,40.59000015258789,54700,0.0,0.0
2018-04-18 00:00:00-04:00,40.7400016784668,40.939998626708984,40.5099983215332,40.54999923706055,31900,0.0,0.0
2018-04-19 00:00:00-04:00,40.529998779296875,40.75,40.41999816894531,40.59000015258789,30500,0.0,0.0
2018-04-20 00:00:00-04:00,40.369998931884766,40.52000045776367,39.61000061035156,39.72999954223633,74400,0.0,0.0
2018-04-23 00:00:00-04:00,39.75,40.08000183105469,39.11000061035156,39.369998931884766,44300,0.0,0.0
2018-04-24 00:00:00-04:00,39.31999969482422,40.0,39.11000061035156,39.54999923706055,36200,0.0,0.0
2018-04-25 00:00:00-04:00,39.5099983215332,39.63999938964844,38.91999816894531,39.130001068115234,42900,0.0,0.0
2018-04-26 00:00:00-04:00,39.16999816894531,39.40999984741211,38.689998626708984,38.849998474121094,29300,0.0,0.0
2018-04-27 00:00:00-04:00,39.0099983215332,39.09000015258789,38.650001525878906,38.720001220703125,39800,0.0,0.0
2018-04-30 00:00:00-04:00,38.72999954223633,38.86000061035156,38.06999969482422,38.130001068115234,28300,0.0,0.0
2018-05-01 00:00:00-04:00,37.97999954223633,38.709999084472656,37.900001525878906,38.29999923706055,77900,0.0,0.0
2018-05-02 00:00:00-04:00,38.369998931884766,38.88999938964844,38.220001220703125,38.779998779296875,47200,0.0,0.0
2018-05-03 00:00:00-04:00,38.619998931884766,38.7400016784668,38.119998931884766,38.4900016784668,28900,0.0,0.0
2018-05-04 00:00:00-04:00,37.790000915527344,39.52000045776367,37.790000915527344,39.11000061035156,27700,0.0,0.0
2018-05-07 00:00:00-04:00,39.209999084472656,39.58000183105469,38.90999984741211,39.279998779296875,22300,0.0,0.0
2018-05-08 00:00:00-04:00,39.18000030517578,39.689998626708984,39.029998779296875,39.38999938964844,22000,0.0,0.0
2018-05-09 00:00:00-04:00,39.45000076293945,40.150001525878906,39.290000915527344,39.7599983215332,36000,0.0,0.0
2018-05-10 00:00:00-04:00,39.7400016784668,40.029998779296875,39.540000915527344,39.66999816894531,22800,0.0,0.0
2018-05-11 00:00:00-04:00,39.79999923706055,39.970001220703125,39.380001068115234,39.52000045776367,27100,0.0,0.0
2018-05-14 00:00:00-04:00,39.5,39.68000030517578,39.22999954223633,39.36000061035156,35000,0.0,0.0
2018-05-15 00:00:00-04:00,39.27000045776367,39.810001373291016,39.2400016784668,39.4900016784668,21100,0.0,0.0
2018-05-16 00:00:00-04:00,39.5,40.25,39.5,40.18000030517578,35900,0.0,0.0
2018-05-17 00:00:00-04:00,40.150001525878906,40.34000015258789,40.09000015258789,40.13999938964844,29600,0.0,0.0
2018-05-18 00:00:00-04:00,40.36000061035156,40.36000061035156,39.709999084472656,39.7599983215332,51400,0.0,0.0
2018-05-21 00:00:00-04:00,39.900001525878906,40.279998779296875,39.70000076293945,40.20000076293945,48300,0.0,0.0
2018-05-22 00:00:00-04:00,40.279998779296875,40.630001068115234,40.150001525878906,40.369998931884766,45900,0.0,0.0
2018-05-23 00:00:00-04:00,40.33000183105469,40.5099983215332,40.189998626708984,40.38999938964844,30300,0.0,0.0
2018-05-24 00:00:00-04:00,40.27000045776367,40.439998626708984,39.93000030517578,40.130001068115234,36100,0.0,0.0
2018-05-25 00:00:00-04:00,40.02000045776367,40.9900016784668,40.02000045776367,40.70000076293945,122100,0.0,0.0
2018-05-29 00:00:00-04:00,40.630001068115234,40.77000045776367,40.02000045776367,40.150001525878906,29700,0.0,0.0
2018-05-30 00:00:00-04:00,40.33000183105469,40.70000076293945,40.040000915527344,40.189998626708984,38700,0.0,0.0
2018-05-31 00:00:00-04:00,40.040000915527344,40.560001373291016,39.689998626708984,39.810001373291016,53000,0.0,0.0
2018-06-01 00:00:00-04:00,40.0099983215332,40.34000015258789,39.95000076293945,40.18000030517578,25300,0.0,0.0
2018-06-04 00:00:00-04:00,40.47999954223633,40.47999954223633,40.06999969482422,40.43000030517578,36300,0.0,0.0
2018-06-05 00:00:00-04:00,40.41999816894531,40.5,39.880001068115234,40.31999969482422,77700,0.0,0.0
2018-06-06 00:00:00-04:00,40.34000015258789,41.18000030517578,40.34000015258789,40.650001525878906,95100,0.0,0.0
2018-06-07 00:00:00-04:00,40.83000183105469,41.279998779296875,39.56999969482422,40.970001220703125,51400,0.0,0.0
2018-06-08 00:00:00-04:00,41.099998474121094,41.38999938964844,40.86000061035156,40.970001220703125,87800,0.0,0.0
2018-06-11 00:00:00-04:00,41.09000015258789,41.369998931884766,40.56999969482422,40.77000045776367,68400,0.0,0.0
2018-06-12 00:00:00-04:00,40.810001373291016,40.95000076293945,40.209999084472656,40.38999938964844,57500,0.0,0.0
2018-06-13 00:00:00-04:00,40.56999969482422,42.29999923706055,40.310001373291016,41.68000030517578,109900,0.0,0.0
2018-06-14 00:00:00-04:00,41.59000015258789,41.75,41.08000183105469,41.220001220703125,59200,0.0,0.0
2018-06-15 00:00:00-04:00,41.25,42.66999816894531,41.220001220703125,42.63999938964844,379700,0.0,0.0
2018-06-18 00:00:00-04:00,42.70000076293945,44.0,41.79999923706055,43.75,111200,0.0,0.0
2018-06-19 00:00:00-04:00,43.68000030517578,44.15999984741211,42.869998931884766,43.869998931884766,100200,0.0,0.0
2018-06-20 00:00:00-04:00,44.2599983215332,44.2599983215332,43.54999923706055,43.81999969482422,95000,0.0,0.0
2018-06-21 00:00:00-04:00,43.77000045776367,43.9900016784668,42.91999816894531,43.130001068115234,112200,0.0,0.0
2018-06-22 00:00:00-04:00,43.36000061035156,43.540000915527344,42.43000030517578,42.959999084472656,373800,0.0,0.0
2018-06-25 00:00:00-04:00,42.79999923706055,43.36000061035156,42.58000183105469,43.18000030517578,126200,0.0,0.0
2018-06-26 00:00:00-04:00,43.25,43.310001373291016,42.84000015258789,43.060001373291016,40800,0.0,0.0
2018-06-27 00:00:00-04:00,43.13999938964844,43.189998626708984,42.029998779296875,42.040000915527344,42400,0.0,0.0
2018-06-28 00:00:00-04:00,42.04999923706055,42.400001525878906,41.540000915527344,41.84000015258789,47300,0.0,0.0
2018-06-29 00:00:00-04:00,41.95000076293945,42.220001220703125,41.43000030517578,41.47999954223633,37500,0.0,0.0
2018-07-02 00:00:00-04:00,41.40999984741211,42.34000015258789,41.290000915527344,42.25,51700,0.0,0.0
2018-07-03 00:00:00-04:00,42.31999969482422,42.61000061035156,42.279998779296875,42.279998779296875,27900,0.0,0.0
2018-07-05 00:00:00-04:00,42.38999938964844,42.630001068115234,42.040000915527344,42.54999923706055,34800,0.0,0.0
2018-07-06 00:00:00-04:00,42.459999084472656,42.93000030517578,42.459999084472656,42.650001525878906,25400,0.0,0.0
2018-07-09 00:00:00-04:00,42.75,43.529998779296875,42.650001525878906,43.43000030517578,281900,0.0,0.0
2018-07-10 00:00:00-04:00,43.63999938964844,44.29999923706055,42.869998931884766,43.119998931884766,45500,0.0,0.0
2018-07-11 00:00:00-04:00,43.0,43.349998474121094,42.95000076293945,42.9900016784668,25800,0.0,0.0
2018-07-12 00:00:00-04:00,43.130001068115234,43.130001068115234,42.25,42.66999816894531,33500,0.0,0.0
2018-07-13 00:00:00-04:00,42.45000076293945,43.400001525878906,42.13999938964844,42.150001525878906,108900,0.0,0.0
2018-07-16 00:00:00-04:00,42.209999084472656,42.939998626708984,42.08000183105469,42.869998931884766,72900,0.0,0.0
2018-07-17 00:00:00-04:00,42.88999938964844,43.33000183105469,42.709999084472656,42.810001373291016,62700,0.0,0.0
2018-07-18 00:00:00-04:00,42.72999954223633,43.290000915527344,42.439998626708984,43.119998931884766,193500,0.0,0.0
2018-07-19 00:00:00-04:00,43.02000045776367,43.790000915527344,42.900001525878906,43.65999984741211,148500,0.0,0.0
2018-07-20 00:00:00-04:00,43.38999938964844,43.7599983215332,41.900001525878906,42.40999984741211,149900,0.0,0.0
2018-07-23 00:00:00-04:00,42.099998474121094,42.29999923706055,41.290000915527344,41.880001068115234,99500,0.0,0.0
2018-07-24 00:00:00-04:00,41.72999954223633,42.41999816894531,40.68000030517578,40.81999969482422,115600,0.0,0.0
2018-07-25 00:00:00-04:00,40.68000030517578,40.68000030517578,40.02000045776367,40.08000183105469,39200,0.0,0.0
2018-07-26 00:00:00-04:00,40.22999954223633,40.959999084472656,40.16999816894531,40.58000183105469,40600,0.0,0.0
2018-07-27 00:00:00-04:00,40.689998626708984,40.7599983215332,39.7400016784668,40.08000183105469,38800,0.0,0.0
2018-07-30 00:00:00-04:00,40.09000015258789,40.709999084472656,40.04999923706055,40.310001373291016,56300,0.0,0.0
2018-07-31 00:00:00-04:00,40.439998626708984,40.599998474121094,39.81999969482422,40.5,48700,0.0,0.0
2018-08-01 00:00:00-04:00,40.61000061035156,40.9900016784668,40.29999923706055,40.790000915527344,35900,0.0,0.0
2018-08-02 00:00:00-04:00,40.75,41.41999816894531,40.25,41.130001068115234,113100,0.0,0.0
2018-08-03 00:00:00-04:00,41.20000076293945,41.650001525878906,40.43000030517578,41.130001068115234,134600,0.0,0.0
2018-08-06 00:00:00-04:00,41.13999938964844,41.5099983215332,41.119998931884766,41.369998931884766,37900,0.0,0.0
2018-08-07 00:00:00-04:00,41.45000076293945,41.84000015258789,41.220001220703125,41.310001373291016,23100,0.0,0.0
2018-08-08 00:00:00-04:00,41.22999954223633,41.59000015258789,40.54999923706055,41.459999084472656,24200,0.0,0.0
2018-08-09 00:00:00-04:00,41.5099983215332,41.619998931884766,41.060001373291016,41.38999938964844,43600,0.0,0.0
2018-08-10 00:00:00-04:00,41.25,41.58000183105469,39.13999938964844,41.220001220703125,30800,0.0,0.0
2018-08-13 00:00:00-04:00,41.18000030517578,41.689998626708984,40.84000015258789,41.15999984741211,64500,0.0,0.0
2018-08-14 00:00:00-04:00,41.15999984741211,42.13999938964844,40.959999084472656,41.72999954223633,70400,0.0,0.0
2018-08-15 00:00:00-04:00,41.599998474121094,42.2400016784668,41.220001220703125,41.459999084472656,43100,0.0,0.0
2018-08-16 00:00:00-04:00,41.529998779296875,42.13999938964844,41.310001373291016,41.790000915527344,26600,0.0,0.0
2018-08-17 00:00:00-04:00,41.650001525878906,41.79999923706055,41.36000061035156,41.40999984741211,42100,0.0,0.0
2018-08-20 00:00:00-04:00,41.40999984741211,41.84000015258789,41.060001373291016,41.52000045776367,31600,0.0,0.0
2018-08-21 00:00:00-04:00,41.63999938964844,42.7400016784668,41.40999984741211,42.470001220703125,37800,0.0,0.0
2018-08-22 00:00:00-04:00,42.52000045776367,42.779998779296875,42.220001220703125,42.4900016784668,24200,0.0,0.0
2018-08-23 00:00:00-04:00,42.560001373291016,42.560001373291016,42.029998779296875,42.220001220703125,32600,0.0,0.0
2018-08-24 00:00:00-04:00,42.13999938964844,42.25,41.900001525878906,41.9900016784668,21400,0.0,0.0
2018-08-27 00:00:00-04:00,41.97999954223633,42.34000015258789,41.220001220703125,41.470001220703125,37100,0.0,0.0
2018-08-28 00:00:00-04:00,41.70000076293945,41.77000045776367,40.869998931884766,41.060001373291016,11400,0.0,0.0
2018-08-29 00:00:00-04:00,40.970001220703125,41.560001373291016,40.40999984741211,40.59000015258789,41600,0.0,0.0
2018-08-30 00:00:00-04:00,40.54999923706055,40.880001068115234,39.959999084472656,40.52000045776367,38300,0.0,0.0
2018-08-31 00:00:00-04:00,40.4900016784668,40.869998931884766,40.11000061035156,40.59000015258789,16900,0.0,0.0
2018-09-04 00:00:00-04:00,40.310001373291016,40.91999816894531,40.220001220703125,40.84000015258789,54500,0.0,0.0
2018-09-05 00:00:00-04:00,40.93000030517578,40.959999084472656,40.45000076293945,40.70000076293945,33100,0.0,0.0
2018-09-06 00:00:00-04:00,40.720001220703125,40.77000045776367,37.33000183105469,40.29999923706055,34300,0.0,0.0
2018-09-07 00:00:00-04:00,40.290000915527344,40.310001373291016,39.81999969482422,39.93000030517578,24000,0.0,0.0
2018-09-10 00:00:00-04:00,39.95000076293945,40.72999954223633,39.720001220703125,39.86000061035156,28800,0.0,0.0
2018-09-11 00:00:00-04:00,39.7599983215332,40.52000045776367,39.720001220703125,40.0,39300,0.0,0.0
2018-09-12 00:00:00-04:00,40.060001373291016,40.16999816894531,39.52000045776367,39.869998931884766,49700,0.0,0.0
2018-09-13 00:00:00-04:00,39.93000030517578,40.2599983215332,39.65999984741211,39.88999938964844,44100,0.0,0.0
2018-09-14 00:00:00-04:00,39.9900016784668,40.5099983215332,39.83000183105469,40.31999969482422,28500,0.0,0.0
2018-09-17 00:00:00-04:00,40.4900016784668,40.65999984741211,40.0099983215332,40.27000045776367,32200,0.0,0.0
2018-09-18 00:00:00-04:00,40.31999969482422,40.88999938964844,37.11000061035156,40.349998474121094,41100,0.0,0.0
2018-09-19 00:00:00-04:00,40.34000015258789,40.95000076293945,38.75,40.15999984741211,53500,0.0,0.0
2018-09-20 00:00:00-04:00,40.2400016784668,40.97999954223633,39.86000061035156,40.65999984741211,59100,0.0,0.0
2018-09-21 00:00:00-04:00,40.61000061035156,41.08000183105469,40.5099983215332,40.790000915527344,96600,0.0,0.0
2018-09-24 00:00:00-04:00,40.58000183105469,41.18000030517578,40.369998931884766,40.45000076293945,49100,0.0,0.0
2018-09-25 00:00:00-04:00,40.59000015258789,40.59000015258789,39.86000061035156,39.91999816894531,17200,0.0,0.0
2018-09-26 00:00:00-04:00,39.810001373291016,39.83000183105469,38.959999084472656,39.13999938964844,58700,0.0,0.0
2018-09-27 00:00:00-04:00,39.04999923706055,39.400001525878906,38.79999923706055,39.13999938964844,57800,0.0,0.0
2018-09-28 00:00:00-04:00,39.0,39.349998474121094,38.88999938964844,39.2599983215332,24800,0.0,0.0
2018-10-01 00:00:00-04:00,39.369998931884766,39.619998931884766,38.5099983215332,38.61000061035156,31700,0.0,0.0
2018-10-02 00:00:00-04:00,38.540000915527344,38.75,37.66999816894531,38.060001373291016,23700,0.0,0.0
2018-10-03 00:00:00-04:00,38.08000183105469,39.209999084472656,37.880001068115234,39.060001373291016,28000,0.0,0.0
2018-10-04 00:00:00-04:00,39.08000183105469,39.400001525878906,38.7599983215332,38.970001220703125,31600,0.0,0.0
2018-10-05 00:00:00-04:00,39.0099983215332,39.279998779296875,37.790000915527344,38.52000045776367,27600,0.0,0.0
2018-10-08 00:00:00-04:00,38.5,39.31999969482422,35.27000045776367,38.84000015258789,41300,0.0,0.0
2018-10-09 00:00:00-04:00,38.7599983215332,39.27000045776367,38.650001525878906,38.75,28200,0.0,0.0
2018-10-10 00:00:00-04:00,38.75,38.95000076293945,37.83000183105469,37.95000076293945,42700,0.0,0.0
2018-10-11 00:00:00-04:00,37.810001373291016,38.2599983215332,36.72999954223633,37.189998626708984,39900,0.0,0.0
2018-10-12 00:00:00-04:00,37.52000045776367,37.95000076293945,35.5099983215332,36.279998779296875,63900,0.0,0.0
2018-10-15 00:00:00-04:00,36.56999969482422,40.0,36.56999969482422,37.560001373291016,52800,0.0,0.0
2018-10-16 00:00:00-04:00,37.900001525878906,39.459999084472656,37.45000076293945,38.40999984741211,44000,0.0,0.0
2018-10-17 00:00:00-04:00,37.9900016784668,38.38999938964844,36.56999969482422,36.81999969482422,80400,0.0,0.0
2018-10-18 00:00:00-04:00,36.9900016784668,37.04999923706055,35.380001068115234,35.540000915527344,47400,0.0,0.0
2018-10-19 00:00:00-04:00,35.41999816894531,36.130001068115234,34.869998931884766,35.0099983215332,35800,0.0,0.0
2018-10-22 00:00:00-04:00,35.029998779296875,35.529998779296875,33.18000030517578,33.4900016784668,54700,0.0,0.0
2018-10-23 00:00:00-04:00,33.02000045776367,34.16999816894531,33.0,33.970001220703125,39200,0.0,0.0
2018-10-24 00:00:00-04:00,33.810001373291016,33.810001373291016,31.65999984741211,31.65999984741211,22200,0.0,0.0
2018-10-25 00:00:00-04:00,31.81999969482422,33.58000183105469,31.31999969482422,33.52000045776367,53500,0.0,0.0
2018-10-26 00:00:00-04:00,33.040000915527344,35.02000045776367,31.809999465942383,35.0,66800,0.0,0.0
2018-10-29 00:00:00-04:00,35.4900016784668,36.709999084472656,34.79999923706055,35.220001220703125,67100,0.0,0.0
2018-10-30 00:00:00-04:00,35.220001220703125,35.220001220703125,33.91999816894531,34.93000030517578,122800,0.0,0.0
2018-10-31 00:00:00-04:00,35.36000061035156,36.31999969482422,35.36000061035156,36.09000015258789,73200,0.0,0.0
2018-11-01 00:00:00-04:00,36.25,36.95000076293945,36.06999969482422,36.41999816894531,55200,0.0,0.0
2018-11-02 00:00:00-04:00,36.400001525878906,36.529998779296875,35.4900016784668,36.36000061035156,50300,0.0,0.0
2018-11-05 00:00:00-05:00,36.31999969482422,36.79999923706055,35.7400016784668,36.29999923706055,26700,0.0,0.0
2018-11-06 00:00:00-05:00,36.81999969482422,36.939998626708984,36.4900016784668,36.619998931884766,6400,0.0,0.0
2018-11-07 00:00:00-05:00,36.7400016784668,36.77000045776367,36.16999816894531,36.63999938964844,20400,0.0,0.0
2018-11-08 00:00:00-05:00,36.630001068115234,37.0,36.25,36.939998626708984,41600,0.0,0.0
2018-11-09 00:00:00-05:00,36.90999984741211,37.0,36.400001525878906,36.61000061035156,15700,0.0,0.0
2018-11-12 00:00:00-05:00,36.52000045776367,36.95000076293945,36.20000076293945,36.439998626708984,25100,0.0,0.0
2018-11-13 00:00:00-05:00,36.45000076293945,37.0099983215332,35.88999938964844,36.369998931884766,32100,0.0,0.0
2018-11-14 00:00:00-05:00,36.72999954223633,37.0,36.119998931884766,36.66999816894531,54800,0.0,0.0
2018-11-15 00:00:00-05:00,36.599998474121094,37.810001373291016,36.27000045776367,37.630001068115234,47200,0.0,0.0
2018-11-16 00:00:00-05:00,37.40999984741211,37.88999938964844,37.0099983215332,37.810001373291016,68600,0.0,0.0
2018-11-19 00:00:00-05:00,37.779998779296875,37.9900016784668,36.310001373291016,37.0,47700,0.0,0.0
2018-11-20 00:00:00-05:00,37.22999954223633,37.459999084472656,36.66999816894531,37.189998626708984,49400,0.0,0.0
2018-11-21 00:00:00-05:00,37.34000015258789,37.75,36.7400016784668,37.0,48800,0.0,0.0
2018-11-23 00:00:00-05:00,37.38999938964844,38.0,36.959999084472656,37.849998474121094,30500,0.0,0.0
2018-11-26 00:00:00-05:00,38.0,38.25,37.630001068115234,37.79999923706055,40800,0.0,0.0
2018-11-27 00:00:00-05:00,37.529998779296875,38.02000045776367,37.310001373291016,37.7599983215332,27900,0.0,0.0
2018-11-28 00:00:00-05:00,38.029998779296875,38.400001525878906,37.31999969482422,38.15999984741211,40100,0.0,0.0
2018-11-29 00:00:00-05:00,37.900001525878906,38.04999923706055,37.459999084472656,37.689998626708984,24500,0.0,0.0
2018-11-30 00:00:00-05:00,37.650001525878906,38.220001220703125,37.02000045776367,37.77000045776367,153100,0.0,0.0
2018-12-03 00:00:00-05:00,38.20000076293945,38.25,36.83000183105469,37.5099983215332,25600,0.0,0.0
2018-12-04 00:00:00-05:00,37.41999816894531,37.41999816894531,34.43000030517578,34.91999816894531,38400,0.0,0.0
2018-12-06 00:00:00-05:00,34.43000030517578,35.38999938964844,34.130001068115234,35.06999969482422,33000,0.0,0.0
2018-12-07 00:00:00-05:00,35.2599983215332,35.93000030517578,35.099998474121094,35.529998779296875,55300,0.0,0.0
2018-12-10 00:00:00-05:00,35.5,36.18000030517578,35.369998931884766,35.720001220703125,47300,0.0,0.0
2018-12-11 00:00:00-05:00,36.11000061035156,36.150001525878906,35.52000045776367,35.91999816894531,32900,0.0,0.0
2018-12-12 00:00:00-05:00,36.13999938964844,37.43000030517578,36.04999923706055,36.529998779296875,128300,0.0,0.0
2018-12-13 00:00:00-05:00,36.689998626708984,36.97999954223633,35.869998931884766,36.20000076293945,64300,0.0,0.0
2018-12-14 00:00:00-05:00,36.20000076293945,36.599998474121094,36.02000045776367,36.349998474121094,65600,0.0,0.0
2018-12-17 00:00:00-05:00,36.400001525878906,37.31999969482422,36.400001525878906,36.849998474121094,58000,0.0,0.0
2018-12-18 00:00:00-05:00,37.06999969482422,37.06999969482422,35.27000045776367,35.650001525878906,59600,0.0,0.0
2018-12-19 00:00:00-05:00,35.56999969482422,35.939998626708984,34.72999954223633,35.0,102000,0.0,0.0
2018-12-20 00:00:00-05:00,34.86000061035156,35.209999084472656,33.72999954223633,34.869998931884766,81900,0.0,0.0
2018-12-21 00:00:00-05:00,34.959999084472656,35.09000015258789,34.36000061035156,34.68000030517578,122800,0.0,0.0
2018-12-24 00:00:00-05:00,34.779998779296875,35.91999816894531,34.15999984741211,34.2400016784668,39500,0.0,0.0
2018-12-26 00:00:00-05:00,34.29999923706055,35.349998474121094,34.29999923706055,35.13999938964844,110400,0.0,0.0
2018-12-27 00:00:00-05:00,34.779998779296875,35.18000030517578,34.36000061035156,34.900001525878906,92200,0.0,0.0
2018-12-28 00:00:00-05:00,34.900001525878906,35.45000076293945,34.529998779296875,35.08000183105469,54100,0.0,0.0
2018-12-31 00:00:00-05:00,35.18000030517578,35.25,34.38999938964844,35.25,49400,0.0,0.0
2019-01-02 00:00:00-05:00,35.25,35.959999084472656,35.060001373291016,35.79999923706055,115000,0.0,0.0
2019-01-03 00:00:00-05:00,34.04999923706055,34.54999923706055,33.310001373291016,33.31999969482422,68600,0.0,0.0
2019-01-04 00:00:00-05:00,33.47999954223633,34.0099983215332,33.16999816894531,33.7599983215332,53900,0.0,0.0
2019-01-07 00:00:00-05:00,33.810001373291016,34.599998474121094,33.540000915527344,33.970001220703125,50800,0.0,0.0
2019-01-08 00:00:00-05:00,34.029998779296875,34.83000183105469,33.7599983215332,34.029998779296875,81400,0.0,0.0
2019-01-09 00:00:00-05:00,33.9900016784668,34.27000045776367,33.689998626708984,33.959999084472656,145900,0.0,0.0
2019-01-10 00:00:00-05:00,33.79999923706055,34.58000183105469,33.7400016784668,34.29999923706055,124000,0.0,0.0
2019-01-11 00:00:00-05:00,34.060001373291016,34.310001373291016,33.72999954223633,34.08000183105469,94900,0.0,0.0
2019-01-14 00:00:00-05:00,33.93000030517578,34.119998931884766,33.560001373291016,33.58000183105469,112300,0.0,0.0
2019-01-15 00:00:00-05:00,33.529998779296875,33.540000915527344,32.77000045776367,33.540000915527344,56900,0.0,0.0
2019-01-16 00:00:00-05:00,33.7400016784668,34.33000183105469,33.7400016784668,34.279998779296875,60400,0.0,0.0
2019-01-17 00:00:00-05:00,34.20000076293945,34.900001525878906,34.060001373291016,34.68000030517578,40600,0.0,0.0
2019-01-18 00:00:00-05:00,34.54999923706055,35.13999938964844,34.29999923706055,34.810001373291016,46800,0.0,0.0
2019-01-22 00:00:00-05:00,34.599998474121094,35.06999969482422,34.349998474121094,34.70000076293945,37800,0.0,0.0
2019-01-23 00:00:00-05:00,34.84000015258789,35.29999923706055,34.11000061035156,34.290000915527344,28900,0.0,0.0
2019-01-24 00:00:00-05:00,33.20000076293945,35.08000183105469,32.060001373291016,32.150001525878906,422600,0.0,0.0
2019-01-25 00:00:00-05:00,32.16999816894531,32.59000015258789,31.6200008392334,32.0,171600,0.0,0.0
2019-01-28 00:00:00-05:00,32.0,32.880001068115234,31.739999771118164,32.869998931884766,117100,0.0,0.0
2019-01-29 00:00:00-05:00,32.869998931884766,32.869998931884766,32.29999923706055,32.33000183105469,23600,0.0,0.0
2019-01-30 00:00:00-05:00,32.25,32.41999816894531,31.68000030517578,31.959999084472656,48000,0.0,0.0
2019-01-31 00:00:00-05:00,31.770000457763672,31.860000610351562,30.899999618530273,31.75,74400,0.0,0.0
2019-02-01 00:00:00-05:00,31.760000228881836,32.220001220703125,31.579999923706055,32.029998779296875,56900,0.0,0.0
2019-02-04 00:00:00-05:00,32.0,33.099998474121094,31.93000030517578,33.060001373291016,106200,0.0,0.0
2019-02-05 00:00:00-05:00,32.959999084472656,33.060001373291016,32.52000045776367,32.689998626708984,24000,0.0,0.0
2019-02-06 00:00:00-05:00,32.66999816894531,32.66999816894531,32.0,32.099998474121094,37100,0.0,0.0
2019-02-07 00:00:00-05:00,32.27000045776367,32.72999954223633,32.150001525878906,32.38999938964844,40900,0.0,0.0
2019-02-08 00:00:00-05:00,32.290000915527344,32.369998931884766,31.770000457763672,31.989999771118164,28600,0.0,0.0
2019-02-11 00:00:00-05:00,32.220001220703125,32.459999084472656,31.399999618530273,32.290000915527344,86100,0.0,0.0
2019-02-12 00:00:00-05:00,32.599998474121094,32.650001525878906,32.369998931884766,32.54999923706055,14700,0.0,0.0
2019-02-13 00:00:00-05:00,32.560001373291016,32.810001373291016,32.15999984741211,32.75,66500,0.0,0.0
2019-02-14 00:00:00-05:00,32.59000015258789,32.95000076293945,32.439998626708984,32.470001220703125,34800,0.0,0.0
2019-02-15 00:00:00-05:00,32.56999969482422,33.20000076293945,32.56999969482422,32.93000030517578,121800,0.0,0.0
2019-02-19 00:00:00-05:00,32.91999816894531,33.369998931884766,32.810001373291016,33.099998474121094,72900,0.0,0.0
2019-02-20 00:00:00-05:00,33.099998474121094,33.790000915527344,32.75,33.40999984741211,165500,0.0,0.0
2019-02-21 00:00:00-05:00,33.45000076293945,34.380001068115234,33.45000076293945,34.36000061035156,251500,0.0,0.0
2019-02-22 00:00:00-05:00,34.369998931884766,34.400001525878906,33.79999923706055,34.08000183105469,47000,0.0,0.0
2019-02-25 00:00:00-05:00,34.220001220703125,34.290000915527344,33.52000045776367,33.61000061035156,64600,0.0,0.0
2019-02-26 00:00:00-05:00,33.599998474121094,33.7599983215332,33.369998931884766,33.43000030517578,69500,0.0,0.0
2019-02-27 00:00:00-05:00,33.41999816894531,34.16999816894531,33.25,33.88999938964844,59200,0.0,0.0
2019-02-28 00:00:00-05:00,33.91999816894531,34.06999969482422,33.81999969482422,33.9900016784668,46900,0.0,0.0
2019-03-01 00:00:00-05:00,34.119998931884766,34.16999816894531,33.54999923706055,33.70000076293945,45400,0.0,0.0
2019-03-04 00:00:00-05:00,33.689998626708984,34.189998626708984,33.689998626708984,34.06999969482422,195400,0.0,0.0
2019-03-05 00:00:00-05:00,33.91999816894531,34.060001373291016,33.4900016784668,33.81999969482422,51000,0.0,0.0
2019-03-06 00:00:00-05:00,33.810001373291016,33.849998474121094,32.630001068115234,32.810001373291016,58500,0.0,0.0
2019-03-07 00:00:00-05:00,32.779998779296875,32.97999954223633,32.08000183105469,32.2599983215332,30500,0.0,0.0
2019-03-08 00:00:00-05:00,32.099998474121094,32.31999969482422,31.989999771118164,32.04999923706055,17800,0.0,0.0
2019-03-11 00:00:00-04:00,32.119998931884766,32.47999954223633,31.8700008392334,32.45000076293945,23100,0.0,0.0
2019-03-12 00:00:00-04:00,32.439998626708984,32.47999954223633,31.860000610351562,31.979999542236328,25100,0.0,0.0
2019-03-13 00:00:00-04:00,31.920000076293945,32.41999816894531,31.84000015258789,32.20000076293945,27500,0.0,0.0
2019-03-14 00:00:00-04:00,32.209999084472656,32.2400016784668,31.850000381469727,32.20000076293945,33500,0.0,0.0
2019-03-15 00:00:00-04:00,32.11000061035156,32.279998779296875,31.889999389648438,32.220001220703125,151300,0.0,0.0
2019-03-18 00:00:00-04:00,32.209999084472656,32.720001220703125,32.13999938964844,32.61000061035156,74400,0.0,0.0
2019-03-19 00:00:00-04:00,32.61000061035156,32.75,32.25,32.25,55200,0.0,0.0
2019-03-20 00:00:00-04:00,32.119998931884766,32.2599983215332,30.479999542236328,30.559999465942383,79800,0.0,0.0
2019-03-21 00:00:00-04:00,30.5,30.610000610351562,29.639999389648438,29.729999542236328,52800,0.0,0.0
2019-03-22 00:00:00-04:00,29.6200008392334,29.68000030517578,27.770000457763672,27.959999084472656,76800,0.0,0.0
2019-03-25 00:00:00-04:00,28.350000381469727,28.420000076293945,27.649999618530273,28.010000228881836,31900,0.0,0.0
2019-03-26 00:00:00-04:00,28.100000381469727,28.6200008392334,27.90999984741211,28.6200008392334,78200,0.0,0.0
2019-03-27 00:00:00-04:00,28.6200008392334,28.75,28.15999984741211,28.579999923706055,54200,0.0,0.0
2019-03-28 00:00:00-04:00,28.610000610351562,28.770000457763672,28.15999984741211,28.770000457763672,36900,0.0,0.0
2019-03-29 00:00:00-04:00,28.90999984741211,29.09000015258789,27.829999923706055,28.799999237060547,73600,0.0,0.0
2019-04-01 00:00:00-04:00,29.059999465942383,29.3799991607666,28.770000457763672,28.850000381469727,52800,0.0,0.0
2019-04-02 00:00:00-04:00,28.860000610351562,28.860000610351562,28.190000534057617,28.280000686645508,31000,0.0,0.0
2019-04-03 00:00:00-04:00,28.549999237060547,28.549999237060547,28.06999969482422,28.149999618530273,34600,0.0,0.0
2019-04-04 00:00:00-04:00,28.15999984741211,28.739999771118164,28.040000915527344,28.389999389648438,22400,0.0,0.0
2019-04-05 00:00:00-04:00,28.399999618530273,29.18000030517578,28.399999618530273,28.920000076293945,42700,0.0,0.0
2019-04-08 00:00:00-04:00,28.90999984741211,29.299999237060547,28.59000015258789,28.739999771118164,44600,0.0,0.0
2019-04-09 00:00:00-04:00,28.6200008392334,28.8799991607666,28.010000228881836,28.729999542236328,63800,0.0,0.0
2019-04-10 00:00:00-04:00,28.729999542236328,29.25,28.270000457763672,29.09000015258789,104000,0.0,0.0
2019-04-11 00:00:00-04:00,28.889999389648438,29.200000762939453,28.860000610351562,29.1200008392334,295200,0.0,0.0
2019-04-12 00:00:00-04:00,29.34000015258789,29.8799991607666,29.280000686645508,29.81999969482422,36700,0.0,0.0
2019-04-15 00:00:00-04:00,29.700000762939453,29.829999923706055,29.399999618530273,29.399999618530273,49700,0.0,0.0
2019-04-16 00:00:00-04:00,29.579999923706055,29.8799991607666,29.260000228881836,29.700000762939453,31700,0.0,0.0
2019-04-17 00:00:00-04:00,29.860000610351562,30.040000915527344,29.350000381469727,29.979999542236328,32600,0.0,0.0
2019-04-18 00:00:00-04:00,29.850000381469727,29.989999771118164,29.56999969482422,29.799999237060547,39800,0.0,0.0
2019-04-22 00:00:00-04:00,29.860000610351562,29.860000610351562,29.229999542236328,29.469999313354492,50600,0.0,0.0
2019-04-23 00:00:00-04:00,28.200000762939453,28.360000610351562,24.520000457763672,24.709999084472656,453300,0.0,0.0
2019-04-24 00:00:00-04:00,24.100000381469727,24.860000610351562,22.75,24.700000762939453,165100,0.0,0.0
2019-04-25 00:00:00-04:00,24.610000610351562,24.940000534057617,23.90999984741211,24.780000686645508,118400,0.0,0.0
2019-04-26 00:00:00-04:00,24.889999389648438,25.270000457763672,24.209999084472656,25.149999618530273,124800,0.0,0.0
2019-04-29 00:00:00-04:00,25.329999923706055,26.639999389648438,25.309999465942383,26.309999465942383,101100,0.0,0.0
2019-04-30 00:00:00-04:00,26.540000915527344,26.6200008392334,26.15999984741211,26.260000228881836,150200,0.0,0.0
2019-05-01 00:00:00-04:00,26.43000030517578,26.75,25.899999618530273,26.3700008392334,174000,0.0,0.0
2019-05-02 00:00:00-04:00,26.43000030517578,26.690000534057617,25.889999389648438,26.280000686645508,79200,0.0,0.0
2019-05-03 00:00:00-04:00,26.389999389648438,26.959999084472656,26.040000915527344,26.479999542236328,79900,0.0,0.0
2019-05-06 00:00:00-04:00,26.31999969482422,27.15999984741211,26.260000228881836,26.729999542236328,68800,0.0,0.0
2019-05-07 00:00:00-04:00,26.510000228881836,26.93000030517578,26.309999465942383,26.850000381469727,154900,0.0,0.0
2019-05-08 00:00:00-04:00,26.799999237060547,27.260000228881836,26.719999313354492,26.719999313354492,58900,0.0,0.0
2019-05-09 00:00:00-04:00,26.600000381469727,27.200000762939453,26.469999313354492,26.969999313354492,154800,0.0,0.0
2019-05-10 00:00:00-04:00,26.969999313354492,27.200000762939453,26.729999542236328,27.030000686645508,48900,0.0,0.0
2019-05-13 00:00:00-04:00,26.709999084472656,26.799999237060547,26.25,26.610000610351562,90400,0.0,0.0
2019-05-14 00:00:00-04:00,26.700000762939453,27.110000610351562,26.049999237060547,26.700000762939453,56100,0.0,0.0
2019-05-15 00:00:00-04:00,26.399999618530273,26.600000381469727,26.229999542236328,26.520000457763672,60500,0.0,0.0
2019-05-16 00:00:00-04:00,26.579999923706055,27.110000610351562,26.540000915527344,26.829999923706055,73000,0.0,0.0
2019-05-17 00:00:00-04:00,26.649999618530273,27.1200008392334,26.520000457763672,26.860000610351562,51800,0.0,0.0
2019-05-20 00:00:00-04:00,26.719999313354492,27.299999237060547,26.719999313354492,27.110000610351562,57700,0.0,0.0
2019-05-21 00:00:00-04:00,27.270000457763672,27.270000457763672,26.690000534057617,26.899999618530273,71500,0.0,0.0
2019-05-22 00:00:00-04:00,26.81999969482422,26.84000015258789,26.3799991607666,26.600000381469727,85100,0.0,0.0
2019-05-23 00:00:00-04:00,26.389999389648438,26.420000076293945,25.8700008392334,25.969999313354492,61000,0.0,0.0
2019-05-24 00:00:00-04:00,26.06999969482422,26.40999984741211,25.59000015258789,25.920000076293945,68200,0.0,0.0
2019-05-28 00:00:00-04:00,25.829999923706055,25.829999923706055,25.40999984741211,25.510000228881836,47900,0.0,0.0
2019-05-29 00:00:00-04:00,25.440000534057617,25.739999771118164,25.15999984741211,25.639999389648438,47700,0.0,0.0
2019-05-30 00:00:00-04:00,25.639999389648438,26.040000915527344,24.65999984741211,25.139999389648438,63900,0.0,0.0
2019-05-31 00:00:00-04:00,24.889999389648438,24.979999542236328,24.6200008392334,24.8799991607666,40500,0.0,0.0
2019-06-03 00:00:00-04:00,24.780000686645508,25.110000610351562,24.540000915527344,24.81999969482422,32500,0.0,0.0
2019-06-04 00:00:00-04:00,25.139999389648438,25.3700008392334,24.829999923706055,25.18000030517578,57000,0.0,0.0
2019-06-05 00:00:00-04:00,25.110000610351562,25.59000015258789,24.6299991607666,24.850000381469727,50500,0.0,0.0
2019-06-06 00:00:00-04:00,24.84000015258789,24.920000076293945,24.100000381469727,24.610000610351562,34300,0.0,0.0
2019-06-07 00:00:00-04:00,24.579999923706055,24.670000076293945,24.299999237060547,24.489999771118164,50200,0.0,0.0
2019-06-10 00:00:00-04:00,24.579999923706055,25.190000534057617,24.260000228881836,24.850000381469727,46800,0.0,0.0
2019-06-11 00:00:00-04:00,24.940000534057617,25.489999771118164,24.790000915527344,25.079999923706055,49100,0.0,0.0
2019-06-12 00:00:00-04:00,24.889999389648438,25.65999984741211,24.889999389648438,25.459999084472656,45900,0.0,0.0
2019-06-13 00:00:00-04:00,25.489999771118164,26.09000015258789,25.31999969482422,25.3799991607666,90400,0.0,0.0
2019-06-14 00:00:00-04:00,25.399999618530273,25.979999542236328,25.1299991607666,25.780000686645508,76500,0.0,0.0
2019-06-17 00:00:00-04:00,25.75,25.93000030517578,25.280000686645508,25.479999542236328,65900,0.0,0.0
2019-06-18 00:00:00-04:00,25.489999771118164,26.079999923706055,25.399999618530273,25.690000534057617,46800,0.0,0.0
2019-06-19 00:00:00-04:00,25.760000228881836,26.139999389648438,25.59000015258789,25.8799991607666,113600,0.0,0.0
2019-06-20 00:00:00-04:00,26.079999923706055,26.40999984741211,25.81999969482422,26.31999969482422,58600,0.0,0.0
2019-06-21 00:00:00-04:00,26.1200008392334,26.600000381469727,25.979999542236328,26.329999923706055,93500,0.0,0.0
2019-06-24 00:00:00-04:00,26.329999923706055,26.6299991607666,25.969999313354492,26.15999984741211,123600,0.0,0.0
2019-06-25 00:00:00-04:00,26.020000457763672,26.350000381469727,25.780000686645508,26.139999389648438,59300,0.0,0.0
2019-06-26 00:00:00-04:00,26.010000228881836,26.59000015258789,26.0,26.329999923706055,67200,0.0,0.0
2019-06-27 00:00:00-04:00,26.190000534057617,26.950000762939453,25.81999969482422,26.739999771118164,143200,0.0,0.0
2019-06-28 00:00:00-04:00,26.739999771118164,27.100000381469727,26.6299991607666,26.65999984741211,451500,0.0,0.0
2019-07-01 00:00:00-04:00,26.719999313354492,27.31999969482422,26.209999084472656,27.239999771118164,145600,0.0,0.0
2019-07-02 00:00:00-04:00,27.110000610351562,27.5,27.040000915527344,27.239999771118164,92800,0.0,0.0
2019-07-03 00:00:00-04:00,27.43000030517578,27.649999618530273,27.229999542236328,27.520000457763672,64600,0.0,0.0
2019-07-05 00:00:00-04:00,27.489999771118164,28.059999465942383,27.479999542236328,28.0,41100,0.0,0.0
2019-07-08 00:00:00-04:00,27.760000228881836,28.110000610351562,27.649999618530273,27.799999237060547,151300,0.0,0.0
2019-07-09 00:00:00-04:00,27.649999618530273,27.989999771118164,26.65999984741211,26.889999389648438,155600,0.0,0.0
2019-07-10 00:00:00-04:00,26.90999984741211,27.209999084472656,25.65999984741211,25.75,82500,0.0,0.0
2019-07-11 00:00:00-04:00,25.709999084472656,25.860000610351562,25.469999313354492,25.780000686645508,79400,0.0,0.0
2019-07-12 00:00:00-04:00,25.84000015258789,26.059999465942383,25.729999542236328,25.889999389648438,68000,0.0,0.0
2019-07-15 00:00:00-04:00,25.950000762939453,25.969999313354492,24.850000381469727,24.93000030517578,62300,0.0,0.0
2019-07-16 00:00:00-04:00,24.979999542236328,24.979999542236328,24.639999389648438,24.809999465942383,42400,0.0,0.0
2019-07-17 00:00:00-04:00,24.75,24.829999923706055,24.299999237060547,24.459999084472656,72900,0.0,0.0
2019-07-18 00:00:00-04:00,24.459999084472656,24.899999618530273,24.329999923706055,24.559999465942383,45200,0.0,0.0
2019-07-19 00:00:00-04:00,24.420000076293945,24.790000915527344,24.350000381469727,24.6299991607666,63000,0.0,0.0
2019-07-22 00:00:00-04:00,24.540000915527344,24.540000915527344,24.25,24.399999618530273,54900,0.0,0.0
2019-07-23 00:00:00-04:00,24.8799991607666,26.040000915527344,24.5,25.68000030517578,190600,0.0,0.0
2019-07-24 00:00:00-04:00,25.450000762939453,25.989999771118164,25.450000762939453,25.969999313354492,130700,0.0,0.0
2019-07-25 00:00:00-04:00,25.889999389648438,26.469999313354492,25.889999389648438,26.049999237060547,60600,0.0,0.0
2019-07-26 00:00:00-04:00,26.049999237060547,27.0,25.799999237060547,26.8799991607666,80800,0.0,0.0
2019-07-29 00:00:00-04:00,26.760000228881836,26.889999389648438,26.329999923706055,26.510000228881836,52200,0.0,0.0
2019-07-30 00:00:00-04:00,26.350000381469727,26.829999923706055,25.979999542236328,26.729999542236328,58900,0.0,0.0
2019-07-31 00:00:00-04:00,26.68000030517578,26.969999313354492,26.420000076293945,26.489999771118164,82600,0.0,0.0
2019-08-01 00:00:00-04:00,26.43000030517578,26.6299991607666,25.309999465942383,25.559999465942383,85600,0.0,0.0
2019-08-02 00:00:00-04:00,25.450000762939453,26.360000610351562,25.34000015258789,26.030000686645508,76600,0.0,0.0
2019-08-05 00:00:00-04:00,25.6299991607666,25.6299991607666,24.8799991607666,25.209999084472656,69100,0.0,0.0
2019-08-06 00:00:00-04:00,25.360000610351562,25.440000534057617,24.440000534057617,25.329999923706055,69200,0.0,0.0
2019-08-07 00:00:00-04:00,25.030000686645508,25.399999618530273,24.450000762939453,24.780000686645508,49300,0.0,0.0
2019-08-08 00:00:00-04:00,25.020000457763672,26.0,25.020000457763672,25.40999984741211,93600,0.0,0.0
2019-08-09 00:00:00-04:00,25.450000762939453,25.90999984741211,25.25,25.520000457763672,45100,0.0,0.0
2019-08-12 00:00:00-04:00,25.350000381469727,25.600000381469727,25.09000015258789,25.5,58600,0.0,0.0
2019-08-13 00:00:00-04:00,25.389999389648438,26.200000762939453,25.290000915527344,25.700000762939453,39600,0.0,0.0
2019-08-14 00:00:00-04:00,25.260000228881836,25.399999618530273,24.639999389648438,24.790000915527344,35600,0.0,0.0
2019-08-15 00:00:00-04:00,24.770000457763672,25.09000015258789,24.5,24.84000015258789,58800,0.0,0.0
2019-08-16 00:00:00-04:00,24.889999389648438,25.600000381469727,24.780000686645508,25.56999969482422,44600,0.0,0.0
2019-08-19 00:00:00-04:00,25.860000610351562,25.860000610351562,25.469999313354492,25.59000015258789,53000,0.0,0.0
2019-08-20 00:00:00-04:00,25.520000457763672,25.729999542236328,25.329999923706055,25.559999465942383,43000,0.0,0.0
2019-08-21 00:00:00-04:00,25.690000534057617,26.020000457763672,25.5,25.940000534057617,68900,0.0,0.0
2019-08-22 00:00:00-04:00,26.09000015258789,26.290000915527344,25.950000762939453,25.959999084472656,37900,0.0,0.0
2019-08-23 00:00:00-04:00,25.969999313354492,26.09000015258789,25.020000457763672,25.18000030517578,59300,0.0,0.0
2019-08-26 00:00:00-04:00,25.270000457763672,25.5,25.030000686645508,25.5,28100,0.0,0.0
2019-08-27 00:00:00-04:00,25.65999984741211,25.65999984741211,24.540000915527344,24.81999969482422,53400,0.0,0.0
2019-08-28 00:00:00-04:00,24.950000762939453,25.209999084472656,24.8700008392334,24.979999542236328,56500,0.0,0.0
2019-08-29 00:00:00-04:00,25.229999542236328,25.59000015258789,25.1299991607666,25.540000915527344,61700,0.0,0.0
2019-08-30 00:00:00-04:00,25.6200008392334,25.6200008392334,25.110000610351562,25.299999237060547,41400,0.0,0.0
2019-09-03 00:00:00-04:00,25.059999465942383,25.059999465942383,24.440000534057617,24.809999465942383,34500,0.0,0.0
2019-09-04 00:00:00-04:00,25.059999465942383,25.190000534057617,24.719999313354492,25.1200008392334,71600,0.0,0.0
2019-09-05 00:00:00-04:00,25.489999771118164,26.1200008392334,25.3700008392334,25.790000915527344,48600,0.0,0.0
2019-09-06 00:00:00-04:00,25.969999313354492,25.969999313354492,25.270000457763672,25.31999969482422,26500,0.0,0.0
2019-09-09 00:00:00-04:00,25.329999923706055,26.25,25.329999923706055,26.149999618530273,56800,0.0,0.0
2019-09-10 00:00:00-04:00,25.780000686645508,26.829999923706055,25.780000686645508,26.75,74800,0.0,0.0
2019-09-11 00:00:00-04:00,26.950000762939453,27.68000030517578,26.579999923706055,27.510000228881836,70500,0.0,0.0
2019-09-12 00:00:00-04:00,27.399999618530273,27.75,26.90999984741211,27.510000228881836,48700,0.0,0.0
2019-09-13 00:00:00-04:00,27.639999389648438,28.459999084472656,27.639999389648438,28.309999465942383,66500,0.0,0.0
2019-09-16 00:00:00-04:00,28.010000228881836,28.479999542236328,27.989999771118164,28.3700008392334,39900,0.0,0.0
2019-09-17 00:00:00-04:00,28.190000534057617,28.270000457763672,27.860000610351562,28.239999771118164,58400,0.0,0.0
2019-09-18 00:00:00-04:00,28.100000381469727,28.270000457763672,27.670000076293945,28.219999313354492,54800,0.0,0.0
2019-09-19 00:00:00-04:00,28.389999389648438,28.84000015258789,27.780000686645508,28.049999237060547,113900,0.0,0.0
2019-09-20 00:00:00-04:00,27.90999984741211,28.31999969482422,27.239999771118164,27.459999084472656,207800,0.0,0.0
2019-09-23 00:00:00-04:00,27.309999465942383,27.84000015258789,26.940000534057617,27.719999313354492,95900,0.0,0.0
2019-09-24 00:00:00-04:00,27.899999618530273,27.969999313354492,27.450000762939453,27.6299991607666,51900,0.0,0.0
2019-09-25 00:00:00-04:00,27.690000534057617,28.540000915527344,27.68000030517578,28.520000457763672,38600,0.0,0.0
2019-09-26 00:00:00-04:00,28.31999969482422,28.31999969482422,27.1200008392334,27.219999313354492,48300,0.0,0.0
2019-09-27 00:00:00-04:00,27.479999542236328,27.549999237060547,27.1200008392334,27.260000228881836,50000,0.0,0.0
2019-09-30 00:00:00-04:00,27.31999969482422,27.31999969482422,26.770000457763672,26.809999465942383,64000,0.0,0.0
2019-10-01 00:00:00-04:00,26.8799991607666,27.239999771118164,26.0,26.25,52400,0.0,0.0
2019-10-02 00:00:00-04:00,26.1200008392334,26.270000457763672,25.600000381469727,26.239999771118164,38500,0.0,0.0
2019-10-03 00:00:00-04:00,26.239999771118164,26.270000457763672,25.540000915527344,25.93000030517578,36000,0.0,0.0
2019-10-04 00:00:00-04:00,26.1200008392334,26.1200008392334,25.520000457763672,25.940000534057617,41800,0.0,0.0
2019-10-07 00:00:00-04:00,25.899999618530273,26.290000915527344,25.6200008392334,26.030000686645508,35700,0.0,0.0
2019-10-08 00:00:00-04:00,25.920000076293945,25.920000076293945,25.389999389648438,25.40999984741211,37400,0.0,0.0
2019-10-09 00:00:00-04:00,25.639999389648438,25.75,25.290000915527344,25.610000610351562,34100,0.0,0.0
2019-10-10 00:00:00-04:00,25.649999618530273,25.989999771118164,25.489999771118164,25.6299991607666,32600,0.0,0.0
2019-10-11 00:00:00-04:00,26.040000915527344,26.75,25.950000762939453,26.190000534057617,37500,0.0,0.0
2019-10-14 00:00:00-04:00,26.040000915527344,26.209999084472656,25.40999984741211,26.149999618530273,24200,0.0,0.0
2019-10-15 00:00:00-04:00,26.229999542236328,26.6299991607666,26.06999969482422,26.360000610351562,28700,0.0,0.0
2019-10-16 00:00:00-04:00,26.3700008392334,26.709999084472656,26.15999984741211,26.40999984741211,24200,0.0,0.0
2019-10-17 00:00:00-04:00,26.5,26.670000076293945,26.25,26.649999618530273,27000,0.0,0.0
2019-10-18 00:00:00-04:00,26.459999084472656,26.850000381469727,26.459999084472656,26.690000534057617,33700,0.0,0.0
2019-10-21 00:00:00-04:00,26.989999771118164,27.479999542236328,26.809999465942383,27.31999969482422,30800,0.0,0.0
2019-10-22 00:00:00-04:00,29.040000915527344,29.5,27.459999084472656,28.030000686645508,85200,0.0,0.0
2019-10-23 00:00:00-04:00,28.049999237060547,28.5,27.8700008392334,28.469999313354492,44000,0.0,0.0
2019-10-24 00:00:00-04:00,28.25,28.450000762939453,27.760000228881836,28.299999237060547,35200,0.0,0.0
2019-10-25 00:00:00-04:00,28.459999084472656,28.700000762939453,27.979999542236328,28.18000030517578,38800,0.0,0.0
2019-10-28 00:00:00-04:00,28.329999923706055,28.65999984741211,28.149999618530273,28.31999969482422,25800,0.0,0.0
2019-10-29 00:00:00-04:00,28.31999969482422,28.59000015258789,28.020000457763672,28.43000030517578,24800,0.0,0.0
2019-10-30 00:00:00-04:00,28.459999084472656,28.700000762939453,27.93000030517578,28.260000228881836,25200,0.0,0.0
2019-10-31 00:00:00-04:00,28.09000015258789,28.09000015258789,27.489999771118164,27.760000228881836,32800,0.0,0.0
2019-11-01 00:00:00-04:00,27.969999313354492,28.559999465942383,27.940000534057617,28.229999542236328,35100,0.0,0.0
2019-11-04 00:00:00-05:00,28.530000686645508,28.6299991607666,28.260000228881836,28.579999923706055,30600,0.0,0.0
2019-11-05 00:00:00-05:00,28.670000076293945,29.280000686645508,28.420000076293945,28.729999542236328,22200,0.0,0.0
2019-11-06 00:00:00-05:00,28.799999237060547,29.229999542236328,28.450000762939453,28.5,20300,0.0,0.0
2019-11-07 00:00:00-05:00,28.899999618530273,29.290000915527344,28.729999542236328,29.06999969482422,29500,0.0,0.0
2019-11-08 00:00:00-05:00,28.850000381469727,29.139999389648438,28.670000076293945,28.780000686645508,24600,0.0,0.0
2019-11-11 00:00:00-05:00,28.709999084472656,28.969999313354492,28.510000228881836,28.959999084472656,12600,0.0,0.0
2019-11-12 00:00:00-05:00,28.770000457763672,29.1299991607666,28.6299991607666,28.940000534057617,23500,0.0,0.0
2019-11-13 00:00:00-05:00,28.739999771118164,28.959999084472656,28.43000030517578,28.670000076293945,44400,0.0,0.0
2019-11-14 00:00:00-05:00,28.56999969482422,28.829999923706055,28.209999084472656,28.299999237060547,27100,0.0,0.0
2019-11-15 00:00:00-05:00,28.520000457763672,28.520000457763672,27.989999771118164,28.200000762939453,20100,0.0,0.0
2019-11-18 00:00:00-05:00,28.18000030517578,28.270000457763672,27.84000015258789,28.270000457763672,30000,0.0,0.0
2019-11-19 00:00:00-05:00,28.40999984741211,28.719999313354492,28.31999969482422,28.639999389648438,28700,0.0,0.0
2019-11-20 00:00:00-05:00,28.43000030517578,28.950000762939453,28.1299991607666,28.31999969482422,43800,0.0,0.0
2019-11-21 00:00:00-05:00,28.3799991607666,28.709999084472656,27.920000076293945,28.350000381469727,28800,0.0,0.0
2019-11-22 00:00:00-05:00,28.540000915527344,28.770000457763672,28.18000030517578,28.559999465942383,10200,0.0,0.0
2019-11-25 00:00:00-05:00,28.719999313354492,29.469999313354492,28.420000076293945,29.31999969482422,48900,0.0,0.0
2019-11-26 00:00:00-05:00,29.1299991607666,29.739999771118164,29.040000915527344,29.329999923706055,53100,0.0,0.0
2019-11-27 00:00:00-05:00,29.420000076293945,29.8799991607666,29.399999618530273,29.530000686645508,29500,0.0,0.0
2019-11-29 00:00:00-05:00,29.899999618530273,29.899999618530273,29.350000381469727,29.450000762939453,8500,0.0,0.0
2019-12-02 00:00:00-05:00,29.600000381469727,29.600000381469727,28.860000610351562,29.139999389648438,34500,0.0,0.0
2019-12-03 00:00:00-05:00,28.799999237060547,28.8700008392334,28.450000762939453,28.68000030517578,26400,0.0,0.0
2019-12-04 00:00:00-05:00,28.889999389648438,29.280000686645508,28.719999313354492,29.040000915527344,33800,0.0,0.0
2019-12-05 00:00:00-05:00,29.06999969482422,29.68000030517578,29.06999969482422,29.389999389648438,41900,0.0,0.0
2019-12-06 00:00:00-05:00,29.770000457763672,30.260000228881836,29.530000686645508,30.15999984741211,72900,0.0,0.0
2019-12-09 00:00:00-05:00,30.15999984741211,30.15999984741211,29.420000076293945,29.549999237060547,41000,0.0,0.0
2019-12-10 00:00:00-05:00,29.520000457763672,29.950000762939453,29.299999237060547,29.860000610351562,22400,0.0,0.0
2019-12-11 00:00:00-05:00,29.969999313354492,29.969999313354492,29.389999389648438,29.709999084472656,15600,0.0,0.0
2019-12-12 00:00:00-05:00,29.600000381469727,30.3700008392334,29.489999771118164,30.100000381469727,27800,0.0,0.0
2019-12-13 00:00:00-05:00,30.079999923706055,30.3799991607666,29.670000076293945,30.3799991607666,41500,0.0,0.0
2019-12-16 00:00:00-05:00,30.5,31.059999465942383,30.350000381469727,30.950000762939453,66100,0.0,0.0
2019-12-17 00:00:00-05:00,30.989999771118164,31.190000534057617,30.899999618530273,31.100000381469727,30000,0.0,0.0
2019-12-18 00:00:00-05:00,31.31999969482422,31.489999771118164,30.700000762939453,31.459999084472656,24200,0.0,0.0
2019-12-19 00:00:00-05:00,31.350000381469727,31.90999984741211,31.219999313354492,31.520000457763672,44200,0.0,0.0
2019-12-20 00:00:00-05:00,31.75,31.850000381469727,31.1200008392334,31.579999923706055,186100,0.0,0.0
2019-12-23 00:00:00-05:00,31.469999313354492,31.469999313354492,30.350000381469727,30.520000457763672,42900,0.0,0.0
2019-12-24 00:00:00-05:00,30.579999923706055,30.81999969482422,30.510000228881836,30.56999969482422,38200,0.0,0.0
2019-12-26 00:00:00-05:00,30.68000030517578,30.68000030517578,30.280000686645508,30.479999542236328,19600,0.0,0.0
2019-12-27 00:00:00-05:00,30.440000534057617,30.549999237060547,30.15999984741211,30.510000228881836,38500,0.0,0.0
2019-12-30 00:00:00-05:00,30.510000228881836,30.729999542236328,30.219999313354492,30.610000610351562,37900,0.0,0.0
2019-12-31 00:00:00-05:00,30.520000457763672,30.920000076293945,30.270000457763672,30.8700008392334,43100,0.0,0.0
2020-01-02 00:00:00-05:00,30.850000381469727,30.850000381469727,29.84000015258789,30.1299991607666,48700,0.0,0.0
2020-01-03 00:00:00-05:00,29.770000457763672,30.139999389648438,29.75,29.940000534057617,35100,0.0,0.0
2020-01-06 00:00:00-05:00,29.739999771118164,29.780000686645508,28.25,29.40999984741211,47300,0.0,0.0
2020-01-07 00:00:00-05:00,29.329999923706055,29.510000228881836,28.899999618530273,29.049999237060547,70100,0.0,0.0
2020-01-08 00:00:00-05:00,29.18000030517578,29.420000076293945,28.8799991607666,29.309999465942383,42300,0.0,0.0
2020-01-09 00:00:00-05:00,29.049999237060547,29.469999313354492,29.040000915527344,29.079999923706055,32600,0.0,0.0
2020-01-10 00:00:00-05:00,29.110000610351562,29.110000610351562,28.399999618530273,28.600000381469727,31500,0.0,0.0
2020-01-13 00:00:00-05:00,28.610000610351562,28.950000762939453,28.489999771118164,28.75,31400,0.0,0.0
2020-01-14 00:00:00-05:00,28.770000457763672,28.799999237060547,28.40999984741211,28.489999771118164,30400,0.0,0.0
2020-01-15 00:00:00-05:00,28.280000686645508,28.3700008392334,27.969999313354492,28.100000381469727,37200,0.0,0.0
2020-01-16 00:00:00-05:00,28.31999969482422,28.799999237060547,28.31999969482422,28.540000915527344,37800,0.0,0.0
2020-01-17 00:00:00-05:00,28.75,28.760000228881836,28.139999389648438,28.290000915527344,98500,0.0,0.0
2020-01-21 00:00:00-05:00,28.25,28.3799991607666,27.829999923706055,27.8799991607666,45000,0.0,0.0
2020-01-22 00:00:00-05:00,27.860000610351562,27.950000762939453,27.200000762939453,27.25,55400,0.0,0.0
2020-01-23 00:00:00-05:00,27.239999771118164,27.559999465942383,26.889999389648438,27.389999389648438,34500,0.0,0.0
2020-01-24 00:00:00-05:00,28.75,28.75,26.489999771118164,28.059999465942383,120400,0.0,0.0
2020-01-27 00:00:00-05:00,27.5,28.489999771118164,27.5,28.25,48100,0.0,0.0
2020-01-28 00:00:00-05:00,28.520000457763672,28.520000457763672,27.93000030517578,27.940000534057617,28100,0.0,0.0
2020-01-29 00:00:00-05:00,27.81999969482422,27.989999771118164,27.09000015258789,27.15999984741211,26000,0.0,0.0
2020-01-30 00:00:00-05:00,26.90999984741211,27.81999969482422,26.90999984741211,27.610000610351562,26900,0.0,0.0
2020-01-31 00:00:00-05:00,27.559999465942383,27.6200008392334,26.59000015258789,26.860000610351562,54000,0.0,0.0
2020-02-03 00:00:00-05:00,27.040000915527344,27.75,27.040000915527344,27.530000686645508,48800,0.0,0.0
2020-02-04 00:00:00-05:00,27.84000015258789,28.389999389648438,27.309999465942383,28.0,60800,0.0,0.0
2020-02-05 00:00:00-05:00,28.25,28.579999923706055,28.020000457763672,28.489999771118164,48600,0.0,0.0
2020-02-06 00:00:00-05:00,28.489999771118164,28.540000915527344,28.0,28.030000686645508,43300,0.0,0.0
2020-02-07 00:00:00-05:00,27.739999771118164,28.049999237060547,27.65999984741211,27.920000076293945,117300,0.0,0.0
2020-02-10 00:00:00-05:00,28.100000381469727,28.299999237060547,27.889999389648438,28.1299991607666,25200,0.0,0.0
2020-02-11 00:00:00-05:00,28.229999542236328,28.479999542236328,27.959999084472656,28.110000610351562,20900,0.0,0.0
2020-02-12 00:00:00-05:00,28.360000610351562,28.360000610351562,27.860000610351562,28.110000610351562,22300,0.0,0.0
2020-02-13 00:00:00-05:00,27.829999923706055,28.440000534057617,27.829999923706055,28.34000015258789,15900,0.0,0.0
2020-02-14 00:00:00-05:00,28.170000076293945,28.489999771118164,28.170000076293945,28.34000015258789,36100,0.0,0.0
2020-02-18 00:00:00-05:00,28.299999237060547,28.299999237060547,27.780000686645508,27.8700008392334,26400,0.0,0.0
2020-02-19 00:00:00-05:00,27.860000610351562,28.200000762939453,27.860000610351562,27.940000534057617,30900,0.0,0.0
2020-02-20 00:00:00-05:00,27.920000076293945,28.31999969482422,27.889999389648438,28.260000228881836,19200,0.0,0.0
2020-02-21 00:00:00-05:00,28.239999771118164,28.239999771118164,27.979999542236328,28.049999237060547,19400,0.0,0.0
2020-02-24 00:00:00-05:00,27.270000457763672,28.139999389648438,27.200000762939453,27.860000610351562,42200,0.0,0.0
2020-02-25 00:00:00-05:00,27.709999084472656,27.829999923706055,27.25,27.329999923706055,41900,0.0,0.0
2020-02-26 00:00:00-05:00,27.639999389648438,27.989999771118164,27.420000076293945,27.739999771118164,35600,0.0,0.0
2020-02-27 00:00:00-05:00,27.260000228881836,28.110000610351562,27.020000457763672,27.190000534057617,47500,0.0,0.0
2020-02-28 00:00:00-05:00,26.43000030517578,27.0,25.459999084472656,26.18000030517578,148200,0.0,0.0
2020-03-02 00:00:00-05:00,26.1200008392334,27.520000457763672,25.75,27.479999542236328,62300,0.0,0.0
2020-03-03 00:00:00-05:00,27.219999313354492,27.350000381469727,25.93000030517578,26.149999618530273,59700,0.0,0.0
2020-03-04 00:00:00-05:00,26.43000030517578,26.530000686645508,25.700000762939453,26.40999984741211,38500,0.0,0.0
2020-03-05 00:00:00-05:00,25.809999465942383,26.010000228881836,24.850000381469727,25.229999542236328,43000,0.0,0.0
2020-03-06 00:00:00-05:00,24.459999084472656,24.899999618530273,23.600000381469727,24.09000015258789,31500,0.0,0.0
2020-03-09 00:00:00-04:00,22.549999237060547,23.610000610351562,21.170000076293945,21.420000076293945,55900,0.0,0.0
2020-03-10 00:00:00-04:00,22.040000915527344,22.399999618530273,21.329999923706055,22.200000762939453,55300,0.0,0.0
2020-03-11 00:00:00-04:00,21.65999984741211,21.84000015258789,20.520000457763672,20.950000762939453,57800,0.0,0.0
2020-03-12 00:00:00-04:00,19.6200008392334,20.940000534057617,19.040000915527344,19.299999237060547,67100,0.0,0.0
2020-03-13 00:00:00-04:00,20.139999389648438,21.329999923706055,18.06999969482422,19.610000610351562,233800,0.0,0.0
2020-03-16 00:00:00-04:00,17.43000030517578,18.0,15.649999618530273,15.930000305175781,122100,0.0,0.0
2020-03-17 00:00:00-04:00,16.239999771118164,16.950000762939453,15.609999656677246,16.8700008392334,106000,0.0,0.0
2020-03-18 00:00:00-04:00,15.819999694824219,16.479999542236328,14.770000457763672,14.779999732971191,90900,0.0,0.0
2020-03-19 00:00:00-04:00,14.729999542236328,17.8799991607666,13.630000114440918,17.0,109000,0.0,0.0
2020-03-20 00:00:00-04:00,16.93000030517578,17.200000762939453,16.010000228881836,16.309999465942383,127000,0.0,0.0
2020-03-23 00:00:00-04:00,16.3799991607666,16.56999969482422,15.15999984741211,16.56999969482422,56200,0.0,0.0
2020-03-24 00:00:00-04:00,17.18000030517578,19.670000076293945,16.959999084472656,17.510000228881836,87000,0.0,0.0
2020-03-25 00:00:00-04:00,17.469999313354492,18.969999313354492,16.6200008392334,16.90999984741211,38500,0.0,0.0
2020-03-26 00:00:00-04:00,17.0,18.459999084472656,17.0,18.3700008392334,56600,0.0,0.0
2020-03-27 00:00:00-04:00,17.489999771118164,17.889999389648438,16.649999618530273,17.510000228881836,49800,0.0,0.0
2020-03-30 00:00:00-04:00,17.34000015258789,18.139999389648438,17.309999465942383,17.739999771118164,42400,0.0,0.0
2020-03-31 00:00:00-04:00,17.530000686645508,17.530000686645508,16.520000457763672,17.25,84900,0.0,0.0
2020-04-01 00:00:00-04:00,16.559999465942383,17.399999618530273,16.110000610351562,16.229999542236328,52600,0.0,0.0
2020-04-02 00:00:00-04:00,16.190000534057617,17.079999923706055,16.09000015258789,16.489999771118164,45100,0.0,0.0
2020-04-03 00:00:00-04:00,16.1200008392334,16.479999542236328,15.270000457763672,15.430000305175781,43500,0.0,0.0
2020-04-06 00:00:00-04:00,16.219999313354492,16.68000030517578,16.1200008392334,16.360000610351562,54600,0.0,0.0
2020-04-07 00:00:00-04:00,16.899999618530273,17.399999618530273,16.06999969482422,16.6299991607666,36900,0.0,0.0
2020-04-08 00:00:00-04:00,16.549999237060547,16.860000610351562,16.290000915527344,16.709999084472656,85300,0.0,0.0
2020-04-09 00:00:00-04:00,17.149999618530273,18.239999771118164,17.149999618530273,17.84000015258789,89300,0.0,0.0
2020-04-13 00:00:00-04:00,17.84000015258789,17.8700008392334,16.899999618530273,17.049999237060547,24600,0.0,0.0
2020-04-14 00:00:00-04:00,17.59000015258789,17.59000015258789,16.139999389648438,16.889999389648438,99900,0.0,0.0
2020-04-15 00:00:00-04:00,16.139999389648438,16.440000534057617,15.460000038146973,15.729999542236328,95700,0.0,0.0
2020-04-16 00:00:00-04:00,15.760000228881836,15.760000228881836,13.739999771118164,14.109999656677246,77400,0.0,0.0
2020-04-17 00:00:00-04:00,14.680000305175781,16.440000534057617,14.680000305175781,16.360000610351562,45100,0.0,0.0
2020-04-20 00:00:00-04:00,15.65999984741211,16.510000228881836,15.65999984741211,16.40999984741211,67100,0.0,0.0
2020-04-21 00:00:00-04:00,15.850000381469727,16.15999984741211,15.760000228881836,16.040000915527344,40500,0.0,0.0
2020-04-22 00:00:00-04:00,16.399999618530273,16.399999618530273,15.829999923706055,15.850000381469727,49100,0.0,0.0
2020-04-23 00:00:00-04:00,15.84000015258789,16.979999542236328,15.84000015258789,16.649999618530273,73500,0.0,0.0
2020-04-24 00:00:00-04:00,16.899999618530273,16.989999771118164,16.489999771118164,16.8799991607666,25800,0.0,0.0
2020-04-27 00:00:00-04:00,16.90999984741211,18.15999984741211,16.90999984741211,17.93000030517578,37700,0.0,0.0
2020-04-28 00:00:00-04:00,18.010000228881836,18.729999542236328,17.75,18.0,50200,0.0,0.0
2020-04-29 00:00:00-04:00,18.8799991607666,21.280000686645508,18.719999313354492,20.5,101900,0.0,0.0
2020-04-30 00:00:00-04:00,19.280000686645508,19.520000457763672,17.31999969482422,18.739999771118164,40800,0.0,0.0
2020-05-01 00:00:00-04:00,18.270000457763672,18.270000457763672,17.5,17.829999923706055,46800,0.0,0.0
2020-05-04 00:00:00-04:00,17.760000228881836,18.0,17.290000915527344,17.440000534057617,28400,0.0,0.0
2020-05-05 00:00:00-04:00,17.8700008392334,18.389999389648438,16.780000686645508,16.790000915527344,28300,0.0,0.0
2020-05-06 00:00:00-04:00,16.920000076293945,17.270000457763672,15.760000228881836,15.760000228881836,33500,0.0,0.0
2020-05-07 00:00:00-04:00,16.020000457763672,16.260000228881836,15.0600004196167,15.140000343322754,41400,0.0,0.0
2020-05-08 00:00:00-04:00,15.699999809265137,16.139999389648438,15.5600004196167,16.100000381469727,119200,0.0,0.0
2020-05-11 00:00:00-04:00,16.010000228881836,16.1200008392334,15.25,15.25,69500,0.0,0.0
2020-05-12 00:00:00-04:00,15.279999732971191,15.279999732971191,14.039999961853027,14.09000015258789,59400,0.0,0.0
2020-05-13 00:00:00-04:00,14.130000114440918,14.630000114440918,13.210000038146973,13.59000015258789,70800,0.0,0.0
2020-05-14 00:00:00-04:00,13.069999694824219,13.539999961853027,12.489999771118164,13.25,46900,0.0,0.0
2020-05-15 00:00:00-04:00,13.210000038146973,13.720000267028809,12.970000267028809,13.720000267028809,57500,0.0,0.0
2020-05-18 00:00:00-04:00,14.380000114440918,15.369999885559082,14.380000114440918,15.300000190734863,46000,0.0,0.0
2020-05-19 00:00:00-04:00,15.260000228881836,15.770000457763672,14.979999542236328,15.510000228881836,69600,0.0,0.0
2020-05-20 00:00:00-04:00,15.779999732971191,16.190000534057617,15.640000343322754,15.739999771118164,35500,0.0,0.0
2020-05-21 00:00:00-04:00,15.680000305175781,15.970000267028809,15.479999542236328,15.510000228881836,29500,0.0,0.0
2020-05-22 00:00:00-04:00,15.65999984741211,15.9399995803833,15.449999809265137,15.899999618530273,154100,0.0,0.0
2020-05-26 00:00:00-04:00,16.729999542236328,17.5,16.729999542236328,17.270000457763672,42100,0.0,0.0
2020-05-27 00:00:00-04:00,17.940000534057617,17.989999771118164,17.40999984741211,17.5,121900,0.0,0.0
2020-05-28 00:00:00-04:00,17.510000228881836,17.649999618530273,17.040000915527344,17.040000915527344,110200,0.0,0.0
2020-05-29 00:00:00-04:00,16.75,16.90999984741211,16.09000015258789,16.309999465942383,58200,0.0,0.0
2020-06-01 00:00:00-04:00,16.56999969482422,17.1299991607666,16.5,16.530000686645508,87100,0.0,0.0
2020-06-02 00:00:00-04:00,16.6299991607666,17.049999237060547,16.5,16.690000534057617,31600,0.0,0.0
2020-06-03 00:00:00-04:00,16.940000534057617,17.600000381469727,16.799999237060547,17.40999984741211,55900,0.0,0.0
2020-06-04 00:00:00-04:00,17.190000534057617,17.75,16.729999542236328,17.6200008392334,64400,0.0,0.0
2020-06-05 00:00:00-04:00,18.020000457763672,19.1200008392334,18.020000457763672,18.68000030517578,128600,0.0,0.0
2020-06-08 00:00:00-04:00,19.0,19.5,18.549999237060547,18.790000915527344,97200,0.0,0.0
2020-06-09 00:00:00-04:00,18.290000915527344,18.690000534057617,18.0,18.020000457763672,114400,0.0,0.0
2020-06-10 00:00:00-04:00,18.049999237060547,18.049999237060547,17.389999389648438,17.40999984741211,103500,0.0,0.0
2020-06-11 00:00:00-04:00,16.420000076293945,16.56999969482422,15.569999694824219,15.90999984741211,138600,0.0,0.0
2020-06-12 00:00:00-04:00,16.43000030517578,16.760000228881836,16.25,16.549999237060547,73700,0.0,0.0
2020-06-15 00:00:00-04:00,15.770000457763672,16.719999313354492,15.770000457763672,16.520000457763672,46300,0.0,0.0
2020-06-16 00:00:00-04:00,17.360000610351562,18.200000762939453,17.170000076293945,17.3799991607666,57900,0.0,0.0
2020-06-17 00:00:00-04:00,17.329999923706055,17.329999923706055,16.280000686645508,16.389999389648438,43400,0.0,0.0
2020-06-18 00:00:00-04:00,16.139999389648438,16.829999923706055,16.139999389648438,16.639999389648438,53100,0.0,0.0
2020-06-19 00:00:00-04:00,16.950000762939453,17.229999542236328,16.360000610351562,17.229999542236328,274400,0.0,0.0
2020-06-22 00:00:00-04:00,16.889999389648438,16.889999389648438,16.549999237060547,16.719999313354492,39600,0.0,0.0
2020-06-23 00:00:00-04:00,17.049999237060547,17.420000076293945,16.670000076293945,16.760000228881836,53300,0.0,0.0
2020-06-24 00:00:00-04:00,16.43000030517578,16.489999771118164,16.100000381469727,16.18000030517578,55800,0.0,0.0
2020-06-25 00:00:00-04:00,15.989999771118164,16.899999618530273,15.869999885559082,16.690000534057617,46300,0.0,0.0
2020-06-26 00:00:00-04:00,16.3799991607666,16.3799991607666,15.300000190734863,15.6899995803833,119100,0.0,0.0
2020-06-29 00:00:00-04:00,15.960000038146973,16.93000030517578,15.960000038146973,16.93000030517578,32800,0.0,0.0
2020-06-30 00:00:00-04:00,16.719999313354492,17.540000915527344,16.670000076293945,17.440000534057617,28000,0.0,0.0
2020-07-01 00:00:00-04:00,17.34000015258789,17.34000015258789,15.550000190734863,15.6899995803833,43500,0.0,0.0
2020-07-02 00:00:00-04:00,16.040000915527344,17.18000030517578,15.75,15.899999618530273,34700,0.0,0.0
2020-07-06 00:00:00-04:00,16.280000686645508,16.450000762939453,15.510000228881836,15.829999923706055,31200,0.0,0.0
2020-07-07 00:00:00-04:00,15.600000381469727,15.770000457763672,15.3100004196167,15.420000076293945,33100,0.0,0.0
2020-07-08 00:00:00-04:00,15.359999656677246,15.460000038146973,14.930000305175781,15.25,66800,0.0,0.0
2020-07-09 00:00:00-04:00,15.140000343322754,16.329999923706055,14.260000228881836,14.4399995803833,61900,0.0,0.0
2020-07-10 00:00:00-04:00,13.949999809265137,14.8100004196167,13.859999656677246,14.699999809265137,48400,0.0,0.0
2020-07-13 00:00:00-04:00,14.970000267028809,15.010000228881836,14.470000267028809,14.770000457763672,83300,0.0,0.0
2020-07-14 00:00:00-04:00,14.720000267028809,15.020000457763672,14.399999618530273,14.90999984741211,106900,0.0,0.0
2020-07-15 00:00:00-04:00,15.40999984741211,15.979999542236328,15.220000267028809,15.630000114440918,68700,0.0,0.0
2020-07-16 00:00:00-04:00,13.8100004196167,15.25,13.8100004196167,15.170000076293945,69200,0.0,0.0
2020-07-17 00:00:00-04:00,15.0600004196167,15.1899995803833,14.510000228881836,14.510000228881836,29700,0.0,0.0
2020-07-20 00:00:00-04:00,14.369999885559082,14.84000015258789,14.109999656677246,14.239999771118164,28200,0.0,0.0
2020-07-21 00:00:00-04:00,14.5,15.329999923706055,14.5,15.300000190734863,28300,0.0,0.0
2020-07-22 00:00:00-04:00,14.920000076293945,15.260000228881836,14.119999885559082,14.220000267028809,37400,0.0,0.0
2020-07-23 00:00:00-04:00,14.09000015258789,14.670000076293945,14.069999694824219,14.609999656677246,43400,0.0,0.0
2020-07-24 00:00:00-04:00,14.670000076293945,14.819999694824219,14.449999809265137,14.5600004196167,41100,0.0,0.0
2020-07-27 00:00:00-04:00,14.539999961853027,14.539999961853027,13.760000228881836,13.90999984741211,61800,0.0,0.0
2020-07-28 00:00:00-04:00,13.899999618530273,14.359999656677246,13.899999618530273,14.109999656677246,44800,0.0,0.0
2020-07-29 00:00:00-04:00,14.0,14.3100004196167,14.0,14.3100004196167,76500,0.0,0.0
2020-07-30 00:00:00-04:00,13.989999771118164,14.199999809265137,13.899999618530273,14.100000381469727,56200,0.0,0.0
2020-07-31 00:00:00-04:00,14.100000381469727,14.329999923706055,13.75,14.140000343322754,44900,0.0,0.0
2020-08-03 00:00:00-04:00,14.289999961853027,14.289999961853027,14.020000457763672,14.109999656677246,149300,0.0,0.0
2020-08-04 00:00:00-04:00,14.039999961853027,14.34000015258789,13.770000457763672,14.210000038146973,48000,0.0,0.0
2020-08-05 00:00:00-04:00,14.430000305175781,14.710000038146973,14.109999656677246,14.670000076293945,28300,0.0,0.0
2020-08-06 00:00:00-04:00,14.680000305175781,14.970000267028809,14.5600004196167,14.90999984741211,32900,0.0,0.0
2020-08-07 00:00:00-04:00,14.880000114440918,15.300000190734863,14.6899995803833,15.300000190734863,34800,0.0,0.0
2020-08-10 00:00:00-04:00,15.4399995803833,15.890000343322754,15.020000457763672,15.600000381469727,87100,0.0,0.0
2020-08-11 00:00:00-04:00,15.829999923706055,16.489999771118164,15.829999923706055,16.200000762939453,37900,0.0,0.0
2020-08-12 00:00:00-04:00,16.5,16.65999984741211,15.510000228881836,15.75,191100,0.0,0.0
2020-08-13 00:00:00-04:00,15.5600004196167,15.869999885559082,15.270000457763672,15.869999885559082,55200,0.0,0.0
2020-08-14 00:00:00-04:00,15.649999618530273,16.15999984741211,15.600000381469727,16.010000228881836,74900,0.0,0.0
2020-08-17 00:00:00-04:00,15.529999732971191,16.170000076293945,15.529999732971191,16.09000015258789,47600,0.0,0.0
2020-08-18 00:00:00-04:00,16.0,16.0,15.260000228881836,15.350000381469727,41200,0.0,0.0
2020-08-19 00:00:00-04:00,15.319999694824219,15.729999542236328,15.260000228881836,15.5600004196167,27500,0.0,0.0
2020-08-20 00:00:00-04:00,15.279999732971191,15.4399995803833,15.279999732971191,15.350000381469727,16900,0.0,0.0
2020-08-21 00:00:00-04:00,15.199999809265137,15.279999732971191,14.84000015258789,15.020000457763672,78100,0.0,0.0
2020-08-24 00:00:00-04:00,15.15999984741211,15.5600004196167,14.930000305175781,15.539999961853027,57000,0.0,0.0
2020-08-25 00:00:00-04:00,15.739999771118164,15.869999885559082,15.529999732971191,15.739999771118164,25500,0.0,0.0
2020-08-26 00:00:00-04:00,15.65999984741211,15.739999771118164,15.399999618530273,15.510000228881836,46800,0.0,0.0
2020-08-27 00:00:00-04:00,15.59000015258789,15.970000267028809,15.350000381469727,15.84000015258789,26500,0.0,0.0
2020-08-28 00:00:00-04:00,15.989999771118164,16.190000534057617,15.539999961853027,16.059999465942383,31100,0.0,0.0
2020-08-31 00:00:00-04:00,15.970000267028809,16.1299991607666,15.619999885559082,15.899999618530273,78000,0.0,0.0
2020-09-01 00:00:00-04:00,15.800000190734863,16.239999771118164,15.770000457763672,16.110000610351562,38700,0.0,0.0
2020-09-02 00:00:00-04:00,16.020000457763672,16.43000030517578,16.0,16.270000457763672,40000,0.0,0.0
2020-09-03 00:00:00-04:00,16.3799991607666,16.65999984741211,16.09000015258789,16.309999465942383,41800,0.0,0.0
2020-09-04 00:00:00-04:00,16.65999984741211,16.770000457763672,16.1299991607666,16.549999237060547,26400,0.0,0.0
2020-09-08 00:00:00-04:00,16.200000762939453,16.559999465942383,16.0,16.219999313354492,37800,0.0,0.0
2020-09-09 00:00:00-04:00,16.280000686645508,16.399999618530273,15.979999542236328,16.209999084472656,27000,0.0,0.0
2020-09-10 00:00:00-04:00,16.049999237060547,16.3799991607666,16.049999237060547,16.260000228881836,31300,0.0,0.0
2020-09-11 00:00:00-04:00,16.420000076293945,16.540000915527344,16.190000534057617,16.329999923706055,30300,0.0,0.0
2020-09-14 00:00:00-04:00,16.649999618530273,16.989999771118164,16.239999771118164,16.790000915527344,34200,0.0,0.0
2020-09-15 00:00:00-04:00,16.43000030517578,16.489999771118164,16.149999618530273,16.450000762939453,28900,0.0,0.0
2020-09-16 00:00:00-04:00,16.6299991607666,17.389999389648438,16.3799991607666,16.959999084472656,49800,0.0,0.0
2020-09-17 00:00:00-04:00,16.850000381469727,16.979999542236328,16.190000534057617,16.479999542236328,36800,0.0,0.0
2020-09-18 00:00:00-04:00,16.709999084472656,16.75,16.200000762939453,16.469999313354492,117700,0.0,0.0
2020-09-21 00:00:00-04:00,15.9399995803833,16.1200008392334,14.420000076293945,14.59000015258789,53300,0.0,0.0
2020-09-22 00:00:00-04:00,14.890000343322754,15.010000228881836,14.319999694824219,14.369999885559082,44900,0.0,0.0
2020-09-23 00:00:00-04:00,14.380000114440918,15.119999885559082,14.130000114440918,14.15999984741211,37200,0.0,0.0
2020-09-24 00:00:00-04:00,14.270000457763672,14.270000457763672,13.90999984741211,14.130000114440918,32300,0.0,0.0
2020-09-25 00:00:00-04:00,13.949999809265137,14.640000343322754,13.949999809265137,14.289999961853027,87300,0.0,0.0
2020-09-28 00:00:00-04:00,14.270000457763672,15.170000076293945,14.270000457763672,15.09000015258789,41900,0.0,0.0
2020-09-29 00:00:00-04:00,14.899999618530273,15.319999694824219,14.75,15.270000457763672,31200,0.0,0.0
2020-09-30 00:00:00-04:00,15.210000038146973,15.640000343322754,15.210000038146973,15.5,38500,0.0,0.0
2020-10-01 00:00:00-04:00,15.5,15.609999656677246,15.199999809265137,15.59000015258789,122200,0.0,0.0
2020-10-02 00:00:00-04:00,15.460000038146973,16.100000381469727,15.300000190734863,15.850000381469727,25500,0.0,0.0
2020-10-05 00:00:00-04:00,15.829999923706055,16.399999618530273,15.829999923706055,16.209999084472656,50600,0.0,0.0
2020-10-06 00:00:00-04:00,16.420000076293945,16.489999771118164,15.699999809265137,16.170000076293945,72500,0.0,0.0
2020-10-07 00:00:00-04:00,16.25,16.770000457763672,16.25,16.700000762939453,30600,0.0,0.0
2020-10-08 00:00:00-04:00,16.93000030517578,17.049999237060547,16.40999984741211,16.950000762939453,32500,0.0,0.0
2020-10-09 00:00:00-04:00,17.0,17.0,16.479999542236328,16.530000686645508,49800,0.0,0.0
2020-10-12 00:00:00-04:00,16.360000610351562,16.809999465942383,16.260000228881836,16.649999618530273,35600,0.0,0.0
2020-10-13 00:00:00-04:00,16.530000686645508,16.549999237060547,16.079999923706055,16.09000015258789,17200,0.0,0.0
2020-10-14 00:00:00-04:00,16.030000686645508,16.229999542236328,15.520000457763672,15.550000190734863,20800,0.0,0.0
2020-10-15 00:00:00-04:00,15.550000190734863,15.770000457763672,15.380000114440918,15.710000038146973,35400,0.0,0.0
2020-10-16 00:00:00-04:00,15.59000015258789,16.190000534057617,15.579999923706055,15.920000076293945,16100,0.0,0.0
2020-10-19 00:00:00-04:00,15.8100004196167,16.049999237060547,15.100000381469727,15.75,10100,0.0,0.0
2020-10-20 00:00:00-04:00,15.800000190734863,16.739999771118164,15.800000190734863,16.600000381469727,30700,0.0,0.0
2020-10-21 00:00:00-04:00,16.729999542236328,18.639999389648438,16.5,18.0,50000,0.0,0.0
2020-10-22 00:00:00-04:00,18.280000686645508,19.290000915527344,17.649999618530273,19.209999084472656,67000,0.0,0.0
2020-10-23 00:00:00-04:00,19.209999084472656,19.209999084472656,18.540000915527344,18.729999542236328,28000,0.0,0.0
2020-10-26 00:00:00-04:00,18.729999542236328,19.079999923706055,18.149999618530273,19.0,117100,0.0,0.0
2020-10-27 00:00:00-04:00,18.950000762939453,19.0,18.56999969482422,18.65999984741211,51800,0.0,0.0
2020-10-28 00:00:00-04:00,18.31999969482422,18.479999542236328,18.06999969482422,18.09000015258789,34300,0.0,0.0
2020-10-29 00:00:00-04:00,17.969999313354492,18.65999984741211,17.850000381469727,18.59000015258789,30800,0.0,0.0
2020-10-30 00:00:00-04:00,18.520000457763672,18.90999984741211,18.110000610351562,18.3799991607666,35100,0.0,0.0
2020-11-02 00:00:00-05:00,18.65999984741211,19.049999237060547,18.399999618530273,18.8799991607666,26000,0.0,0.0
2020-11-03 00:00:00-05:00,19.25,19.25,18.579999923706055,18.8700008392334,57500,0.0,0.0
2020-11-04 00:00:00-05:00,18.450000762939453,18.690000534057617,18.200000762939453,18.299999237060547,24800,0.0,0.0
2020-11-05 00:00:00-05:00,18.290000915527344,18.790000915527344,18.110000610351562,18.709999084472656,39100,0.0,0.0
2020-11-06 00:00:00-05:00,18.920000076293945,18.920000076293945,17.75,17.84000015258789,26900,0.0,0.0
2020-11-09 00:00:00-05:00,19.15999984741211,19.700000762939453,18.75,19.020000457763672,115000,0.0,0.0
2020-11-10 00:00:00-05:00,19.239999771118164,20.93000030517578,19.0,20.93000030517578,63200,0.0,0.0
2020-11-11 00:00:00-05:00,20.899999618530273,20.899999618530273,19.09000015258789,19.90999984741211,46300,0.0,0.0
2020-11-12 00:00:00-05:00,19.6299991607666,20.350000381469727,19.06999969482422,19.389999389648438,41600,0.0,0.0
2020-11-13 00:00:00-05:00,19.389999389648438,20.450000762939453,18.940000534057617,20.040000915527344,44700,0.0,0.0
2020-11-16 00:00:00-05:00,20.530000686645508,21.100000381469727,20.399999618530273,21.100000381469727,46400,0.0,0.0
2020-11-17 00:00:00-05:00,20.899999618530273,21.059999465942383,20.440000534057617,20.56999969482422,41900,0.0,0.0
2020-11-18 00:00:00-05:00,20.780000686645508,21.389999389648438,20.780000686645508,21.020000457763672,61200,0.0,0.0
2020-11-19 00:00:00-05:00,20.8799991607666,21.270000457763672,20.8700008392334,21.229999542236328,23400,0.0,0.0
2020-11-20 00:00:00-05:00,20.90999984741211,21.530000686645508,20.829999923706055,21.420000076293945,43300,0.0,0.0
2020-11-23 00:00:00-05:00,21.459999084472656,21.709999084472656,21.100000381469727,21.280000686645508,31800,0.0,0.0
2020-11-24 00:00:00-05:00,21.700000762939453,22.979999542236328,21.1200008392334,22.770000457763672,74200,0.0,0.0
2020-11-25 00:00:00-05:00,22.520000457763672,22.520000457763672,21.260000228881836,21.809999465942383,52900,0.0,0.0
2020-11-27 00:00:00-05:00,21.670000076293945,21.850000381469727,21.209999084472656,21.84000015258789,20600,0.0,0.0
2020-11-30 00:00:00-05:00,21.610000610351562,21.75,20.200000762939453,20.270000457763672,258800,0.0,0.0
2020-12-01 00:00:00-05:00,20.530000686645508,20.75,20.09000015258789,20.350000381469727,56600,0.0,0.0
2020-12-02 00:00:00-05:00,20.350000381469727,20.549999237060547,20.1200008392334,20.260000228881836,37800,0.0,0.0
2020-12-03 00:00:00-05:00,20.200000762939453,21.270000457763672,20.200000762939453,20.6299991607666,41900,0.0,0.0
2020-12-04 00:00:00-05:00,20.899999618530273,21.649999618530273,20.389999389648438,21.549999237060547,20700,0.0,0.0
2020-12-07 00:00:00-05:00,21.3799991607666,21.760000228881836,20.8799991607666,21.459999084472656,31400,0.0,0.0
2020-12-08 00:00:00-05:00,21.389999389648438,21.829999923706055,21.149999618530273,21.600000381469727,44600,0.0,0.0
2020-12-09 00:00:00-05:00,21.84000015258789,22.0,21.440000534057617,21.520000457763672,31800,0.0,0.0
2020-12-10 00:00:00-05:00,21.34000015258789,21.479999542236328,21.18000030517578,21.43000030517578,20700,0.0,0.0
2020-12-11 00:00:00-05:00,21.579999923706055,21.760000228881836,21.15999984741211,21.290000915527344,29500,0.0,0.0
2020-12-14 00:00:00-05:00,21.530000686645508,22.040000915527344,20.65999984741211,20.729999542236328,42300,0.0,0.0
2020-12-15 00:00:00-05:00,20.90999984741211,21.40999984741211,20.15999984741211,21.25,27900,0.0,0.0
2020-12-16 00:00:00-05:00,22.229999542236328,22.229999542236328,20.770000457763672,20.979999542236328,32900,0.0,0.0
2020-12-17 00:00:00-05:00,21.219999313354492,21.549999237060547,20.959999084472656,21.190000534057617,40200,0.0,0.0
2020-12-18 00:00:00-05:00,20.920000076293945,21.450000762939453,20.030000686645508,20.110000610351562,256300,0.0,0.0
2020-12-21 00:00:00-05:00,20.100000381469727,20.93000030517578,19.90999984741211,20.8799991607666,92700,0.0,0.0
2020-12-22 00:00:00-05:00,20.969999313354492,21.139999389648438,20.65999984741211,21.049999237060547,28500,0.0,0.0
2020-12-23 00:00:00-05:00,20.420000076293945,21.399999618530273,20.420000076293945,21.299999237060547,30100,0.0,0.0
2020-12-24 00:00:00-05:00,21.31999969482422,21.489999771118164,20.950000762939453,21.31999969482422,8900,0.0,0.0
2020-12-28 00:00:00-05:00,21.40999984741211,22.200000762939453,21.389999389648438,21.440000534057617,32700,0.0,0.0
2020-12-29 00:00:00-05:00,20.799999237060547,21.309999465942383,20.799999237060547,21.239999771118164,25700,0.0,0.0
2020-12-30 00:00:00-05:00,21.5,21.84000015258789,20.90999984741211,21.25,28200,0.0,0.0
2020-12-31 00:00:00-05:00,21.020000457763672,21.8799991607666,21.020000457763672,21.59000015258789,33500,0.0,0.0
2021-01-04 00:00:00-05:00,21.649999618530273,21.770000457763672,20.950000762939453,21.540000915527344,49300,0.0,0.0
2021-01-05 00:00:00-05:00,21.540000915527344,22.729999542236328,21.09000015258789,21.790000915527344,35800,0.0,0.0
2021-01-06 00:00:00-05:00,22.459999084472656,24.15999984741211,21.81999969482422,23.790000915527344,59000,0.0,0.0
2021-01-07 00:00:00-05:00,23.950000762939453,24.170000076293945,23.43000030517578,23.6200008392334,29900,0.0,0.0
2021-01-08 00:00:00-05:00,23.690000534057617,23.690000534057617,22.809999465942383,23.170000076293945,28400,0.0,0.0
2021-01-11 00:00:00-05:00,22.84000015258789,23.5,22.84000015258789,23.40999984741211,16400,0.0,0.0
2021-01-12 00:00:00-05:00,23.649999618530273,24.229999542236328,23.649999618530273,23.84000015258789,34400,0.0,0.0
2021-01-13 00:00:00-05:00,23.780000686645508,23.780000686645508,23.190000534057617,23.43000030517578,18000,0.0,0.0
2021-01-14 00:00:00-05:00,23.649999618530273,24.030000686645508,23.549999237060547,23.8700008392334,54200,0.0,0.0
2021-01-15 00:00:00-05:00,23.40999984741211,24.010000228881836,23.40999984741211,23.860000610351562,20500,0.0,0.0
2021-01-19 00:00:00-05:00,24.09000015258789,25.020000457763672,23.5,24.649999618530273,113900,0.0,0.0
2021-01-20 00:00:00-05:00,24.579999923706055,24.920000076293945,23.579999923706055,23.940000534057617,35500,0.0,0.0
2021-01-21 00:00:00-05:00,23.940000534057617,24.010000228881836,23.190000534057617,23.479999542236328,32400,0.0,0.0
2021-01-22 00:00:00-05:00,23.110000610351562,23.799999237060547,22.110000610351562,23.530000686645508,40900,0.0,0.0
2021-01-25 00:00:00-05:00,23.0,23.190000534057617,22.399999618530273,23.149999618530273,25500,0.0,0.0
2021-01-26 00:00:00-05:00,23.65999984741211,23.770000457763672,23.229999542236328,23.270000457763672,40100,0.0,0.0
2021-01-27 00:00:00-05:00,22.709999084472656,23.780000686645508,22.549999237060547,22.829999923706055,47100,0.0,0.0
2021-01-28 00:00:00-05:00,23.219999313354492,24.540000915527344,22.6299991607666,23.389999389648438,51000,0.0,0.0
2021-01-29 00:00:00-05:00,23.479999542236328,23.479999542236328,22.030000686645508,22.079999923706055,42300,0.0,0.0
2021-02-01 00:00:00-05:00,22.170000076293945,23.579999923706055,22.170000076293945,22.8700008392334,27600,0.0,0.0
2021-02-02 00:00:00-05:00,23.200000762939453,23.829999923706055,22.989999771118164,23.25,37000,0.0,0.0
2021-02-03 00:00:00-05:00,23.100000381469727,23.84000015258789,23.100000381469727,23.760000228881836,23200,0.0,0.0
2021-02-04 00:00:00-05:00,23.700000762939453,24.329999923706055,23.540000915527344,24.329999923706055,18900,0.0,0.0
2021-02-05 00:00:00-05:00,24.329999923706055,24.809999465942383,23.760000228881836,24.56999969482422,16900,0.0,0.0
2021-02-08 00:00:00-05:00,24.360000610351562,24.579999923706055,24.25,24.420000076293945,22500,0.0,0.0
2021-02-09 00:00:00-05:00,24.229999542236328,24.8799991607666,24.229999542236328,24.75,11800,0.0,0.0
2021-02-10 00:00:00-05:00,24.700000762939453,24.700000762939453,23.989999771118164,24.059999465942383,26800,0.0,0.0
2021-02-11 00:00:00-05:00,24.049999237060547,24.170000076293945,23.760000228881836,23.81999969482422,33000,0.0,0.0
2021-02-12 00:00:00-05:00,23.610000610351562,23.68000030517578,23.229999542236328,23.68000030517578,9700,0.0,0.0
2021-02-16 00:00:00-05:00,24.0,24.34000015258789,24.0,24.1200008392334,23700,0.0,0.0
2021-02-17 00:00:00-05:00,24.0,24.15999984741211,23.719999313354492,23.719999313354492,22400,0.0,0.0
2021-02-18 00:00:00-05:00,23.719999313354492,24.280000686645508,23.1200008392334,23.260000228881836,16600,0.0,0.0
2021-02-19 00:00:00-05:00,23.309999465942383,24.219999313354492,23.309999465942383,24.030000686645508,28500,0.0,0.0
2021-02-22 00:00:00-05:00,24.079999923706055,24.610000610351562,23.989999771118164,24.479999542236328,56500,0.0,0.0
2021-02-23 00:00:00-05:00,24.520000457763672,25.959999084472656,24.350000381469727,25.200000762939453,58400,0.0,0.0
2021-02-24 00:00:00-05:00,25.5,26.579999923706055,25.5,26.579999923706055,28300,0.0,0.0
2021-02-25 00:00:00-05:00,26.600000381469727,26.68000030517578,25.799999237060547,26.389999389648438,60100,0.0,0.0
2021-02-26 00:00:00-05:00,26.239999771118164,26.979999542236328,26.0,26.0,35100,0.0,0.0
2021-03-01 00:00:00-05:00,26.729999542236328,27.0,26.229999542236328,26.600000381469727,31000,0.0,0.0
2021-03-02 00:00:00-05:00,26.600000381469727,26.600000381469727,26.200000762939453,26.5,24900,0.0,0.0
2021-03-03 00:00:00-05:00,26.850000381469727,28.729999542236328,26.760000228881836,28.010000228881836,32900,0.0,0.0
2021-03-04 00:00:00-05:00,28.040000915527344,28.90999984741211,27.09000015258789,27.670000076293945,40200,0.0,0.0
2021-03-05 00:00:00-05:00,28.190000534057617,28.760000228881836,27.90999984741211,28.760000228881836,27300,0.0,0.0
2021-03-08 00:00:00-05:00,28.799999237060547,29.860000610351562,27.450000762939453,29.299999237060547,33600,0.0,0.0
2021-03-09 00:00:00-05:00,29.200000762939453,29.200000762939453,28.479999542236328,28.639999389648438,27300,0.0,0.0
2021-03-10 00:00:00-05:00,28.280000686645508,29.209999084472656,27.280000686645508,28.25,49500,0.0,0.0
2021-03-11 00:00:00-05:00,28.399999618530273,29.100000381469727,28.010000228881836,28.360000610351562,33100,0.0,0.0
2021-03-12 00:00:00-05:00,28.75,29.170000076293945,28.110000610351562,29.100000381469727,19300,0.0,0.0
2021-03-15 00:00:00-04:00,29.020000457763672,29.020000457763672,28.280000686645508,28.739999771118164,26500,0.0,0.0
2021-03-16 00:00:00-04:00,28.700000762939453,28.700000762939453,27.950000762939453,28.350000381469727,23300,0.0,0.0
2021-03-17 00:00:00-04:00,28.780000686645508,28.780000686645508,27.889999389648438,28.31999969482422,32500,0.0,0.0
2021-03-18 00:00:00-04:00,28.489999771118164,29.450000762939453,28.489999771118164,28.8700008392334,46900,0.0,0.0
2021-03-19 00:00:00-04:00,29.0,29.350000381469727,28.309999465942383,29.309999465942383,138600,0.0,0.0
2021-03-22 00:00:00-04:00,29.350000381469727,29.399999618530273,27.3799991607666,28.639999389648438,45100,0.0,0.0
2021-03-23 00:00:00-04:00,28.350000381469727,28.3700008392334,26.559999465942383,27.1200008392334,44300,0.0,0.0
2021-03-24 00:00:00-04:00,27.3799991607666,28.600000381469727,27.139999389648438,27.270000457763672,31500,0.0,0.0
2021-03-25 00:00:00-04:00,27.049999237060547,27.920000076293945,26.84000015258789,27.889999389648438,21400,0.0,0.0
2021-03-26 00:00:00-04:00,27.920000076293945,28.559999465942383,27.690000534057617,28.540000915527344,25700,0.0,0.0
2021-03-29 00:00:00-04:00,28.049999237060547,28.90999984741211,27.770000457763672,28.15999984741211,27200,0.0,0.0
2021-03-30 00:00:00-04:00,28.170000076293945,28.5,27.540000915527344,28.100000381469727,29700,0.0,0.0
2021-03-31 00:00:00-04:00,27.829999923706055,28.43000030517578,27.040000915527344,27.399999618530273,54300,0.0,0.0
2021-04-01 00:00:00-04:00,27.260000228881836,28.0,27.139999389648438,27.520000457763672,20200,0.0,0.0
2021-04-05 00:00:00-04:00,27.559999465942383,27.639999389648438,27.420000076293945,27.600000381469727,8100,0.0,0.0
2021-04-06 00:00:00-04:00,27.420000076293945,28.270000457763672,27.270000457763672,27.760000228881836,45900,0.0,0.0
2021-04-07 00:00:00-04:00,28.09000015258789,28.489999771118164,27.75,28.0,44900,0.0,0.0
2021-04-08 00:00:00-04:00,27.809999465942383,28.670000076293945,27.809999465942383,28.649999618530273,18700,0.0,0.0
2021-04-09 00:00:00-04:00,28.690000534057617,28.8799991607666,28.459999084472656,28.5,30100,0.0,0.0
2021-04-12 00:00:00-04:00,28.649999618530273,28.829999923706055,28.450000762939453,28.530000686645508,8600,0.0,0.0
2021-04-13 00:00:00-04:00,28.219999313354492,28.690000534057617,28.149999618530273,28.450000762939453,20800,0.0,0.0
2021-04-14 00:00:00-04:00,28.719999313354492,28.860000610351562,28.6200008392334,28.709999084472656,16500,0.0,0.0
2021-04-15 00:00:00-04:00,28.5,29.059999465942383,28.420000076293945,29.049999237060547,33100,0.0,0.0
2021-04-16 00:00:00-04:00,29.350000381469727,29.350000381469727,28.770000457763672,29.040000915527344,17000,0.0,0.0
2021-04-19 00:00:00-04:00,28.729999542236328,28.729999542236328,28.299999237060547,28.399999618530273,21100,0.0,0.0
2021-04-20 00:00:00-04:00,28.399999618530273,28.399999618530273,27.75,28.0,43900,0.0,0.0
2021-04-21 00:00:00-04:00,28.110000610351562,29.860000610351562,27.690000534057617,29.75,27900,0.0,0.0
2021-04-22 00:00:00-04:00,29.979999542236328,30.219999313354492,29.6200008392334,29.6299991607666,40900,0.0,0.0
2021-04-23 00:00:00-04:00,29.850000381469727,30.979999542236328,29.850000381469727,30.610000610351562,27100,0.0,0.0
2021-04-26 00:00:00-04:00,30.790000915527344,30.90999984741211,29.8799991607666,30.079999923706055,17300,0.0,0.0
2021-04-27 00:00:00-04:00,30.040000915527344,30.040000915527344,29.030000686645508,29.510000228881836,23600,0.0,0.0
2021-04-28 00:00:00-04:00,29.360000610351562,29.90999984741211,29.360000610351562,29.610000610351562,25500,0.0,0.0
2021-04-29 00:00:00-04:00,29.989999771118164,30.809999465942383,29.34000015258789,29.59000015258789,33500,0.0,0.0
2021-04-30 00:00:00-04:00,29.239999771118164,29.639999389648438,28.989999771118164,29.260000228881836,54200,0.0,0.0
2021-05-03 00:00:00-04:00,29.489999771118164,30.989999771118164,29.489999771118164,30.350000381469727,38400,0.0,0.0
2021-05-04 00:00:00-04:00,30.350000381469727,30.530000686645508,29.940000534057617,30.040000915527344,28400,0.0,0.0
2021-05-05 00:00:00-04:00,30.280000686645508,30.639999389648438,29.540000915527344,30.350000381469727,56000,0.0,0.0
2021-05-06 00:00:00-04:00,30.399999618530273,31.0,30.350000381469727,30.780000686645508,29100,0.0,0.0
2021-05-07 00:00:00-04:00,30.65999984741211,30.90999984741211,30.5,30.729999542236328,17300,0.0,0.0
2021-05-10 00:00:00-04:00,30.899999618530273,30.899999618530273,29.860000610351562,30.100000381469727,43300,0.0,0.0
2021-05-11 00:00:00-04:00,29.579999923706055,29.6299991607666,28.600000381469727,28.8700008392334,21600,0.0,0.0
2021-05-12 00:00:00-04:00,28.93000030517578,30.0,28.93000030517578,29.229999542236328,35700,0.0,0.0
2021-05-13 00:00:00-04:00,29.850000381469727,30.239999771118164,29.239999771118164,30.219999313354492,24600,0.0,0.0
2021-05-14 00:00:00-04:00,30.209999084472656,31.270000457763672,30.170000076293945,30.920000076293945,56100,0.0,0.0
2021-05-17 00:00:00-04:00,30.920000076293945,32.209999084472656,30.899999618530273,32.099998474121094,41900,0.0,0.0
2021-05-18 00:00:00-04:00,32.11000061035156,32.84000015258789,31.690000534057617,31.899999618530273,33500,0.0,0.0
2021-05-19 00:00:00-04:00,31.3700008392334,31.8799991607666,31.0,31.850000381469727,30100,0.0,0.0
2021-05-20 00:00:00-04:00,31.690000534057617,31.799999237060547,31.110000610351562,31.610000610351562,22900,0.0,0.0
2021-05-21 00:00:00-04:00,31.959999084472656,32.0,31.420000076293945,31.889999389648438,26400,0.0,0.0
2021-05-24 00:00:00-04:00,31.860000610351562,31.860000610351562,31.170000076293945,31.540000915527344,35500,0.0,0.0
2021-05-25 00:00:00-04:00,31.260000228881836,31.68000030517578,31.110000610351562,31.5,60800,0.0,0.0
2021-05-26 00:00:00-04:00,31.5,32.459999084472656,31.5,32.349998474121094,32100,0.0,0.0
2021-05-27 00:00:00-04:00,32.68000030517578,32.70000076293945,32.369998931884766,32.41999816894531,49700,0.0,0.0
2021-05-28 00:00:00-04:00,32.5,33.189998626708984,32.18000030517578,32.86000061035156,25800,0.0,0.0
2021-06-01 00:00:00-04:00,33.18000030517578,33.779998779296875,32.77000045776367,33.189998626708984,33600,0.0,0.0
2021-06-02 00:00:00-04:00,33.13999938964844,33.40999984741211,32.880001068115234,33.15999984741211,29900,0.0,0.0
2021-06-03 00:00:00-04:00,32.77000045776367,33.08000183105469,32.66999816894531,33.0099983215332,34700,0.0,0.0
2021-06-04 00:00:00-04:00,32.810001373291016,33.0099983215332,32.380001068115234,32.849998474121094,22000,0.0,0.0
2021-06-07 00:00:00-04:00,32.54999923706055,32.9900016784668,32.369998931884766,32.939998626708984,19300,0.0,0.0
2021-06-08 00:00:00-04:00,32.63999938964844,32.970001220703125,32.119998931884766,32.650001525878906,16500,0.0,0.0
2021-06-09 00:00:00-04:00,32.54999923706055,32.619998931884766,31.5,31.709999084472656,26100,0.0,0.0
2021-06-10 00:00:00-04:00,31.700000762939453,31.709999084472656,31.229999542236328,31.530000686645508,27800,0.0,0.0
2021-06-11 00:00:00-04:00,31.399999618530273,31.850000381469727,31.280000686645508,31.709999084472656,20100,0.0,0.0
2021-06-14 00:00:00-04:00,31.690000534057617,31.770000457763672,31.5,31.68000030517578,33200,0.0,0.0
2021-06-15 00:00:00-04:00,31.5,32.150001525878906,31.5,31.860000610351562,30500,0.0,0.0
2021-06-16 00:00:00-04:00,31.719999313354492,32.220001220703125,31.469999313354492,31.84000015258789,43500,0.0,0.0
2021-06-17 00:00:00-04:00,32.0,32.0,30.809999465942383,31.0,89900,0.0,0.0
2021-06-18 00:00:00-04:00,30.440000534057617,31.25,29.6200008392334,31.049999237060547,132200,0.0,0.0
2021-06-21 00:00:00-04:00,31.139999389648438,31.950000762939453,30.860000610351562,31.420000076293945,52300,0.0,0.0
2021-06-22 00:00:00-04:00,31.489999771118164,31.809999465942383,30.690000534057617,31.5,51500,0.0,0.0
2021-06-23 00:00:00-04:00,31.559999465942383,31.65999984741211,31.110000610351562,31.420000076293945,42100,0.0,0.0
2021-06-24 00:00:00-04:00,31.0,31.8799991607666,31.0,31.690000534057617,31700,0.0,0.0
2021-06-25 00:00:00-04:00,31.770000457763672,32.619998931884766,31.329999923706055,32.25,347700,0.0,0.0
2021-06-28 00:00:00-04:00,32.08000183105469,32.08000183105469,30.56999969482422,31.299999237060547,50400,0.0,0.0
2021-06-29 00:00:00-04:00,31.350000381469727,31.719999313354492,30.690000534057617,31.06999969482422,22900,0.0,0.0
2021-06-30 00:00:00-04:00,30.8799991607666,30.989999771118164,30.170000076293945,30.489999771118164,51300,0.0,0.0
2021-07-01 00:00:00-04:00,30.719999313354492,31.059999465942383,30.6299991607666,30.989999771118164,16300,0.0,0.0
2021-07-02 00:00:00-04:00,31.100000381469727,31.299999237060547,30.670000076293945,30.700000762939453,23500,0.0,0.0
2021-07-06 00:00:00-04:00,30.59000015258789,30.65999984741211,29.469999313354492,29.520000457763672,25200,0.0,0.0
2021-07-07 00:00:00-04:00,29.510000228881836,30.770000457763672,29.010000228881836,29.34000015258789,29800,0.0,0.0
2021-07-08 00:00:00-04:00,29.0,29.34000015258789,28.600000381469727,28.950000762939453,60700,0.0,0.0
2021-07-09 00:00:00-04:00,29.43000030517578,30.15999984741211,29.43000030517578,29.8700008392334,14700,0.0,0.0
2021-07-12 00:00:00-04:00,29.770000457763672,30.170000076293945,29.260000228881836,30.040000915527344,28000,0.0,0.0
2021-07-13 00:00:00-04:00,30.059999465942383,30.139999389648438,29.079999923706055,29.479999542236328,19400,0.0,0.0
2021-07-14 00:00:00-04:00,29.5,29.829999923706055,29.18000030517578,29.559999465942383,15900,0.0,0.0
2021-07-15 00:00:00-04:00,29.31999969482422,30.049999237060547,29.31999969482422,29.950000762939453,27500,0.0,0.0
2021-07-16 00:00:00-04:00,30.229999542236328,30.229999542236328,29.290000915527344,29.329999923706055,14300,0.0,0.0
2021-07-19 00:00:00-04:00,28.559999465942383,29.110000610351562,28.010000228881836,28.299999237060547,27300,0.0,0.0
2021-07-20 00:00:00-04:00,28.639999389648438,31.90999984741211,28.639999389648438,30.520000457763672,71200,0.0,0.0
2021-07-21 00:00:00-04:00,31.1200008392334,31.90999984741211,30.530000686645508,30.829999923706055,28000,0.0,0.0
2021-07-22 00:00:00-04:00,30.729999542236328,30.729999542236328,29.719999313354492,29.979999542236328,22900,0.0,0.0
2021-07-23 00:00:00-04:00,30.31999969482422,30.540000915527344,29.969999313354492,30.1200008392334,17500,0.0,0.0
2021-07-26 00:00:00-04:00,29.959999084472656,30.719999313354492,29.959999084472656,30.440000534057617,15800,0.0,0.0
2021-07-27 00:00:00-04:00,30.18000030517578,30.420000076293945,29.799999237060547,30.260000228881836,15800,0.0,0.0
2021-07-28 00:00:00-04:00,30.030000686645508,30.700000762939453,29.829999923706055,30.510000228881836,18700,0.0,0.0
2021-07-29 00:00:00-04:00,30.350000381469727,30.389999389648438,30.020000457763672,30.110000610351562,12000,0.0,0.0
2021-07-30 00:00:00-04:00,30.139999389648438,30.139999389648438,28.299999237060547,29.459999084472656,39800,0.0,0.0
2021-08-02 00:00:00-04:00,29.989999771118164,30.059999465942383,29.469999313354492,29.639999389648438,75900,0.0,0.0
2021-08-03 00:00:00-04:00,29.549999237060547,30.579999923706055,29.5,30.479999542236328,90200,0.0,0.0
2021-08-04 00:00:00-04:00,30.06999969482422,30.56999969482422,30.06999969482422,30.229999542236328,19900,0.0,0.0
2021-08-05 00:00:00-04:00,30.5,31.040000915527344,30.5,31.030000686645508,22000,0.0,0.0
2021-08-06 00:00:00-04:00,31.5,32.9900016784668,31.440000534057617,32.08000183105469,34900,0.0,0.0
2021-08-09 00:00:00-04:00,32.13999938964844,32.13999938964844,31.25,31.260000228881836,14500,0.0,0.0
2021-08-10 00:00:00-04:00,31.68000030517578,31.979999542236328,31.6200008392334,31.979999542236328,12900,0.0,0.0
2021-08-11 00:00:00-04:00,31.84000015258789,32.36000061035156,31.579999923706055,32.36000061035156,16600,0.0,0.0
2021-08-12 00:00:00-04:00,32.119998931884766,32.459999084472656,31.790000915527344,31.84000015258789,21600,0.0,0.0
2021-08-13 00:00:00-04:00,31.950000762939453,32.040000915527344,31.559999465942383,31.559999465942383,9400,0.0,0.0
2021-08-16 00:00:00-04:00,31.600000381469727,32.52000045776367,31.399999618530273,32.45000076293945,57200,0.0,0.0
2021-08-17 00:00:00-04:00,31.950000762939453,32.439998626708984,31.389999389648438,32.25,27300,0.0,0.0
2021-08-18 00:00:00-04:00,32.2400016784668,32.599998474121094,32.09000015258789,32.45000076293945,47600,0.0,0.0
2021-08-19 00:00:00-04:00,31.989999771118164,32.22999954223633,31.329999923706055,31.459999084472656,18300,0.0,0.0
2021-08-20 00:00:00-04:00,31.309999465942383,31.860000610351562,31.309999465942383,31.739999771118164,18500,0.0,0.0
2021-08-23 00:00:00-04:00,31.950000762939453,31.950000762939453,31.200000762939453,31.56999969482422,20100,0.0,0.0
2021-08-24 00:00:00-04:00,31.489999771118164,31.979999542236328,31.489999771118164,31.59000015258789,17300,0.0,0.0
2021-08-25 00:00:00-04:00,31.670000076293945,32.0,31.43000030517578,31.450000762939453,18900,0.0,0.0
2021-08-26 00:00:00-04:00,31.68000030517578,31.68000030517578,31.0,31.510000228881836,52700,0.0,0.0
2021-08-27 00:00:00-04:00,31.600000381469727,32.209999084472656,31.600000381469727,32.209999084472656,26200,0.0,0.0
2021-08-30 00:00:00-04:00,32.02000045776367,32.02000045776367,31.530000686645508,31.969999313354492,30500,0.0,0.0
2021-08-31 00:00:00-04:00,32.0,32.220001220703125,32.0,32.08000183105469,13700,0.0,0.0
2021-09-01 00:00:00-04:00,31.959999084472656,32.41999816894531,31.899999618530273,32.13999938964844,29200,0.0,0.0
2021-09-02 00:00:00-04:00,32.11000061035156,32.380001068115234,29.06999969482422,32.06999969482422,28300,0.0,0.0
2021-09-03 00:00:00-04:00,31.530000686645508,31.950000762939453,31.399999618530273,31.780000686645508,17300,0.0,0.0
2021-09-07 00:00:00-04:00,31.84000015258789,32.220001220703125,31.530000686645508,31.799999237060547,121400,0.0,0.0
2021-09-08 00:00:00-04:00,31.899999618530273,31.899999618530273,31.479999542236328,31.760000228881836,31100,0.0,0.0
2021-09-09 00:00:00-04:00,31.68000030517578,32.08000183105469,31.5,31.920000076293945,54800,0.0,0.0
2021-09-10 00:00:00-04:00,31.940000534057617,31.940000534057617,31.5,31.739999771118164,37800,0.0,0.0
2021-09-13 00:00:00-04:00,31.850000381469727,31.989999771118164,31.5,31.670000076293945,48500,0.0,0.0
2021-09-14 00:00:00-04:00,31.84000015258789,31.84000015258789,30.649999618530273,30.899999618530273,102900,0.0,0.0
2021-09-15 00:00:00-04:00,31.079999923706055,31.239999771118164,31.0,31.190000534057617,26100,0.0,0.0
2021-09-16 00:00:00-04:00,30.84000015258789,31.09000015258789,30.690000534057617,30.860000610351562,26300,0.0,0.0
2021-09-17 00:00:00-04:00,30.8700008392334,31.170000076293945,30.079999923706055,30.110000610351562,300400,0.0,0.0
2021-09-20 00:00:00-04:00,29.719999313354492,30.479999542236328,29.510000228881836,30.360000610351562,47600,0.0,0.0
2021-09-21 00:00:00-04:00,31.299999237060547,32.31999969482422,30.65999984741211,31.790000915527344,65200,0.0,0.0
2021-09-22 00:00:00-04:00,32.0099983215332,32.060001373291016,31.3700008392334,31.90999984741211,56900,0.0,0.0
2021-09-23 00:00:00-04:00,32.130001068115234,34.13999938964844,32.130001068115234,33.599998474121094,41700,0.0,0.0
2021-09-24 00:00:00-04:00,33.5099983215332,33.900001525878906,33.0,33.66999816894531,27400,0.0,0.0
2021-09-27 00:00:00-04:00,33.720001220703125,35.68000030517578,33.560001373291016,34.970001220703125,57100,0.0,0.0
2021-09-28 00:00:00-04:00,35.119998931884766,35.20000076293945,34.34000015258789,34.36000061035156,31100,0.0,0.0
2021-09-29 00:00:00-04:00,34.27000045776367,34.29999923706055,33.5099983215332,34.22999954223633,32800,0.0,0.0
2021-09-30 00:00:00-04:00,34.369998931884766,34.369998931884766,33.29999923706055,33.380001068115234,40400,0.0,0.0
2021-10-01 00:00:00-04:00,33.58000183105469,34.38999938964844,33.189998626708984,34.09000015258789,28000,0.0,0.0
2021-10-04 00:00:00-04:00,34.209999084472656,34.90999984741211,33.939998626708984,34.16999816894531,26300,0.0,0.0
2021-10-05 00:00:00-04:00,34.38999938964844,34.79999923706055,34.20000076293945,34.709999084472656,16400,0.0,0.0
2021-10-06 00:00:00-04:00,34.349998474121094,34.5,33.77000045776367,34.45000076293945,17500,0.0,0.0
2021-10-07 00:00:00-04:00,34.70000076293945,34.86000061035156,33.84000015258789,34.86000061035156,33400,0.0,0.0
2021-10-08 00:00:00-04:00,34.68000030517578,35.04999923706055,34.41999816894531,34.79999923706055,16900,0.0,0.0
2021-10-11 00:00:00-04:00,34.81999969482422,34.97999954223633,34.06999969482422,34.06999969482422,20600,0.0,0.0
2021-10-12 00:00:00-04:00,34.040000915527344,34.43000030517578,33.68000030517578,34.38999938964844,31300,0.0,0.0
2021-10-13 00:00:00-04:00,34.540000915527344,34.540000915527344,33.65999984741211,33.86000061035156,24100,0.0,0.0
2021-10-14 00:00:00-04:00,34.220001220703125,34.970001220703125,33.869998931884766,34.70000076293945,46300,0.0,0.0
2021-10-15 00:00:00-04:00,35.04999923706055,35.04999923706055,34.47999954223633,34.47999954223633,36000,0.0,0.0
2021-10-18 00:00:00-04:00,34.59000015258789,35.459999084472656,34.5,35.18000030517578,54200,0.0,0.0
2021-10-19 00:00:00-04:00,35.470001220703125,35.470001220703125,34.599998474121094,35.0,43600,0.0,0.0
2021-10-20 00:00:00-04:00,34.849998474121094,34.849998474121094,33.41999816894531,33.81999969482422,54000,0.0,0.0
2021-10-21 00:00:00-04:00,33.45000076293945,33.45000076293945,32.880001068115234,33.11000061035156,48600,0.0,0.0
2021-10-22 00:00:00-04:00,33.27000045776367,35.540000915527344,33.189998626708984,34.290000915527344,71200,0.0,0.0
2021-10-25 00:00:00-04:00,34.279998779296875,34.279998779296875,33.58000183105469,34.040000915527344,31500,0.0,0.0
2021-10-26 00:00:00-04:00,33.93000030517578,33.93000030517578,33.2400016784668,33.45000076293945,29300,0.0,0.0
2021-10-27 00:00:00-04:00,33.20000076293945,33.70000076293945,32.95000076293945,33.09000015258789,22000,0.0,0.0
2021-10-28 00:00:00-04:00,33.09000015258789,33.7400016784668,33.09000015258789,33.5,21300,0.0,0.0
2021-10-29 00:00:00-04:00,33.36000061035156,33.5099983215332,33.31999969482422,33.459999084472656,27200,0.0,0.0
2021-11-01 00:00:00-04:00,33.59000015258789,33.91999816894531,33.310001373291016,33.61000061035156,61800,0.0,0.0
2021-11-02 00:00:00-04:00,33.91999816894531,33.91999816894531,32.68000030517578,32.95000076293945,29000,0.0,0.0
2021-11-03 00:00:00-04:00,32.529998779296875,33.2599983215332,32.529998779296875,33.06999969482422,51800,0.0,0.0
2021-11-04 00:00:00-04:00,33.02000045776367,33.060001373291016,32.25,32.880001068115234,24200,0.0,0.0
2021-11-05 00:00:00-04:00,33.18000030517578,33.84000015258789,32.810001373291016,33.349998474121094,77300,0.0,0.0
2021-11-08 00:00:00-05:00,33.349998474121094,33.9900016784668,33.29999923706055,33.9900016784668,72200,0.0,0.0
2021-11-09 00:00:00-05:00,33.939998626708984,34.0,33.43000030517578,33.880001068115234,68700,0.0,0.0
2021-11-10 00:00:00-05:00,33.939998626708984,34.900001525878906,33.939998626708984,34.709999084472656,60400,0.0,0.0
2021-11-11 00:00:00-05:00,34.91999816894531,35.31999969482422,34.380001068115234,34.970001220703125,50200,0.0,0.0
2021-11-12 00:00:00-05:00,35.08000183105469,35.08000183105469,34.5099983215332,34.95000076293945,41100,0.0,0.0
2021-11-15 00:00:00-05:00,34.959999084472656,35.22999954223633,34.810001373291016,35.150001525878906,85200,0.0,0.0
2021-11-16 00:00:00-05:00,35.33000183105469,35.779998779296875,34.86000061035156,35.66999816894531,45900,0.0,0.0
2021-11-17 00:00:00-05:00,35.56999969482422,36.0,35.25,35.720001220703125,44300,0.0,0.0
2021-11-18 00:00:00-05:00,35.709999084472656,35.709999084472656,35.130001068115234,35.279998779296875,67000,0.0,0.0
2021-11-19 00:00:00-05:00,34.970001220703125,35.22999954223633,34.279998779296875,34.689998626708984,30500,0.0,0.0
2021-11-22 00:00:00-05:00,34.970001220703125,35.599998474121094,34.630001068115234,34.70000076293945,44100,0.0,0.0
2021-11-23 00:00:00-05:00,34.90999984741211,35.22999954223633,34.77000045776367,35.040000915527344,35500,0.0,0.0
2021-11-24 00:00:00-05:00,35.0099983215332,35.0099983215332,34.25,34.61000061035156,29500,0.0,0.0
2021-11-26 00:00:00-05:00,33.599998474121094,33.70000076293945,32.400001525878906,33.11000061035156,33100,0.0,0.0
2021-11-29 00:00:00-05:00,33.40999984741211,33.40999984741211,32.41999816894531,32.459999084472656,35900,0.0,0.0
2021-11-30 00:00:00-05:00,32.150001525878906,32.77000045776367,31.90999984741211,32.52000045776367,46000,0.0,0.0
2021-12-01 00:00:00-05:00,33.119998931884766,34.22999954223633,32.810001373291016,32.86000061035156,49100,0.0,0.0
2021-12-02 00:00:00-05:00,33.20000076293945,34.08000183105469,33.20000076293945,33.81999969482422,26400,0.0,0.0
2021-12-03 00:00:00-05:00,34.0,34.0,32.7599983215332,32.84000015258789,24900,0.0,0.0
2021-12-06 00:00:00-05:00,33.040000915527344,34.08000183105469,33.040000915527344,33.470001220703125,54600,0.0,0.0
2021-12-07 00:00:00-05:00,33.83000183105469,34.119998931884766,32.79999923706055,32.959999084472656,89100,0.0,0.0
2021-12-08 00:00:00-05:00,33.060001373291016,33.2599983215332,32.70000076293945,32.70000076293945,39300,0.0,0.0
2021-12-09 00:00:00-05:00,32.400001525878906,32.41999816894531,31.93000030517578,32.2599983215332,43800,0.0,0.0
2021-12-10 00:00:00-05:00,32.59000015258789,32.75,32.0,32.45000076293945,28900,0.0,0.0
2021-12-13 00:00:00-05:00,32.290000915527344,32.47999954223633,31.75,31.809999465942383,32200,0.0,0.0
2021-12-14 00:00:00-05:00,31.6200008392334,32.349998474121094,31.6200008392334,32.09000015258789,71700,0.0,0.0
2021-12-15 00:00:00-05:00,32.27000045776367,32.4900016784668,32.09000015258789,32.34000015258789,125200,0.0,0.0
2021-12-16 00:00:00-05:00,32.619998931884766,32.9900016784668,32.189998626708984,32.38999938964844,104800,0.0,0.0
2021-12-17 00:00:00-05:00,32.56999969482422,33.04999923706055,31.8700008392334,32.45000076293945,205400,0.0,0.0
2021-12-20 00:00:00-05:00,32.029998779296875,32.310001373291016,31.719999313354492,32.18000030517578,147400,0.0,0.0
2021-12-21 00:00:00-05:00,32.349998474121094,33.209999084472656,32.349998474121094,32.95000076293945,62600,0.0,0.0
2021-12-22 00:00:00-05:00,33.0099983215332,33.40999984741211,32.900001525878906,33.20000076293945,46400,0.0,0.0
2021-12-23 00:00:00-05:00,33.290000915527344,33.720001220703125,33.220001220703125,33.279998779296875,43500,0.0,0.0
2021-12-27 00:00:00-05:00,33.630001068115234,34.06999969482422,33.34000015258789,34.02000045776367,44500,0.0,0.0
2021-12-28 00:00:00-05:00,34.099998474121094,34.689998626708984,34.099998474121094,34.45000076293945,25800,0.0,0.0
2021-12-29 00:00:00-05:00,34.40999984741211,34.4900016784668,33.84000015258789,33.9900016784668,55000,0.0,0.0
2021-12-30 00:00:00-05:00,34.029998779296875,34.9900016784668,33.7400016784668,33.84000015258789,111000,0.0,0.0
2021-12-31 00:00:00-05:00,33.959999084472656,34.11000061035156,33.58000183105469,33.93000030517578,27400,0.0,0.0
2022-01-03 00:00:00-05:00,34.0099983215332,34.849998474121094,33.91999816894531,34.310001373291016,51200,0.0,0.0
2022-01-04 00:00:00-05:00,34.599998474121094,34.97999954223633,34.27000045776367,34.38999938964844,51700,0.0,0.0
2022-01-05 00:00:00-05:00,34.54999923706055,34.83000183105469,34.349998474121094,34.43000030517578,89100,0.0,0.0
2022-01-06 00:00:00-05:00,34.75,34.90999984741211,34.439998626708984,34.900001525878906,54400,0.0,0.0
2022-01-07 00:00:00-05:00,34.869998931884766,34.97999954223633,34.56999969482422,34.709999084472656,34900,0.0,0.0
2022-01-10 00:00:00-05:00,35.09000015258789,35.09000015258789,34.119998931884766,34.41999816894531,25700,0.0,0.0
2022-01-11 00:00:00-05:00,34.56999969482422,34.83000183105469,34.09000015258789,34.689998626708984,73200,0.0,0.0
2022-01-12 00:00:00-05:00,34.83000183105469,34.83000183105469,34.2599983215332,34.29999923706055,47200,0.0,0.0
2022-01-13 00:00:00-05:00,34.459999084472656,34.869998931884766,34.290000915527344,34.52000045776367,29600,0.0,0.0
2022-01-14 00:00:00-05:00,34.220001220703125,34.79999923706055,34.220001220703125,34.79999923706055,23600,0.0,0.0
2022-01-18 00:00:00-05:00,34.650001525878906,34.849998474121094,33.97999954223633,34.11000061035156,62000,0.0,0.0
2022-01-19 00:00:00-05:00,34.29999923706055,34.29999923706055,33.34000015258789,33.7599983215332,38000,0.0,0.0
2022-01-20 00:00:00-05:00,33.959999084472656,34.119998931884766,33.08000183105469,33.18000030517578,33600,0.0,0.0
2022-01-21 00:00:00-05:00,32.880001068115234,33.77000045776367,32.880001068115234,33.220001220703125,40500,0.0,0.0
2022-01-24 00:00:00-05:00,32.779998779296875,34.220001220703125,32.72999954223633,34.15999984741211,55700,0.0,0.0
2022-01-25 00:00:00-05:00,33.869998931884766,34.599998474121094,33.150001525878906,34.310001373291016,44000,0.0,0.0
2022-01-26 00:00:00-05:00,34.41999816894531,34.970001220703125,33.369998931884766,33.970001220703125,40900,0.0,0.0
2022-01-27 00:00:00-05:00,32.79999923706055,34.4900016784668,32.7400016784668,33.09000015258789,50800,0.0,0.0
2022-01-28 00:00:00-05:00,32.810001373291016,32.810001373291016,30.0,31.639999389648438,41000,0.0,0.0
2022-01-31 00:00:00-05:00,31.280000686645508,32.13999938964844,31.0,32.060001373291016,49600,0.0,0.0
2022-02-01 00:00:00-05:00,31.8700008392334,32.470001220703125,31.790000915527344,32.380001068115234,51600,0.0,0.0
2022-02-02 00:00:00-05:00,32.29999923706055,32.29999923706055,31.850000381469727,32.09000015258789,37500,0.0,0.0
2022-02-03 00:00:00-05:00,32.04999923706055,32.689998626708984,31.299999237060547,32.4900016784668,44800,0.0,0.0
2022-02-04 00:00:00-05:00,32.560001373291016,33.060001373291016,32.220001220703125,32.779998779296875,42000,0.0,0.0
2022-02-07 00:00:00-05:00,32.779998779296875,32.779998779296875,32.380001068115234,32.56999969482422,30400,0.0,0.0
2022-02-08 00:00:00-05:00,32.56999969482422,33.09000015258789,32.56999969482422,32.900001525878906,22500,0.0,0.0
2022-02-09 00:00:00-05:00,32.880001068115234,33.15999984741211,31.790000915527344,31.84000015258789,30400,0.0,0.0
2022-02-10 00:00:00-05:00,31.81999969482422,32.04999923706055,31.31999969482422,31.549999237060547,26900,0.0,0.0
2022-02-11 00:00:00-05:00,31.8700008392334,32.15999984741211,31.84000015258789,31.979999542236328,31200,0.0,0.0
2022-02-14 00:00:00-05:00,32.220001220703125,32.52000045776367,31.799999237060547,32.20000076293945,39500,0.0,0.0
2022-02-15 00:00:00-05:00,32.459999084472656,32.599998474121094,32.2599983215332,32.47999954223633,17100,0.0,0.0
2022-02-16 00:00:00-05:00,32.130001068115234,32.560001373291016,32.11000061035156,32.33000183105469,30800,0.0,0.0
2022-02-17 00:00:00-05:00,32.06999969482422,32.529998779296875,31.68000030517578,32.349998474121094,44300,0.0,0.0
2022-02-18 00:00:00-05:00,32.209999084472656,32.779998779296875,32.189998626708984,32.470001220703125,21200,0.0,0.0
2022-02-22 00:00:00-05:00,32.209999084472656,32.56999969482422,31.90999984741211,31.920000076293945,45200,0.0,0.0
2022-02-23 00:00:00-05:00,32.060001373291016,32.36000061035156,31.420000076293945,31.690000534057617,42300,0.0,0.0
2022-02-24 00:00:00-05:00,30.719999313354492,30.8799991607666,29.8799991607666,30.649999618530273,42100,0.0,0.0
2022-02-25 00:00:00-05:00,30.790000915527344,31.780000686645508,30.790000915527344,31.649999618530273,23600,0.0,0.0
2022-02-28 00:00:00-05:00,31.149999618530273,32.119998931884766,30.799999237060547,31.450000762939453,41900,0.0,0.0
2022-03-01 00:00:00-05:00,31.049999237060547,31.049999237060547,29.600000381469727,30.18000030517578,44400,0.0,0.0
2022-03-02 00:00:00-05:00,30.43000030517578,31.299999237060547,29.790000915527344,31.219999313354492,22600,0.0,0.0
2022-03-03 00:00:00-05:00,31.260000228881836,31.389999389648438,30.850000381469727,31.209999084472656,24000,0.0,0.0
2022-03-04 00:00:00-05:00,30.649999618530273,30.940000534057617,30.420000076293945,30.93000030517578,29500,0.0,0.0
2022-03-07 00:00:00-05:00,30.93000030517578,31.010000228881836,30.239999771118164,30.31999969482422,31900,0.0,0.0
2022-03-08 00:00:00-05:00,30.350000381469727,31.190000534057617,30.31999969482422,30.31999969482422,44000,0.0,0.0
2022-03-09 00:00:00-05:00,30.920000076293945,31.420000076293945,30.5,30.90999984741211,36100,0.0,0.0
2022-03-10 00:00:00-05:00,30.530000686645508,31.280000686645508,30.530000686645508,31.190000534057617,22800,0.0,0.0
2022-03-11 00:00:00-05:00,31.209999084472656,31.84000015258789,30.549999237060547,30.899999618530273,59800,0.0,0.0
2022-03-14 00:00:00-04:00,31.3700008392334,32.189998626708984,31.040000915527344,31.969999313354492,47200,0.0,0.0
2022-03-15 00:00:00-04:00,31.780000686645508,32.5099983215332,31.649999618530273,32.16999816894531,49000,0.0,0.0
2022-03-16 00:00:00-04:00,32.31999969482422,32.75,32.08000183105469,32.22999954223633,46300,0.0,0.0
2022-03-17 00:00:00-04:00,32.290000915527344,32.290000915527344,31.399999618530273,31.959999084472656,39600,0.0,0.0
2022-03-18 00:00:00-04:00,31.950000762939453,32.119998931884766,30.979999542236328,31.68000030517578,67500,0.0,0.0
2022-03-21 00:00:00-04:00,31.68000030517578,31.68000030517578,30.889999389648438,31.200000762939453,128100,0.0,0.0
2022-03-22 00:00:00-04:00,31.649999618530273,32.150001525878906,31.34000015258789,31.969999313354492,105700,0.0,0.0
2022-03-23 00:00:00-04:00,31.639999389648438,32.13999938964844,31.219999313354492,31.389999389648438,36800,0.0,0.0
2022-03-24 00:00:00-04:00,31.479999542236328,31.799999237060547,31.200000762939453,31.760000228881836,58300,0.0,0.0
2022-03-25 00:00:00-04:00,32.15999984741211,33.02000045776367,32.13999938964844,32.900001525878906,41600,0.0,0.0
2022-03-28 00:00:00-04:00,32.61000061035156,33.220001220703125,32.22999954223633,32.5,45600,0.0,0.0
2022-03-29 00:00:00-04:00,32.869998931884766,33.08000183105469,32.709999084472656,33.04999923706055,37800,0.0,0.0
2022-03-30 00:00:00-04:00,32.849998474121094,33.290000915527344,32.0,32.220001220703125,38200,0.0,0.0
2022-03-31 00:00:00-04:00,32.130001068115234,32.880001068115234,31.860000610351562,32.310001373291016,44100,0.0,0.0
2022-04-01 00:00:00-04:00,32.220001220703125,32.810001373291016,31.860000610351562,32.08000183105469,50900,0.0,0.0
2022-04-04 00:00:00-04:00,31.479999542236328,31.780000686645508,31.170000076293945,31.649999618530273,38100,0.0,0.0
2022-04-05 00:00:00-04:00,32.040000915527344,32.119998931884766,31.219999313354492,31.489999771118164,39000,0.0,0.0
2022-04-06 00:00:00-04:00,31.579999923706055,31.959999084472656,30.690000534057617,30.780000686645508,50400,0.0,0.0
2022-04-07 00:00:00-04:00,30.84000015258789,30.84000015258789,30.18000030517578,30.31999969482422,33400,0.0,0.0
2022-04-08 00:00:00-04:00,30.040000915527344,30.309999465942383,29.450000762939453,29.8700008392334,181200,0.0,0.0
2022-04-11 00:00:00-04:00,29.799999237060547,30.649999618530273,29.799999237060547,30.34000015258789,74500,0.0,0.0
2022-04-12 00:00:00-04:00,30.34000015258789,30.90999984741211,30.34000015258789,30.610000610351562,78800,0.0,0.0
2022-04-13 00:00:00-04:00,30.450000762939453,30.809999465942383,30.40999984741211,30.670000076293945,48500,0.0,0.0
2022-04-14 00:00:00-04:00,30.75,31.040000915527344,30.520000457763672,30.829999923706055,48800,0.0,0.0
2022-04-18 00:00:00-04:00,30.6200008392334,31.200000762939453,30.6200008392334,30.90999984741211,30400,0.0,0.0
2022-04-19 00:00:00-04:00,31.190000534057617,31.760000228881836,31.190000534057617,31.520000457763672,41400,0.0,0.0
2022-04-20 00:00:00-04:00,32.619998931884766,34.93000030517578,32.619998931884766,34.5,80100,0.0,0.0
2022-04-21 00:00:00-04:00,34.47999954223633,35.04999923706055,33.7400016784668,33.7400016784668,72500,0.0,0.0
2022-04-22 00:00:00-04:00,33.86000061035156,34.56999969482422,33.11000061035156,33.369998931884766,53200,0.0,0.0
2022-04-25 00:00:00-04:00,33.040000915527344,33.369998931884766,32.470001220703125,32.77000045776367,61600,0.0,0.0
2022-04-26 00:00:00-04:00,32.45000076293945,33.02000045776367,31.510000228881836,31.510000228881836,89400,0.0,0.0
2022-04-27 00:00:00-04:00,31.440000534057617,32.0,31.290000915527344,31.420000076293945,42800,0.0,0.0
2022-04-28 00:00:00-04:00,31.75,31.959999084472656,31.18000030517578,31.709999084472656,30300,0.0,0.0
2022-04-29 00:00:00-04:00,31.799999237060547,31.799999237060547,30.440000534057617,30.530000686645508,37200,0.0,0.0
2022-05-02 00:00:00-04:00,30.610000610351562,31.270000457763672,30.600000381469727,31.219999313354492,91700,0.0,0.0
2022-05-03 00:00:00-04:00,31.40999984741211,31.780000686645508,30.969999313354492,31.719999313354492,47500,0.0,0.0
2022-05-04 00:00:00-04:00,31.610000610351562,32.47999954223633,31.610000610351562,32.439998626708984,47800,0.0,0.0
2022-05-05 00:00:00-04:00,32.11000061035156,32.119998931884766,31.469999313354492,31.75,85900,0.0,0.0
2022-05-06 00:00:00-04:00,31.899999618530273,31.899999618530273,31.110000610351562,31.549999237060547,36500,0.0,0.0
2022-05-09 00:00:00-04:00,31.170000076293945,31.959999084472656,31.010000228881836,31.709999084472656,47900,0.0,0.0
2022-05-10 00:00:00-04:00,31.739999771118164,32.11000061035156,31.100000381469727,31.440000534057617,44200,0.0,0.0
2022-05-11 00:00:00-04:00,31.350000381469727,31.979999542236328,31.350000381469727,31.639999389648438,51200,0.0,0.0
2022-05-12 00:00:00-04:00,31.350000381469727,31.489999771118164,30.850000381469727,31.360000610351562,62100,0.0,0.0
2022-05-13 00:00:00-04:00,31.549999237060547,31.739999771118164,30.940000534057617,30.959999084472656,59500,0.0,0.0
2022-05-16 00:00:00-04:00,30.860000610351562,31.110000610351562,30.559999465942383,30.850000381469727,28400,0.0,0.0
2022-05-17 00:00:00-04:00,31.360000610351562,31.6299991607666,31.260000228881836,31.56999969482422,67100,0.0,0.0
2022-05-18 00:00:00-04:00,31.200000762939453,31.43000030517578,30.639999389648438,30.84000015258789,33700,0.0,0.0
2022-05-19 00:00:00-04:00,30.760000228881836,30.889999389648438,30.290000915527344,30.34000015258789,42600,0.0,0.0
2022-05-20 00:00:00-04:00,30.520000457763672,30.520000457763672,29.889999389648438,30.290000915527344,29700,0.0,0.0
2022-05-23 00:00:00-04:00,30.729999542236328,31.549999237060547,30.729999542236328,31.219999313354492,45100,0.0,0.0
2022-05-24 00:00:00-04:00,31.170000076293945,31.829999923706055,31.010000228881836,31.75,52700,0.0,0.0
2022-05-25 00:00:00-04:00,31.809999465942383,32.34000015258789,31.809999465942383,31.950000762939453,79800,0.0,0.0
2022-05-26 00:00:00-04:00,32.34000015258789,32.66999816894531,31.700000762939453,32.27000045776367,35900,0.0,0.0
2022-05-27 00:00:00-04:00,32.849998474121094,32.849998474121094,32.279998779296875,32.34000015258789,25600,0.0,0.0
2022-05-31 00:00:00-04:00,32.029998779296875,32.77000045776367,31.729999542236328,32.5099983215332,41300,0.0,0.0
2022-06-01 00:00:00-04:00,32.38999938964844,32.38999938964844,31.8799991607666,32.040000915527344,29500,0.0,0.0
2022-06-02 00:00:00-04:00,31.969999313354492,32.58000183105469,31.959999084472656,32.58000183105469,20700,0.0,0.0
2022-06-03 00:00:00-04:00,32.43000030517578,32.689998626708984,32.16999816894531,32.310001373291016,30500,0.0,0.0
2022-06-06 00:00:00-04:00,32.540000915527344,33.02000045776367,32.34000015258789,32.619998931884766,32000,0.0,0.0
2022-06-07 00:00:00-04:00,32.34000015258789,32.7400016784668,32.25,32.5099983215332,32100,0.0,0.0
2022-06-08 00:00:00-04:00,32.2599983215332,32.2599983215332,31.709999084472656,31.950000762939453,24100,0.0,0.0
2022-06-09 00:00:00-04:00,31.700000762939453,31.709999084472656,30.579999923706055,31.170000076293945,31700,0.0,0.0
2022-06-10 00:00:00-04:00,30.6200008392334,30.770000457763672,30.229999542236328,30.469999313354492,19400,0.0,0.0
2022-06-13 00:00:00-04:00,30.100000381469727,30.459999084472656,29.780000686645508,29.84000015258789,33800,0.0,0.0
2022-06-14 00:00:00-04:00,30.09000015258789,30.360000610351562,29.780000686645508,30.18000030517578,32600,0.0,0.0
2022-06-15 00:00:00-04:00,30.530000686645508,30.940000534057617,30.3799991607666,30.610000610351562,38000,0.0,0.0
2022-06-16 00:00:00-04:00,30.06999969482422,30.31999969482422,29.84000015258789,30.290000915527344,39300,0.0,0.0
2022-06-17 00:00:00-04:00,30.469999313354492,30.979999542236328,29.40999984741211,30.850000381469727,80000,0.0,0.0
2022-06-21 00:00:00-04:00,31.1299991607666,31.68000030517578,30.860000610351562,31.43000030517578,179800,0.0,0.0
2022-06-22 00:00:00-04:00,30.950000762939453,31.5,30.579999923706055,31.18000030517578,37600,0.0,0.0
2022-06-23 00:00:00-04:00,31.139999389648438,31.139999389648438,30.059999465942383,30.209999084472656,44600,0.0,0.0
2022-06-24 00:00:00-04:00,30.350000381469727,31.100000381469727,29.8700008392334,29.889999389648438,262600,0.0,0.0
2022-06-27 00:00:00-04:00,30.229999542236328,30.5,29.860000610351562,30.049999237060547,42900,0.0,0.0
2022-06-28 00:00:00-04:00,30.100000381469727,30.850000381469727,29.540000915527344,29.68000030517578,39800,0.0,0.0
2022-06-29 00:00:00-04:00,29.65999984741211,30.170000076293945,28.899999618530273,29.200000762939453,56800,0.0,0.0
2022-06-30 00:00:00-04:00,28.860000610351562,29.200000762939453,28.600000381469727,29.15999984741211,56200,0.0,0.0
2022-07-01 00:00:00-04:00,29.030000686645508,29.690000534057617,29.030000686645508,29.5,34700,0.0,0.0
2022-07-05 00:00:00-04:00,29.049999237060547,29.559999465942383,28.639999389648438,29.350000381469727,59400,0.0,0.0
2022-07-06 00:00:00-04:00,29.329999923706055,29.479999542236328,28.780000686645508,29.219999313354492,32900,0.0,0.0
2022-07-07 00:00:00-04:00,29.190000534057617,29.559999465942383,29.06999969482422,29.15999984741211,27200,0.0,0.0
2022-07-08 00:00:00-04:00,28.899999618530273,29.049999237060547,28.719999313354492,29.0,20200,0.0,0.0
2022-07-11 00:00:00-04:00,29.0,29.020000457763672,28.6299991607666,28.889999389648438,20100,0.0,0.0
2022-07-12 00:00:00-04:00,29.059999465942383,29.59000015258789,28.610000610351562,28.860000610351562,71900,0.0,0.0
2022-07-13 00:00:00-04:00,28.65999984741211,28.709999084472656,28.399999618530273,28.600000381469727,22200,0.0,0.0
2022-07-14 00:00:00-04:00,28.270000457763672,29.489999771118164,28.059999465942383,28.389999389648438,38000,0.0,0.0
2022-07-15 00:00:00-04:00,28.799999237060547,29.450000762939453,28.399999618530273,29.299999237060547,42100,0.0,0.0
2022-07-18 00:00:00-04:00,29.68000030517578,29.81999969482422,29.209999084472656,29.479999542236328,17800,0.0,0.0
2022-07-19 00:00:00-04:00,29.81999969482422,30.190000534057617,29.280000686645508,30.059999465942383,29900,0.0,0.0
2022-07-20 00:00:00-04:00,30.979999542236328,30.989999771118164,29.389999389648438,30.670000076293945,35600,0.0,0.0
2022-07-21 00:00:00-04:00,30.75,31.31999969482422,30.700000762939453,31.1200008392334,31200,0.0,0.0
2022-07-22 00:00:00-04:00,30.93000030517578,31.520000457763672,30.520000457763672,30.809999465942383,25000,0.0,0.0
2022-07-25 00:00:00-04:00,31.079999923706055,31.229999542236328,30.979999542236328,31.15999984741211,60400,0.0,0.0
2022-07-26 00:00:00-04:00,30.700000762939453,31.399999618530273,30.700000762939453,31.1200008392334,20500,0.0,0.0
2022-07-27 00:00:00-04:00,29.8799991607666,31.639999389648438,29.8799991607666,31.540000915527344,27400,0.0,0.0
2022-07-28 00:00:00-04:00,31.229999542236328,31.93000030517578,31.229999542236328,31.75,23900,0.0,0.0
2022-07-29 00:00:00-04:00,31.809999465942383,32.09000015258789,31.729999542236328,31.950000762939453,29400,0.0,0.0
2022-08-01 00:00:00-04:00,31.850000381469727,31.850000381469727,31.020000457763672,31.270000457763672,41500,0.0,0.0
2022-08-02 00:00:00-04:00,30.799999237060547,31.479999542236328,30.520000457763672,31.049999237060547,158500,0.0,0.0
2022-08-03 00:00:00-04:00,31.219999313354492,32.22999954223633,31.010000228881836,31.809999465942383,29100,0.0,0.0
2022-08-04 00:00:00-04:00,31.700000762939453,31.860000610351562,31.489999771118164,31.6200008392334,30600,0.0,0.0
2022-08-05 00:00:00-04:00,31.40999984741211,32.0,31.399999618530273,31.670000076293945,35200,0.0,0.0
2022-08-08 00:00:00-04:00,31.59000015258789,32.08000183105469,31.489999771118164,31.780000686645508,32500,0.0,0.0
2022-08-09 00:00:00-04:00,30.350000381469727,31.950000762939453,29.75,31.270000457763672,198700,0.0,0.0
2022-08-10 00:00:00-04:00,31.389999389648438,32.15999984741211,31.3799991607666,32.0,49200,0.0,0.0
2022-08-11 00:00:00-04:00,32.40999984741211,32.84000015258789,32.33000183105469,32.779998779296875,34800,0.0,0.0
2022-08-12 00:00:00-04:00,32.689998626708984,33.5,32.68000030517578,33.38999938964844,64600,0.0,0.0
2022-08-15 00:00:00-04:00,33.11000061035156,33.869998931884766,33.029998779296875,33.790000915527344,31000,0.0,0.0
2022-08-16 00:00:00-04:00,33.61000061035156,34.130001068115234,33.61000061035156,34.029998779296875,57000,0.0,0.0
2022-08-17 00:00:00-04:00,33.900001525878906,33.970001220703125,33.54999923706055,33.83000183105469,33000,0.0,0.0
2022-08-18 00:00:00-04:00,33.56999969482422,33.7599983215332,33.33000183105469,33.58000183105469,27900,0.0,0.0
2022-08-19 00:00:00-04:00,33.34000015258789,33.349998474121094,32.900001525878906,33.11000061035156,21200,0.0,0.0
2022-08-22 00:00:00-04:00,32.79999923706055,32.79999923706055,32.38999938964844,32.7599983215332,27100,0.0,0.0
2022-08-23 00:00:00-04:00,32.90999984741211,33.22999954223633,32.619998931884766,32.619998931884766,36500,0.0,0.0
2022-08-24 00:00:00-04:00,32.369998931884766,32.65999984741211,32.369998931884766,32.599998474121094,30400,0.0,0.0
2022-08-25 00:00:00-04:00,32.63999938964844,33.0,32.63999938964844,32.90999984741211,23600,0.0,0.0
2022-08-26 00:00:00-04:00,32.68000030517578,32.790000915527344,32.20000076293945,32.34000015258789,22100,0.0,0.0
2022-08-29 00:00:00-04:00,32.06999969482422,32.189998626708984,31.59000015258789,31.6200008392334,16400,0.0,0.0
2022-08-30 00:00:00-04:00,31.8799991607666,31.969999313354492,31.3700008392334,31.520000457763672,28000,0.0,0.0
2022-08-31 00:00:00-04:00,31.729999542236328,31.729999542236328,31.18000030517578,31.229999542236328,33500,0.0,0.0
2022-09-01 00:00:00-04:00,31.229999542236328,31.270000457763672,30.690000534057617,31.010000228881836,28200,0.0,0.0
2022-09-02 00:00:00-04:00,31.040000915527344,31.329999923706055,30.56999969482422,30.690000534057617,38300,0.0,0.0
2022-09-06 00:00:00-04:00,30.969999313354492,30.969999313354492,29.670000076293945,29.959999084472656,29400,0.0,0.0
2022-09-07 00:00:00-04:00,29.850000381469727,30.239999771118164,29.5,30.190000534057617,30600,0.0,0.0
2022-09-08 00:00:00-04:00,29.940000534057617,30.350000381469727,29.56999969482422,30.09000015258789,65200,0.0,0.0
2022-09-09 00:00:00-04:00,30.209999084472656,30.299999237060547,29.799999237060547,30.260000228881836,25400,0.0,0.0
2022-09-12 00:00:00-04:00,30.25,30.610000610351562,30.030000686645508,30.610000610351562,29000,0.0,0.0
2022-09-13 00:00:00-04:00,29.829999923706055,30.110000610351562,29.100000381469727,29.200000762939453,41200,0.0,0.0
2022-09-14 00:00:00-04:00,29.299999237060547,29.549999237060547,29.030000686645508,29.530000686645508,36400,0.0,0.0
2022-09-15 00:00:00-04:00,29.440000534057617,29.90999984741211,29.389999389648438,29.600000381469727,25800,0.0,0.0
2022-09-16 00:00:00-04:00,29.299999237060547,29.799999237060547,29.049999237060547,29.739999771118164,109200,0.0,0.0
2022-09-19 00:00:00-04:00,29.540000915527344,30.260000228881836,29.079999923706055,30.139999389648438,21100,0.0,0.0
2022-09-20 00:00:00-04:00,29.829999923706055,30.360000610351562,29.829999923706055,30.170000076293945,24700,0.0,0.0
2022-09-21 00:00:00-04:00,30.469999313354492,31.6299991607666,30.469999313354492,31.299999237060547,40000,0.0,0.0
2022-09-22 00:00:00-04:00,31.260000228881836,31.260000228881836,30.56999969482422,30.8799991607666,30700,0.0,0.0
2022-09-23 00:00:00-04:00,30.1200008392334,30.1299991607666,29.520000457763672,29.969999313354492,27600,0.0,0.0
2022-09-26 00:00:00-04:00,29.989999771118164,30.229999542236328,29.739999771118164,30.110000610351562,31000,0.0,0.0
2022-09-27 00:00:00-04:00,30.260000228881836,30.549999237060547,29.719999313354492,29.93000030517578,26600,0.0,0.0
2022-09-28 00:00:00-04:00,29.81999969482422,30.360000610351562,29.610000610351562,30.09000015258789,27700,0.0,0.0
2022-09-29 00:00:00-04:00,29.90999984741211,30.549999237060547,29.440000534057617,29.719999313354492,27700,0.0,0.0
2022-09-30 00:00:00-04:00,29.920000076293945,30.290000915527344,29.540000915527344,29.6299991607666,33300,0.0,0.0
2022-10-03 00:00:00-04:00,29.68000030517578,30.450000762939453,29.68000030517578,30.229999542236328,35300,0.0,0.0
2022-10-04 00:00:00-04:00,30.399999618530273,31.420000076293945,30.399999618530273,31.270000457763672,34400,0.0,0.0
2022-10-05 00:00:00-04:00,30.920000076293945,31.31999969482422,30.920000076293945,31.110000610351562,22700,0.0,0.0
2022-10-06 00:00:00-04:00,30.979999542236328,31.219999313354492,30.739999771118164,30.790000915527344,25200,0.0,0.0
2022-10-07 00:00:00-04:00,30.729999542236328,30.75,30.229999542236328,30.3700008392334,28000,0.0,0.0
2022-10-10 00:00:00-04:00,30.280000686645508,31.15999984741211,30.280000686645508,30.84000015258789,25500,0.0,0.0
2022-10-11 00:00:00-04:00,30.969999313354492,31.540000915527344,30.530000686645508,30.829999923706055,38200,0.0,0.0
2022-10-12 00:00:00-04:00,30.760000228881836,31.329999923706055,30.610000610351562,31.0,32500,0.0,0.0
2022-10-13 00:00:00-04:00,30.860000610351562,32.900001525878906,30.799999237060547,32.7400016784668,65400,0.0,0.0
2022-10-14 00:00:00-04:00,33.02000045776367,33.369998931884766,32.5099983215332,32.56999969482422,43200,0.0,0.0
2022-10-17 00:00:00-04:00,33.0,33.5,32.68000030517578,33.369998931884766,40800,0.0,0.0
2022-10-18 00:00:00-04:00,34.0,34.0,33.2400016784668,33.36000061035156,36000,0.0,0.0
2022-10-19 00:00:00-04:00,34.0,34.720001220703125,33.25,34.70000076293945,72900,0.0,0.0
2022-10-20 00:00:00-04:00,34.720001220703125,34.869998931884766,33.02000045776367,33.369998931884766,57200,0.0,0.0
2022-10-21 00:00:00-04:00,33.68000030517578,34.029998779296875,32.81999969482422,33.66999816894531,109300,0.0,0.0
2022-10-24 00:00:00-04:00,33.790000915527344,34.58000183105469,33.70000076293945,34.349998474121094,41900,0.0,0.0
2022-10-25 00:00:00-04:00,34.34000015258789,34.689998626708984,34.029998779296875,34.5,66000,0.0,0.0
2022-10-26 00:00:00-04:00,34.689998626708984,35.5,34.40999984741211,35.0,67500,0.0,0.0
2022-10-27 00:00:00-04:00,35.13999938964844,35.400001525878906,34.779998779296875,34.86000061035156,42200,0.0,0.0
2022-10-28 00:00:00-04:00,35.04999923706055,35.599998474121094,34.880001068115234,35.45000076293945,92200,0.0,0.0
2022-10-31 00:00:00-04:00,35.2599983215332,35.880001068115234,34.02000045776367,35.720001220703125,54000,0.0,0.0
2022-11-01 00:00:00-04:00,35.95000076293945,36.09000015258789,35.349998474121094,35.70000076293945,59000,0.0,0.0
2022-11-02 00:00:00-04:00,35.47999954223633,36.040000915527344,34.900001525878906,34.900001525878906,58100,0.0,0.0
2022-11-03 00:00:00-04:00,34.779998779296875,35.02000045776367,34.09000015258789,34.849998474121094,19100,0.0,0.0
2022-11-04 00:00:00-04:00,35.02000045776367,35.77000045776367,35.0,35.7599983215332,43200,0.0,0.0
2022-11-07 00:00:00-05:00,35.709999084472656,36.209999084472656,35.709999084472656,36.029998779296875,52800,0.0,0.0
2022-11-08 00:00:00-05:00,36.0,36.349998474121094,35.95000076293945,36.18000030517578,74300,0.0,0.0
2022-11-09 00:00:00-05:00,36.18000030517578,36.56999969482422,36.02000045776367,36.2400016784668,33900,0.0,0.0
2022-11-10 00:00:00-05:00,36.9900016784668,37.88999938964844,36.439998626708984,37.869998931884766,93400,0.0,0.0
2022-11-11 00:00:00-05:00,37.849998474121094,38.040000915527344,34.959999084472656,36.790000915527344,78000,0.0,0.0
2022-11-14 00:00:00-05:00,36.65999984741211,37.29999923706055,36.349998474121094,36.84000015258789,39200,0.0,0.0
2022-11-15 00:00:00-05:00,37.22999954223633,37.310001373291016,36.720001220703125,37.0,42600,0.0,0.0
2022-11-16 00:00:00-05:00,37.130001068115234,37.15999984741211,36.56999969482422,36.72999954223633,49200,0.0,0.0
2022-11-17 00:00:00-05:00,36.43000030517578,36.95000076293945,36.40999984741211,36.66999816894531,32800,0.0,0.0
2022-11-18 00:00:00-05:00,37.209999084472656,37.369998931884766,36.5,36.720001220703125,47900,0.0,0.0
2022-11-21 00:00:00-05:00,36.5099983215332,36.779998779296875,36.4900016784668,36.529998779296875,81500,0.0,0.0
2022-11-22 00:00:00-05:00,36.83000183105469,36.83000183105469,36.220001220703125,36.54999923706055,48100,0.0,0.0
2022-11-23 00:00:00-05:00,36.650001525878906,36.66999816894531,36.400001525878906,36.599998474121094,25500,0.0,0.0
2022-11-25 00:00:00-05:00,36.529998779296875,36.7400016784668,36.2400016784668,36.7400016784668,27400,0.0,0.0
2022-11-28 00:00:00-05:00,36.650001525878906,36.650001525878906,35.72999954223633,35.77000045776367,28300,0.0,0.0
2022-11-29 00:00:00-05:00,35.869998931884766,36.20000076293945,35.779998779296875,36.09000015258789,36100,0.0,0.0
2022-11-30 00:00:00-05:00,36.0099983215332,36.709999084472656,35.779998779296875,36.560001373291016,364400,0.0,0.0
2022-12-01 00:00:00-05:00,36.70000076293945,37.0,36.29999923706055,36.900001525878906,53000,0.0,0.0
2022-12-02 00:00:00-05:00,36.70000076293945,37.06999969482422,36.61000061035156,36.88999938964844,39300,0.0,0.0
2022-12-05 00:00:00-05:00,36.630001068115234,36.630001068115234,35.709999084472656,36.08000183105469,72700,0.0,0.0
2022-12-06 00:00:00-05:00,35.849998474121094,36.20000076293945,35.400001525878906,36.18000030517578,88800,0.0,0.0
2022-12-07 00:00:00-05:00,35.900001525878906,36.439998626708984,35.900001525878906,36.0,36700,0.0,0.0
2022-12-08 00:00:00-05:00,36.040000915527344,36.349998474121094,35.560001373291016,36.119998931884766,33600,0.0,0.0
2022-12-09 00:00:00-05:00,35.9900016784668,36.18000030517578,35.91999816894531,35.939998626708984,34600,0.0,0.0
2022-12-12 00:00:00-05:00,36.18000030517578,36.599998474121094,35.70000076293945,36.380001068115234,60900,0.0,0.0
2022-12-13 00:00:00-05:00,36.790000915527344,36.970001220703125,34.790000915527344,35.0099983215332,75000,0.0,0.0
2022-12-14 00:00:00-05:00,34.939998626708984,35.130001068115234,34.349998474121094,34.56999969482422,43700,0.0,0.0
2022-12-15 00:00:00-05:00,34.220001220703125,34.220001220703125,33.349998474121094,33.43000030517578,40200,0.0,0.0
2022-12-16 00:00:00-05:00,32.9900016784668,33.68000030517578,32.709999084472656,33.54999923706055,170500,0.0,0.0
2022-12-19 00:00:00-05:00,33.2400016784668,33.38999938964844,32.43000030517578,33.13999938964844,45600,0.0,0.0
2022-12-20 00:00:00-05:00,33.13999938964844,33.439998626708984,32.9900016784668,33.189998626708984,88200,0.0,0.0
2022-12-21 00:00:00-05:00,33.31999969482422,33.619998931884766,33.06999969482422,33.209999084472656,104500,0.0,0.0
2022-12-22 00:00:00-05:00,33.130001068115234,33.130001068115234,32.5,32.7599983215332,40500,0.0,0.0
2022-12-23 00:00:00-05:00,32.75,33.09000015258789,32.7400016784668,32.849998474121094,32300,0.0,0.0
2022-12-27 00:00:00-05:00,33.130001068115234,33.130001068115234,32.650001525878906,32.68000030517578,35500,0.0,0.0
2022-12-28 00:00:00-05:00,32.630001068115234,32.63999938964844,32.119998931884766,32.13999938964844,34100,0.0,0.0
2022-12-29 00:00:00-05:00,32.11000061035156,32.81999969482422,31.920000076293945,32.72999954223633,61300,0.0,0.0
2022-12-30 00:00:00-05:00,32.560001373291016,32.91999816894531,32.54999923706055,32.66999816894531,27900,0.0,0.0
2023-01-03 00:00:00-05:00,32.72999954223633,33.02000045776367,32.29999923706055,32.5099983215332,47100,0.0,0.0
2023-01-04 00:00:00-05:00,32.84000015258789,32.84000015258789,32.150001525878906,32.2599983215332,43300,0.0,0.0
2023-01-05 00:00:00-05:00,31.950000762939453,31.950000762939453,31.639999389648438,31.739999771118164,27300,0.0,0.0
2023-01-06 00:00:00-05:00,31.93000030517578,32.58000183105469,31.729999542236328,32.560001373291016,32600,0.0,0.0
2023-01-09 00:00:00-05:00,32.56999969482422,32.790000915527344,32.099998474121094,32.310001373291016,60800,0.0,0.0
2023-01-10 00:00:00-05:00,32.2400016784668,32.95000076293945,32.209999084472656,32.7599983215332,33200,0.0,0.0
2023-01-11 00:00:00-05:00,32.619998931884766,32.650001525878906,32.29999923706055,32.439998626708984,36300,0.0,0.0
2023-01-12 00:00:00-05:00,32.61000061035156,33.279998779296875,32.4900016784668,33.18000030517578,28200,0.0,0.0
2023-01-13 00:00:00-05:00,32.97999954223633,33.279998779296875,32.59000015258789,33.119998931884766,25000,0.0,0.0
2023-01-17 00:00:00-05:00,33.189998626708984,33.77000045776367,32.61000061035156,32.68000030517578,31000,0.0,0.0
2023-01-18 00:00:00-05:00,32.65999984741211,32.720001220703125,31.68000030517578,31.75,31300,0.0,0.0
2023-01-19 00:00:00-05:00,31.649999618530273,31.8799991607666,31.420000076293945,31.6299991607666,24500,0.0,0.0
2023-01-20 00:00:00-05:00,31.850000381469727,32.220001220703125,31.639999389648438,32.099998474121094,38200,0.0,0.0
2023-01-23 00:00:00-05:00,32.2400016784668,32.38999938964844,31.959999084472656,32.20000076293945,26700,0.0,0.0
2023-01-24 00:00:00-05:00,32.25,32.25,31.8799991607666,32.08000183105469,21900,0.0,0.0
2023-01-25 00:00:00-05:00,32.11000061035156,32.11000061035156,31.770000457763672,31.950000762939453,24500,0.0,0.0
2023-01-26 00:00:00-05:00,31.690000534057617,32.529998779296875,28.18000030517578,29.8700008392334,100500,0.0,0.0
2023-01-27 00:00:00-05:00,29.959999084472656,30.0,28.510000228881836,28.969999313354492,55700,0.0,0.0
2023-01-30 00:00:00-05:00,28.940000534057617,28.969999313354492,28.6200008392334,28.799999237060547,37200,0.0,0.0
2023-01-31 00:00:00-05:00,28.719999313354492,29.850000381469727,28.25,29.850000381469727,61000,0.0,0.0
2023-02-01 00:00:00-05:00,29.760000228881836,30.450000762939453,29.760000228881836,29.959999084472656,58600,0.0,0.0
2023-02-02 00:00:00-05:00,30.200000762939453,31.059999465942383,29.979999542236328,31.020000457763672,46300,0.0,0.0
2023-02-03 00:00:00-05:00,30.760000228881836,31.530000686645508,30.760000228881836,31.360000610351562,44800,0.0,0.0
2023-02-06 00:00:00-05:00,31.100000381469727,31.389999389648438,30.600000381469727,31.209999084472656,40100,0.0,0.0
2023-02-07 00:00:00-05:00,30.969999313354492,31.540000915527344,30.68000030517578,31.440000534057617,45400,0.0,0.0
2023-02-08 00:00:00-05:00,31.290000915527344,31.530000686645508,30.799999237060547,30.8700008392334,58600,0.0,0.0
2023-02-09 00:00:00-05:00,30.8799991607666,30.8799991607666,28.979999542236328,30.540000915527344,56800,0.0,0.0
2023-02-10 00:00:00-05:00,30.5,30.600000381469727,30.40999984741211,30.469999313354492,38900,0.0,0.0
2023-02-13 00:00:00-05:00,30.6200008392334,30.93000030517578,30.31999969482422,30.8700008392334,51300,0.0,0.0
2023-02-14 00:00:00-05:00,30.670000076293945,31.059999465942383,30.600000381469727,30.799999237060547,39800,0.0,0.0
2023-02-15 00:00:00-05:00,30.700000762939453,31.440000534057617,30.31999969482422,31.40999984741211,41500,0.0,0.0
2023-02-16 00:00:00-05:00,31.06999969482422,31.389999389648438,30.889999389648438,31.219999313354492,49400,0.0,0.0
2023-02-17 00:00:00-05:00,31.309999465942383,32.060001373291016,30.399999618530273,31.729999542236328,53900,0.0,0.0
2023-02-21 00:00:00-05:00,31.450000762939453,31.639999389648438,30.8799991607666,31.030000686645508,79600,0.0,0.0
2023-02-22 00:00:00-05:00,31.0,31.219999313354492,30.34000015258789,30.479999542236328,63900,0.0,0.0
2023-02-23 00:00:00-05:00,30.469999313354492,30.65999984741211,30.229999542236328,30.479999542236328,77300,0.0,0.0
2023-02-24 00:00:00-05:00,30.1200008392334,30.3700008392334,29.920000076293945,30.020000457763672,63400,0.0,0.0
2023-02-27 00:00:00-05:00,30.25,30.299999237060547,29.90999984741211,29.989999771118164,57200,0.0,0.0
2023-02-28 00:00:00-05:00,29.860000610351562,30.25,29.799999237060547,30.059999465942383,101700,0.0,0.0
2023-03-01 00:00:00-05:00,29.969999313354492,30.190000534057617,29.100000381469727,29.440000534057617,61900,0.0,0.0
2023-03-02 00:00:00-05:00,29.25,29.489999771118164,28.809999465942383,28.979999542236328,35400,0.0,0.0
2023-03-03 00:00:00-05:00,29.100000381469727,29.510000228881836,28.690000534057617,29.31999969482422,28900,0.0,0.0
2023-03-06 00:00:00-05:00,29.469999313354492,29.809999465942383,29.25,29.709999084472656,109400,0.0,0.0
2023-03-07 00:00:00-05:00,29.360000610351562,29.649999618530273,29.360000610351562,29.559999465942383,67900,0.0,0.0
2023-03-08 00:00:00-05:00,29.540000915527344,29.93000030517578,29.3700008392334,29.639999389648438,61300,0.0,0.0
2023-03-09 00:00:00-05:00,29.459999084472656,29.479999542236328,27.8700008392334,27.950000762939453,81800,0.0,0.0
2023-03-10 00:00:00-05:00,27.59000015258789,28.219999313354492,27.0,27.799999237060547,114500,0.0,0.0
2023-03-13 00:00:00-04:00,27.360000610351562,27.360000610351562,25.149999618530273,26.149999618530273,135600,0.0,0.0
2023-03-14 00:00:00-04:00,26.969999313354492,29.260000228881836,26.5,26.700000762939453,92400,0.0,0.0
2023-03-15 00:00:00-04:00,26.110000610351562,26.110000610351562,25.200000762939453,25.81999969482422,76600,0.0,0.0
2023-03-16 00:00:00-04:00,25.5,27.040000915527344,25.15999984741211,26.6299991607666,66500,0.0,0.0
2023-03-17 00:00:00-04:00,26.020000457763672,26.139999389648438,24.3700008392334,24.489999771118164,128700,0.0,0.0
2023-03-20 00:00:00-04:00,24.719999313354492,25.260000228881836,24.56999969482422,24.719999313354492,63400,0.0,0.0
2023-03-21 00:00:00-04:00,25.18000030517578,25.950000762939453,24.8700008392334,25.93000030517578,53000,0.0,0.0
2023-03-22 00:00:00-04:00,25.989999771118164,25.989999771118164,24.670000076293945,24.719999313354492,54000,0.0,0.0
2023-03-23 00:00:00-04:00,24.90999984741211,24.90999984741211,23.479999542236328,23.6299991607666,52900,0.0,0.0
2023-03-24 00:00:00-04:00,23.479999542236328,24.549999237060547,23.469999313354492,24.5,57400,0.0,0.0
2023-03-27 00:00:00-04:00,24.93000030517578,25.219999313354492,24.690000534057617,24.950000762939453,58400,0.0,0.0
2023-03-28 00:00:00-04:00,24.8799991607666,24.8799991607666,24.18000030517578,24.399999618530273,32200,0.0,0.0
2023-03-29 00:00:00-04:00,24.5,24.75,24.18000030517578,24.600000381469727,32800,0.0,0.0
2023-03-30 00:00:00-04:00,24.59000015258789,24.59000015258789,23.790000915527344,23.8799991607666,30200,0.0,0.0
2023-03-31 00:00:00-04:00,24.010000228881836,24.559999465942383,23.809999465942383,24.3700008392334,101100,0.0,0.0
2023-04-03 00:00:00-04:00,24.389999389648438,24.889999389648438,24.239999771118164,24.700000762939453,81000,0.0,0.0
2023-04-04 00:00:00-04:00,24.760000228881836,24.760000228881836,24.0,24.229999542236328,48200,0.0,0.0
2023-04-05 00:00:00-04:00,24.1200008392334,24.5,24.040000915527344,24.25,36600,0.0,0.0
2023-04-06 00:00:00-04:00,24.420000076293945,24.700000762939453,24.350000381469727,24.540000915527344,42200,0.0,0.0
2023-04-10 00:00:00-04:00,24.520000457763672,25.030000686645508,24.389999389648438,24.670000076293945,84500,0.0,0.0
2023-04-11 00:00:00-04:00,24.65999984741211,24.899999618530273,24.420000076293945,24.600000381469727,43800,0.0,0.0
2023-04-12 00:00:00-04:00,24.899999618530273,24.899999618530273,24.43000030517578,24.479999542236328,36300,0.0,0.0
2023-04-13 00:00:00-04:00,24.68000030517578,24.899999618530273,24.399999618530273,24.440000534057617,78700,0.0,0.0
2023-04-14 00:00:00-04:00,24.75,24.809999465942383,24.25,24.479999542236328,59800,0.0,0.0
2023-04-17 00:00:00-04:00,24.489999771118164,24.770000457763672,23.530000686645508,24.719999313354492,39800,0.0,0.0
2023-04-18 00:00:00-04:00,24.520000457763672,24.520000457763672,23.469999313354492,24.270000457763672,49800,0.0,0.0
2023-04-19 00:00:00-04:00,24.489999771118164,24.489999771118164,23.559999465942383,23.610000610351562,55700,0.0,0.0
2023-04-20 00:00:00-04:00,23.350000381469727,23.56999969482422,23.1200008392334,23.329999923706055,57800,0.0,0.0
2023-04-21 00:00:00-04:00,23.270000457763672,23.93000030517578,23.200000762939453,23.799999237060547,53000,0.0,0.0
2023-04-24 00:00:00-04:00,23.760000228881836,23.959999084472656,23.270000457763672,23.329999923706055,24900,0.0,0.0
2023-04-25 00:00:00-04:00,23.010000228881836,23.200000762939453,22.8799991607666,22.940000534057617,41500,0.0,0.0
2023-04-26 00:00:00-04:00,22.93000030517578,23.059999465942383,22.549999237060547,23.010000228881836,48900,0.0,0.0
2023-04-27 00:00:00-04:00,23.209999084472656,23.399999618530273,22.799999237060547,23.190000534057617,43400,0.0,0.0
2023-04-28 00:00:00-04:00,23.079999923706055,24.93000030517578,22.770000457763672,23.549999237060547,44800,0.0,0.0
2023-05-01 00:00:00-04:00,23.739999771118164,23.739999771118164,22.6200008392334,23.0,38900,0.0,0.0
2023-05-02 00:00:00-04:00,22.8799991607666,22.8799991607666,21.229999542236328,21.84000015258789,52000,0.0,0.0
2023-05-03 00:00:00-04:00,21.959999084472656,22.540000915527344,21.850000381469727,21.8700008392334,47700,0.0,0.0
2023-05-04 00:00:00-04:00,21.559999465942383,21.850000381469727,20.739999771118164,21.440000534057617,56100,0.0,0.0
2023-05-05 00:00:00-04:00,21.540000915527344,21.81999969482422,21.229999542236328,21.639999389648438,77900,0.0,0.0
2023-05-08 00:00:00-04:00,21.84000015258789,21.84000015258789,20.790000915527344,21.020000457763672,26300,0.0,0.0
2023-05-09 00:00:00-04:00,20.93000030517578,21.420000076293945,20.549999237060547,21.1200008392334,36000,0.0,0.0
2023-05-10 00:00:00-04:00,21.440000534057617,21.540000915527344,20.6200008392334,20.899999618530273,54600,0.0,0.0
2023-05-11 00:00:00-04:00,20.739999771118164,21.350000381469727,20.5,21.15999984741211,39300,0.0,0.0
2023-05-12 00:00:00-04:00,21.350000381469727,21.399999618530273,20.799999237060547,21.149999618530273,43600,0.0,0.0
2023-05-15 00:00:00-04:00,21.34000015258789,21.670000076293945,21.25,21.350000381469727,25300,0.0,0.0
2023-05-16 00:00:00-04:00,21.40999984741211,22.0,20.969999313354492,20.969999313354492,39600,0.0,0.0
2023-05-17 00:00:00-04:00,20.969999313354492,22.600000381469727,20.920000076293945,22.600000381469727,51600,0.0,0.0
2023-05-18 00:00:00-04:00,22.579999923706055,22.739999771118164,22.389999389648438,22.670000076293945,28500,0.0,0.0
2023-05-19 00:00:00-04:00,23.040000915527344,23.06999969482422,22.209999084472656,22.469999313354492,43900,0.0,0.0
2023-05-22 00:00:00-04:00,22.559999465942383,23.190000534057617,22.06999969482422,22.889999389648438,58100,0.0,0.0
2023-05-23 00:00:00-04:00,22.700000762939453,24.0,22.450000762939453,23.549999237060547,36200,0.0,0.0
2023-05-24 00:00:00-04:00,23.549999237060547,24.030000686645508,23.020000457763672,23.170000076293945,32500,0.0,0.0
2023-05-25 00:00:00-04:00,23.079999923706055,23.360000610351562,22.520000457763672,22.65999984741211,25300,0.0,0.0
2023-05-26 00:00:00-04:00,22.75,22.889999389648438,22.600000381469727,22.670000076293945,14600,0.0,0.0
2023-05-30 00:00:00-04:00,22.709999084472656,22.829999923706055,22.40999984741211,22.760000228881836,17900,0.0,0.0
2023-05-31 00:00:00-04:00,22.940000534057617,22.940000534057617,22.079999923706055,22.34000015258789,48700,0.0,0.0
2023-06-01 00:00:00-04:00,22.510000228881836,22.790000915527344,22.09000015258789,22.579999923706055,17900,0.0,0.0
2023-06-02 00:00:00-04:00,22.709999084472656,24.1299991607666,22.3700008392334,23.979999542236328,35600,0.0,0.0
2023-06-05 00:00:00-04:00,23.950000762939453,23.950000762939453,23.110000610351562,23.299999237060547,37800,0.0,0.0
2023-06-06 00:00:00-04:00,23.8700008392334,24.75,23.809999465942383,24.360000610351562,38300,0.0,0.0
2023-06-07 00:00:00-04:00,24.670000076293945,25.65999984741211,24.670000076293945,25.3799991607666,44200,0.0,0.0
2023-06-08 00:00:00-04:00,25.469999313354492,25.469999313354492,24.469999313354492,25.09000015258789,27200,0.0,0.0
2023-06-09 00:00:00-04:00,24.8700008392334,25.479999542236328,24.139999389648438,24.40999984741211,30700,0.0,0.0
2023-06-12 00:00:00-04:00,24.31999969482422,24.31999969482422,23.600000381469727,23.979999542236328,29000,0.0,0.0
2023-06-13 00:00:00-04:00,24.559999465942383,25.239999771118164,24.389999389648438,25.079999923706055,31800,0.0,0.0
2023-06-14 00:00:00-04:00,25.15999984741211,25.479999542236328,24.579999923706055,24.920000076293945,63300,0.0,0.0
2023-06-15 00:00:00-04:00,24.8700008392334,25.600000381469727,24.8700008392334,25.600000381469727,40100,0.0,0.0
2023-06-16 00:00:00-04:00,26.299999237060547,26.299999237060547,25.40999984741211,25.690000534057617,117300,0.0,0.0
2023-06-20 00:00:00-04:00,25.610000610351562,25.770000457763672,24.940000534057617,25.290000915527344,48600,0.0,0.0
2023-06-21 00:00:00-04:00,25.149999618530273,25.5,24.68000030517578,24.780000686645508,22600,0.0,0.0
2023-06-22 00:00:00-04:00,24.5,24.5,23.68000030517578,23.959999084472656,21700,0.0,0.0
2023-06-23 00:00:00-04:00,23.5,24.34000015258789,23.010000228881836,24.34000015258789,155400,0.0,0.0
2023-06-26 00:00:00-04:00,24.239999771118164,24.3799991607666,23.899999618530273,24.010000228881836,35000,0.0,0.0
2023-06-27 00:00:00-04:00,23.469999313354492,24.200000762939453,23.469999313354492,23.68000030517578,35100,0.0,0.0
2023-06-28 00:00:00-04:00,23.420000076293945,23.43000030517578,23.100000381469727,23.1200008392334,33700,0.0,0.0
2023-06-29 00:00:00-04:00,23.239999771118164,23.770000457763672,23.010000228881836,23.1200008392334,31900,0.0,0.0
2023-06-30 00:00:00-04:00,23.25,23.3799991607666,22.670000076293945,22.780000686645508,28000,0.0,0.0
2023-07-03 00:00:00-04:00,22.770000457763672,23.479999542236328,22.770000457763672,23.079999923706055,17200,0.0,0.0
2023-07-05 00:00:00-04:00,22.920000076293945,23.459999084472656,22.75,22.850000381469727,35100,0.0,0.0
2023-07-06 00:00:00-04:00,21.790000915527344,22.229999542236328,21.790000915527344,21.899999618530273,40100,0.0,0.0
2023-07-07 00:00:00-04:00,22.079999923706055,22.850000381469727,22.079999923706055,22.700000762939453,180700,0.0,0.0
2023-07-10 00:00:00-04:00,22.5,23.469999313354492,22.5,23.020000457763672,49000,0.0,0.0
2023-07-11 00:00:00-04:00,23.219999313354492,23.709999084472656,22.90999984741211,23.510000228881836,75800,0.0,0.0
2023-07-12 00:00:00-04:00,24.020000457763672,24.450000762939453,23.700000762939453,23.780000686645508,29200,0.0,0.0
2023-07-13 00:00:00-04:00,24.149999618530273,24.3799991607666,23.81999969482422,23.989999771118164,20600,0.0,0.0
2023-07-14 00:00:00-04:00,24.06999969482422,24.209999084472656,23.3799991607666,23.989999771118164,29500,0.0,0.0
2023-07-17 00:00:00-04:00,23.84000015258789,24.93000030517578,23.790000915527344,24.579999923706055,53400,0.0,0.0
2023-07-18 00:00:00-04:00,24.920000076293945,26.25,24.920000076293945,25.8799991607666,50400,0.0,0.0
2023-07-19 00:00:00-04:00,25.690000534057617,26.700000762939453,25.059999465942383,26.549999237060547,58500,0.0,0.0
2023-07-20 00:00:00-04:00,26.709999084472656,27.149999618530273,26.309999465942383,26.93000030517578,27200,0.0,0.0
2023-07-21 00:00:00-04:00,27.06999969482422,27.06999969482422,26.06999969482422,26.299999237060547,40100,0.0,0.0
2023-07-24 00:00:00-04:00,26.520000457763672,26.65999984741211,26.200000762939453,26.469999313354492,22200,0.0,0.0
2023-07-25 00:00:00-04:00,26.290000915527344,26.93000030517578,26.25,26.530000686645508,23300,0.0,0.0
2023-07-26 00:00:00-04:00,26.760000228881836,27.780000686645508,26.760000228881836,27.6299991607666,23100,0.0,0.0
2023-07-27 00:00:00-04:00,27.479999542236328,27.56999969482422,26.940000534057617,27.209999084472656,19000,0.0,0.0
2023-07-28 00:00:00-04:00,27.530000686645508,27.530000686645508,27.149999618530273,27.420000076293945,16000,0.0,0.0
2023-07-31 00:00:00-04:00,27.350000381469727,27.770000457763672,26.68000030517578,27.15999984741211,27300,0.0,0.0
2023-08-01 00:00:00-04:00,27.049999237060547,27.530000686645508,26.600000381469727,27.3799991607666,19900,0.0,0.0
2023-08-02 00:00:00-04:00,26.989999771118164,27.510000228881836,26.989999771118164,27.25,17400,0.0,0.0
2023-08-03 00:00:00-04:00,27.450000762939453,27.8700008392334,27.290000915527344,27.40999984741211,14500,0.0,0.0
2023-08-04 00:00:00-04:00,27.5,28.190000534057617,27.5,27.68000030517578,18400,0.0,0.0
2023-08-07 00:00:00-04:00,26.81999969482422,27.350000381469727,26.709999084472656,27.010000228881836,37700,0.0,0.0
2023-08-08 00:00:00-04:00,26.510000228881836,26.969999313354492,26.100000381469727,26.940000534057617,49600,0.0,0.0
2023-08-09 00:00:00-04:00,26.719999313354492,27.09000015258789,26.350000381469727,26.760000228881836,28800,0.0,0.0
2023-08-10 00:00:00-04:00,27.09000015258789,27.09000015258789,26.280000686645508,26.520000457763672,22000,0.0,0.0
2023-08-11 00:00:00-04:00,26.34000015258789,26.899999618530273,26.34000015258789,26.799999237060547,18400,0.0,0.0
2023-08-14 00:00:00-04:00,26.450000762939453,26.450000762939453,25.489999771118164,26.280000686645508,13100,0.0,0.0
2023-08-15 00:00:00-04:00,25.81999969482422,26.1299991607666,25.459999084472656,25.639999389648438,16600,0.0,0.0
2023-08-16 00:00:00-04:00,25.209999084472656,25.600000381469727,25.1299991607666,25.360000610351562,15300,0.0,0.0
2023-08-17 00:00:00-04:00,25.350000381469727,25.75,25.350000381469727,25.6200008392334,17800,0.0,0.0
2023-08-18 00:00:00-04:00,25.270000457763672,25.799999237060547,25.270000457763672,25.68000030517578,13600,0.0,0.0
2023-08-21 00:00:00-04:00,25.639999389648438,26.09000015258789,25.260000228881836,25.790000915527344,34000,0.0,0.0
2023-08-22 00:00:00-04:00,25.84000015258789,25.84000015258789,24.3700008392334,24.420000076293945,24400,0.0,0.0
2023-08-23 00:00:00-04:00,24.459999084472656,24.739999771118164,24.350000381469727,24.530000686645508,12900,0.0,0.0
2023-08-24 00:00:00-04:00,24.31999969482422,24.93000030517578,23.899999618530273,24.920000076293945,43600,0.0,0.0
2023-08-25 00:00:00-04:00,24.8799991607666,24.8799991607666,24.469999313354492,24.68000030517578,30500,0.0,0.0
2023-08-28 00:00:00-04:00,25.0,25.440000534057617,25.0,25.200000762939453,11400,0.0,0.0
2023-08-29 00:00:00-04:00,25.610000610351562,25.760000228881836,25.170000076293945,25.469999313354492,12000,0.0,0.0
2023-08-30 00:00:00-04:00,25.31999969482422,25.520000457763672,25.010000228881836,25.010000228881836,20100,0.0,0.0
2023-08-31 00:00:00-04:00,25.010000228881836,25.43000030517578,24.770000457763672,25.020000457763672,33300,0.0,0.0
2023-09-01 00:00:00-04:00,25.049999237060547,26.079999923706055,25.020000457763672,25.93000030517578,37700,0.0,0.0
2023-09-05 00:00:00-04:00,25.65999984741211,26.149999618530273,24.8700008392334,25.309999465942383,25700,0.0,0.0
2023-09-06 00:00:00-04:00,25.010000228881836,25.010000228881836,24.110000610351562,24.260000228881836,20300,0.0,0.0
2023-09-07 00:00:00-04:00,24.209999084472656,24.299999237060547,23.799999237060547,24.100000381469727,76700,0.0,0.0
2023-09-08 00:00:00-04:00,23.780000686645508,24.3799991607666,23.780000686645508,24.290000915527344,19500,0.0,0.0
2023-09-11 00:00:00-04:00,24.399999618530273,24.690000534057617,24.020000457763672,24.18000030517578,17500,0.0,0.0
2023-09-12 00:00:00-04:00,24.110000610351562,24.530000686645508,24.100000381469727,24.209999084472656,10200,0.0,0.0
2023-09-13 00:00:00-04:00,24.200000762939453,24.200000762939453,23.719999313354492,23.829999923706055,16300,0.0,0.0
2023-09-14 00:00:00-04:00,23.989999771118164,24.8700008392334,23.989999771118164,24.75,16800,0.0,0.0
2023-09-15 00:00:00-04:00,24.729999542236328,24.979999542236328,24.040000915527344,24.260000228881836,83900,0.0,0.0
2023-09-18 00:00:00-04:00,24.31999969482422,24.3700008392334,23.90999984741211,24.100000381469727,15400,0.0,0.0
2023-09-19 00:00:00-04:00,24.360000610351562,24.549999237060547,23.3700008392334,23.889999389648438,18600,0.0,0.0
2023-09-20 00:00:00-04:00,23.90999984741211,24.389999389648438,23.649999618530273,23.68000030517578,20900,0.0,0.0
2023-09-21 00:00:00-04:00,23.3700008392334,23.90999984741211,23.06999969482422,23.690000534057617,34300,0.0,0.0
2023-09-22 00:00:00-04:00,23.6299991607666,23.729999542236328,23.299999237060547,23.479999542236328,20000,0.0,0.0
2023-09-25 00:00:00-04:00,23.530000686645508,24.25,23.1299991607666,23.84000015258789,19800,0.0,0.0
2023-09-26 00:00:00-04:00,23.760000228881836,23.899999618530273,23.5,23.6299991607666,20600,0.0,0.0
2023-09-27 00:00:00-04:00,23.600000381469727,24.270000457763672,23.600000381469727,24.100000381469727,40800,0.0,0.0
2023-09-28 00:00:00-04:00,24.100000381469727,24.530000686645508,23.790000915527344,24.030000686645508,15200,0.0,0.0
2023-09-29 00:00:00-04:00,24.5,24.5,23.8700008392334,24.06999969482422,17200,0.0,0.0
2023-10-02 00:00:00-04:00,24.040000915527344,24.040000915527344,23.530000686645508,23.8799991607666,21900,0.0,0.0
2023-10-03 00:00:00-04:00,23.899999618530273,24.0,23.450000762939453,23.809999465942383,21800,0.0,0.0
2023-10-04 00:00:00-04:00,23.81999969482422,24.3799991607666,23.600000381469727,24.06999969482422,25600,0.0,0.0
2023-10-05 00:00:00-04:00,24.18000030517578,24.75,24.18000030517578,24.649999618530273,36400,0.0,0.0
2023-10-06 00:00:00-04:00,24.56999969482422,25.329999923706055,24.309999465942383,24.75,15800,0.0,0.0
2023-10-09 00:00:00-04:00,24.489999771118164,24.920000076293945,24.229999542236328,24.459999084472656,21000,0.0,0.0
2023-10-10 00:00:00-04:00,24.760000228881836,25.18000030517578,24.440000534057617,24.450000762939453,17800,0.0,0.0
2023-10-11 00:00:00-04:00,24.260000228881836,24.8799991607666,24.260000228881836,24.700000762939453,16900,0.0,0.0
2023-10-12 00:00:00-04:00,24.899999618530273,24.899999618530273,24.1299991607666,24.59000015258789,18900,0.0,0.0
2023-10-13 00:00:00-04:00,24.469999313354492,24.610000610351562,23.780000686645508,23.850000381469727,15900,0.0,0.0
2023-10-16 00:00:00-04:00,24.260000228881836,24.520000457763672,23.729999542236328,24.510000228881836,18600,0.0,0.0
2023-10-17 00:00:00-04:00,24.489999771118164,25.600000381469727,24.40999984741211,24.729999542236328,24700,0.0,0.0
2023-10-18 00:00:00-04:00,24.399999618530273,24.770000457763672,23.639999389648438,23.899999618530273,50100,0.0,0.0
2023-10-19 00:00:00-04:00,24.200000762939453,24.200000762939453,23.75,23.93000030517578,82900,0.0,0.0
2023-10-20 00:00:00-04:00,24.0,24.0,23.389999389648438,23.530000686645508,66400,0.0,0.0
2023-10-23 00:00:00-04:00,23.31999969482422,24.100000381469727,23.31999969482422,23.59000015258789,47200,0.0,0.0
2023-10-24 00:00:00-04:00,23.65999984741211,23.920000076293945,23.3799991607666,23.760000228881836,68600,0.0,0.0
2023-10-25 00:00:00-04:00,23.540000915527344,24.0,23.43000030517578,23.809999465942383,43600,0.0,0.0
2023-10-26 00:00:00-04:00,23.979999542236328,24.209999084472656,22.780000686645508,24.139999389648438,76600,0.0,0.0
2023-10-27 00:00:00-04:00,23.950000762939453,24.1200008392334,23.239999771118164,23.719999313354492,70700,0.0,0.0
2023-10-30 00:00:00-04:00,24.079999923706055,24.329999923706055,23.760000228881836,24.0,76100,0.0,0.0
2023-10-31 00:00:00-04:00,23.81999969482422,24.440000534057617,23.81999969482422,24.200000762939453,44700,0.0,0.0
2023-11-01 00:00:00-04:00,24.280000686645508,24.790000915527344,24.280000686645508,24.399999618530273,31400,0.0,0.0
2023-11-02 00:00:00-04:00,24.700000762939453,25.479999542236328,24.700000762939453,25.200000762939453,65500,0.0,0.0
2023-11-03 00:00:00-04:00,25.8700008392334,26.8700008392334,25.8700008392334,26.260000228881836,51500,0.0,0.0
2023-11-06 00:00:00-05:00,26.389999389648438,26.649999618530273,26.110000610351562,26.239999771118164,30200,0.0,0.0
2023-11-07 00:00:00-05:00,26.209999084472656,26.209999084472656,25.649999618530273,25.920000076293945,18800,0.0,0.0
2023-11-08 00:00:00-05:00,25.489999771118164,25.559999465942383,25.31999969482422,25.510000228881836,16200,0.0,0.0
2023-11-09 00:00:00-05:00,25.780000686645508,25.780000686645508,24.760000228881836,25.15999984741211,19900,0.0,0.0
2023-11-10 00:00:00-05:00,25.459999084472656,25.579999923706055,25.350000381469727,25.3700008392334,21700,0.0,0.0
2023-11-13 00:00:00-05:00,25.0,25.6299991607666,25.0,25.450000762939453,14400,0.0,0.0
2023-11-14 00:00:00-05:00,25.75,27.5,25.739999771118164,27.3799991607666,51600,0.0,0.0
2023-11-15 00:00:00-05:00,27.15999984741211,27.799999237060547,27.15999984741211,27.34000015258789,24800,0.0,0.0
2023-11-16 00:00:00-05:00,27.06999969482422,27.25,26.610000610351562,26.889999389648438,14000,0.0,0.0
2023-11-17 00:00:00-05:00,27.309999465942383,27.549999237060547,26.15999984741211,27.479999542236328,30200,0.0,0.0
2023-11-20 00:00:00-05:00,27.149999618530273,27.309999465942383,26.68000030517578,26.950000762939453,19900,0.0,0.0
2023-11-21 00:00:00-05:00,26.989999771118164,26.989999771118164,25.700000762939453,26.079999923706055,58000,0.0,0.0
2023-11-22 00:00:00-05:00,26.450000762939453,26.649999618530273,26.100000381469727,26.229999542236328,16300,0.0,0.0
2023-11-24 00:00:00-05:00,26.1299991607666,26.75,25.8799991607666,26.6200008392334,16500,0.0,0.0
2023-11-27 00:00:00-05:00,26.5,26.780000686645508,25.950000762939453,26.06999969482422,19400,0.0,0.0
2023-11-28 00:00:00-05:00,25.280000686645508,26.059999465942383,25.280000686645508,25.729999542236328,16300,0.0,0.0
2023-11-29 00:00:00-05:00,26.020000457763672,26.799999237060547,26.020000457763672,26.389999389648438,22700,0.0,0.0
2023-11-30 00:00:00-05:00,26.020000457763672,26.020000457763672,24.920000076293945,25.229999542236328,93400,0.0,0.0
2023-12-01 00:00:00-05:00,25.350000381469727,26.959999084472656,25.350000381469727,26.700000762939453,65400,0.0,0.0
2023-12-04 00:00:00-05:00,26.81999969482422,27.540000915527344,26.440000534057617,27.25,28200,0.0,0.0
2023-12-05 00:00:00-05:00,27.270000457763672,27.270000457763672,26.770000457763672,26.889999389648438,19400,0.0,0.0
2023-12-06 00:00:00-05:00,27.280000686645508,29.899999618530273,27.280000686645508,29.700000762939453,139300,0.0,0.0
2023-12-07 00:00:00-05:00,29.860000610351562,31.739999771118164,29.860000610351562,31.690000534057617,90200,0.0,0.0
2023-12-08 00:00:00-05:00,31.610000610351562,32.5,31.600000381469727,32.060001373291016,110100,0.0,0.0
2023-12-11 00:00:00-05:00,32.029998779296875,32.52000045776367,32.0,32.2400016784668,36600,0.0,0.0
2023-12-12 00:00:00-05:00,32.5099983215332,32.97999954223633,32.400001525878906,32.959999084472656,59000,0.0,0.0
2023-12-13 00:00:00-05:00,32.9900016784668,34.209999084472656,32.459999084472656,33.77000045776367,103000,0.0,0.0
2023-12-14 00:00:00-05:00,34.5,34.5,33.40999984741211,33.869998931884766,74600,0.0,0.0
2023-12-15 00:00:00-05:00,34.369998931884766,34.369998931884766,32.7599983215332,32.7599983215332,188600,0.0,0.0
2023-12-18 00:00:00-05:00,32.310001373291016,33.29999923706055,32.310001373291016,33.130001068115234,61200,0.0,0.0
2023-12-19 00:00:00-05:00,33.41999816894531,34.13999938964844,33.41999816894531,33.93000030517578,57700,0.0,0.0
2023-12-20 00:00:00-05:00,33.79999923706055,34.689998626708984,33.560001373291016,33.75,51900,0.0,0.0
2023-12-21 00:00:00-05:00,33.970001220703125,34.189998626708984,33.75,34.16999816894531,40800,0.0,0.0
2023-12-22 00:00:00-05:00,34.630001068115234,34.630001068115234,34.029998779296875,34.16999816894531,50400,0.0,0.0
2023-12-26 00:00:00-05:00,34.209999084472656,34.91999816894531,34.209999084472656,34.689998626708984,39100,0.0,0.0
2023-12-27 00:00:00-05:00,34.459999084472656,34.869998931884766,34.400001525878906,34.540000915527344,27000,0.0,0.0
2023-12-28 00:00:00-05:00,34.5,34.599998474121094,33.970001220703125,34.310001373291016,40700,0.0,0.0
2023-12-29 00:00:00-05:00,34.4900016784668,34.9900016784668,33.88999938964844,33.900001525878906,93800,0.0,0.0
2024-01-02 00:00:00-05:00,33.66999816894531,34.06999969482422,33.54999923706055,33.77000045776367,63100,0.0,0.0
2024-01-03 00:00:00-05:00,33.790000915527344,33.91999816894531,33.130001068115234,33.349998474121094,86300,0.0,0.0
2024-01-04 00:00:00-05:00,33.59000015258789,33.95000076293945,33.56999969482422,33.65999984741211,38300,0.0,0.0
2024-01-05 00:00:00-05:00,33.349998474121094,34.63999938964844,33.349998474121094,34.25,120800,0.0,0.0
2024-01-08 00:00:00-05:00,34.400001525878906,34.75,34.20000076293945,34.560001373291016,76600,0.0,0.0
2024-01-09 00:00:00-05:00,34.5,34.72999954223633,33.900001525878906,34.04999923706055,120300,0.0,0.0
2024-01-10 00:00:00-05:00,33.869998931884766,34.0,33.209999084472656,33.45000076293945,57300,0.0,0.0
2024-01-11 00:00:00-05:00,33.27000045776367,33.75,32.36000061035156,33.06999969482422,44600,0.0,0.0
2024-01-12 00:00:00-05:00,33.209999084472656,33.45000076293945,32.40999984741211,32.7400016784668,40000,0.0,0.0
2024-01-16 00:00:00-05:00,32.7400016784668,32.77000045776367,31.68000030517578,32.0,35800,0.0,0.0
2024-01-17 00:00:00-05:00,31.489999771118164,32.470001220703125,31.100000381469727,32.09000015258789,42400,0.0,0.0
2024-01-18 00:00:00-05:00,32.2400016784668,32.2400016784668,31.920000076293945,32.06999969482422,25900,0.0,0.0
2024-01-19 00:00:00-05:00,32.27000045776367,32.650001525878906,31.829999923706055,32.540000915527344,51000,0.0,0.0
2024-01-22 00:00:00-05:00,32.880001068115234,33.459999084472656,32.880001068115234,33.41999816894531,28700,0.0,0.0
2024-01-23 00:00:00-05:00,33.5,33.5,32.97999954223633,33.310001373291016,66000,0.0,0.0
2024-01-24 00:00:00-05:00,33.5,34.25,33.36000061035156,34.15999984741211,82300,0.0,0.0
2024-01-25 00:00:00-05:00,34.79999923706055,34.79999923706055,32.220001220703125,33.54999923706055,72700,0.0,0.0
2024-01-26 00:00:00-05:00,33.849998474121094,33.849998474121094,33.310001373291016,33.65999984741211,35700,0.0,0.0
2024-01-29 00:00:00-05:00,33.56999969482422,34.7400016784668,33.56999969482422,34.40999984741211,65100,0.0,0.0
2024-01-30 00:00:00-05:00,34.310001373291016,34.75,34.310001373291016,34.65999984741211,41900,0.0,0.0
2024-01-31 00:00:00-05:00,34.22999954223633,34.63999938964844,32.810001373291016,32.849998474121094,84700,0.0,0.0
2024-02-01 00:00:00-05:00,33.349998474121094,33.52000045776367,31.610000610351562,32.400001525878906,62500,0.0,0.0
2024-02-02 00:00:00-05:00,31.8700008392334,32.56999969482422,31.510000228881836,32.119998931884766,49200,0.0,0.0
2024-02-05 00:00:00-05:00,31.760000228881836,32.65999984741211,31.610000610351562,32.290000915527344,50600,0.0,0.0
2024-02-06 00:00:00-05:00,32.22999954223633,32.7599983215332,32.04999923706055,32.220001220703125,48200,0.0,0.0
2024-02-07 00:00:00-05:00,32.119998931884766,32.209999084472656,31.350000381469727,32.15999984741211,103000,0.0,0.0
2024-02-08 00:00:00-05:00,31.959999084472656,32.599998474121094,31.799999237060547,32.5,126500,0.0,0.0
2024-02-09 00:00:00-05:00,32.630001068115234,32.7400016784668,32.20000076293945,32.45000076293945,49100,0.0,0.0
2024-02-12 00:00:00-05:00,32.31999969482422,33.650001525878906,32.31999969482422,33.310001373291016,69500,0.0,0.0
2024-02-13 00:00:00-05:00,32.060001373291016,32.060001373291016,31.299999237060547,31.639999389648438,106000,0.0,0.0
2024-02-14 00:00:00-05:00,32.02000045776367,32.7599983215332,31.829999923706055,32.459999084472656,73100,0.0,0.0
2024-02-15 00:00:00-05:00,32.619998931884766,33.869998931884766,32.0099983215332,33.54999923706055,50900,0.0,0.0
2024-02-16 00:00:00-05:00,33.29999923706055,33.779998779296875,33.0099983215332,33.02000045776367,37900,0.0,0.0
2024-02-20 00:00:00-05:00,32.47999954223633,33.20000076293945,32.47999954223633,32.56999969482422,37700,0.0,0.0
2024-02-21 00:00:00-05:00,32.33000183105469,32.70000076293945,32.33000183105469,32.5099983215332,62200,0.0,0.0
2024-02-22 00:00:00-05:00,32.369998931884766,32.56999969482422,31.90999984741211,32.0,80800,0.0,0.0
2024-02-23 00:00:00-05:00,31.959999084472656,32.380001068115234,31.889999389648438,31.889999389648438,19200,0.0,0.0
2024-02-26 00:00:00-05:00,31.459999084472656,32.560001373291016,31.459999084472656,32.310001373291016,57000,0.0,0.0
2024-02-27 00:00:00-05:00,32.4900016784668,32.79999923706055,31.940000534057617,32.0,32100,0.0,0.0
2024-02-28 00:00:00-05:00,31.729999542236328,32.08000183105469,31.440000534057617,31.440000534057617,42800,0.0,0.0
2024-02-29 00:00:00-05:00,32.02000045776367,32.310001373291016,31.6200008392334,31.829999923706055,24800,0.0,0.0
2024-03-01 00:00:00-05:00,31.559999465942383,31.649999618530273,31.06999969482422,31.31999969482422,30800,0.0,0.0
2024-03-04 00:00:00-05:00,31.34000015258789,32.029998779296875,30.8700008392334,30.90999984741211,25100,0.0,0.0
2024-03-05 00:00:00-05:00,30.670000076293945,31.969999313354492,30.670000076293945,31.59000015258789,31600,0.0,0.0
2024-03-06 00:00:00-05:00,31.709999084472656,32.060001373291016,30.979999542236328,31.6299991607666,41600,0.0,0.0
2024-03-07 00:00:00-05:00,31.809999465942383,32.11000061035156,31.5,31.979999542236328,38300,0.0,0.0
2024-03-08 00:00:00-05:00,32.310001373291016,32.779998779296875,31.93000030517578,31.950000762939453,32600,0.0,0.0
2024-03-11 00:00:00-04:00,31.40999984741211,32.22999954223633,31.350000381469727,32.22999954223633,32300,0.0,0.0
2024-03-12 00:00:00-04:00,32.06999969482422,32.16999816894531,31.610000610351562,31.899999618530273,35300,0.0,0.0
2024-03-13 00:00:00-04:00,31.639999389648438,32.2400016784668,31.639999389648438,31.84000015258789,22500,0.0,0.0
2024-03-14 00:00:00-04:00,31.850000381469727,31.850000381469727,31.1200008392334,31.170000076293945,46200,0.0,0.0
2024-03-15 00:00:00-04:00,31.020000457763672,31.84000015258789,31.020000457763672,31.559999465942383,120400,0.0,0.0
2024-03-18 00:00:00-04:00,31.420000076293945,31.700000762939453,31.030000686645508,31.059999465942383,41100,0.0,0.0
2024-03-19 00:00:00-04:00,30.899999618530273,31.610000610351562,30.899999618530273,31.389999389648438,41600,0.0,0.0
2024-03-20 00:00:00-04:00,31.450000762939453,33.43000030517578,31.399999618530273,33.04999923706055,73000,0.0,0.0
2024-03-21 00:00:00-04:00,33.02000045776367,33.709999084472656,33.0,33.41999816894531,54500,0.0,0.0
2024-03-22 00:00:00-04:00,33.65999984741211,33.7400016784668,32.939998626708984,33.060001373291016,50100,0.0,0.0
2024-03-25 00:00:00-04:00,33.25,33.41999816894531,33.220001220703125,33.25,40500,0.0,0.0
2024-03-26 00:00:00-04:00,33.5,33.5,33.04999923706055,33.06999969482422,46400,0.0,0.0
2024-03-27 00:00:00-04:00,33.189998626708984,34.099998474121094,32.95000076293945,34.08000183105469,78000,0.0,0.0
2024-03-28 00:00:00-04:00,33.939998626708984,34.459999084472656,33.849998474121094,34.369998931884766,67500,0.0,0.0
2024-04-01 00:00:00-04:00,34.400001525878906,34.400001525878906,33.630001068115234,33.63999938964844,31200,0.0,0.0
2024-04-02 00:00:00-04:00,33.189998626708984,33.5099983215332,32.86000061035156,32.880001068115234,53700,0.0,0.0
2024-04-03 00:00:00-04:00,32.79999923706055,33.599998474121094,32.79999923706055,32.959999084472656,80300,0.0,0.0
2024-04-04 00:00:00-04:00,33.279998779296875,33.540000915527344,32.900001525878906,33.0,73000,0.0,0.0
2024-04-05 00:00:00-04:00,33.060001373291016,33.59000015258789,30.440000534057617,33.5099983215332,59700,0.0,0.0
2024-04-08 00:00:00-04:00,33.560001373291016,34.16999816894531,33.560001373291016,34.04999923706055,44600,0.0,0.0
2024-04-09 00:00:00-04:00,34.20000076293945,34.29999923706055,33.959999084472656,34.099998474121094,32000,0.0,0.0
2024-04-10 00:00:00-04:00,33.099998474121094,33.16999816894531,32.45000076293945,32.88999938964844,88000,0.0,0.0
2024-04-11 00:00:00-04:00,33.11000061035156,33.189998626708984,32.59000015258789,32.70000076293945,66300,0.0,0.0
2024-04-12 00:00:00-04:00,32.369998931884766,32.56999969482422,32.15999984741211,32.25,64400,0.0,0.0
2024-04-15 00:00:00-04:00,32.189998626708984,32.52000045776367,31.670000076293945,32.04999923706055,36500,0.0,0.0
2024-04-16 00:00:00-04:00,31.729999542236328,31.959999084472656,31.6299991607666,31.84000015258789,27300,0.0,0.0
2024-04-17 00:00:00-04:00,33.150001525878906,33.43000030517578,31.510000228881836,31.799999237060547,84900,0.0,0.0
2024-04-18 00:00:00-04:00,31.479999542236328,31.510000228881836,31.06999969482422,31.1299991607666,57000,0.0,0.0
2024-04-19 00:00:00-04:00,30.979999542236328,32.439998626708984,30.979999542236328,32.41999816894531,47500,0.0,0.0
2024-04-22 00:00:00-04:00,32.5,32.95000076293945,32.33000183105469,32.90999984741211,64200,0.0,0.0
2024-04-23 00:00:00-04:00,33.0,34.31999969482422,33.0,34.290000915527344,64000,0.0,0.0
2024-04-24 00:00:00-04:00,33.77000045776367,34.08000183105469,33.70000076293945,33.959999084472656,41900,0.0,0.0
2024-04-25 00:00:00-04:00,33.709999084472656,33.88999938964844,33.27000045776367,33.63999938964844,52600,0.0,0.0
2024-04-26 00:00:00-04:00,33.5099983215332,33.75,33.150001525878906,33.310001373291016,30200,0.0,0.0
2024-04-29 00:00:00-04:00,33.310001373291016,33.43000030517578,32.939998626708984,33.2599983215332,26700,0.0,0.0
2024-04-30 00:00:00-04:00,33.040000915527344,33.45000076293945,32.88999938964844,33.310001373291016,40400,0.0,0.0
2024-05-01 00:00:00-04:00,33.540000915527344,34.189998626708984,33.29999923706055,33.4900016784668,43000,0.0,0.0
2024-05-02 00:00:00-04:00,33.709999084472656,34.25,33.59000015258789,34.13999938964844,35200,0.0,0.0
2024-05-03 00:00:00-04:00,34.439998626708984,34.5,34.040000915527344,34.040000915527344,29700,0.0,0.0
2024-05-06 00:00:00-04:00,34.279998779296875,34.5,34.279998779296875,34.310001373291016,27100,0.0,0.0
2024-05-07 00:00:00-04:00,34.5,34.5,34.08000183105469,34.119998931884766,30200,0.0,0.0
2024-05-08 00:00:00-04:00,34.09000015258789,34.33000183105469,33.9900016784668,34.2599983215332,19000,0.0,0.0
2024-05-09 00:00:00-04:00,34.2400016784668,34.5,34.150001525878906,34.47999954223633,28700,0.0,0.0
2024-05-10 00:00:00-04:00,34.349998474121094,34.47999954223633,33.9900016784668,34.380001068115234,37700,0.0,0.0
2024-05-13 00:00:00-04:00,34.5,34.619998931884766,34.15999984741211,34.220001220703125,45100,0.0,0.0
2024-05-14 00:00:00-04:00,34.5,34.5,34.099998474121094,34.130001068115234,23500,0.0,0.0
2024-05-15 00:00:00-04:00,34.33000183105469,34.5,34.13999938964844,34.31999969482422,22800,0.0,0.0
2024-05-16 00:00:00-04:00,34.31999969482422,34.5,34.20000076293945,34.33000183105469,46800,0.0,0.0
2024-05-17 00:00:00-04:00,34.5,34.97999954223633,34.459999084472656,34.939998626708984,58400,0.0,0.0
2024-05-20 00:00:00-04:00,34.9900016784668,34.9900016784668,34.08000183105469,34.08000183105469,32200,0.0,0.0
2024-05-21 00:00:00-04:00,33.93000030517578,34.560001373291016,33.93000030517578,34.33000183105469,18100,0.0,0.0
2024-05-22 00:00:00-04:00,34.25,34.459999084472656,33.95000076293945,34.13999938964844,43200,0.0,0.0
2024-05-23 00:00:00-04:00,34.18000030517578,34.380001068115234,33.209999084472656,33.34000015258789,33400,0.0,0.0
2024-05-24 00:00:00-04:00,33.47999954223633,33.869998931884766,33.40999984741211,33.849998474121094,21500,0.0,0.0
2024-05-28 00:00:00-04:00,34.06999969482422,34.06999969482422,33.380001068115234,33.470001220703125,22500,0.0,0.0
2024-05-29 00:00:00-04:00,32.72999954223633,33.20000076293945,31.75,32.86000061035156,30000,0.0,0.0
2024-05-30 00:00:00-04:00,33.27000045776367,33.540000915527344,33.150001525878906,33.369998931884766,22500,0.0,0.0
2024-05-31 00:00:00-04:00,33.720001220703125,33.90999984741211,33.20000076293945,33.70000076293945,54200,0.0,0.0
2024-06-03 00:00:00-04:00,33.88999938964844,33.88999938964844,33.150001525878906,33.29999923706055,36300,0.0,0.0
2024-06-04 00:00:00-04:00,33.02000045776367,33.33000183105469,32.81999969482422,32.900001525878906,37800,0.0,0.0
2024-06-05 00:00:00-04:00,33.150001525878906,33.529998779296875,33.040000915527344,33.40999984741211,23700,0.0,0.0
2024-06-06 00:00:00-04:00,33.18000030517578,33.4900016784668,33.0099983215332,33.400001525878906,22100,0.0,0.0
2024-06-07 00:00:00-04:00,33.099998474121094,33.54999923706055,33.099998474121094,33.470001220703125,27400,0.0,0.0
2024-06-10 00:00:00-04:00,33.11000061035156,33.380001068115234,32.720001220703125,33.08000183105469,36200,0.0,0.0
2024-06-11 00:00:00-04:00,32.720001220703125,33.2599983215332,32.2400016784668,33.060001373291016,47500,0.0,0.0
2024-06-12 00:00:00-04:00,34.09000015258789,34.58000183105469,33.349998474121094,33.63999938964844,32200,0.0,0.0
2024-06-13 00:00:00-04:00,34.029998779296875,34.029998779296875,33.040000915527344,33.45000076293945,19000,0.0,0.0
2024-06-14 00:00:00-04:00,32.86000061035156,33.16999816894531,32.790000915527344,33.150001525878906,29900,0.0,0.0
2024-06-17 00:00:00-04:00,33.040000915527344,33.40999984741211,32.369998931884766,33.150001525878906,46300,0.0,0.0
2024-06-18 00:00:00-04:00,33.209999084472656,33.81999969482422,32.970001220703125,33.209999084472656,31400,0.0,0.0
2024-06-20 00:00:00-04:00,32.849998474121094,33.54999923706055,32.849998474121094,33.41999816894531,20700,0.0,0.0
2024-06-21 00:00:00-04:00,33.43000030517578,33.630001068115234,33.04999923706055,33.38999938964844,80100,0.0,0.0
2024-06-24 00:00:00-04:00,33.630001068115234,34.25,33.41999816894531,33.650001525878906,74400,0.0,0.0
2024-06-25 00:00:00-04:00,33.4900016784668,34.0099983215332,33.36000061035156,33.40999984741211,17700,0.0,0.0
2024-06-26 00:00:00-04:00,33.060001373291016,33.869998931884766,32.849998474121094,33.58000183105469,27100,0.0,0.0
2024-06-27 00:00:00-04:00,33.880001068115234,34.08000183105469,33.58000183105469,34.060001373291016,38600,0.0,0.0
2024-06-28 00:00:00-04:00,34.25,35.20000076293945,34.2400016784668,35.20000076293945,238800,0.0,0.0
2024-07-01 00:00:00-04:00,35.20000076293945,35.34000015258789,34.5,34.900001525878906,35100,0.0,0.0
2024-07-02 00:00:00-04:00,35.16999816894531,35.34000015258789,35.0,35.16999816894531,35700,0.0,0.0
2024-07-03 00:00:00-04:00,35.20000076293945,35.20000076293945,34.689998626708984,34.77000045776367,17200,0.0,0.0
2024-07-05 00:00:00-04:00,34.599998474121094,34.599998474121094,33.81999969482422,33.88999938964844,23500,0.0,0.0
2024-07-08 00:00:00-04:00,34.29999923706055,34.599998474121094,34.0,34.189998626708984,28800,0.0,0.0
2024-07-09 00:00:00-04:00,34.06999969482422,34.59000015258789,34.06999969482422,34.41999816894531,19400,0.0,0.0
2024-07-10 00:00:00-04:00,34.65999984741211,35.209999084472656,34.630001068115234,35.20000076293945,28700,0.0,0.0
2024-07-11 00:00:00-04:00,35.349998474121094,37.4900016784668,34.88999938964844,36.7599983215332,117900,0.0,0.0
2024-07-12 00:00:00-04:00,36.66999816894531,37.290000915527344,36.0,36.81999969482422,100400,0.0,0.0
2024-07-15 00:00:00-04:00,37.40999984741211,38.59000015258789,37.25,38.439998626708984,71200,0.0,0.0
2024-07-16 00:00:00-04:00,38.63999938964844,40.52000045776367,38.63999938964844,40.400001525878906,123400,0.0,0.0
2024-07-17 00:00:00-04:00,38.72999954223633,41.5,38.209999084472656,40.65999984741211,86900,0.0,0.0
2024-07-18 00:00:00-04:00,40.31999969482422,41.119998931884766,38.959999084472656,39.58000183105469,63900,0.0,0.0
2024-07-19 00:00:00-04:00,39.65999984741211,40.16999816894531,39.45000076293945,39.790000915527344,55200,0.0,0.0
