Date,Open,High,Low,Close,Volume,Dividends,Stock Splits
1981-09-22 00:00:00-04:00,0.01735581085085869,0.01735581085085869,0.01735581085085869,0.01735581085085869,7449469,0.0,0.0
1981-09-23 00:00:00-04:00,0.01735581085085869,0.01735581085085869,0.01735581085085869,0.01735581085085869,7381125,0.0,0.0
1981-09-24 00:00:00-04:00,0.01735581085085869,0.01735581085085869,0.01735581085085869,0.01735581085085869,5091609,0.0,0.0
1981-09-25 00:00:00-04:00,0.01735581085085869,0.01735581085085869,0.01735581085085869,0.01735581085085869,7312781,0.0,0.0
1981-09-28 00:00:00-04:00,0.01735581085085869,0.01735581085085869,0.01735581085085869,0.01735581085085869,5809219,0.0,0.0
1981-09-29 00:00:00-04:00,0.01735581085085869,0.01735581085085869,0.01735581085085869,0.01735581085085869,3963938,0.0,0.0
1981-09-30 00:00:00-04:00,0.01735581085085869,0.01735581085085869,0.01735581085085869,0.01735581085085869,5262469,0.0,0.0
1981-10-01 00:00:00-04:00,0.01735581085085869,0.01735581085085869,0.01735581085085869,0.01735581085085869,4374000,0.0,0.0
1981-10-02 00:00:00-04:00,0.01735581085085869,0.02307087590269742,0.01735581085085869,0.01735581085085869,3485531,0.0,0.0
1981-10-05 00:00:00-04:00,0.01735581085085869,0.02307087590269742,0.01735581085085869,0.01735581085085869,1776938,0.0,0.0
1981-10-06 00:00:00-04:00,0.01735581085085869,0.02307087590269742,0.01735581085085869,0.01735581085085869,2528719,0.0,0.0
1981-10-07 00:00:00-04:00,0.01735581085085869,0.02307087590269742,0.01735581085085869,0.01735581085085869,4203141,0.0,0.0
1981-10-08 00:00:00-04:00,0.01735581085085869,0.02307087590269742,0.01735581085085869,0.01735581085085869,136688,0.0,0.0
1981-10-09 00:00:00-04:00,0.01735581085085869,0.02307087590269742,0.01735581085085869,0.01735581085085869,5638359,0.0,0.0
1981-10-12 00:00:00-04:00,0.01735581085085869,0.02307087590269742,0.01735581085085869,0.01735581085085869,375891,0.0,0.0
1981-10-13 00:00:00-04:00,0.01735581085085869,0.02307087590269742,0.01735581085085869,0.01735581085085869,1161844,0.0,0.0
1981-10-14 00:00:00-04:00,0.01735581085085869,0.02307087590269742,0.01735581085085869,0.01735581085085869,375891,0.0,0.0
1981-10-15 00:00:00-04:00,0.01735581085085869,0.02307087590269742,0.01735581085085869,0.01735581085085869,3109641,0.0,0.0
1981-10-16 00:00:00-04:00,0.01735581085085869,0.02307087590269742,0.01735581085085869,0.01735581085085869,307547,0.0,0.0
1981-10-19 00:00:00-04:00,0.01735581085085869,0.02307087590269742,0.01735581085085869,0.01735581085085869,1230188,0.0,0.0
1981-10-20 00:00:00-04:00,0.023070907220244408,0.023070907220244408,0.023070907220244408,0.023070907220244408,1503563,0.0,0.0
1981-10-21 00:00:00-04:00,0.023070907220244408,0.023070907220244408,0.023070907220244408,0.023070907220244408,7107750,0.0,0.0
1981-10-22 00:00:00-04:00,0.023070907220244408,0.023070907220244408,0.023070907220244408,0.023070907220244408,6390141,0.0,0.0
1981-10-23 00:00:00-04:00,0.023070907220244408,0.02899717477461613,0.023070907220244408,0.023070907220244408,3929766,0.0,0.0
1981-10-26 00:00:00-05:00,0.023070907220244408,0.02899717477461613,0.023070907220244408,0.023070907220244408,4305656,0.0,0.0
1981-10-27 00:00:00-05:00,0.023070907220244408,0.02899717477461613,0.023070907220244408,0.023070907220244408,1264359,0.0,0.0
1981-10-28 00:00:00-05:00,0.023070907220244408,0.02899717477461613,0.023070907220244408,0.023070907220244408,3451359,0.0,0.0
1981-10-29 00:00:00-05:00,0.023070907220244408,0.02899717477461613,0.023070907220244408,0.023070907220244408,615094,0.0,0.0
1981-10-30 00:00:00-05:00,0.023070907220244408,0.02899717477461613,0.023070907220244408,0.023070907220244408,444234,0.0,0.0
1981-11-02 00:00:00-05:00,0.028997154906392097,0.028997154906392097,0.028997154906392097,0.028997154906392097,854297,0.0,0.0
1981-11-03 00:00:00-05:00,0.028997154906392097,0.028997154906392097,0.028997154906392097,0.028997154906392097,1093500,0.0,0.0
1981-11-04 00:00:00-05:00,0.028997154906392097,0.028997154906392097,0.028997154906392097,0.028997154906392097,1127672,0.0,0.0
1981-11-05 00:00:00-05:00,0.028997154906392097,0.028997154906392097,0.028997154906392097,0.028997154906392097,4271484,0.0,0.0
1981-11-06 00:00:00-05:00,0.028997154906392097,0.028997154906392097,0.028997154906392097,0.028997154906392097,136688,0.0,0.0
1981-11-09 00:00:00-05:00,0.02899717477461613,0.02899717477461613,0.023070907220244408,0.023070907220244408,4442344,0.0,0.0
1981-11-10 00:00:00-05:00,0.023070907220244408,0.02899717477461613,0.023070907220244408,0.023070907220244408,2802094,0.0,0.0
1981-11-11 00:00:00-05:00,0.023070907220244408,0.02899717477461613,0.023070907220244408,0.023070907220244408,375891,0.0,0.0
1981-11-12 00:00:00-05:00,0.023070907220244408,0.02899717477461613,0.023070907220244408,0.023070907220244408,683438,0.0,0.0
1981-11-13 00:00:00-05:00,0.023070907220244408,0.02899717477461613,0.023070907220244408,0.023070907220244408,307547,0.0,0.0
1981-11-16 00:00:00-05:00,0.023070907220244408,0.02899717477461613,0.023070907220244408,0.023070907220244408,2870438,0.0,0.0
1981-11-17 00:00:00-05:00,0.028997154906392097,0.028997154906392097,0.028997154906392097,0.028997154906392097,170859,0.0,0.0
1981-11-18 00:00:00-05:00,0.028997154906392097,0.028997154906392097,0.028997154906392097,0.028997154906392097,375891,0.0,0.0
1981-11-19 00:00:00-05:00,0.028997154906392097,0.028997154906392097,0.028997154906392097,0.028997154906392097,170859,0.0,0.0
1981-11-20 00:00:00-05:00,0.028997154906392097,0.028997154906392097,0.028997154906392097,0.028997154906392097,2665406,0.0,0.0
1981-11-23 00:00:00-05:00,0.028997154906392097,0.028997154906392097,0.028997154906392097,0.028997154906392097,922641,0.0,0.0
1981-11-24 00:00:00-05:00,0.028997154906392097,0.028997154906392097,0.028997154906392097,0.028997154906392097,341719,0.0,0.0
1981-11-25 00:00:00-05:00,0.028997154906392097,0.028997154906392097,0.028997154906392097,0.028997154906392097,205031,0.0,0.0
1981-11-27 00:00:00-05:00,0.028997154906392097,0.028997154906392097,0.028997154906392097,0.028997154906392097,170859,0.0,0.0
1981-11-30 00:00:00-05:00,0.028997154906392097,0.028997154906392097,0.028997154906392097,0.028997154906392097,102516,0.0,0.0
1981-12-01 00:00:00-05:00,0.028997154906392097,0.028997154906392097,0.028997154906392097,0.028997154906392097,170859,0.0,0.0
1981-12-02 00:00:00-05:00,0.028997154906392097,0.028997154906392097,0.028997154906392097,0.028997154906392097,375891,0.0,0.0
1981-12-03 00:00:00-05:00,0.028997154906392097,0.028997154906392097,0.028997154906392097,0.028997154906392097,1708594,0.0,0.0
1981-12-04 00:00:00-05:00,0.028997154906392097,0.0347122227225299,0.028997154906392097,0.028997154906392097,4784063,0.0,0.0
1981-12-07 00:00:00-05:00,0.034712228924036026,0.034712228924036026,0.034712228924036026,0.034712228924036026,3963938,0.0,0.0
1981-12-08 00:00:00-05:00,0.034712228924036026,0.034712228924036026,0.034712228924036026,0.034712228924036026,2870438,0.0,0.0
1981-12-09 00:00:00-05:00,0.034712228924036026,0.034712228924036026,0.034712228924036026,0.034712228924036026,1230188,0.0,0.0
1981-12-10 00:00:00-05:00,0.034712228924036026,0.034712228924036026,0.034712228924036026,0.034712228924036026,751781,0.0,0.0
1981-12-11 00:00:00-05:00,0.034712228924036026,0.034712228924036026,0.034712228924036026,0.034712228924036026,273375,0.0,0.0
1981-12-14 00:00:00-05:00,0.0347122227225299,0.0347122227225299,0.028997154906392097,0.028997154906392097,1674422,0.0,0.0
1981-12-15 00:00:00-05:00,0.028997154906392097,0.028997154906392097,0.028997154906392097,0.028997154906392097,2870438,0.0,0.0
1981-12-16 00:00:00-05:00,0.028997154906392097,0.028997154906392097,0.028997154906392097,0.028997154906392097,170859,0.0,0.0
1981-12-17 00:00:00-05:00,0.028997154906392097,0.028997154906392097,0.028997154906392097,0.028997154906392097,1913625,0.0,0.0
1981-12-18 00:00:00-05:00,0.028997154906392097,0.028997154906392097,0.028997154906392097,0.028997154906392097,546750,0.0,0.0
1981-12-21 00:00:00-05:00,0.028997154906392097,0.028997154906392097,0.028997154906392097,0.028997154906392097,854297,0.0,0.0
1981-12-22 00:00:00-05:00,0.028997154906392097,0.028997154906392097,0.028997154906392097,0.028997154906392097,1401047,0.0,0.0
1981-12-23 00:00:00-05:00,0.028997154906392097,0.028997154906392097,0.028997154906392097,0.028997154906392097,1161844,0.0,0.0
1981-12-24 00:00:00-05:00,0.028997154906392097,0.028997154906392097,0.028997154906392097,0.028997154906392097,1776938,0.0,0.0
1981-12-28 00:00:00-05:00,0.028997154906392097,0.028997154906392097,0.028997154906392097,0.028997154906392097,444234,0.0,0.0
1981-12-29 00:00:00-05:00,0.028997154906392097,0.028997154906392097,0.028997154906392097,0.028997154906392097,410063,0.0,0.0
1981-12-30 00:00:00-05:00,0.028997154906392097,0.0347122227225299,0.028997154906392097,0.028997154906392097,444234,0.0,0.0
1981-12-31 00:00:00-05:00,0.028997154906392097,0.0347122227225299,0.028997154906392097,0.028997154906392097,273375,0.0,0.0
1982-01-04 00:00:00-05:00,0.028997154906392097,0.0347122227225299,0.028997154906392097,0.028997154906392097,136688,0.0,0.0
1982-01-05 00:00:00-05:00,0.028997154906392097,0.0347122227225299,0.028997154906392097,0.028997154906392097,410063,0.0,0.0
1982-01-06 00:00:00-05:00,0.028997154906392097,0.0347122227225299,0.028997154906392097,0.028997154906392097,307547,0.0,0.0
1982-01-07 00:00:00-05:00,0.028997154906392097,0.0347122227225299,0.028997154906392097,0.028997154906392097,3075469,0.0,0.0
1982-01-08 00:00:00-05:00,0.034712228924036026,0.034712228924036026,0.034712228924036026,0.034712228924036026,410063,0.0,0.0
1982-01-11 00:00:00-05:00,0.034712228924036026,0.034712228924036026,0.034712228924036026,0.034712228924036026,375891,0.0,0.0
1982-01-12 00:00:00-05:00,0.034712228924036026,0.034712228924036026,0.034712228924036026,0.034712228924036026,307547,0.0,0.0
1982-01-13 00:00:00-05:00,0.034712228924036026,0.034712228924036026,0.034712228924036026,0.034712228924036026,34172,0.0,0.0
1982-01-14 00:00:00-05:00,0.034712228924036026,0.034712228924036026,0.034712228924036026,0.034712228924036026,68344,0.0,0.0
1982-01-15 00:00:00-05:00,0.034712228924036026,0.034712228924036026,0.034712228924036026,0.034712228924036026,273375,0.0,0.0
1982-01-18 00:00:00-05:00,0.034712228924036026,0.034712228924036026,0.034712228924036026,0.034712228924036026,170859,0.0,0.0
1982-01-19 00:00:00-05:00,0.034712228924036026,0.034712228924036026,0.034712228924036026,0.034712228924036026,1161844,0.0,0.0
1982-01-20 00:00:00-05:00,0.03460633009672165,0.03460633009672165,0.03460633009672165,0.03460633009672165,182250,0.0,1.5
1982-01-21 00:00:00-05:00,0.03460633009672165,0.03460633009672165,0.03460633009672165,0.03460633009672165,2528719,0.0,0.0
1982-01-22 00:00:00-05:00,0.03460633009672165,0.03460633009672165,0.03460633009672165,0.03460633009672165,637875,0.0,0.0
1982-01-25 00:00:00-05:00,0.03460633009672165,0.03460633009672165,0.03460633009672165,0.03460633009672165,797344,0.0,0.0
1982-01-26 00:00:00-05:00,0.03460633009672165,0.03460633009672165,0.03460633009672165,0.03460633009672165,455625,0.0,0.0
1982-01-27 00:00:00-05:00,0.03460633009672165,0.03460633009672165,0.03460633009672165,0.03460633009672165,1344094,0.0,0.0
1982-01-28 00:00:00-05:00,0.03460633009672165,0.03460633009672165,0.03460633009672165,0.03460633009672165,432844,0.0,0.0
1982-01-29 00:00:00-05:00,0.03460633009672165,0.03460633009672165,0.03460633009672165,0.03460633009672165,205031,0.0,0.0
1982-02-01 00:00:00-05:00,0.03460633009672165,0.03460633009672165,0.03460633009672165,0.03460633009672165,91125,0.0,0.0
1982-02-02 00:00:00-05:00,0.03460633009672165,0.03460633009672165,0.03460633009672165,0.03460633009672165,820125,0.0,0.0
1982-02-03 00:00:00-05:00,0.03460633009672165,0.03460633009672165,0.03460633009672165,0.03460633009672165,911250,0.0,0.0
1982-02-04 00:00:00-05:00,0.03460633009672165,0.03460633009672165,0.03460633009672165,0.03460633009672165,182250,0.0,0.0
1982-02-05 00:00:00-05:00,0.03460633009672165,0.03460633009672165,0.03460633009672165,0.03460633009672165,1344094,0.0,0.0
1982-02-08 00:00:00-05:00,0.03460633009672165,0.03460633009672165,0.03460633009672165,0.03460633009672165,1093500,0.0,0.0
1982-02-09 00:00:00-05:00,0.03460633009672165,0.03460633009672165,0.03460633009672165,0.03460633009672165,136688,0.0,0.0
1982-02-10 00:00:00-05:00,0.03460633009672165,0.03460633009672165,0.03460633009672165,0.03460633009672165,751781,0.0,0.0
1982-02-11 00:00:00-05:00,0.03460633009672165,0.03460633009672165,0.03460633009672165,0.03460633009672165,387281,0.0,0.0
1982-02-12 00:00:00-05:00,0.03460633009672165,0.03460633009672165,0.03460633009672165,0.03460633009672165,546750,0.0,0.0
1982-02-16 00:00:00-05:00,0.03460633009672165,0.03460633009672165,0.03460633009672165,0.03460633009672165,546750,0.0,0.0
1982-02-17 00:00:00-05:00,0.03460633264810832,0.03460633264810832,0.028891265392303463,0.028891265392303467,273375,0.0,0.0
1982-02-18 00:00:00-05:00,0.028891265392303463,0.03460633264810832,0.028891265392303463,0.028891265392303467,22781,0.0,0.0
1982-02-19 00:00:00-05:00,0.03460633009672165,0.03460633009672165,0.03460633009672165,0.03460633009672165,1458000,0.0,0.0
1982-02-22 00:00:00-05:00,0.03460633009672165,0.03460633009672165,0.03460633009672165,0.03460633009672165,455625,0.0,0.0
1982-02-23 00:00:00-05:00,0.03460633264810832,0.03460633264810832,0.028891265392303463,0.028891265392303467,615094,0.0,0.0
1982-02-24 00:00:00-05:00,0.028891265392303463,0.03460633264810832,0.028891265392303463,0.028891265392303467,273375,0.0,0.0
1982-02-25 00:00:00-05:00,0.03460633009672165,0.03460633009672165,0.03460633009672165,0.03460633009672165,364500,0.0,0.0
1982-02-26 00:00:00-05:00,0.03460633009672165,0.03460633009672165,0.03460633009672165,0.03460633009672165,364500,0.0,0.0
1982-03-01 00:00:00-05:00,0.03460633009672165,0.03460633009672165,0.03460633009672165,0.03460633009672165,820125,0.0,0.0
1982-03-02 00:00:00-05:00,0.03460633009672165,0.03460633009672165,0.03460633009672165,0.03460633009672165,22781,0.0,0.0
1982-03-03 00:00:00-05:00,0.03460633009672165,0.03460633009672165,0.03460633009672165,0.03460633009672165,68344,0.0,0.0
1982-03-04 00:00:00-05:00,0.03460633009672165,0.03460633009672165,0.03460633009672165,0.03460633009672165,318938,0.0,0.0
1982-03-05 00:00:00-05:00,0.03460633009672165,0.03460633009672165,0.03460633009672165,0.03460633009672165,364500,0.0,0.0
1982-03-08 00:00:00-05:00,0.03460633009672165,0.03460633009672165,0.03460633009672165,0.03460633009672165,136688,0.0,0.0
1982-03-09 00:00:00-05:00,0.03460633009672165,0.03460633009672165,0.03460633009672165,0.03460633009672165,182250,0.0,0.0
1982-03-10 00:00:00-05:00,0.03460633009672165,0.03460633009672165,0.03460633009672165,0.03460633009672165,387281,0.0,0.0
1982-03-11 00:00:00-05:00,0.03460633009672165,0.03460633009672165,0.03460633009672165,0.03460633009672165,341719,0.0,0.0
1982-03-12 00:00:00-05:00,0.03460633009672165,0.03460633009672165,0.03460633009672165,0.03460633009672165,182250,0.0,0.0
1982-03-15 00:00:00-05:00,0.03460633009672165,0.03460633009672165,0.03460633009672165,0.03460633009672165,273375,0.0,0.0
1982-03-16 00:00:00-05:00,0.03460633009672165,0.03460633009672165,0.03460633009672165,0.03460633009672165,729000,0.0,0.0
1982-03-17 00:00:00-05:00,0.03460633009672165,0.03460633009672165,0.03460633009672165,0.03460633009672165,205031,0.0,0.0
1982-03-18 00:00:00-05:00,0.03460633009672165,0.03460633009672165,0.03460633009672165,0.03460633009672165,1184625,0.0,0.0
1982-03-19 00:00:00-05:00,0.04063849151134491,0.04063849151134491,0.04063849151134491,0.04063849151134491,820125,0.0,0.0
1982-03-22 00:00:00-05:00,0.04063849151134491,0.04063849151134491,0.04063849151134491,0.04063849151134491,1344094,0.0,0.0
1982-03-23 00:00:00-05:00,0.04063849151134491,0.04063849151134491,0.04063849151134491,0.04063849151134491,523969,0.0,0.0
1982-03-24 00:00:00-05:00,0.04063849151134491,0.046353557310309566,0.04063849151134491,0.04063849151134491,4100625,0.0,0.0
1982-03-25 00:00:00-05:00,0.04063849151134491,0.04063849151134491,0.04063849151134491,0.04063849151134491,2642625,0.0,0.0
1982-03-26 00:00:00-05:00,0.04063849151134491,0.046353557310309566,0.04063849151134491,0.04063849151134491,1981969,0.0,0.0
1982-03-29 00:00:00-05:00,0.04635352641344071,0.04635352641344071,0.04635352641344071,0.046353526413440704,3462750,0.0,0.0
1982-03-30 00:00:00-05:00,0.046353557310309566,0.046353557310309566,0.04063849151134491,0.04063849151134491,1116281,0.0,0.0
1982-03-31 00:00:00-05:00,0.04063849151134491,0.046353557310309566,0.04063849151134491,0.04063849151134491,1822500,0.0,0.0
1982-04-01 00:00:00-05:00,0.04063849151134491,0.046353557310309566,0.04063849151134491,0.04063849151134491,1161844,0.0,0.0
1982-04-02 00:00:00-05:00,0.04063849151134491,0.046353557310309566,0.04063849151134491,0.04063849151134491,569531,0.0,0.0
1982-04-05 00:00:00-05:00,0.04063849151134491,0.04063849151134491,0.04063849151134491,0.04063849151134491,2346469,0.0,0.0
1982-04-06 00:00:00-05:00,0.04063849151134491,0.04063849151134491,0.04063849151134491,0.04063849151134491,1776938,0.0,0.0
1982-04-07 00:00:00-05:00,0.04063849151134491,0.04063849151134491,0.04063849151134491,0.04063849151134491,2073094,0.0,0.0
1982-04-08 00:00:00-05:00,0.04063849151134491,0.04063849151134491,0.04063849151134491,0.04063849151134491,1252969,0.0,0.0
1982-04-12 00:00:00-05:00,0.04063849151134491,0.04063849151134491,0.04063849151134491,0.04063849151134491,523969,0.0,0.0
1982-04-13 00:00:00-05:00,0.04063849151134491,0.04063849151134491,0.04063849151134491,0.04063849151134491,546750,0.0,0.0
1982-04-14 00:00:00-05:00,0.04063849151134491,0.04063849151134491,0.04063849151134491,0.04063849151134491,1549125,0.0,0.0
1982-04-15 00:00:00-05:00,0.04063849151134491,0.04063849151134491,0.04063849151134491,0.04063849151134491,1184625,0.0,0.0
1982-04-16 00:00:00-05:00,0.04063849151134491,0.04063849151134491,0.04063849151134491,0.04063849151134491,4168969,0.0,0.0
1982-04-19 00:00:00-05:00,0.04063849151134491,0.04063849151134491,0.04063849151134491,0.04063849151134491,729000,0.0,0.0
1982-04-20 00:00:00-05:00,0.04063849151134491,0.04063849151134491,0.04063849151134491,0.04063849151134491,3371625,0.0,0.0
1982-04-21 00:00:00-05:00,0.04063849151134491,0.04063849151134491,0.04063849151134491,0.04063849151134491,250594,0.0,0.0
1982-04-22 00:00:00-05:00,0.04063849151134491,0.04063849151134491,0.04063849151134491,0.04063849151134491,1708594,0.0,0.0
1982-04-23 00:00:00-05:00,0.04063849151134491,0.04063849151134491,0.04063849151134491,0.04063849151134491,2278125,0.0,0.0
1982-04-26 00:00:00-04:00,0.04063849151134491,0.04063849151134491,0.04063849151134491,0.04063849151134491,523969,0.0,0.0
1982-04-27 00:00:00-04:00,0.04063849151134491,0.04063849151134491,0.04063849151134491,0.04063849151134491,318938,0.0,0.0
1982-04-28 00:00:00-04:00,0.04063849151134491,0.04063849151134491,0.04063849151134491,0.04063849151134491,729000,0.0,0.0
1982-04-29 00:00:00-04:00,0.04063849151134491,0.046353557310309566,0.04063849151134491,0.04063849151134491,3052688,0.0,0.0
1982-04-30 00:00:00-04:00,0.04635352641344071,0.04635352641344071,0.04635352641344071,0.046353526413440704,2437594,0.0,0.0
1982-05-03 00:00:00-04:00,0.03460633009672165,0.03460633009672165,0.03460633009672165,0.03460633009672165,2642625,0.0,0.0
1982-05-04 00:00:00-04:00,0.03460633009672165,0.03460633009672165,0.03460633009672165,0.03460633009672165,40095000,0.0,0.0
1982-05-05 00:00:00-04:00,0.03460633009672165,0.04063848354692976,0.03460633009672165,0.03460633009672165,24216469,0.0,0.0
1982-05-06 00:00:00-04:00,0.04063849151134491,0.04063849151134491,0.04063849151134491,0.04063849151134491,6902719,0.0,0.0
1982-05-07 00:00:00-04:00,0.04063849151134491,0.04063849151134491,0.04063849151134491,0.04063849151134491,4168969,0.0,0.0
1982-05-10 00:00:00-04:00,0.04635352641344071,0.04635352641344071,0.04635352641344071,0.046353526413440704,7130531,0.0,0.0
1982-05-11 00:00:00-04:00,0.04643283784389496,0.04643283784389496,0.04643283784389496,0.04643283784389496,5540400,0.0,1.25
1982-05-12 00:00:00-04:00,0.04643283784389496,0.04643283784389496,0.04643283784389496,0.04643283784389496,1840725,0.0,0.0
1982-05-13 00:00:00-04:00,0.04643283784389496,0.05198878684815938,0.04643283784389496,0.04643283784389496,5667975,0.0,0.0
1982-05-14 00:00:00-04:00,0.04643283784389496,0.04643283784389496,0.04643283784389496,0.04643283784389496,1603800,0.0,0.0
1982-05-17 00:00:00-04:00,0.04643283784389496,0.05198878684815938,0.04643283784389496,0.04643283784389496,16147350,0.0,0.0
1982-05-18 00:00:00-04:00,0.04643283784389496,0.05198878684815938,0.04643283784389496,0.04643283784389496,1257525,0.0,0.0
1982-05-19 00:00:00-04:00,0.05198878422379493,0.05198878422379493,0.05198878422379493,0.05198878422379494,2150550,0.0,0.0
1982-05-20 00:00:00-04:00,0.05198878422379493,0.05198878422379493,0.05198878422379493,0.05198878422379494,2515050,0.0,0.0
1982-05-21 00:00:00-04:00,0.05198878422379493,0.05198878422379493,0.05198878422379493,0.05198878422379494,2970675,0.0,0.0
1982-05-24 00:00:00-04:00,0.05198878422379493,0.05198878422379493,0.05198878422379493,0.05198878422379494,1111725,0.0,0.0
1982-05-25 00:00:00-04:00,0.05198878422379493,0.05198878422379493,0.05198878422379493,0.05198878422379494,3007125,0.0,0.0
1982-05-26 00:00:00-04:00,0.05198878422379493,0.05198878422379493,0.05198878422379493,0.05198878422379494,7107750,0.0,0.0
1982-05-27 00:00:00-04:00,0.05198878422379493,0.05198878422379493,0.05198878422379493,0.05198878422379494,8474625,0.0,0.0
1982-05-28 00:00:00-04:00,0.05198878422379493,0.05198878422379493,0.05198878422379493,0.05198878422379494,6050700,0.0,0.0
1982-06-01 00:00:00-04:00,0.05198878422379493,0.05198878422379493,0.05198878422379493,0.05198878422379494,783675,0.0,0.0
1982-06-02 00:00:00-04:00,0.05198878422379493,0.05198878422379493,0.05198878422379493,0.05198878422379494,4884300,0.0,0.0
1982-06-03 00:00:00-04:00,0.05794165283441544,0.05794165283441544,0.05794165283441544,0.057941652834415436,4610925,0.0,0.0
1982-06-04 00:00:00-04:00,0.05794165283441544,0.05794165283441544,0.05794165283441544,0.057941652834415436,1549125,0.0,0.0
1982-06-07 00:00:00-04:00,0.05794165283441544,0.05794165283441544,0.05794165283441544,0.057941652834415436,2879550,0.0,0.0
1982-06-08 00:00:00-04:00,0.05794165283441544,0.05794165283441544,0.05794165283441544,0.057941652834415436,911250,0.0,0.0
1982-06-09 00:00:00-04:00,0.05794165283441544,0.05794165283441544,0.05794165283441544,0.057941652834415436,5868450,0.0,0.0
1982-06-10 00:00:00-04:00,0.05794165283441544,0.0634975958490546,0.05794165283441544,0.057941652834415436,11499975,0.0,0.0
1982-06-11 00:00:00-04:00,0.05794165283441544,0.0634975958490546,0.05794165283441544,0.057941652834415436,2624400,0.0,0.0
1982-06-14 00:00:00-04:00,0.05794165283441544,0.0634975958490546,0.05794165283441544,0.057941652834415436,1038825,0.0,0.0
1982-06-15 00:00:00-04:00,0.05794165283441544,0.05794165283441544,0.05794165283441544,0.057941652834415436,1530900,0.0,0.0
1982-06-16 00:00:00-04:00,0.05794165283441544,0.05794165283441544,0.05794165283441544,0.057941652834415436,4866075,0.0,0.0
1982-06-17 00:00:00-04:00,0.05794165283441544,0.05794165283441544,0.05794165283441544,0.057941652834415436,3225825,0.0,0.0
1982-06-18 00:00:00-04:00,0.05198878422379493,0.05198878422379493,0.05198878422379493,0.05198878422379494,2879550,0.0,0.0
1982-06-21 00:00:00-04:00,0.05198878422379493,0.05198878422379493,0.05198878422379493,0.05198878422379494,3717900,0.0,0.0
1982-06-22 00:00:00-04:00,0.05198878422379493,0.05198878422379493,0.05198878422379493,0.05198878422379494,1239300,0.0,0.0
1982-06-23 00:00:00-04:00,0.05794165283441544,0.05794165283441544,0.05794165283441544,0.057941652834415436,2897775,0.0,0.0
1982-06-24 00:00:00-04:00,0.05794165283441544,0.05794165283441544,0.05794165283441544,0.057941652834415436,2879550,0.0,0.0
1982-06-25 00:00:00-04:00,0.05794165283441544,0.05794165283441544,0.05794165283441544,0.057941652834415436,564975,0.0,0.0
1982-06-28 00:00:00-04:00,0.05794165283441544,0.05794165283441544,0.05794165283441544,0.057941652834415436,1840725,0.0,0.0
1982-06-29 00:00:00-04:00,0.05794165283441544,0.05794165283441544,0.05794165283441544,0.057941652834415436,3134700,0.0,0.0
1982-06-30 00:00:00-04:00,0.05794165283441544,0.05794165283441544,0.05794165283441544,0.057941652834415436,5011875,0.0,0.0
1982-07-01 00:00:00-04:00,0.0634976252913475,0.0634976252913475,0.0634976252913475,0.0634976252913475,2259900,0.0,0.0
1982-07-02 00:00:00-04:00,0.0634976252913475,0.0634976252913475,0.0634976252913475,0.0634976252913475,1494450,0.0,0.0
1982-07-06 00:00:00-04:00,0.0634976252913475,0.0634976252913475,0.0634976252913475,0.0634976252913475,747225,0.0,0.0
1982-07-07 00:00:00-04:00,0.05794165283441544,0.05794165283441544,0.05794165283441544,0.057941652834415436,1749600,0.0,0.0
1982-07-08 00:00:00-04:00,0.05794165283441544,0.05794165283441544,0.05794165283441544,0.057941652834415436,2697300,0.0,0.0
1982-07-09 00:00:00-04:00,0.05794165283441544,0.0634975958490546,0.05794165283441544,0.057941652834415436,1020600,0.0,0.0
1982-07-12 00:00:00-04:00,0.05794165283441544,0.0634975958490546,0.05794165283441544,0.057941652834415436,1385100,0.0,0.0
1982-07-13 00:00:00-04:00,0.05794165283441544,0.05794165283441544,0.05794165283441544,0.057941652834415436,838350,0.0,0.0
1982-07-14 00:00:00-04:00,0.05794165283441544,0.05794165283441544,0.05794165283441544,0.057941652834415436,109350,0.0,0.0
1982-07-15 00:00:00-04:00,0.05794165283441544,0.05794165283441544,0.05794165283441544,0.057941652834415436,2861325,0.0,0.0
1982-07-16 00:00:00-04:00,0.05794165283441544,0.05794165283441544,0.05794165283441544,0.057941652834415436,783675,0.0,0.0
1982-07-19 00:00:00-04:00,0.05794165283441544,0.05794165283441544,0.05794165283441544,0.057941652834415436,346275,0.0,0.0
1982-07-20 00:00:00-04:00,0.05794165283441544,0.05794165283441544,0.05794165283441544,0.057941652834415436,2697300,0.0,0.0
1982-07-21 00:00:00-04:00,0.05794165283441544,0.05794165283441544,0.05794165283441544,0.057941652834415436,4556250,0.0,0.0
1982-07-22 00:00:00-04:00,0.0634976252913475,0.0634976252913475,0.0634976252913475,0.0634976252913475,2606175,0.0,0.0
1982-07-23 00:00:00-04:00,0.0634976252913475,0.0634976252913475,0.0634976252913475,0.0634976252913475,13377150,0.0,0.0
1982-07-26 00:00:00-04:00,0.0634976252913475,0.0634976252913475,0.0634976252913475,0.0634976252913475,7927875,0.0,0.0
1982-07-27 00:00:00-04:00,0.0634976252913475,0.0634976252913475,0.0634976252913475,0.0634976252913475,2278125,0.0,0.0
1982-07-28 00:00:00-04:00,0.0634976252913475,0.0634976252913475,0.0634976252913475,0.0634976252913475,3171150,0.0,0.0
1982-07-29 00:00:00-04:00,0.0634976252913475,0.0634976252913475,0.0634976252913475,0.0634976252913475,1275750,0.0,0.0
1982-07-30 00:00:00-04:00,0.0634976252913475,0.0634976252913475,0.0634976252913475,0.0634976252913475,3790800,0.0,0.0
1982-08-02 00:00:00-04:00,0.0634976252913475,0.0634976252913475,0.0634976252913475,0.0634976252913475,1111725,0.0,0.0
1982-08-03 00:00:00-04:00,0.0634976252913475,0.0634976252913475,0.0634976252913475,0.0634976252913475,2861325,0.0,0.0
1982-08-04 00:00:00-04:00,0.0634976252913475,0.0634976252913475,0.0634976252913475,0.0634976252913475,2478600,0.0,0.0
1982-08-05 00:00:00-04:00,0.0634976252913475,0.0634976252913475,0.0634976252913475,0.0634976252913475,1804275,0.0,0.0
1982-08-06 00:00:00-04:00,0.0634975958490546,0.0634975958490546,0.05794165283441544,0.057941652834415436,4610925,0.0,0.0
1982-08-09 00:00:00-04:00,0.05794165283441544,0.05794165283441544,0.05794165283441544,0.057941652834415436,3116475,0.0,0.0
1982-08-10 00:00:00-04:00,0.05794165283441544,0.05794165283441544,0.05794165283441544,0.057941652834415436,1366875,0.0,0.0
1982-08-11 00:00:00-04:00,0.05794165283441544,0.05794165283441544,0.05794165283441544,0.057941652834415436,838350,0.0,0.0
1982-08-12 00:00:00-04:00,0.05794165283441544,0.05794165283441544,0.05794165283441544,0.057941652834415436,5267025,0.0,0.0
1982-08-13 00:00:00-04:00,0.05794165283441544,0.05794165283441544,0.05794165283441544,0.057941652834415436,2423925,0.0,0.0
1982-08-16 00:00:00-04:00,0.05794165283441544,0.05794165283441544,0.05794165283441544,0.057941652834415436,765450,0.0,0.0
1982-08-17 00:00:00-04:00,0.0634976252913475,0.0634976252913475,0.0634976252913475,0.0634976252913475,2077650,0.0,0.0
1982-08-18 00:00:00-04:00,0.0634976252913475,0.0634976252913475,0.0634976252913475,0.0634976252913475,3535650,0.0,0.0
1982-08-19 00:00:00-04:00,0.0634976252913475,0.0634976252913475,0.0634976252913475,0.0634976252913475,3353400,0.0,0.0
1982-08-20 00:00:00-04:00,0.0694504976272583,0.0694504976272583,0.0694504976272583,0.0694504976272583,10333575,0.0,0.0
1982-08-23 00:00:00-04:00,0.07540391385555267,0.07540391385555267,0.07540391385555267,0.07540391385555267,11499975,0.0,0.0
1982-08-24 00:00:00-04:00,0.07540391385555267,0.07540391385555267,0.07540391385555267,0.07540391385555267,8037225,0.0,0.0
1982-08-25 00:00:00-04:00,0.08095990866422653,0.08691279215259655,0.08095990866422653,0.08095990866422653,19664775,0.0,0.0
1982-08-26 00:00:00-04:00,0.08691277354955673,0.08691277354955673,0.08691277354955673,0.08691277354955673,11627550,0.0,0.0
1982-08-27 00:00:00-04:00,0.08095990866422653,0.08095990866422653,0.08095990866422653,0.08095990866422653,13304250,0.0,0.0
1982-08-30 00:00:00-04:00,0.08095990866422653,0.08095990866422653,0.08095990866422653,0.08095990866422653,4483350,0.0,0.0
1982-08-31 00:00:00-04:00,0.08095990866422653,0.08095990866422653,0.08095990866422653,0.08095990866422653,6415200,0.0,0.0
1982-09-01 00:00:00-04:00,0.08095990866422653,0.08095990866422653,0.08095990866422653,0.08095990866422653,4975425,0.0,0.0
1982-09-02 00:00:00-04:00,0.08691277354955673,0.08691277354955673,0.08691277354955673,0.08691277354955673,5795550,0.0,0.0
1982-09-03 00:00:00-04:00,0.08691277354955673,0.08691277354955673,0.08691277354955673,0.08691277354955673,3881925,0.0,0.0
1982-09-07 00:00:00-04:00,0.08691277354955673,0.08691277354955673,0.08691277354955673,0.08691277354955673,3517425,0.0,0.0
1982-09-08 00:00:00-04:00,0.08691277354955673,0.08691277354955673,0.08691277354955673,0.08691277354955673,5194125,0.0,0.0
1982-09-09 00:00:00-04:00,0.08691277354955673,0.08691277354955673,0.08691277354955673,0.08691277354955673,13231350,0.0,0.0
1982-09-10 00:00:00-04:00,0.08691277354955673,0.08691277354955673,0.08691277354955673,0.08691277354955673,5868450,0.0,0.0
1982-09-13 00:00:00-04:00,0.08691277354955673,0.08691277354955673,0.08691277354955673,0.08691277354955673,3098250,0.0,0.0
1982-09-14 00:00:00-04:00,0.08691277354955673,0.08691277354955673,0.08691277354955673,0.08691277354955673,7362900,0.0,0.0
1982-09-15 00:00:00-04:00,0.08691277354955673,0.08691277354955673,0.08691277354955673,0.08691277354955673,1731375,0.0,0.0
1982-09-16 00:00:00-04:00,0.08691277354955673,0.08691277354955673,0.08691277354955673,0.08691277354955673,5850225,0.0,0.0
1982-09-17 00:00:00-04:00,0.08691279215259655,0.08691279215259655,0.08095990866422653,0.08095990866422653,4173525,0.0,0.0
1982-09-20 00:00:00-04:00,0.08095990866422653,0.08095990866422653,0.08095990866422653,0.08095990866422653,3845475,0.0,0.0
1982-09-21 00:00:00-04:00,0.08095990866422653,0.08095990866422653,0.08095990866422653,0.08095990866422653,7946100,0.0,0.0
1982-09-22 00:00:00-04:00,0.08691277354955673,0.08691277354955673,0.08691277354955673,0.08691277354955673,7745625,0.0,0.0
1982-09-23 00:00:00-04:00,0.08691277354955673,0.08691277354955673,0.08691277354955673,0.08691277354955673,10479375,0.0,0.0
1982-09-24 00:00:00-04:00,0.08691277354955673,0.08691277354955673,0.08691277354955673,0.08691277354955673,2114100,0.0,0.0
1982-09-27 00:00:00-04:00,0.08691277354955673,0.08691277354955673,0.08691277354955673,0.08691277354955673,7053075,0.0,0.0
1982-09-28 00:00:00-04:00,0.09246869385242462,0.09246869385242462,0.09246869385242462,0.09246869385242462,6870825,0.0,0.0
1982-09-29 00:00:00-04:00,0.09246869385242462,0.09246869385242462,0.09246869385242462,0.09246869385242462,3553875,0.0,0.0
1982-09-30 00:00:00-04:00,0.09246869385242462,0.09246869385242462,0.09246869385242462,0.09246869385242462,2205225,0.0,0.0
1982-10-01 00:00:00-04:00,0.09246869385242462,0.09246869385242462,0.09246869385242462,0.09246869385242462,2004750,0.0,0.0
1982-10-04 00:00:00-04:00,0.09246869385242462,0.09246869385242462,0.09246869385242462,0.09246869385242462,3207600,0.0,0.0
1982-10-05 00:00:00-04:00,0.09246869385242462,0.09246869385242462,0.09246869385242462,0.09246869385242462,2314575,0.0,0.0
1982-10-06 00:00:00-04:00,0.09842160344123839,0.09842160344123839,0.09842160344123839,0.0984216034412384,7217100,0.0,0.0
1982-10-07 00:00:00-04:00,0.10397756844758986,0.10993045163846318,0.10397756844758986,0.10397756844758987,10661625,0.0,0.0
1982-10-08 00:00:00-04:00,0.11588330566883089,0.11588330566883089,0.11588330566883089,0.11588330566883087,11354175,0.0,0.0
1982-10-11 00:00:00-04:00,0.11588330566883089,0.11588330566883089,0.11588330566883089,0.11588330566883087,8164800,0.0,0.0
1982-10-12 00:00:00-04:00,0.10397756844758986,0.10397756844758986,0.10397756844758986,0.10397756844758987,12739275,0.0,0.0
1982-10-13 00:00:00-04:00,0.10397756844758986,0.10397756844758986,0.10397756844758986,0.10397756844758987,8401725,0.0,0.0
1982-10-14 00:00:00-04:00,0.10397756844758986,0.10397756844758986,0.10397756844758986,0.10397756844758987,2077650,0.0,0.0
1982-10-15 00:00:00-04:00,0.10397756844758986,0.10397756844758986,0.10397756844758986,0.10397756844758987,7490475,0.0,0.0
1982-10-18 00:00:00-04:00,0.1099303662776947,0.1099303662776947,0.1099303662776947,0.1099303662776947,2970675,0.0,0.0
1982-10-19 00:00:00-04:00,0.1099303662776947,0.1099303662776947,0.1099303662776947,0.1099303662776947,3590325,0.0,0.0
1982-10-20 00:00:00-04:00,0.1099303662776947,0.11588324484616654,0.1099303662776947,0.1099303662776947,3499200,0.0,0.0
1982-10-21 00:00:00-04:00,0.11588330566883089,0.11588330566883089,0.11588330566883089,0.11588330566883087,4465125,0.0,0.0
1982-10-22 00:00:00-04:00,0.11588330566883089,0.11588330566883089,0.11588330566883089,0.11588330566883087,4264650,0.0,0.0
1982-10-25 00:00:00-04:00,0.10397756844758986,0.10397756844758986,0.10397756844758986,0.10397756844758987,8128350,0.0,0.0
1982-10-26 00:00:00-04:00,0.09842160344123839,0.09842160344123839,0.09842160344123839,0.0984216034412384,14798700,0.0,0.0
1982-10-27 00:00:00-04:00,0.10397756844758986,0.10397756844758986,0.10397756844758986,0.10397756844758987,5267025,0.0,0.0
1982-10-28 00:00:00-04:00,0.10397756844758986,0.10397756844758986,0.10397756844758986,0.10397756844758987,4720275,0.0,0.0
1982-10-29 00:00:00-04:00,0.10397756844758986,0.10397756844758986,0.10397756844758986,0.10397756844758987,1603800,0.0,0.0
1982-11-01 00:00:00-05:00,0.10397756844758986,0.10397756844758986,0.10397756844758986,0.10397756844758987,765450,0.0,0.0
1982-11-02 00:00:00-05:00,0.1099303662776947,0.1099303662776947,0.1099303662776947,0.1099303662776947,2460375,0.0,0.0
1982-11-03 00:00:00-05:00,0.11588330566883089,0.11588330566883089,0.11588330566883089,0.11588330566883087,6542775,0.0,0.0
1982-11-04 00:00:00-05:00,0.11588330566883089,0.11588330566883089,0.11588330566883089,0.11588330566883087,5795550,0.0,0.0
1982-11-05 00:00:00-05:00,0.11588330566883089,0.11588330566883089,0.11588330566883089,0.11588330566883087,3298725,0.0,0.0
1982-11-08 00:00:00-05:00,0.11588330566883089,0.11588330566883089,0.11588330566883089,0.11588330566883087,729000,0.0,0.0
1982-11-09 00:00:00-05:00,0.11588330566883089,0.11588330566883089,0.11588330566883089,0.11588330566883087,1421550,0.0,0.0
1982-11-10 00:00:00-05:00,0.11588330566883089,0.11588330566883089,0.11588330566883089,0.11588330566883087,5996025,0.0,0.0
1982-11-11 00:00:00-05:00,0.11588330566883089,0.11588330566883089,0.11588330566883089,0.11588330566883087,2296350,0.0,0.0
1982-11-12 00:00:00-05:00,0.11588330566883089,0.12143982636862424,0.11588330566883089,0.11588330566883087,2970675,0.0,0.0
1982-11-15 00:00:00-05:00,0.11588330566883089,0.12143982636862424,0.11588330566883089,0.11588330566883087,1767825,0.0,0.0
1982-11-16 00:00:00-05:00,0.1273927241563797,0.1273927241563797,0.1273927241563797,0.1273927241563797,6324075,0.0,0.0
1982-11-17 00:00:00-05:00,0.13294866681098938,0.1389015492084375,0.13294866681098938,0.13294866681098938,6797925,0.0,0.0
1982-11-18 00:00:00-05:00,0.14445757865905762,0.14445757865905762,0.14445757865905762,0.14445757865905762,6469875,0.0,0.0
1982-11-19 00:00:00-05:00,0.14445745229582382,0.14445745229582382,0.1389015018939972,0.1389015018939972,6688575,0.0,0.0
1982-11-22 00:00:00-05:00,0.1273927241563797,0.1273927241563797,0.1273927241563797,0.1273927241563797,7089525,0.0,0.0
1982-11-23 00:00:00-05:00,0.1273927241563797,0.1273927241563797,0.1273927241563797,0.1273927241563797,3881925,0.0,0.0
1982-11-24 00:00:00-05:00,0.13294866681098938,0.13294866681098938,0.13294866681098938,0.13294866681098938,3262275,0.0,0.0
1982-11-26 00:00:00-05:00,0.13294866681098938,0.13294866681098938,0.13294866681098938,0.13294866681098938,637875,0.0,0.0
1982-11-29 00:00:00-05:00,0.13294866681098938,0.13294866681098938,0.13294866681098938,0.13294866681098938,1603800,0.0,0.0
1982-11-30 00:00:00-05:00,0.1389015018939972,0.1389015018939972,0.1389015018939972,0.1389015018939972,3152925,0.0,0.0
1982-12-01 00:00:00-05:00,0.15041033923625946,0.15636321986601381,0.15041033923625946,0.15041033923625946,6469875,0.0,0.0
1982-12-02 00:00:00-05:00,0.15041046423600207,0.15041046423600207,0.14445757865905762,0.14445757865905762,5011875,0.0,0.0
1982-12-03 00:00:00-05:00,0.15636317431926725,0.15636317431926725,0.15636317431926725,0.15636317431926727,4483350,0.0,0.0
1982-12-06 00:00:00-05:00,0.15636321986601381,0.15636321986601381,0.15041033923625946,0.15041033923625946,6123600,0.0,0.0
1982-12-07 00:00:00-05:00,0.15636317431926725,0.15636317431926725,0.15636317431926725,0.15636317431926727,3663225,0.0,0.0
1982-12-08 00:00:00-05:00,0.16747570037841797,0.17382551137861724,0.16747570037841797,0.16747570037841797,7636275,0.0,2.0
1982-12-09 00:00:00-05:00,0.18493738770484924,0.18493738770484924,0.18493738770484924,0.18493738770484924,8984925,0.0,0.0
1982-12-10 00:00:00-05:00,0.16747570037841797,0.16747570037841797,0.16747570037841797,0.16747570037841797,3462750,0.0,0.0
1982-12-13 00:00:00-05:00,0.16191920638084412,0.16191920638084412,0.16191920638084412,0.16191920638084412,1530900,0.0,0.0
1982-12-14 00:00:00-05:00,0.15080729126930237,0.15080729126930237,0.15080729126930237,0.15080729126930237,6551888,0.0,0.0
1982-12-15 00:00:00-05:00,0.15080729126930237,0.15080729126930237,0.15080729126930237,0.15080729126930237,18115650,0.0,0.0
1982-12-16 00:00:00-05:00,0.14445745229582382,0.14445745229582382,0.1389015018939972,0.1389015018939972,4328438,0.0,0.0
1982-12-17 00:00:00-05:00,0.15080729126930237,0.15636324272611576,0.15080729126930237,0.15080729126930237,2879550,0.0,0.0
1982-12-20 00:00:00-05:00,0.15636317431926725,0.15636317431926725,0.15636317431926725,0.15636317431926727,1858950,0.0,0.0
1982-12-21 00:00:00-05:00,0.15636317431926725,0.15636317431926725,0.15636317431926725,0.15636317431926727,4401338,0.0,0.0
1982-12-22 00:00:00-05:00,0.15636317431926725,0.15636317431926725,0.15636317431926725,0.15636317431926727,4446900,0.0,0.0
1982-12-23 00:00:00-05:00,0.15636317431926725,0.15636317431926725,0.15636317431926725,0.15636317431926727,2104988,0.0,0.0
1982-12-27 00:00:00-05:00,0.15636317431926725,0.16191910610110058,0.15636317431926725,0.15636317431926727,3307838,0.0,0.0
1982-12-28 00:00:00-05:00,0.15636317431926725,0.15636317431926725,0.15636317431926725,0.15636317431926727,1713150,0.0,0.0
1982-12-29 00:00:00-05:00,0.15636317431926725,0.15636317431926725,0.15636317431926725,0.15636317431926727,902138,0.0,0.0
1982-12-30 00:00:00-05:00,0.15636317431926725,0.15636317431926725,0.15636317431926725,0.15636317431926727,1366875,0.0,0.0
1982-12-31 00:00:00-05:00,0.15636317431926725,0.15636317431926725,0.15636317431926725,0.15636317431926727,984150,0.0,0.0
1983-01-03 00:00:00-05:00,0.15636317431926725,0.15636317431926725,0.15636317431926725,0.15636317431926727,820125,0.0,0.0
1983-01-04 00:00:00-05:00,0.15636324272611576,0.15636324272611576,0.15080729126930237,0.15080729126930237,1129950,0.0,0.0
1983-01-05 00:00:00-05:00,0.15636317431926725,0.15636317431926725,0.15636317431926725,0.15636317431926727,2606175,0.0,0.0
1983-01-06 00:00:00-05:00,0.15636317431926725,0.15636317431926725,0.15636317431926725,0.15636317431926727,2077650,0.0,0.0
1983-01-07 00:00:00-05:00,0.16191920638084412,0.16191920638084412,0.16191920638084412,0.16191920638084412,2843100,0.0,0.0
1983-01-10 00:00:00-05:00,0.16747570037841797,0.16747570037841797,0.16747570037841797,0.16747570037841797,2460375,0.0,0.0
1983-01-11 00:00:00-05:00,0.17382554709911346,0.17382554709911346,0.17382554709911346,0.17382554709911346,3225825,0.0,0.0
1983-01-12 00:00:00-05:00,0.18493738770484924,0.18493738770484924,0.18493738770484924,0.18493738770484924,8556638,0.0,0.0
1983-01-13 00:00:00-05:00,0.19128729403018951,0.19128729403018951,0.19128729403018951,0.19128729403018951,5175900,0.0,0.0
1983-01-14 00:00:00-05:00,0.19128729403018951,0.19684322979155933,0.19128729403018951,0.19128729403018951,2733750,0.0,0.0
1983-01-17 00:00:00-05:00,0.19684320688247678,0.19684320688247678,0.19684320688247678,0.1968432068824768,5276138,0.0,0.0
1983-01-18 00:00:00-05:00,0.19128729403018951,0.19128729403018951,0.19128729403018951,0.19128729403018951,2751975,0.0,0.0
1983-01-19 00:00:00-05:00,0.19128721566121745,0.19128721566121745,0.18493738770484924,0.18493738770484924,2943338,0.0,0.0
1983-01-20 00:00:00-05:00,0.1793814450502396,0.1793814450502396,0.1793814450502396,0.17938144505023956,2515050,0.0,0.0
1983-01-21 00:00:00-05:00,0.17382554709911346,0.17382554709911346,0.17382554709911346,0.17382554709911346,2496825,0.0,0.0
1983-01-24 00:00:00-05:00,0.16747574515532104,0.16747574515532104,0.16191920638084412,0.16191920638084412,4073288,0.0,0.0
1983-01-25 00:00:00-05:00,0.18493738770484924,0.18493738770484924,0.18493738770484924,0.18493738770484924,6251175,0.0,0.0
1983-01-26 00:00:00-05:00,0.18493738770484924,0.18493738770484924,0.18493738770484924,0.18493738770484924,3562988,0.0,0.0
1983-01-27 00:00:00-05:00,0.17382554709911346,0.17382554709911346,0.17382554709911346,0.17382554709911346,4036838,0.0,0.0
1983-01-28 00:00:00-05:00,0.17382554709911346,0.17938149922245042,0.17382554709911346,0.17382554709911346,2587950,0.0,0.0
1983-01-31 00:00:00-05:00,0.18493738770484924,0.18493738770484924,0.18493738770484924,0.18493738770484924,2943338,0.0,0.0
1983-02-01 00:00:00-05:00,0.19684320688247678,0.19684320688247678,0.19684320688247678,0.1968432068824768,3152925,0.0,0.0
1983-02-02 00:00:00-05:00,0.19128729403018951,0.19128729403018951,0.19128729403018951,0.19128729403018951,1421550,0.0,0.0
1983-02-03 00:00:00-05:00,0.19684320688247678,0.19684320688247678,0.19684320688247678,0.1968432068824768,2004750,0.0,0.0
1983-02-04 00:00:00-05:00,0.19684320688247678,0.20239915924156882,0.19684320688247678,0.1968432068824768,2615288,0.0,0.0
1983-02-07 00:00:00-05:00,0.20795513689517972,0.20795513689517972,0.20795513689517972,0.20795513689517975,2068538,0.0,0.0
1983-02-08 00:00:00-05:00,0.21430483460426328,0.21430483460426328,0.21430483460426328,0.2143048346042633,2770200,0.0,0.0
1983-02-09 00:00:00-05:00,0.21430483460426328,0.21430483460426328,0.21430483460426328,0.2143048346042633,3499200,0.0,0.0
1983-02-10 00:00:00-05:00,0.21986134350299835,0.21986134350299835,0.21986134350299835,0.21986134350299835,8593088,0.0,0.0
1983-02-11 00:00:00-05:00,0.21986135370401297,0.21986135370401297,0.21430483460426328,0.2143048346042633,1458000,0.0,0.0
1983-02-14 00:00:00-05:00,0.21986134350299835,0.21986134350299835,0.21986134350299835,0.21986134350299835,2569725,0.0,0.0
1983-02-15 00:00:00-05:00,0.21986135370401297,0.21986135370401297,0.21430483460426328,0.2143048346042633,619650,0.0,0.0
1983-02-16 00:00:00-05:00,0.21430483460426328,0.21986135370401297,0.21430483460426328,0.2143048346042633,838350,0.0,0.0
1983-02-17 00:00:00-05:00,0.21430472456749156,0.21430472456749156,0.20239897072315216,0.20239897072315216,2542388,0.0,0.0
1983-02-18 00:00:00-05:00,0.20239897072315216,0.20239897072315216,0.20239897072315216,0.20239897072315216,1567350,0.0,0.0
1983-02-22 00:00:00-05:00,0.20239915924156882,0.20239915924156882,0.19684320688247678,0.1968432068824768,2952450,0.0,0.0
1983-02-23 00:00:00-05:00,0.19684320688247678,0.19684320688247678,0.19684320688247678,0.1968432068824768,3699675,0.0,0.0
1983-02-24 00:00:00-05:00,0.19684320688247678,0.20239915924156882,0.19684320688247678,0.1968432068824768,1667588,0.0,0.0
1983-02-25 00:00:00-05:00,0.19684302353897956,0.20795491790732476,0.19684302353897956,0.20239897072315216,1385100,0.0,0.0
1983-02-28 00:00:00-05:00,0.20239897072315216,0.20239897072315216,0.20239897072315216,0.20239897072315216,346275,0.0,0.0
1983-03-01 00:00:00-05:00,0.20239897072315216,0.20239897072315216,0.20239897072315216,0.20239897072315216,829238,0.0,0.0
1983-03-02 00:00:00-05:00,0.20239915924156882,0.20239915924156882,0.19684320688247678,0.1968432068824768,1157288,0.0,0.0
1983-03-03 00:00:00-05:00,0.19684320688247678,0.20239915924156882,0.19684320688247678,0.1968432068824768,692550,0.0,0.0
1983-03-04 00:00:00-05:00,0.19684320688247678,0.19684320688247678,0.19684320688247678,0.1968432068824768,501188,0.0,0.0
1983-03-07 00:00:00-05:00,0.19684322979155933,0.19684322979155933,0.19128729403018951,0.19128729403018951,1448888,0.0,0.0
1983-03-08 00:00:00-05:00,0.19128721566121745,0.196843149146362,0.18493738770484924,0.18493738770484924,17714700,0.0,0.0
1983-03-09 00:00:00-05:00,0.19128729403018951,0.19128729403018951,0.19128729403018951,0.19128729403018951,2369250,0.0,0.0
1983-03-10 00:00:00-05:00,0.20239897072315216,0.20239897072315216,0.20239897072315216,0.20239897072315216,10570500,0.0,0.0
1983-03-11 00:00:00-05:00,0.20239897072315216,0.20239897072315216,0.19684302353897956,0.20239897072315216,2168775,0.0,0.0
1983-03-14 00:00:00-05:00,0.20239897072315216,0.20239897072315216,0.20239897072315216,0.20239897072315216,5540400,0.0,0.0
1983-03-15 00:00:00-05:00,0.19684320688247678,0.19684320688247678,0.19684320688247678,0.1968432068824768,893025,0.0,0.0
1983-03-16 00:00:00-05:00,0.19684320688247678,0.20239915924156882,0.19684320688247678,0.1968432068824768,1704038,0.0,0.0
1983-03-17 00:00:00-05:00,0.19684322979155933,0.19684322979155933,0.19128729403018951,0.19128729403018951,4100625,0.0,0.0
1983-03-18 00:00:00-05:00,0.19128721566121745,0.19128721566121745,0.18493738770484924,0.18493738770484924,5640638,0.0,0.0
1983-03-21 00:00:00-05:00,0.18493738770484924,0.18493738770484924,0.18493738770484924,0.18493738770484924,2323688,0.0,0.0
1983-03-22 00:00:00-05:00,0.18493738770484924,0.18493738770484924,0.18493738770484924,0.18493738770484924,1749600,0.0,0.0
1983-03-23 00:00:00-05:00,0.18493737825138076,0.18493737825138076,0.1793814450502396,0.17938144505023956,9039600,0.0,0.0
1983-03-24 00:00:00-05:00,0.18493738770484924,0.18493738770484924,0.18493738770484924,0.18493738770484924,4629150,0.0,0.0
1983-03-25 00:00:00-05:00,0.18493726969464017,0.20239897072315216,0.18493726969464017,0.20239897072315216,2578838,0.0,0.0
1983-03-28 00:00:00-05:00,0.20239915924156882,0.20239915924156882,0.19684320688247678,0.1968432068824768,3462750,0.0,0.0
1983-03-29 00:00:00-05:00,0.20239897072315216,0.20239897072315216,0.20239897072315216,0.20239897072315216,3699675,0.0,0.0
1983-03-30 00:00:00-05:00,0.20239897072315216,0.20239897072315216,0.20239897072315216,0.20239897072315216,4000388,0.0,0.0
1983-03-31 00:00:00-05:00,0.20239897072315216,0.20239897072315216,0.19684302353897956,0.20239897072315216,1667588,0.0,0.0
1983-04-04 00:00:00-05:00,0.20239915924156882,0.20239915924156882,0.19684320688247678,0.1968432068824768,1713150,0.0,0.0
1983-04-05 00:00:00-05:00,0.20239897072315216,0.20239897072315216,0.20239897072315216,0.20239897072315216,2651738,0.0,0.0
1983-04-06 00:00:00-05:00,0.20239897072315216,0.20239897072315216,0.20239897072315216,0.20239897072315216,1075275,0.0,0.0
1983-04-07 00:00:00-05:00,0.20239897072315216,0.20239897072315216,0.20239897072315216,0.20239897072315216,291600,0.0,0.0
1983-04-08 00:00:00-05:00,0.20239897072315216,0.20239897072315216,0.20239897072315216,0.20239897072315216,255150,0.0,0.0
1983-04-11 00:00:00-05:00,0.20239897072315216,0.20239897072315216,0.20239897072315216,0.20239897072315216,5248800,0.0,0.0
1983-04-12 00:00:00-05:00,0.20239897072315216,0.20239897072315216,0.20239897072315216,0.20239897072315216,3280500,0.0,0.0
1983-04-13 00:00:00-05:00,0.20239897072315216,0.20239897072315216,0.20239897072315216,0.20239897072315216,4866075,0.0,0.0
1983-04-14 00:00:00-05:00,0.21430483460426328,0.21430483460426328,0.21430483460426328,0.2143048346042633,5321700,0.0,0.0
1983-04-15 00:00:00-05:00,0.21430481788774364,0.23176709558283545,0.21430481788774364,0.22541728615760803,2360138,0.0,0.0
1983-04-18 00:00:00-05:00,0.22541729328214205,0.22541729328214205,0.21986134350299835,0.21986134350299835,3171150,0.0,0.0
1983-04-19 00:00:00-05:00,0.21986134350299835,0.22541729328214205,0.21986134350299835,0.21986134350299835,2515050,0.0,0.0
1983-04-20 00:00:00-05:00,0.21986134350299835,0.22541729328214205,0.21986134350299835,0.21986134350299835,1266638,0.0,0.0
1983-04-21 00:00:00-05:00,0.21986134350299835,0.21986134350299835,0.21986134350299835,0.21986134350299835,1603800,0.0,0.0
1983-04-22 00:00:00-05:00,0.21986133655406556,0.22541728615760803,0.21986133655406556,0.22541728615760803,67678538,0.0,0.0
1983-04-25 00:00:00-04:00,0.22541729328214205,0.22541729328214205,0.21986134350299835,0.21986134350299835,9467888,0.0,0.0
1983-04-26 00:00:00-04:00,0.22541728615760803,0.22541728615760803,0.22541728615760803,0.22541728615760803,6305850,0.0,0.0
1983-04-27 00:00:00-04:00,0.22541728615760803,0.23176709558283545,0.22541728615760803,0.22541728615760803,10524938,0.0,0.0
1983-04-28 00:00:00-04:00,0.2317671924829483,0.2317671924829483,0.2317671924829483,0.2317671924829483,13067325,0.0,0.0
1983-04-29 00:00:00-04:00,0.23176737609555428,0.24287927150726316,0.23176737609555428,0.24287927150726318,4228200,0.0,0.0
1983-05-02 00:00:00-04:00,0.2428790848526166,0.2428790848526166,0.23732315003871918,0.23732315003871918,2833988,0.0,0.0
1983-05-03 00:00:00-04:00,0.23732315003871918,0.2428790848526166,0.23732315003871918,0.23732315003871918,2077650,0.0,0.0
1983-05-04 00:00:00-04:00,0.24287927150726316,0.24287927150726316,0.24287927150726316,0.24287927150726318,528525,0.0,0.0
1983-05-05 00:00:00-04:00,0.24287927150726316,0.24287927150726316,0.24287927150726316,0.24287927150726318,820125,0.0,0.0
1983-05-06 00:00:00-04:00,0.24287927150726316,0.24287927150726316,0.2373233324235825,0.24287927150726318,2214338,0.0,0.0
1983-05-09 00:00:00-04:00,0.24843509495258329,0.24843509495258329,0.24843509495258329,0.2484350949525833,2296350,0.0,0.0
1983-05-10 00:00:00-04:00,0.26034075021743774,0.26034075021743774,0.26034075021743774,0.26034075021743774,5576850,0.0,0.0
1983-05-11 00:00:00-04:00,0.26589733362197876,0.26589733362197876,0.26589733362197876,0.26589733362197876,4702050,0.0,0.0
1983-05-12 00:00:00-04:00,0.27224698662757874,0.27224698662757874,0.27224698662757874,0.27224698662757874,4729388,0.0,0.0
1983-05-13 00:00:00-04:00,0.27224716340478505,0.2833590507507324,0.27224716340478505,0.2833590507507324,4401338,0.0,0.0
1983-05-16 00:00:00-04:00,0.2833590507507324,0.2833590507507324,0.2833590507507324,0.2833590507507324,5941350,0.0,0.0
1983-05-17 00:00:00-04:00,0.2833590507507324,0.28891500304587364,0.2833590507507324,0.2833590507507324,683438,0.0,0.0
1983-05-18 00:00:00-04:00,0.28891515731811523,0.30082092847200415,0.28891515731811523,0.28891515731811523,9477000,0.0,0.0
1983-05-19 00:00:00-04:00,0.28891515731811523,0.28891515731811523,0.28891515731811523,0.28891515731811523,10679850,0.0,0.0
1983-05-20 00:00:00-04:00,0.28891500304587364,0.28891500304587364,0.2833590507507324,0.2833590507507324,7973438,0.0,0.0
1983-05-23 00:00:00-04:00,0.2833590507507324,0.28891500304587364,0.2833590507507324,0.2833590507507324,1667588,0.0,0.0
1983-05-24 00:00:00-04:00,0.2833590507507324,0.2833590507507324,0.2833590507507324,0.2833590507507324,3207600,0.0,0.0
1983-05-25 00:00:00-04:00,0.2833590507507324,0.28891500304587364,0.2833590507507324,0.2833590507507324,2032088,0.0,0.0
1983-05-26 00:00:00-04:00,0.2833590507507324,0.28891500304587364,0.2833590507507324,0.2833590507507324,1458000,0.0,0.0
1983-05-27 00:00:00-04:00,0.2833590507507324,0.2952648155472879,0.2833590507507324,0.2833590507507324,3754350,0.0,0.0
1983-05-31 00:00:00-04:00,0.28335895418982104,0.28335895418982104,0.2778030037879944,0.2778030037879944,2314575,0.0,0.0
1983-06-01 00:00:00-04:00,0.2833590507507324,0.2833590507507324,0.2833590507507324,0.2833590507507324,4328438,0.0,0.0
1983-06-02 00:00:00-04:00,0.30637669563293457,0.30637669563293457,0.30637669563293457,0.30637669563293457,2405700,0.0,0.0
1983-06-03 00:00:00-04:00,0.3063765332823424,0.3182828426361084,0.3008205843757052,0.3182828426361084,6406088,0.0,0.0
1983-06-06 00:00:00-04:00,0.3182828426361084,0.3182828426361084,0.3182828426361084,0.3182828426361084,6879938,0.0,0.0
1983-06-07 00:00:00-04:00,0.3301886022090912,0.3301886022090912,0.3301886022090912,0.3301886022090912,7581600,0.0,0.0
1983-06-08 00:00:00-04:00,0.3413007557392121,0.35320652226597293,0.3413007557392121,0.34130075573921204,10206000,0.0,0.0
1983-06-09 00:00:00-04:00,0.3524126410484314,0.3762247589975164,0.3524126410484314,0.3524126410484314,7854975,0.0,2.0
1983-06-10 00:00:00-04:00,0.3524126009383335,0.3651122255883084,0.3524126009383335,0.3587624132633209,5449275,0.0,0.0
1983-06-13 00:00:00-04:00,0.38257458806037903,0.38257458806037903,0.38257458806037903,0.38257458806037903,8269594,0.0,0.0
1983-06-14 00:00:00-04:00,0.38733670115470886,0.3936865153679782,0.38733670115470886,0.38733670115470886,5932238,0.0,0.0
1983-06-15 00:00:00-04:00,0.38733670115470886,0.3936865153679782,0.38733670115470886,0.38733670115470886,2460375,0.0,0.0
1983-06-16 00:00:00-04:00,0.38733670115470886,0.3936865153679782,0.38733670115470886,0.38733670115470886,11226600,0.0,0.0
1983-06-17 00:00:00-04:00,0.38733670115470886,0.3936865153679782,0.3825746422707008,0.38733670115470886,1672144,0.0,0.0
1983-06-20 00:00:00-04:00,0.38733656585192583,0.38733656585192583,0.3762246966361999,0.37622469663619995,5030100,0.0,0.0
1983-06-21 00:00:00-04:00,0.3762246966361999,0.3825745086313796,0.3762246966361999,0.37622469663619995,8839125,0.0,0.0
1983-06-22 00:00:00-04:00,0.3762247589975164,0.3762247589975164,0.3524126410484314,0.3524126410484314,1776938,0.0,0.0
1983-06-23 00:00:00-04:00,0.35241252953888114,0.35241252953888114,0.3476504385471344,0.3476504385471344,5494838,0.0,0.0
1983-06-24 00:00:00-04:00,0.3476504385471344,0.35241252953888114,0.3413006275086308,0.3476504385471344,1207406,0.0,0.0
1983-06-27 00:00:00-04:00,0.3476505691634129,0.3476505691634129,0.3413007557392121,0.34130075573921204,1968300,0.0,0.0
1983-06-28 00:00:00-04:00,0.34130067626055366,0.34130067626055366,0.33495086431503296,0.33495086431503296,3635888,0.0,0.0
1983-06-29 00:00:00-04:00,0.33495069142300743,0.33495069142300743,0.3301886022090912,0.3301886022090912,5882119,0.0,0.0
1983-06-30 00:00:00-04:00,0.3301886022090912,0.3301886022090912,0.3301886022090912,0.3301886022090912,5800106,0.0,0.0
1983-07-01 00:00:00-04:00,0.3301887254783805,0.3476504385471344,0.3238389144398769,0.3476504385471344,5084775,0.0,0.0
1983-07-05 00:00:00-04:00,0.3476505691634129,0.3476505691634129,0.3413007557392121,0.34130075573921204,1817944,0.0,0.0
1983-07-06 00:00:00-04:00,0.3524126410484314,0.3587624540961274,0.3524126410484314,0.3524126410484314,2259900,0.0,0.0
1983-07-07 00:00:00-04:00,0.3698747754096985,0.3698747754096985,0.3698747754096985,0.3698747754096985,6943725,0.0,0.0
1983-07-08 00:00:00-04:00,0.3651122450828552,0.3651122450828552,0.3587624324188303,0.3651122450828552,6305850,0.0,0.0
1983-07-11 00:00:00-04:00,0.3651122255883084,0.3651122255883084,0.3587624132633209,0.3587624132633209,1458000,0.0,0.0
1983-07-12 00:00:00-04:00,0.3587624540961274,0.3651122671438234,0.3524126410484314,0.3524126410484314,209588,0.0,0.0
1983-07-13 00:00:00-04:00,0.3524126619443321,0.3524126619443321,0.3413007557392121,0.34130075573921204,765450,0.0,0.0
1983-07-14 00:00:00-04:00,0.34130067626055366,0.34130067626055366,0.33495086431503296,0.33495086431503296,4793175,0.0,0.0
1983-07-15 00:00:00-04:00,0.33495069142300743,0.33495069142300743,0.3301886022090912,0.3301886022090912,537638,0.0,0.0
1983-07-18 00:00:00-04:00,0.3301889128570587,0.33495100655124266,0.32383909821510315,0.32383909821510315,1129950,0.0,0.0
1983-07-19 00:00:00-04:00,0.32383874631188414,0.33018855405374564,0.3174889385700226,0.3174889385700226,3840919,0.0,0.0
1983-07-20 00:00:00-04:00,0.32383909821510315,0.3301889128570587,0.32383909821510315,0.32383909821510315,4738500,0.0,0.0
1983-07-21 00:00:00-04:00,0.3413007557392121,0.3413007557392121,0.3413007557392121,0.34130075573921204,6834375,0.0,0.0
1983-07-22 00:00:00-04:00,0.3413006789297109,0.3762246966361999,0.3413006789297109,0.37622469663619995,2916000,0.0,0.0
1983-07-25 00:00:00-04:00,0.37622462061039685,0.37622462061039685,0.3698747754096985,0.3698747754096985,3371625,0.0,0.0
1983-07-26 00:00:00-04:00,0.36987488911240873,0.37622473626510455,0.3651122450828552,0.3651122450828552,601425,0.0,0.0
1983-07-27 00:00:00-04:00,0.3698747754096985,0.3698747754096985,0.3698747754096985,0.3698747754096985,2168775,0.0,0.0
1983-07-28 00:00:00-04:00,0.36987486936356867,0.36987486936356867,0.3587624132633209,0.3587624132633209,1890844,0.0,0.0
1983-07-29 00:00:00-04:00,0.35241252953888114,0.35241252953888114,0.3413006275086308,0.3476504385471344,2701856,0.0,0.0
1983-08-01 00:00:00-04:00,0.3476504385471344,0.3476504385471344,0.3476504385471344,0.3476504385471344,3900150,0.0,0.0
1983-08-02 00:00:00-04:00,0.3476504385471344,0.3476504385471344,0.3476504385471344,0.3476504385471344,3572100,0.0,0.0
1983-08-03 00:00:00-04:00,0.3476504385471344,0.3476504385471344,0.3476504385471344,0.3476504385471344,4847850,0.0,0.0
1983-08-04 00:00:00-04:00,0.3476505691634129,0.3476505691634129,0.3413007557392121,0.34130075573921204,5699869,0.0,0.0
1983-08-05 00:00:00-04:00,0.3413007557392121,0.3413007557392121,0.33495094231501127,0.34130075573921204,5121225,0.0,0.0
1983-08-08 00:00:00-04:00,0.3413007557392121,0.3413007557392121,0.3413007557392121,0.34130075573921204,2838544,0.0,0.0
1983-08-09 00:00:00-04:00,0.3413007557392121,0.3476505691634129,0.3413007557392121,0.34130075573921204,441956,0.0,0.0
1983-08-10 00:00:00-04:00,0.3413007557392121,0.3413007557392121,0.3413007557392121,0.34130075573921204,587756,0.0,0.0
1983-08-11 00:00:00-04:00,0.3413007557392121,0.3476505691634129,0.3413007557392121,0.34130075573921204,218700,0.0,0.0
1983-08-12 00:00:00-04:00,0.3413006275086308,0.3476504385471344,0.3413006275086308,0.3476504385471344,396394,0.0,0.0
1983-08-15 00:00:00-04:00,0.3524126410484314,0.3651122671438234,0.3524126410484314,0.3524126410484314,874800,0.0,0.0
1983-08-16 00:00:00-04:00,0.3762246966361999,0.38733656585192583,0.3762246966361999,0.37622469663619995,2533275,0.0,0.0
1983-08-17 00:00:00-04:00,0.37622462061039685,0.37622462061039685,0.3698747754096985,0.3698747754096985,1822500,0.0,0.0
1983-08-18 00:00:00-04:00,0.36987486936356867,0.37622471617722514,0.3587624132633209,0.3587624132633209,9978188,0.0,0.0
1983-08-19 00:00:00-04:00,0.3587624540961274,0.3587624540961274,0.347650548549875,0.3524126410484314,1863506,0.0,0.0
1983-08-22 00:00:00-04:00,0.35241252953888114,0.35241252953888114,0.3476504385471344,0.3476504385471344,355388,0.0,0.0
1983-08-23 00:00:00-04:00,0.3524126410484314,0.3524126410484314,0.3524126410484314,0.3524126410484314,1749600,0.0,0.0
1983-08-24 00:00:00-04:00,0.3524126619443321,0.3587624753685329,0.3413007557392121,0.34130075573921204,965925,0.0,0.0
1983-08-25 00:00:00-04:00,0.3476504385471344,0.3476504385471344,0.3476504385471344,0.3476504385471344,3171150,0.0,0.0
1983-08-26 00:00:00-04:00,0.3476504385471344,0.3476504385471344,0.3413006275086308,0.3476504385471344,1717706,0.0,0.0
1983-08-29 00:00:00-04:00,0.3476504385471344,0.35241252953888114,0.3476504385471344,0.3476504385471344,2205225,0.0,0.0
1983-08-30 00:00:00-04:00,0.3476504385471344,0.3476504385471344,0.3476504385471344,0.3476504385471344,2287238,0.0,0.0
1983-08-31 00:00:00-04:00,0.3476504385471344,0.3476504385471344,0.3476504385471344,0.3476504385471344,1799719,0.0,0.0
1983-09-01 00:00:00-04:00,0.3476504385471344,0.3476504385471344,0.3476504385471344,0.3476504385471344,596869,0.0,0.0
1983-09-02 00:00:00-04:00,0.347650548549875,0.3524126410484314,0.341300735502179,0.3524126410484314,1202850,0.0,0.0
1983-09-06 00:00:00-04:00,0.3698747754096985,0.37622462061039685,0.3698747754096985,0.3698747754096985,3840919,0.0,0.0
1983-09-07 00:00:00-04:00,0.3698747754096985,0.37622462061039685,0.3698747754096985,0.3698747754096985,1644806,0.0,0.0
1983-09-08 00:00:00-04:00,0.3698747754096985,0.37622462061039685,0.3698747754096985,0.3698747754096985,437400,0.0,0.0
1983-09-09 00:00:00-04:00,0.36987488911240873,0.37622473626510455,0.3587624324188303,0.3651122450828552,3075469,0.0,0.0
1983-09-12 00:00:00-04:00,0.3651122450828552,0.36987488911240873,0.3651122450828552,0.3651122450828552,2442150,0.0,0.0
1983-09-13 00:00:00-04:00,0.3698747754096985,0.3698747754096985,0.3698747754096985,0.3698747754096985,2856769,0.0,0.0
1983-09-14 00:00:00-04:00,0.36987488911240873,0.36987488911240873,0.3651122450828552,0.3651122450828552,1070719,0.0,0.0
1983-09-15 00:00:00-04:00,0.3651122450828552,0.36987488911240873,0.3651122450828552,0.3651122450828552,710775,0.0,0.0
1983-09-16 00:00:00-04:00,0.36511220662446336,0.3825745086313796,0.36511220662446336,0.37622469663619995,3754350,0.0,0.0
1983-09-19 00:00:00-04:00,0.39368641376495356,0.39368641376495356,0.39368641376495356,0.3936864137649536,2369250,0.0,0.0
1983-09-20 00:00:00-04:00,0.4000362455844879,0.4000362455844879,0.4000362455844879,0.4000362455844879,6565556,0.0,0.0
1983-09-21 00:00:00-04:00,0.4000363295812475,0.4000363295812475,0.38733670115470886,0.38733670115470886,838350,0.0,0.0
1983-09-22 00:00:00-04:00,0.38733670115470886,0.4000363295812475,0.38733670115470886,0.38733670115470886,2041200,0.0,0.0
1983-09-23 00:00:00-04:00,0.38733661982452616,0.40479833795726505,0.38733661982452616,0.4000362455844879,583200,0.0,0.0
1983-09-26 00:00:00-04:00,0.4000363295812475,0.4000363295812475,0.38733670115470886,0.38733670115470886,1330425,0.0,0.0
1983-09-27 00:00:00-04:00,0.39368641376495356,0.39368641376495356,0.39368641376495356,0.3936864137649536,965925,0.0,0.0
1983-09-28 00:00:00-04:00,0.3936865153679782,0.3936865153679782,0.38733670115470886,0.38733670115470886,601425,0.0,0.0
1983-09-29 00:00:00-04:00,0.38733656585192583,0.3936863778471055,0.3762246966361999,0.37622469663619995,3020794,0.0,0.0
1983-09-30 00:00:00-04:00,0.37622462061039685,0.3825744313224349,0.3651121328442225,0.3698747754096985,6456206,0.0,0.0
1983-10-03 00:00:00-04:00,0.36987488911240873,0.36987488911240873,0.3651122450828552,0.3651122450828552,4670156,0.0,0.0
1983-10-04 00:00:00-04:00,0.3651122450828552,0.36987488911240873,0.3651122450828552,0.3651122450828552,961369,0.0,0.0
1983-10-05 00:00:00-04:00,0.3651122450828552,0.36987488911240873,0.3651122450828552,0.3651122450828552,1558238,0.0,0.0
1983-10-06 00:00:00-04:00,0.3698747754096985,0.3698747754096985,0.3698747754096985,0.3698747754096985,487519,0.0,0.0
1983-10-07 00:00:00-04:00,0.3698747754096985,0.3698747754096985,0.3651121328442225,0.3698747754096985,218700,0.0,0.0
1983-10-10 00:00:00-04:00,0.3762246966361999,0.3762246966361999,0.3762246966361999,0.37622469663619995,419175,0.0,0.0
1983-10-11 00:00:00-04:00,0.37622462061039685,0.37622462061039685,0.3698747754096985,0.3698747754096985,5923125,0.0,0.0
1983-10-12 00:00:00-04:00,0.36987486936356867,0.36987486936356867,0.3587624132633209,0.3587624132633209,1936406,0.0,0.0
1983-10-13 00:00:00-04:00,0.3651122450828552,0.3651122450828552,0.3651122450828552,0.3651122450828552,2970675,0.0,0.0
1983-10-14 00:00:00-04:00,0.3651122450828552,0.3651122450828552,0.3587624324188303,0.3651122450828552,1330425,0.0,0.0
1983-10-17 00:00:00-04:00,0.3651122450828552,0.3651122450828552,0.3651122450828552,0.3651122450828552,2200669,0.0,0.0
1983-10-18 00:00:00-04:00,0.36511215161588834,0.36511215161588834,0.3476504385471344,0.3476504385471344,4077844,0.0,0.0
1983-10-19 00:00:00-04:00,0.34765025805687266,0.3524123465762766,0.3174889385700226,0.3174889385700226,4538025,0.0,0.0
1983-10-20 00:00:00-04:00,0.31748898974390255,0.33018860727459015,0.3127263486385345,0.31272634863853455,8506519,0.0,0.0
1983-10-21 00:00:00-04:00,0.3127266275291556,0.3127266275291556,0.271453368320865,0.284153014421463,9117056,0.0,0.0
1983-10-24 00:00:00-04:00,0.29526472091674805,0.30161453138308686,0.29526472091674805,0.29526472091674805,4911638,0.0,0.0
1983-10-25 00:00:00-04:00,0.30161458253860474,0.31272648545223153,0.30161458253860474,0.30161458253860474,3608550,0.0,0.0
1983-10-26 00:00:00-04:00,0.30161453138308686,0.30637662194573406,0.29526472091674805,0.29526472091674805,1717706,0.0,0.0
1983-10-27 00:00:00-04:00,0.30161458253860474,0.30161458253860474,0.30161458253860474,0.30161458253860474,2132325,0.0,0.0
1983-10-28 00:00:00-04:00,0.3016147891021756,0.3016147891021756,0.2841530799307721,0.28891515731811523,1348650,0.0,0.0
1983-10-31 00:00:00-05:00,0.2889148500084121,0.2889148500084121,0.2714531421661377,0.2714531421661377,1489894,0.0,0.0
1983-11-01 00:00:00-05:00,0.2714532727597203,0.2714532727597203,0.26669061183929443,0.26669061183929443,4082400,0.0,0.0
1983-11-02 00:00:00-05:00,0.2778030037879944,0.2778030037879944,0.2778030037879944,0.2778030037879944,13723425,0.0,0.0
1983-11-03 00:00:00-05:00,0.28891515731811523,0.28891515731811523,0.28891515731811523,0.28891515731811523,5048325,0.0,0.0
1983-11-04 00:00:00-05:00,0.28891515731811523,0.28891515731811523,0.2841530799307721,0.28891515731811523,1658475,0.0,0.0
1983-11-07 00:00:00-05:00,0.29526472091674805,0.30161453138308686,0.29526472091674805,0.29526472091674805,2241675,0.0,0.0
1983-11-08 00:00:00-05:00,0.2952649732101454,0.3016147891021756,0.28891515731811523,0.28891515731811523,637875,0.0,0.0
1983-11-09 00:00:00-05:00,0.30637669563293457,0.30637669563293457,0.30637669563293457,0.30637669563293457,1790606,0.0,0.0
1983-11-10 00:00:00-05:00,0.3127263486385345,0.31748898974390255,0.3127263486385345,0.31272634863853455,1458000,0.0,0.0
1983-11-11 00:00:00-05:00,0.312726343840928,0.3301886022090912,0.312726343840928,0.3301886022090912,2966119,0.0,0.0
1983-11-14 00:00:00-05:00,0.3413007557392121,0.3476505691634129,0.3413007557392121,0.34130075573921204,5385488,0.0,0.0
1983-11-15 00:00:00-05:00,0.3413007557392121,0.3413007557392121,0.3413007557392121,0.34130075573921204,2182444,0.0,0.0
1983-11-16 00:00:00-05:00,0.3413007557392121,0.3413007557392121,0.3413007557392121,0.34130075573921204,1512675,0.0,0.0
1983-11-17 00:00:00-05:00,0.34130045031501116,0.34130045031501116,0.3174889385700226,0.3174889385700226,2966119,0.0,0.0
1983-11-18 00:00:00-05:00,0.3174891286411929,0.32383894018449516,0.30161458253860474,0.30161458253860474,5458388,0.0,0.0
1983-11-21 00:00:00-05:00,0.3127263486385345,0.3127263486385345,0.3127263486385345,0.31272634863853455,5025544,0.0,0.0
1983-11-22 00:00:00-05:00,0.31272650762647786,0.31272650762647786,0.30637669563293457,0.30637669563293457,2879550,0.0,0.0
1983-11-23 00:00:00-05:00,0.3127263486385345,0.3127263486385345,0.3127263486385345,0.31272634863853455,783675,0.0,0.0
1983-11-25 00:00:00-05:00,0.3127263486385345,0.3127263486385345,0.3127263486385345,0.31272634863853455,355388,0.0,0.0
1983-11-28 00:00:00-05:00,0.3127263486385345,0.31748898974390255,0.3127263486385345,0.31272634863853455,1653919,0.0,0.0
1983-11-29 00:00:00-05:00,0.3174889385700226,0.3174889385700226,0.3174889385700226,0.3174889385700226,1617469,0.0,0.0
1983-11-30 00:00:00-05:00,0.31748898974390255,0.31748898974390255,0.3127263486385345,0.31272634863853455,8492850,0.0,0.0
1983-12-01 00:00:00-05:00,0.3127263486385345,0.31748898974390255,0.3127263486385345,0.31272634863853455,874800,0.0,0.0
1983-12-02 00:00:00-05:00,0.3127263486385345,0.31748898974390255,0.3127263486385345,0.31272634863853455,856575,0.0,0.0
1983-12-05 00:00:00-05:00,0.31272650762647786,0.31272650762647786,0.30637669563293457,0.30637669563293457,615094,0.0,0.0
1983-12-06 00:00:00-05:00,0.30637669563293457,0.31272650762647786,0.30637669563293457,0.30637669563293457,1234744,0.0,0.0
1983-12-07 00:00:00-05:00,0.30637669563293457,0.30637669563293457,0.30637669563293457,0.30637669563293457,2200669,0.0,0.0
1983-12-08 00:00:00-05:00,0.30637667390892925,0.30637667390892925,0.30161458253860474,0.30161458253860474,2583394,0.0,0.0
1983-12-09 00:00:00-05:00,0.30161453138308686,0.30161453138308686,0.29526472091674805,0.29526472091674805,997819,0.0,0.0
1983-12-12 00:00:00-05:00,0.29526472091674805,0.30161453138308686,0.29526472091674805,0.29526472091674805,3973050,0.0,0.0
1983-12-13 00:00:00-05:00,0.30637669563293457,0.30637669563293457,0.30637669563293457,0.30637669563293457,1057050,0.0,0.0
1983-12-14 00:00:00-05:00,0.30637669563293457,0.30637669563293457,0.30637669563293457,0.30637669563293457,11627550,0.0,0.0
1983-12-15 00:00:00-05:00,0.30637669563293457,0.30637669563293457,0.30637669563293457,0.30637669563293457,364500,0.0,0.0
1983-12-16 00:00:00-05:00,0.30637649049045057,0.3174889385700226,0.30637649049045057,0.3174889385700226,1786050,0.0,0.0
1983-12-19 00:00:00-05:00,0.3174889385700226,0.3174889385700226,0.3174889385700226,0.3174889385700226,1909069,0.0,0.0
1983-12-20 00:00:00-05:00,0.31748898974390255,0.31748898974390255,0.3127263486385345,0.31272634863853455,765450,0.0,0.0
1983-12-21 00:00:00-05:00,0.3174889385700226,0.3174889385700226,0.3174889385700226,0.3174889385700226,5166788,0.0,0.0
1983-12-22 00:00:00-05:00,0.3174889385700226,0.32383874631188414,0.3174889385700226,0.3174889385700226,893025,0.0,0.0
1983-12-23 00:00:00-05:00,0.31748928357314765,0.3301889128570587,0.31748928357314765,0.32383909821510315,947700,0.0,0.0
1983-12-27 00:00:00-05:00,0.3301886022090912,0.33495069142300743,0.3301886022090912,0.3301886022090912,1075275,0.0,0.0
1983-12-28 00:00:00-05:00,0.33495086431503296,0.34130067626055366,0.33495086431503296,0.33495086431503296,5025544,0.0,0.0
1983-12-29 00:00:00-05:00,0.33495086431503296,0.34130067626055366,0.33495086431503296,0.33495086431503296,2018419,0.0,0.0
1983-12-30 00:00:00-05:00,0.33495086431503296,0.34130067626055366,0.33495086431503296,0.33495086431503296,1567350,0.0,0.0
1984-01-03 00:00:00-05:00,0.3349506425731496,0.3349506425731496,0.3174889385700226,0.3174889385700226,4624594,0.0,0.0
1984-01-04 00:00:00-05:00,0.3127263486385345,0.3127263486385345,0.3127263486385345,0.31272634863853455,2583394,0.0,0.0
1984-01-05 00:00:00-05:00,0.3301886022090912,0.3301886022090912,0.3301886022090912,0.3301886022090912,3900150,0.0,0.0
1984-01-06 00:00:00-05:00,0.3301886022090912,0.3301886022090912,0.32383879354116124,0.3301886022090912,1827056,0.0,0.0
1984-01-09 00:00:00-05:00,0.3301886022090912,0.3301886022090912,0.3301886022090912,0.3301886022090912,3020794,0.0,0.0
1984-01-10 00:00:00-05:00,0.33018855405374564,0.33018855405374564,0.3174889385700226,0.3174889385700226,2455819,0.0,0.0
1984-01-11 00:00:00-05:00,0.31748898974390255,0.31748898974390255,0.3127263486385345,0.31272634863853455,1886288,0.0,0.0
1984-01-12 00:00:00-05:00,0.3127263486385345,0.3127263486385345,0.3127263486385345,0.31272634863853455,2045756,0.0,0.0
1984-01-13 00:00:00-05:00,0.31272648545223153,0.31272648545223153,0.30161458253860474,0.30161458253860474,3280500,0.0,0.0
1984-01-16 00:00:00-05:00,0.3016147891021756,0.3063768837338629,0.28891515731811523,0.28891515731811523,4825069,0.0,0.0
1984-01-17 00:00:00-05:00,0.30161458253860474,0.30637667390892925,0.30161458253860474,0.30161458253860474,3950269,0.0,0.0
1984-01-18 00:00:00-05:00,0.30161458253860474,0.30637667390892925,0.30161458253860474,0.30161458253860474,874800,0.0,0.0
1984-01-19 00:00:00-05:00,0.30161458253860474,0.30637667390892925,0.30161458253860474,0.30161458253860474,619650,0.0,0.0
1984-01-20 00:00:00-05:00,0.30161453138308686,0.30161453138308686,0.29526472091674805,0.29526472091674805,1184625,0.0,0.0
1984-01-23 00:00:00-05:00,0.2952649732101454,0.3016147891021756,0.28891515731811523,0.28891515731811523,7686394,0.0,0.0
1984-01-24 00:00:00-05:00,0.28891509071094584,0.2952649051390747,0.284153014421463,0.284153014421463,1676700,0.0,0.0
1984-01-25 00:00:00-05:00,0.28415277768633657,0.28415277768633657,0.2714531421661377,0.2714531421661377,2710969,0.0,0.0
1984-01-26 00:00:00-05:00,0.2666906083840753,0.2666906083840753,0.249228909611702,0.24922890961170197,5508506,0.0,0.0
1984-01-27 00:00:00-05:00,0.24922890841587222,0.24922890841587222,0.214304907487007,0.2317671924829483,27137025,0.0,0.0
1984-01-30 00:00:00-05:00,0.2317671924829483,0.24922890841587222,0.2317671924829483,0.2317671924829483,7399350,0.0,0.0
1984-01-31 00:00:00-05:00,0.24287927150726316,0.24287927150726316,0.24287927150726316,0.24287927150726318,2724638,0.0,0.0
1984-02-01 00:00:00-05:00,0.24287916459622658,0.2492289961560314,0.2365293502807617,0.23652935028076172,5631525,0.0,0.0
1984-02-02 00:00:00-05:00,0.2365293502807617,0.24287916459622658,0.2365293502807617,0.23652935028076172,3020794,0.0,0.0
1984-02-03 00:00:00-05:00,0.23652927393771803,0.23652927393771803,0.22065472602844238,0.22065472602844238,5020988,0.0,0.0
1984-02-06 00:00:00-05:00,0.22065464452479788,0.22541730374093877,0.21430483460426328,0.2143048346042633,3567544,0.0,0.0
1984-02-07 00:00:00-05:00,0.22065472602844238,0.22065472602844238,0.22065472602844238,0.22065472602844238,4446900,0.0,0.0
1984-02-08 00:00:00-05:00,0.22065472602844238,0.22541738700377617,0.22065472602844238,0.22065472602844238,6451650,0.0,0.0
1984-02-09 00:00:00-05:00,0.2317671924829483,0.2317671924829483,0.2317671924829483,0.2317671924829483,5349038,0.0,0.0
1984-02-10 00:00:00-05:00,0.2317671924829483,0.2317671924829483,0.2254173804029124,0.2317671924829483,15053850,0.0,0.0
1984-02-13 00:00:00-05:00,0.24287927150726316,0.24287927150726316,0.24287927150726316,0.24287927150726318,3175706,0.0,0.0
1984-02-14 00:00:00-05:00,0.24287927150726316,0.24287927150726316,0.24287927150726316,0.24287927150726318,2533275,0.0,0.0
1984-02-15 00:00:00-05:00,0.24287927150726316,0.24922910586214952,0.24287927150726316,0.24287927150726318,1690369,0.0,0.0
1984-02-16 00:00:00-05:00,0.24287907909150244,0.24922890841587222,0.2317671924829483,0.2317671924829483,3822694,0.0,0.0
1984-02-17 00:00:00-05:00,0.2317671924829483,0.2317671924829483,0.2317671924829483,0.2317671924829483,4374000,0.0,0.0
1984-02-21 00:00:00-05:00,0.2317671924829483,0.2317671924829483,0.2317671924829483,0.2317671924829483,893025,0.0,0.0
1984-02-22 00:00:00-05:00,0.23176719926975267,0.23176719926975267,0.22065472602844238,0.22065472602844238,8565750,0.0,0.0
1984-02-23 00:00:00-05:00,0.22065464452479788,0.22065464452479788,0.21430483460426328,0.2143048346042633,1717706,0.0,0.0
1984-02-24 00:00:00-05:00,0.21430495024203877,0.21430495024203877,0.19684323082540456,0.20795513689517975,31378894,0.0,0.0
1984-02-27 00:00:00-05:00,0.21430483460426328,0.21430483460426328,0.21430483460426328,0.2143048346042633,5576850,0.0,0.0
1984-02-28 00:00:00-05:00,0.21430495024203877,0.21430495024203877,0.20795513689517972,0.20795513689517975,1166400,0.0,0.0
1984-02-29 00:00:00-05:00,0.20795513689517972,0.20795513689517972,0.20795513689517972,0.20795513689517975,4410450,0.0,0.0
1984-03-01 00:00:00-05:00,0.20795511160066085,0.20795511160066085,0.19684320688247678,0.1968432068824768,1020600,0.0,0.0
1984-03-02 00:00:00-05:00,0.19684328099813314,0.2079551899001858,0.19684328099813314,0.20319311320781708,5212350,0.0,0.0
1984-03-05 00:00:00-05:00,0.2031930367013147,0.2031930367013147,0.19684320688247678,0.1968432068824768,2091319,0.0,0.0
1984-03-06 00:00:00-05:00,0.19684320688247678,0.19684320688247678,0.19684320688247678,0.1968432068824768,19300275,0.0,0.0
1984-03-07 00:00:00-05:00,0.19684313908430515,0.19684313908430515,0.1793814450502396,0.17938144505023956,7230769,0.0,0.0
1984-03-08 00:00:00-05:00,0.19684320688247678,0.19684320688247678,0.19684320688247678,0.1968432068824768,14958169,0.0,0.0
1984-03-09 00:00:00-05:00,0.19684320688247678,0.2031930367013147,0.1904933943079741,0.1968432068824768,8205806,0.0,0.0
1984-03-12 00:00:00-05:00,0.19684320688247678,0.2031930367013147,0.19684320688247678,0.1968432068824768,3585769,0.0,0.0
1984-03-13 00:00:00-05:00,0.21430483460426328,0.21430483460426328,0.21430483460426328,0.2143048346042633,13099219,0.0,0.0
1984-03-14 00:00:00-05:00,0.22065472602844238,0.22541738700377617,0.22065472602844238,0.22065472602844238,6711356,0.0,0.0
1984-03-15 00:00:00-05:00,0.2317671924829483,0.24287907909150244,0.2317671924829483,0.2317671924829483,4957200,0.0,0.0
1984-03-16 00:00:00-05:00,0.2317672740757719,0.2492289961560314,0.2317672740757719,0.23652935028076172,7982550,0.0,0.0
1984-03-19 00:00:00-05:00,0.23652926701146654,0.23652926701146654,0.2317671924829483,0.2317671924829483,6232950,0.0,0.0
1984-03-20 00:00:00-05:00,0.2317671924829483,0.2317671924829483,0.2317671924829483,0.2317671924829483,3991275,0.0,0.0
1984-03-21 00:00:00-05:00,0.2365293502807617,0.2365293502807617,0.2365293502807617,0.23652935028076172,1508119,0.0,0.0
1984-03-22 00:00:00-05:00,0.23652926701146654,0.23652926701146654,0.2317671924829483,0.2317671924829483,2205225,0.0,0.0
1984-03-23 00:00:00-05:00,0.2317671924829483,0.2317671924829483,0.2206547195670429,0.2317671924829483,3745238,0.0,0.0
1984-03-26 00:00:00-05:00,0.23176711366147337,0.23176711366147337,0.21430483460426328,0.2143048346042633,5968688,0.0,0.0
1984-03-27 00:00:00-05:00,0.22065472602844238,0.22065472602844238,0.22065472602844238,0.22065472602844238,1348650,0.0,0.0
1984-03-28 00:00:00-05:00,0.22065464452479788,0.22065464452479788,0.21430483460426328,0.2143048346042633,3603994,0.0,0.0
1984-03-29 00:00:00-05:00,0.22065472602844238,0.22065472602844238,0.22065472602844238,0.22065472602844238,8306044,0.0,0.0
1984-03-30 00:00:00-05:00,0.22065472602844238,0.22065472602844238,0.21430491376246588,0.22065472602844238,5449275,0.0,0.0
1984-04-02 00:00:00-05:00,0.22065472602844238,0.22541738700377617,0.22065472602844238,0.22065472602844238,3572100,0.0,0.0
1984-04-03 00:00:00-05:00,0.22065472602844238,0.22065472602844238,0.22065472602844238,0.22065472602844238,492075,0.0,0.0
1984-04-04 00:00:00-05:00,0.2317671924829483,0.23652926701146654,0.2317671924829483,0.2317671924829483,5303475,0.0,0.0
1984-04-05 00:00:00-05:00,0.23176719926975267,0.23176719926975267,0.22065472602844238,0.22065472602844238,1676700,0.0,0.0
1984-04-06 00:00:00-05:00,0.22065462731297106,0.22541728615760803,0.21430481788774364,0.22541728615760803,4692938,0.0,0.0
1984-04-09 00:00:00-05:00,0.22541738700377617,0.22541738700377617,0.22065472602844238,0.22065472602844238,2132325,0.0,0.0
1984-04-10 00:00:00-05:00,0.22541728615760803,0.22541728615760803,0.22541728615760803,0.22541728615760803,1644806,0.0,0.0
1984-04-11 00:00:00-05:00,0.22541738700377617,0.22541738700377617,0.22065472602844238,0.22065472602844238,3111919,0.0,0.0
1984-04-12 00:00:00-05:00,0.2317671924829483,0.2317671924829483,0.2317671924829483,0.2317671924829483,2164219,0.0,0.0
1984-04-13 00:00:00-05:00,0.2317672740757719,0.2365293502807617,0.2317672740757719,0.23652935028076172,2218894,0.0,0.0
1984-04-16 00:00:00-05:00,0.2365293502807617,0.2365293502807617,0.2365293502807617,0.23652935028076172,1567350,0.0,0.0
1984-04-17 00:00:00-05:00,0.24287927150726316,0.24287927150726316,0.24287927150726316,0.24287927150726318,15873975,0.0,0.0
1984-04-18 00:00:00-05:00,0.24287927150726316,0.24922910586214952,0.24287927150726316,0.24287927150726318,4519800,0.0,0.0
1984-04-19 00:00:00-05:00,0.24287916459622658,0.24287916459622658,0.2365293502807617,0.23652935028076172,5216906,0.0,0.0
1984-04-23 00:00:00-05:00,0.23652926701146654,0.23652926701146654,0.2317671924829483,0.2317671924829483,1330425,0.0,0.0
1984-04-24 00:00:00-05:00,0.2317671924829483,0.2317671924829483,0.2254173804029124,0.2317671924829483,2565169,0.0,0.0
1984-04-25 00:00:00-05:00,0.2317671924829483,0.2317671924829483,0.2254173804029124,0.2317671924829483,619650,0.0,0.0
1984-04-26 00:00:00-05:00,0.23176737609555428,0.24287927150726316,0.23176737609555428,0.24287927150726318,3394406,0.0,0.0
1984-04-27 00:00:00-05:00,0.242879080256865,0.249228909611702,0.242879080256865,0.24922890961170197,1293975,0.0,0.0
1984-04-30 00:00:00-04:00,0.249228909611702,0.249228909611702,0.249228909611702,0.24922890961170197,1767825,0.0,0.0
1984-05-01 00:00:00-04:00,0.24922910586214952,0.24922910586214952,0.24287927150726316,0.24287927150726318,1899956,0.0,0.0
1984-05-02 00:00:00-04:00,0.242879080256865,0.249228909611702,0.242879080256865,0.24922890961170197,893025,0.0,0.0
1984-05-03 00:00:00-04:00,0.2492289961560314,0.2492289961560314,0.2365293502807617,0.23652935028076172,865688,0.0,0.0
1984-05-04 00:00:00-04:00,0.2365293502807617,0.24287916459622658,0.2365293502807617,0.23652935028076172,400950,0.0,0.0
1984-05-07 00:00:00-04:00,0.23652945439672432,0.24287927150726316,0.23652945439672432,0.24287927150726318,619650,0.0,0.0
1984-05-08 00:00:00-04:00,0.24287927150726316,0.24287927150726316,0.23652945439672432,0.24287927150726318,1129950,0.0,0.0
1984-05-09 00:00:00-04:00,0.24287907909150244,0.24287907909150244,0.2317671924829483,0.2317671924829483,742669,0.0,0.0
1984-05-10 00:00:00-04:00,0.2317672740757719,0.2365293502807617,0.2317672740757719,0.23652935028076172,2068538,0.0,0.0
1984-05-11 00:00:00-04:00,0.23652926701146654,0.23652926701146654,0.2317671924829483,0.2317671924829483,1362319,0.0,0.0
1984-05-14 00:00:00-04:00,0.2317672740757719,0.2365293502807617,0.2317672740757719,0.23652935028076172,469294,0.0,0.0
1984-05-15 00:00:00-04:00,0.24287927150726316,0.24287927150726316,0.24287927150726316,0.24287927150726318,5850225,0.0,0.0
1984-05-16 00:00:00-04:00,0.242879080256865,0.2539909841630692,0.242879080256865,0.24922890961170197,1927294,0.0,0.0
1984-05-17 00:00:00-04:00,0.24922890356668453,0.2539909780025482,0.24922890356668453,0.2539909780025482,2004750,0.0,0.0
1984-05-18 00:00:00-04:00,0.25399098745375315,0.26669061183929443,0.25399098745375315,0.26669061183929443,2250788,0.0,0.0
1984-05-21 00:00:00-04:00,0.26669060191552646,0.27145326265873,0.2539909780025482,0.2539909780025482,984150,0.0,0.0
1984-05-22 00:00:00-04:00,0.2539909841630692,0.26034079627357226,0.242879080256865,0.24922890961170197,1234744,0.0,0.0
1984-05-23 00:00:00-04:00,0.24922910586214952,0.24922910586214952,0.24287927150726316,0.24287927150726318,1061606,0.0,0.0
1984-05-24 00:00:00-04:00,0.24287916459622658,0.24287916459622658,0.2365293502807617,0.23652935028076172,551306,0.0,0.0
1984-05-25 00:00:00-04:00,0.2365293502807617,0.2365293502807617,0.2365293502807617,0.23652935028076172,419175,0.0,0.0
1984-05-29 00:00:00-04:00,0.242879080256865,0.249228909611702,0.242879080256865,0.24922890961170197,578644,0.0,0.0
1984-05-30 00:00:00-04:00,0.249228909611702,0.2539909841630692,0.242879080256865,0.24922890961170197,1822500,0.0,0.0
1984-05-31 00:00:00-04:00,0.24922890356668453,0.2539909780025482,0.24922890356668453,0.2539909780025482,1963744,0.0,0.0
1984-06-01 00:00:00-04:00,0.2539909392302615,0.266690561204614,0.2539909392302615,0.26034075021743774,4984538,0.0,0.0
1984-06-04 00:00:00-04:00,0.26034067439904607,0.2714531421661377,0.26034067439904607,0.2714531421661377,3963938,0.0,0.0
1984-06-05 00:00:00-04:00,0.26669061183929443,0.26669061183929443,0.26669061183929443,0.26669061183929443,2642625,0.0,0.0
1984-06-06 00:00:00-04:00,0.26669061183929443,0.26669061183929443,0.26669061183929443,0.26669061183929443,2911444,0.0,0.0
1984-06-07 00:00:00-04:00,0.26669061183929443,0.26669061183929443,0.26669061183929443,0.26669061183929443,2296350,0.0,0.0
1984-06-08 00:00:00-04:00,0.26669048353698255,0.2778029513040742,0.26669048353698255,0.2714531421661377,1339538,0.0,0.0
1984-06-11 00:00:00-04:00,0.2714531421661377,0.2778029513040742,0.2714531421661377,0.2714531421661377,783675,0.0,0.0
1984-06-12 00:00:00-04:00,0.26669061183929443,0.26669061183929443,0.26669061183929443,0.26669061183929443,619650,0.0,0.0
1984-06-13 00:00:00-04:00,0.26669061183929443,0.26669061183929443,0.26669061183929443,0.26669061183929443,610538,0.0,0.0
1984-06-14 00:00:00-04:00,0.26669061183929443,0.26669061183929443,0.26669061183929443,0.26669061183929443,1622025,0.0,0.0
1984-06-15 00:00:00-04:00,0.26669048353698255,0.2714531421661377,0.26669048353698255,0.2714531421661377,724444,0.0,0.0
1984-06-18 00:00:00-04:00,0.2714531421661377,0.2714531421661377,0.26669048353698255,0.2714531421661377,1148175,0.0,0.0
1984-06-19 00:00:00-04:00,0.2714532727597203,0.2714532727597203,0.26669061183929443,0.26669061183929443,988706,0.0,0.0
1984-06-20 00:00:00-04:00,0.26034075021743774,0.26034075021743774,0.24922886552133905,0.26034075021743774,1344094,0.0,0.0
1984-06-21 00:00:00-04:00,0.26034075021743774,0.266690561204614,0.2539909392302615,0.26034075021743774,5722650,0.0,0.0
1984-06-22 00:00:00-04:00,0.2603408912956852,0.28891509071094584,0.2603408912956852,0.284153014421463,4219088,0.0,0.0
1984-06-25 00:00:00-04:00,0.2841530799307721,0.28891515731811523,0.2841530799307721,0.28891515731811523,4738500,0.0,0.0
1984-06-26 00:00:00-04:00,0.28891509071094584,0.28891509071094584,0.284153014421463,0.284153014421463,3676894,0.0,0.0
1984-06-27 00:00:00-04:00,0.284153014421463,0.28891509071094584,0.284153014421463,0.284153014421463,3066356,0.0,0.0
1984-06-28 00:00:00-04:00,0.284153014421463,0.284153014421463,0.2778031827489939,0.284153014421463,6665794,0.0,0.0
1984-06-29 00:00:00-04:00,0.2841530799307721,0.28891515731811523,0.2841530799307721,0.28891515731811523,2515050,0.0,0.0
1984-07-02 00:00:00-04:00,0.28891509071094584,0.28891509071094584,0.284153014421463,0.284153014421463,564975,0.0,0.0
1984-07-03 00:00:00-04:00,0.284153014421463,0.284153014421463,0.2778031827489939,0.284153014421463,1640250,0.0,0.0
1984-07-05 00:00:00-04:00,0.28415283713209155,0.29526472091674805,0.28415283713209155,0.29526472091674805,3152925,0.0,0.0
1984-07-06 00:00:00-04:00,0.28891515731811523,0.28891515731811523,0.2841530799307721,0.28891515731811523,1489894,0.0,0.0
1984-07-09 00:00:00-04:00,0.2889149104504093,0.29526472091674805,0.2889149104504093,0.29526472091674805,4661044,0.0,0.0
1984-07-10 00:00:00-04:00,0.29526472091674805,0.29526472091674805,0.29526472091674805,0.29526472091674805,1257525,0.0,0.0
1984-07-11 00:00:00-04:00,0.29526472091674805,0.29526472091674805,0.29526472091674805,0.29526472091674805,697106,0.0,0.0
1984-07-12 00:00:00-04:00,0.2952649732101454,0.2952649732101454,0.28891515731811523,0.28891515731811523,1672144,0.0,0.0
1984-07-13 00:00:00-04:00,0.28891490459164765,0.28891490459164765,0.2778030037879944,0.2778030037879944,687994,0.0,0.0
1984-07-16 00:00:00-04:00,0.284153014421463,0.28891509071094584,0.284153014421463,0.284153014421463,2442150,0.0,0.0
1984-07-17 00:00:00-04:00,0.2841530799307721,0.28891515731811523,0.2841530799307721,0.28891515731811523,1275750,0.0,0.0
1984-07-18 00:00:00-04:00,0.28891515731811523,0.28891515731811523,0.28891515731811523,0.28891515731811523,328050,0.0,0.0
1984-07-19 00:00:00-04:00,0.28891509071094584,0.28891509071094584,0.284153014421463,0.284153014421463,287044,0.0,0.0
1984-07-20 00:00:00-04:00,0.28415283136989766,0.28415283136989766,0.2778030037879944,0.2778030037879944,469294,0.0,0.0
1984-07-23 00:00:00-04:00,0.2714531421661377,0.2714531421661377,0.26669048353698255,0.2714531421661377,560419,0.0,0.0
1984-07-24 00:00:00-04:00,0.266690561204614,0.266690561204614,0.24922886552133905,0.26034075021743774,2510494,0.0,0.0
1984-07-25 00:00:00-04:00,0.26034078995903737,0.26034078995903737,0.2539909780025482,0.2539909780025482,1202850,0.0,0.0
1984-07-26 00:00:00-04:00,0.2539909392302615,0.266690561204614,0.2539909392302615,0.26034075021743774,528525,0.0,0.0
1984-07-27 00:00:00-04:00,0.26669048353698255,0.2714531421661377,0.26669048353698255,0.2714531421661377,1858950,0.0,0.0
1984-07-30 00:00:00-04:00,0.2778030037879944,0.28415283136989766,0.2778030037879944,0.2778030037879944,924919,0.0,0.0
1984-07-31 00:00:00-04:00,0.2778032467943977,0.28891515731811523,0.2778032467943977,0.28891515731811523,1936406,0.0,0.0
1984-08-01 00:00:00-04:00,0.2889149104504093,0.29526472091674805,0.2889149104504093,0.29526472091674805,4351219,0.0,0.0
1984-08-02 00:00:00-04:00,0.295264791931405,0.30637669563293457,0.295264791931405,0.30637669563293457,3002569,0.0,0.0
1984-08-03 00:00:00-04:00,0.30637653517299807,0.3301886022090912,0.30637653517299807,0.3301886022090912,9732150,0.0,0.0
1984-08-06 00:00:00-04:00,0.33018884953409205,0.3524126619443321,0.33018884953409205,0.34130075573921204,14643788,0.0,0.0
1984-08-07 00:00:00-04:00,0.3413005000909374,0.3413005000909374,0.3301886022090912,0.3301886022090912,14598225,0.0,0.0
1984-08-08 00:00:00-04:00,0.33018855405374564,0.3349506425731496,0.30637649049045057,0.3174889385700226,5540400,0.0,0.0
1984-08-09 00:00:00-04:00,0.3174889385700226,0.32383874631188414,0.3127262982323121,0.3174889385700226,4920750,0.0,0.0
1984-08-10 00:00:00-04:00,0.31748915115314014,0.31748915115314014,0.30637669563293457,0.30637669563293457,6287625,0.0,0.0
1984-08-13 00:00:00-04:00,0.30637669563293457,0.30637669563293457,0.30161460392494827,0.30637669563293457,2733750,0.0,0.0
1984-08-14 00:00:00-04:00,0.30637669563293457,0.31748915115314014,0.30637669563293457,0.30637669563293457,1790606,0.0,0.0
1984-08-15 00:00:00-04:00,0.30637661573287506,0.30637661573287506,0.2666905339214799,0.2778030037879944,18206775,0.0,0.0
1984-08-16 00:00:00-04:00,0.2778031827489939,0.28891509071094584,0.271453368320865,0.284153014421463,3795356,0.0,0.0
1984-08-17 00:00:00-04:00,0.21430500486552806,0.21430500486552806,0.19049346603279088,0.20319311320781708,117113850,0.0,0.0
1984-08-20 00:00:00-04:00,0.2031930367013147,0.2031930367013147,0.18731848802072276,0.1968432068824768,35356500,0.0,0.0
1984-08-21 00:00:00-04:00,0.19684323082540456,0.2127177814368895,0.19684323082540456,0.20795513689517975,29287575,0.0,0.0
1984-08-22 00:00:00-04:00,0.21112994090593196,0.22065465629479414,0.21112994090593196,0.21589258313179016,25592456,0.0,0.0
1984-08-23 00:00:00-04:00,0.21906751138590633,0.22859222703042903,0.21906751138590633,0.22382956743240356,19947263,0.0,0.0
1984-08-24 00:00:00-04:00,0.22382965983808398,0.22382965983808398,0.21271777153015137,0.21271777153015137,12310988,0.0,0.0
1984-08-27 00:00:00-04:00,0.21271767800216942,0.21589258313179013,0.20795503577631122,0.21589258313179016,6898163,0.0,0.0
1984-08-28 00:00:00-04:00,0.21589256488761857,0.21589256488761857,0.20001802333667668,0.2063678503036499,15750956,0.0,0.0
1984-08-29 00:00:00-04:00,0.20636785885498926,0.21112993181289827,0.1984308809041977,0.1984308809041977,16862681,0.0,0.0
1984-08-30 00:00:00-04:00,0.19843101301325036,0.2016053338123368,0.18573136734237206,0.19366835057735443,14662013,0.0,0.0
1984-08-31 00:00:00-04:00,0.19208106142167153,0.19208106142167153,0.18096859172261934,0.18255634605884552,15053850,0.0,0.0
1984-09-04 00:00:00-04:00,0.1841436087897168,0.19525608420372007,0.1841436087897168,0.1952560842037201,10534050,0.0,0.0
1984-09-05 00:00:00-04:00,0.1984309847290246,0.20478021172973093,0.1984309847290246,0.20160530507564545,9417769,0.0,0.0
1984-09-06 00:00:00-04:00,0.2031929215058389,0.20954273048046587,0.2031929215058389,0.20478007197380066,12306431,0.0,0.0
1984-09-07 00:00:00-04:00,0.20478021172973093,0.20795513562815363,0.1984309847290246,0.20160530507564545,9795938,0.0,0.0
1984-09-10 00:00:00-04:00,0.20001811316972815,0.20001811316972815,0.19525605551471717,0.1968432068824768,2127769,0.0,0.0
1984-09-11 00:00:00-04:00,0.19684320688247678,0.2031930367013147,0.19684320688247678,0.1968432068824768,3840919,0.0,0.0
1984-09-12 00:00:00-04:00,0.1968432407619396,0.1968432407619396,0.18573135137557983,0.18573135137557983,5836556,0.0,0.0
1984-09-13 00:00:00-04:00,0.1857312723947869,0.19366825157231035,0.1857312723947869,0.18890617787837982,7262663,0.0,0.0
1984-09-14 00:00:00-04:00,0.1920811602056415,0.20001814255842093,0.1920811602056415,0.1952560842037201,6674906,0.0,0.0
1984-09-17 00:00:00-04:00,0.19525597591131513,0.1984308809041977,0.19366822163913083,0.1984308809041977,729000,0.0,0.0
1984-09-18 00:00:00-04:00,0.1984309909574609,0.20160531140371868,0.19525608420372007,0.1952560842037201,1476225,0.0,0.0
1984-09-19 00:00:00-04:00,0.19525595609855131,0.20001801132892294,0.1920810341835022,0.1920810341835022,1972856,0.0,0.0
1984-09-20 00:00:00-04:00,0.19208113198313062,0.1984309618019685,0.1904933943079741,0.1968432068824768,1544569,0.0,0.0
1984-09-21 00:00:00-04:00,0.19684310665820023,0.2016051791328983,0.18890612951277952,0.1920810341835022,2761088,0.0,0.0
1984-09-24 00:00:00-04:00,0.19208118155564138,0.1968432576839891,0.19049344347071975,0.19366835057735443,2442150,0.0,0.0
1984-09-25 00:00:00-04:00,0.19366822453024812,0.19366822453024812,0.18731841444969177,0.18731841444969177,1467113,0.0,0.0
1984-09-26 00:00:00-04:00,0.18731841827792997,0.18731841827792997,0.17144387550778165,0.17461878061294556,18074644,0.0,0.0
1984-09-27 00:00:00-04:00,0.1746188210869737,0.1746188210869737,0.16350693517475617,0.16668184101581573,5431050,0.0,0.0
1984-09-28 00:00:00-04:00,0.1666818498260186,0.17144392430782318,0.16350694381714495,0.17144392430782318,22421306,0.0,0.0
1984-10-01 00:00:00-04:00,0.17144397949183326,0.1730317175388336,0.16668190347722214,0.17303171753883362,8265038,0.0,0.0
1984-10-02 00:00:00-04:00,0.17303162122983598,0.17303162122983598,0.1523944352402717,0.15874424576759338,19163588,0.0,0.0
1984-10-03 00:00:00-04:00,0.15874427831585636,0.16985675079289295,0.15556937240122606,0.16509410738945007,17377538,0.0,0.0
1984-10-04 00:00:00-04:00,0.16826897040261776,0.17461878061294556,0.16826897040261776,0.17461878061294556,2328244,0.0,0.0
1984-10-05 00:00:00-04:00,0.17461883031669684,0.17620658509697326,0.17144392430782318,0.17144392430782318,2761088,0.0,0.0
1984-10-08 00:00:00-04:00,0.17144392430782318,0.17144392430782318,0.1666818498260186,0.17144392430782318,2328244,0.0,0.0
1984-10-09 00:00:00-04:00,0.17144392430782318,0.17620658509697326,0.17144392430782318,0.17144392430782318,2414813,0.0,0.0
1984-10-10 00:00:00-04:00,0.16826896369457242,0.16985670071528414,0.1635068907580916,0.16826896369457245,6091706,0.0,0.0
1984-10-11 00:00:00-04:00,0.1635069389636324,0.16509410738945007,0.16191918423048662,0.16509410738945007,6497213,0.0,0.0
1984-10-12 00:00:00-04:00,0.16191918903686855,0.17144392430782318,0.16191918903686855,0.17144392430782318,3326063,0.0,0.0
1984-10-15 00:00:00-04:00,0.1730317175388336,0.174618886522639,0.17144397949183326,0.17303171753883362,2287238,0.0,0.0
1984-10-16 00:00:00-04:00,0.17461878148073534,0.1841435140878902,0.17461878148073534,0.18255634605884552,3658669,0.0,0.0
1984-10-17 00:00:00-04:00,0.18255644454188283,0.18573135137557983,0.18255644454188283,0.18573135137557983,2706413,0.0,0.0
1984-10-18 00:00:00-04:00,0.18573134070526534,0.18731850949935078,0.18255643405396754,0.18414360284805298,1180069,0.0,0.0
1984-10-19 00:00:00-04:00,0.19366823558089616,0.19684314080233342,0.19049333035945892,0.19049333035945892,11390625,0.0,0.0
1984-10-22 00:00:00-04:00,0.19208118155564138,0.1968432576839891,0.19049344347071975,0.19366835057735443,2100431,0.0,0.0
1984-10-23 00:00:00-04:00,0.19366820198747756,0.19366820198747756,0.1920810341835022,0.1920810341835022,3025350,0.0,0.0
1984-10-24 00:00:00-04:00,0.19366825157231035,0.19366825157231035,0.18890617787837982,0.18890617787837982,3727013,0.0,0.0
1984-10-25 00:00:00-04:00,0.18573134070526534,0.18890624735656314,0.18255643405396754,0.18414360284805298,6793369,0.0,0.0
1984-10-26 00:00:00-04:00,0.18255643405396754,0.18573134070526534,0.18255643405396754,0.18414360284805298,1872619,0.0,0.0
1984-10-29 00:00:00-05:00,0.18731850949935078,0.18731850949935078,0.18255643405396754,0.18414360284805298,2505938,0.0,0.0
1984-10-30 00:00:00-05:00,0.18255636691119398,0.19049334608871743,0.18255636691119398,0.18890617787837982,5194125,0.0,0.0
1984-10-31 00:00:00-05:00,0.18890619706841913,0.18890619706841913,0.17461881916507777,0.176206573843956,3918375,0.0,0.0
1984-11-01 00:00:00-05:00,0.1762065809911191,0.1762065809911191,0.16033203407231578,0.16350694000720978,11586544,0.0,0.0
1984-11-02 00:00:00-05:00,0.1635069389636324,0.16826901330408037,0.1523944664865958,0.16509410738945007,16548300,0.0,0.0
1984-11-05 00:00:00-05:00,0.16509405871597618,0.16826896369457242,0.1619191364930518,0.16826896369457245,9276525,0.0,0.0
1984-11-06 00:00:00-05:00,0.16826900940485462,0.17144391524591418,0.16191918047840276,0.16668184101581573,9148950,0.0,0.0
1984-11-07 00:00:00-05:00,0.16668179573668787,0.17620652791680474,0.16668179573668787,0.16826896369457245,5371819,0.0,0.0
1984-11-08 00:00:00-05:00,0.16985674498739184,0.17779372497119356,0.1682690075528462,0.176206573843956,2433038,0.0,0.0
1984-11-09 00:00:00-05:00,0.17779372497119356,0.18096863077730935,0.176206573843956,0.176206573843956,4014056,0.0,0.0
1984-11-12 00:00:00-05:00,0.18096871674060822,0.18414364129920116,0.17779380942635606,0.18096871674060822,7472250,0.0,0.0
1984-11-13 00:00:00-05:00,0.1841435199165844,0.19366823558089616,0.1841435199165844,0.19049333035945892,12634481,0.0,0.0
1984-11-14 00:00:00-05:00,0.1920811602056415,0.1984309909574609,0.1920811602056415,0.1952560842037201,9718481,0.0,0.0
1984-11-15 00:00:00-05:00,0.19525598996737956,0.19525598996737956,0.19049333035945892,0.19049333035945892,2701856,0.0,0.0
1984-11-16 00:00:00-05:00,0.18890617787837982,0.19366825157231035,0.18890617787837982,0.18890617787837982,2419369,0.0,0.0
1984-11-19 00:00:00-05:00,0.18890619706841913,0.18890619706841913,0.17303165079350763,0.176206573843956,2264456,0.0,0.0
1984-11-20 00:00:00-05:00,0.17461878148073534,0.18255634605884555,0.17461878148073534,0.18255634605884552,4255538,0.0,0.0
1984-11-21 00:00:00-05:00,0.18255647217369797,0.18414364129920116,0.17779380942635606,0.18096871674060822,4200863,0.0,0.0
1984-11-23 00:00:00-05:00,0.18255644454188283,0.18890625820927687,0.18255644454188283,0.18573135137557983,2104988,0.0,0.0
1984-11-26 00:00:00-05:00,0.18731852026084853,0.18890625820927687,0.1841436134271515,0.18573135137557983,1740488,0.0,0.0
1984-11-27 00:00:00-05:00,0.18573125705873836,0.19208106750161288,0.18573125705873836,0.19049333035945892,3225825,0.0,0.0
1984-11-28 00:00:00-05:00,0.19208106750161288,0.19525598996737956,0.18890616228017562,0.19049333035945892,3658669,0.0,0.0
1984-11-29 00:00:00-05:00,0.19049342229719846,0.19525608420372007,0.18255643994441906,0.1952560842037201,7800300,0.0,0.0
1984-11-30 00:00:00-05:00,0.19366832905093928,0.1968432358046801,0.1920811602056415,0.1952560842037201,4560806,0.0,0.0
1984-12-03 00:00:00-05:00,0.1984309909574609,0.1984309909574609,0.19525608420372007,0.1952560842037201,2556056,0.0,0.0
1984-12-04 00:00:00-05:00,0.19684321635225352,0.20160529148069464,0.19684321635225352,0.20001812279224396,1375988,0.0,0.0
1984-12-05 00:00:00-05:00,0.2031929215058389,0.2063678259931524,0.2031929215058389,0.20478007197380066,6137269,0.0,0.0
1984-12-06 00:00:00-05:00,0.20001813749883407,0.20954287476345995,0.20001813749883407,0.20795513689517975,5686200,0.0,0.0
1984-12-07 00:00:00-05:00,0.2079550182029083,0.20954275516497278,0.2063678503036499,0.2063678503036499,2451263,0.0,0.0
1984-12-10 00:00:00-05:00,0.20478019792068508,0.20795512160501156,0.19684321635225352,0.20001812279224396,13012650,0.0,0.0
1984-12-11 00:00:00-05:00,0.2000181362801664,0.2031930601785891,0.2000181362801664,0.20160530507564545,1339538,0.0,0.0
1984-12-12 00:00:00-05:00,0.20160516748648719,0.20795499370543957,0.20160516748648719,0.20478007197380066,2897775,0.0,0.0
1984-12-13 00:00:00-05:00,0.20478026517317297,0.20954292817315934,0.20319311320781708,0.20319311320781708,2310019,0.0,0.0
1984-12-14 00:00:00-05:00,0.2031929215058389,0.2063678259931524,0.20160516748648719,0.20478007197380066,4907081,0.0,0.0
1984-12-17 00:00:00-05:00,0.2063678259931524,0.2063678259931524,0.2031929215058389,0.20478007197380066,1544569,0.0,0.0
1984-12-18 00:00:00-05:00,0.20795502468372867,0.21906749382040416,0.20636785673500696,0.2143048346042633,10119431,0.0,0.0
1984-12-19 00:00:00-05:00,0.21589258313179013,0.21906750550573978,0.21430484603555267,0.21589258313179016,6173719,0.0,0.0
1984-12-20 00:00:00-05:00,0.21271767800216942,0.21906750550573978,0.21271767800216942,0.21589258313179016,4588144,0.0,0.0
1984-12-21 00:00:00-05:00,0.21271764061047868,0.21430480836486823,0.21112990379333496,0.21112990379333496,3872813,0.0,0.0
1984-12-24 00:00:00-05:00,0.21430483460426328,0.2174797395645306,0.21271766665554157,0.2143048346042633,1143619,0.0,0.0
1984-12-26 00:00:00-05:00,0.21589257161580885,0.21589257161580885,0.21271766665554157,0.2143048346042633,751781,0.0,0.0
1984-12-27 00:00:00-05:00,0.21430483460426328,0.2174797395645306,0.21430483460426328,0.2143048346042633,2788425,0.0,0.0
1984-12-28 00:00:00-05:00,0.21430502262482087,0.22224259376525882,0.21430502262482087,0.2222425937652588,4086956,0.0,0.0
1984-12-31 00:00:00-05:00,0.2222423814449943,0.22541728615760803,0.21589255477544023,0.22541728615760803,2560613,0.0,0.0
1985-01-02 00:00:00-05:00,0.22700457644133448,0.22700457644133448,0.21589267123987405,0.21747983992099762,11650331,0.0,0.0
1985-01-03 00:00:00-05:00,0.21430484603555267,0.22382956142441485,0.21271767800216942,0.21589258313179016,7066744,0.0,0.0
1985-01-04 00:00:00-05:00,0.2143049402613827,0.2174798467869498,0.2111300337358156,0.21271777153015137,6378750,0.0,0.0
1985-01-07 00:00:00-05:00,0.21589258313179013,0.2174797511651734,0.21430484603555267,0.21589258313179016,3007125,0.0,0.0
1985-01-08 00:00:00-05:00,0.21589267123987405,0.22065474634633125,0.21589267123987405,0.21747983992099762,1467113,0.0,0.0
1985-01-09 00:00:00-05:00,0.2190675949095436,0.2190675949095436,0.21747983992099762,0.21747983992099762,865688,0.0,0.0
1985-01-10 00:00:00-05:00,0.22065483811636746,0.22224259376525882,0.21747993037059418,0.2222425937652588,2774756,0.0,0.0
1985-01-11 00:00:00-05:00,0.21906760334968567,0.22224250989734073,0.21906760334968567,0.21906760334968567,514856,0.0,0.0
1985-01-14 00:00:00-05:00,0.21747993037059418,0.22224259376525882,0.21747993037059418,0.2222425937652588,1139063,0.0,0.0
1985-01-15 00:00:00-05:00,0.22541738700377617,0.22859229313676444,0.21906757473779964,0.22065472602844238,3430856,0.0,0.0
1985-01-16 00:00:00-05:00,0.2206545805863663,0.2301793099515433,0.2206545805863663,0.2285921424627304,4146188,0.0,0.0
1985-01-17 00:00:00-05:00,0.22541716734222328,0.22859207038137383,0.22382941404709067,0.22700433433055878,715331,0.0,0.0
1985-01-18 00:00:00-05:00,0.2285923051394295,0.23176721143912213,0.22700456745805123,0.23017947375774384,3471863,0.0,0.0
1985-01-21 00:00:00-05:00,0.22700448989157382,0.22859222703042903,0.22382956743240356,0.22382956743240356,4187194,0.0,0.0
1985-01-22 00:00:00-05:00,0.22541741487675623,0.22541741487675623,0.2111300337358156,0.21271777153015137,3439969,0.0,0.0
1985-01-23 00:00:00-05:00,0.21430484603555267,0.2174797511651734,0.21430484603555267,0.21589258313179016,2751975,0.0,0.0
1985-01-24 00:00:00-05:00,0.21906760334968567,0.22700458518726915,0.21589267955769398,0.21906760334968567,5481169,0.0,0.0
1985-01-25 00:00:00-05:00,0.2190675949095436,0.2190675949095436,0.21747983992099762,0.21747983992099762,1549125,0.0,0.0
1985-01-28 00:00:00-05:00,0.21747983992099762,0.2190675949095436,0.21430493349566399,0.21747983992099762,3818138,0.0,0.0
1985-01-29 00:00:00-05:00,0.21589258313179013,0.22065465629479414,0.21589258313179013,0.21589258313179016,4989094,0.0,0.0
1985-01-30 00:00:00-05:00,0.21747971293640148,0.21906746699787108,0.20160517283440932,0.21112990379333496,9777713,0.0,0.0
1985-01-31 00:00:00-05:00,0.21112990379333496,0.21271764061047868,0.20954273603894544,0.21112990379333496,2241675,0.0,0.0
1985-02-01 00:00:00-05:00,0.21113004356860926,0.21113004356860926,0.2031930614166009,0.20795513689517975,12497794,0.0,0.0
1985-02-04 00:00:00-05:00,0.2063678259931524,0.20795499370543957,0.2031929215058389,0.20478007197380066,1913625,0.0,0.0
1985-02-05 00:00:00-05:00,0.2031930891415981,0.20636799624823277,0.19049344347071975,0.19366835057735443,13500169,0.0,0.0
1985-02-06 00:00:00-05:00,0.1968431266320134,0.2031929538621067,0.1968431266320134,0.1984308809041977,6788813,0.0,0.0
1985-02-07 00:00:00-05:00,0.1984308809041977,0.20636785885498926,0.1968431266320134,0.1984308809041977,13290581,0.0,0.0
1985-02-08 00:00:00-05:00,0.20319311320781708,0.20319311320781708,0.20001818848080427,0.20319311320781708,2820319,0.0,0.0
1985-02-11 00:00:00-05:00,0.20319311320781708,0.20319311320781708,0.20001818848080427,0.20319311320781708,3039019,0.0,0.0
1985-02-12 00:00:00-05:00,0.2031930601785891,0.2031930601785891,0.20160530507564545,0.20160530507564545,1426106,0.0,0.0
1985-02-13 00:00:00-05:00,0.20160530630398338,0.20954287476345995,0.20160530630398338,0.20795513689517975,8497406,0.0,0.0
1985-02-14 00:00:00-05:00,0.21589265136047703,0.22700455553875326,0.21589265136047703,0.22065472602844238,9877950,0.0,0.0
1985-02-15 00:00:00-05:00,0.2222424023513299,0.23335428535938263,0.2222424023513299,0.23335428535938263,10930444,0.0,0.0
1985-02-19 00:00:00-05:00,0.23335438005743647,0.23494211773881477,0.23017947375774386,0.23017947375774384,2533275,0.0,0.0
1985-02-20 00:00:00-05:00,0.22859228644293036,0.23494209852296627,0.22859228644293036,0.2317671924829483,6615675,0.0,0.0
1985-02-21 00:00:00-05:00,0.23494213038981598,0.24129196057545776,0.23494213038981598,0.238117054104805,5089331,0.0,0.0
1985-02-22 00:00:00-05:00,0.23970420556424787,0.24129196057545776,0.2365292990935951,0.238117054104805,1211963,0.0,0.0
1985-02-25 00:00:00-05:00,0.23811701670791335,0.23811701670791335,0.23494209349155423,0.23494209349155426,3590325,0.0,0.0
1985-02-26 00:00:00-05:00,0.2349420583655169,0.24764169759923793,0.2349420583655169,0.23970413208007812,2068538,0.0,0.0
1985-02-27 00:00:00-05:00,0.2365292265827306,0.23970413208007812,0.2349420583655169,0.23970413208007812,1298531,0.0,0.0
1985-02-28 00:00:00-05:00,0.23970408171327678,0.24446674073435556,0.23970408171327678,0.2412918359041214,1471669,0.0,0.0
1985-03-01 00:00:00-05:00,0.24129189655107489,0.2539909500010251,0.24129189655107489,0.25081661343574524,5162231,0.0,0.0
1985-03-04 00:00:00-05:00,0.249228909611702,0.2524038156669535,0.24605400355645046,0.24922890961170197,5399156,0.0,0.0
1985-03-05 00:00:00-05:00,0.24922889963003067,0.2508166371255773,0.24446682526938554,0.24605399370193481,14835150,0.0,0.0
1985-03-06 00:00:00-05:00,0.24764166772365567,0.24764166772365567,0.2444667626093299,0.2476416677236557,756338,0.0,0.0
1985-03-07 00:00:00-05:00,0.24605387477582275,0.24605387477582275,0.24287895313794003,0.24446670711040497,3098250,0.0,0.0
1985-03-08 00:00:00-05:00,0.24287903757742565,0.24287903757742565,0.23970413208007812,0.23970413208007812,3521981,0.0,0.0
1985-03-11 00:00:00-05:00,0.23970413208007812,0.24129188660454287,0.23811698110719534,0.23970413208007812,5257913,0.0,0.0
1985-03-12 00:00:00-05:00,0.23811693107388726,0.24287898654351092,0.23652917688304265,0.2412918359041214,4178081,0.0,0.0
1985-03-13 00:00:00-05:00,0.23970420556424787,0.24287911203490067,0.23811705410480496,0.238117054104805,637875,0.0,0.0
1985-03-14 00:00:00-05:00,0.23652945439672432,0.24446702756097952,0.23652945439672432,0.24287927150726318,1180069,0.0,0.0
1985-03-15 00:00:00-05:00,0.24129188660454287,0.24287903757742565,0.23811698110719534,0.23970413208007812,4337550,0.0,0.0
1985-03-18 00:00:00-05:00,0.23970420556424787,0.24287911203490067,0.23811705410480496,0.238117054104805,6014250,0.0,0.0
1985-03-19 00:00:00-05:00,0.23652926701146654,0.23811702180731809,0.2254173804029124,0.2317671924829483,3098250,0.0,0.0
1985-03-20 00:00:00-05:00,0.2317672740757719,0.24287916459622658,0.22859236691803947,0.23652935028076172,5148563,0.0,0.0
1985-03-21 00:00:00-05:00,0.23811702180731809,0.2397041730514845,0.23017945493143063,0.2317671924829483,961369,0.0,0.0
1985-03-22 00:00:00-05:00,0.23335439828257928,0.23335439828257928,0.21589267955769398,0.21906760334968567,6000581,0.0,0.0
1985-03-25 00:00:00-05:00,0.22065462731297106,0.22859219087022173,0.21906747673238058,0.22541728615760803,2656294,0.0,0.0
1985-03-26 00:00:00-05:00,0.2206547548476224,0.22224250989734073,0.21589267955769398,0.21906760334968567,9850613,0.0,0.0
1985-03-27 00:00:00-05:00,0.21906760334968567,0.21906760334968567,0.21589267955769398,0.21906760334968567,3034463,0.0,0.0
1985-03-28 00:00:00-05:00,0.22224259376525882,0.22382974586214077,0.22224259376525882,0.2222425937652588,3950269,0.0,0.0
1985-03-29 00:00:00-05:00,0.22065474634633125,0.22065474634633125,0.21747983992099762,0.21747983992099762,1034269,0.0,0.0
1985-04-01 00:00:00-05:00,0.21589258313179013,0.2174797511651734,0.21589258313179013,0.21589258313179016,5262469,0.0,0.0
1985-04-02 00:00:00-05:00,0.21589254518201195,0.21589254518201195,0.20954273603894544,0.21112990379333496,1968300,0.0,0.0
1985-04-03 00:00:00-05:00,0.21112992306423117,0.21112992306423117,0.20160519123593507,0.2063678503036499,1421550,0.0,0.0
1985-04-04 00:00:00-05:00,0.20478009609725795,0.2063678503036499,0.20319294544232702,0.2063678503036499,1020600,0.0,0.0
1985-04-08 00:00:00-05:00,0.2063678259931524,0.2063678259931524,0.2031929215058389,0.20478007197380066,437400,0.0,0.0
1985-04-09 00:00:00-05:00,0.20160535769050184,0.20319311320781708,0.20160535769050184,0.20319311320781708,1111725,0.0,0.0
1985-04-10 00:00:00-05:00,0.2031930601785891,0.20478021172973093,0.2000181362801664,0.20160530507564545,7071300,0.0,0.0
1985-04-11 00:00:00-05:00,0.20160529691477783,0.21271777153015137,0.20160529691477783,0.21271777153015137,11149144,0.0,0.0
1985-04-12 00:00:00-05:00,0.2190675949095436,0.2190675949095436,0.21430493349566399,0.21747983992099762,3922931,0.0,0.0
1985-04-15 00:00:00-05:00,0.21906736126392218,0.22700433433055878,0.21906736126392218,0.22700433433055878,1849838,0.0,0.0
1985-04-16 00:00:00-05:00,0.22541723842244576,0.2301793099515433,0.22541723842244576,0.2285921424627304,5604188,0.0,0.0
1985-04-17 00:00:00-05:00,0.2285923051394295,0.23494211773881477,0.2285923051394295,0.23017947375774384,4369444,0.0,0.0
1985-04-18 00:00:00-05:00,0.2301793099515433,0.23176704650301508,0.22700440591125862,0.2285921424627304,2164219,0.0,0.0
1985-04-19 00:00:00-05:00,0.22859219087022173,0.22859219087022173,0.22541728615760803,0.22541728615760803,934031,0.0,0.0
1985-04-22 00:00:00-05:00,0.22224259376525882,0.2254175015110321,0.22224259376525882,0.2222425937652588,920363,0.0,0.0
1985-04-23 00:00:00-05:00,0.2222424808707879,0.22382963216143065,0.21747981989545412,0.22065472602844238,2665406,0.0,0.0
1985-04-24 00:00:00-05:00,0.21747981989545412,0.22065472602844238,0.21589265136047703,0.22065472602844238,1931850,0.0,0.0
1985-04-25 00:00:00-05:00,0.21906747673238058,0.22859219087022173,0.21906747673238058,0.22541728615760803,1366875,0.0,0.0
1985-04-26 00:00:00-05:00,0.22382948462665095,0.22859214246273044,0.22382948462665095,0.2285921424627304,2250788,0.0,0.0
1985-04-29 00:00:00-04:00,0.2301793099515433,0.23335421399182793,0.22859214246273044,0.2285921424627304,1389656,0.0,0.0
1985-04-30 00:00:00-04:00,0.22859207038137383,0.22859207038137383,0.22541716734222328,0.22700433433055878,437400,0.0,0.0
1985-05-01 00:00:00-04:00,0.22700440591125862,0.2301793099515433,0.22700440591125862,0.2285921424627304,710775,0.0,0.0
1985-05-02 00:00:00-04:00,0.22700445398252514,0.22700445398252514,0.22541728615760803,0.22541728615760803,1084388,0.0,0.0
1985-05-03 00:00:00-04:00,0.22541723842244576,0.22859214246273044,0.22382948462665095,0.2285921424627304,624206,0.0,0.0
1985-05-06 00:00:00-04:00,0.22859207038137383,0.22859207038137383,0.22700433433055878,0.22700433433055878,3435413,0.0,0.0
1985-05-07 00:00:00-04:00,0.22382974586214077,0.22382974586214077,0.22224259376525882,0.2222425937652588,4410450,0.0,0.0
1985-05-08 00:00:00-04:00,0.22382941404709067,0.22700433433055878,0.22382941404709067,0.22700433433055878,3157481,0.0,0.0
1985-05-09 00:00:00-04:00,0.2285923051394295,0.23017947375774386,0.2285923051394295,0.23017947375774384,4638263,0.0,0.0
1985-05-10 00:00:00-04:00,0.23176711738516065,0.23652919037065956,0.23176711738516065,0.23335428535938263,10497600,0.0,0.0
1985-05-13 00:00:00-04:00,0.23176697342052438,0.23176697342052438,0.22700433433055878,0.22700433433055878,3143813,0.0,0.0
1985-05-14 00:00:00-04:00,0.22859228644293036,0.2317671924829483,0.22859228644293036,0.2317671924829483,2237119,0.0,0.0
1985-05-15 00:00:00-04:00,0.23017953596529683,0.2365293502807617,0.23017953596529683,0.23652935028076172,2916000,0.0,0.0
1985-05-16 00:00:00-04:00,0.23652945439672432,0.24287927150726316,0.23652945439672432,0.24287927150726318,4970869,0.0,0.0
1985-05-17 00:00:00-04:00,0.24287927150726316,0.24446702756097952,0.2412921190057101,0.24287927150726318,1116281,0.0,0.0
1985-05-20 00:00:00-04:00,0.24764173510906543,0.25875362150141823,0.24764173510906543,0.2539909780025482,8429063,0.0,0.0
1985-05-21 00:00:00-04:00,0.22859218071247087,0.22859218071247087,0.20954273603894544,0.21112990379333496,47840625,0.0,0.0
1985-05-22 00:00:00-04:00,0.20954287476345995,0.20954287476345995,0.20636796809003044,0.20795513689517975,5285250,0.0,0.0
1985-05-23 00:00:00-04:00,0.21112990379333496,0.21271764061047868,0.20954273603894544,0.21112990379333496,6843488,0.0,0.0
1985-05-24 00:00:00-04:00,0.21271766665554157,0.21430483460426328,0.211129929643996,0.2143048346042633,2592506,0.0,0.0
1985-05-28 00:00:00-04:00,0.2143049402613827,0.2143049402613827,0.2111300337358156,0.21271777153015137,1375988,0.0,0.0
1985-05-29 00:00:00-04:00,0.21113009935068086,0.21271783763845284,0.20795519183841824,0.20954293012619019,7577044,0.0,0.0
1985-05-30 00:00:00-04:00,0.21271783763845284,0.21430500686294351,0.20636802261392756,0.20954293012619019,3426300,0.0,0.0
1985-05-31 00:00:00-04:00,0.20954293012619019,0.20954293012619019,0.20795519183841824,0.20954293012619019,1471669,0.0,0.0
1985-06-03 00:00:00-04:00,0.20795499370543957,0.20954273048046587,0.2047800719738007,0.20478007197380066,2628956,0.0,0.0
1985-06-04 00:00:00-04:00,0.2047802129774129,0.20795513689517972,0.2047802129774129,0.20795513689517975,2770200,0.0,0.0
1985-06-05 00:00:00-04:00,0.20954273603894544,0.21112990379333496,0.20954273603894544,0.21112990379333496,6055256,0.0,0.0
1985-06-06 00:00:00-04:00,0.21113004356860926,0.21113004356860926,0.20795513689517972,0.20795513689517975,856575,0.0,0.0
1985-06-07 00:00:00-04:00,0.2079550182029083,0.2079550182029083,0.20478009609725795,0.2063678503036499,2114100,0.0,0.0
1985-06-10 00:00:00-04:00,0.2063678259931524,0.2063678259931524,0.20160516748648719,0.20478007197380066,1881731,0.0,0.0
1985-06-11 00:00:00-04:00,0.20636796809003044,0.20954287476345995,0.20636796809003044,0.20795513689517975,888469,0.0,0.0
1985-06-12 00:00:00-04:00,0.2063678259931524,0.2063678259931524,0.20160516748648719,0.20478007197380066,2177888,0.0,0.0
1985-06-13 00:00:00-04:00,0.20001803162489595,0.2016051995899224,0.1984308809041977,0.1984308809041977,2761088,0.0,0.0
1985-06-14 00:00:00-04:00,0.19843088386641292,0.19843088386641292,0.1841435094094136,0.18731841444969177,3640444,0.0,0.0
1985-06-17 00:00:00-04:00,0.1889062868022023,0.1889062868022023,0.1793815648594458,0.18096871674060822,3016238,0.0,0.0
1985-06-18 00:00:00-04:00,0.18255643405396754,0.18414360284805298,0.180968678952418,0.18414360284805298,2287238,0.0,0.0
1985-06-19 00:00:00-04:00,0.18096861698807187,0.1825563715459682,0.17779371142387387,0.1777937114238739,3125588,0.0,0.0
1985-06-20 00:00:00-04:00,0.17938147965007178,0.17938147965007178,0.1603320275690445,0.176206573843956,24193688,0.0,0.0
1985-06-21 00:00:00-04:00,0.17620653581696155,0.1841435140878902,0.17620653581696155,0.18255634605884552,6465319,0.0,0.0
1985-06-24 00:00:00-04:00,0.18255635024396658,0.18255635024396658,0.17779369067761397,0.17938144505023956,2145994,0.0,0.0
1985-06-25 00:00:00-04:00,0.17779369067761397,0.1793814450502396,0.1762065398565126,0.17938144505023956,11144588,0.0,0.0
1985-06-26 00:00:00-04:00,0.17779371142387387,0.17779371142387387,0.17303163760904294,0.1777937114238739,1981969,0.0,0.0
1985-06-27 00:00:00-04:00,0.17779368571810947,0.17779368571810947,0.17303161259178854,0.17461878061294556,2150550,0.0,0.0
1985-06-28 00:00:00-04:00,0.17461877365176495,0.17461877365176495,0.16509405871597618,0.16826896369457245,5002763,0.0,0.0
1985-07-01 00:00:00-04:00,0.16509410738945007,0.16668184487826268,0.16033203304900212,0.16509410738945007,14725800,0.0,0.0
1985-07-02 00:00:00-04:00,0.1650941654302218,0.174618886522639,0.1650941654302218,0.17303171753883362,8210363,0.0,0.0
1985-07-03 00:00:00-04:00,0.17461881916507777,0.17938147965007178,0.17461881916507777,0.176206573843956,4332994,0.0,0.0
1985-07-05 00:00:00-04:00,0.1762065604175722,0.1793814659817702,0.1762065604175722,0.1777937114238739,3458194,0.0,0.0
1985-07-08 00:00:00-04:00,0.1777937363255705,0.17938149110584692,0.16985675583489226,0.17144392430782318,3412631,0.0,0.0
1985-07-09 00:00:00-04:00,0.17144387550778165,0.17461878061294556,0.17144387550778165,0.17461878061294556,2938781,0.0,0.0
1985-07-10 00:00:00-04:00,0.17620658509697326,0.17620658509697326,0.16985675583489226,0.17144392430782318,8451844,0.0,0.0
1985-07-11 00:00:00-04:00,0.17144387550778165,0.17461878061294556,0.17144387550778165,0.17461878061294556,1207406,0.0,0.0
1985-07-12 00:00:00-04:00,0.17461878061294556,0.17461878061294556,0.17144387550778165,0.17461878061294556,2319131,0.0,0.0
1985-07-15 00:00:00-04:00,0.17461878061294556,0.17461878061294556,0.17303161259178854,0.17461878061294556,1977413,0.0,0.0
1985-07-16 00:00:00-04:00,0.17461880585967587,0.17779371142387387,0.17303163760904294,0.1777937114238739,2187000,0.0,0.0
1985-07-17 00:00:00-04:00,0.17779368571810947,0.17779368571810947,0.17303161259178854,0.17461878061294556,4082400,0.0,0.0
1985-07-18 00:00:00-04:00,0.17461883031669684,0.17461883031669684,0.17144392430782318,0.17144392430782318,1931850,0.0,0.0
1985-07-19 00:00:00-04:00,0.17144389532790538,0.17144389532790538,0.16668182165105513,0.1698567271232605,2546944,0.0,0.0
1985-07-22 00:00:00-04:00,0.1682690075528462,0.176206573843956,0.1682690075528462,0.176206573843956,8096456,0.0,0.0
1985-07-23 00:00:00-04:00,0.17779368571810947,0.17779368571810947,0.17303161259178854,0.17461878061294556,7827638,0.0,0.0
1985-07-24 00:00:00-04:00,0.17461883031669684,0.17461883031669684,0.1666818498260186,0.17144392430782318,9212738,0.0,0.0
1985-07-25 00:00:00-04:00,0.17144392430782318,0.17144392430782318,0.16985675583489226,0.17144392430782318,2355581,0.0,0.0
1985-07-26 00:00:00-04:00,0.16985675583489226,0.17144392430782318,0.16985675583489226,0.17144392430782318,1959188,0.0,0.0
1985-07-29 00:00:00-04:00,0.1714438686731687,0.1714438686731687,0.16668179573668787,0.16826896369457245,10023750,0.0,0.0
1985-07-30 00:00:00-04:00,0.16668179573668787,0.16985670071528414,0.16509405871597618,0.16826896369457245,15901313,0.0,0.0
1985-07-31 00:00:00-04:00,0.16668184101581573,0.16826900940485462,0.16509410356379509,0.16668184101581573,13705200,0.0,0.0
1985-08-01 00:00:00-04:00,0.16509415954699927,0.1666818975374197,0.15874432846732833,0.1603320837020874,26562938,0.0,0.0
1985-08-02 00:00:00-04:00,0.16350693517475617,0.16826900940485462,0.16191918047840276,0.16668184101581573,6797925,0.0,0.0
1985-08-05 00:00:00-04:00,0.1650941084431575,0.16668184594210378,0.16033203407231578,0.16350694000720978,11736900,0.0,0.0
1985-08-06 00:00:00-04:00,0.16191923538499448,0.16191923538499448,0.15874432846732833,0.1603320837020874,11454413,0.0,0.0
1985-08-07 00:00:00-04:00,0.1603320837020874,0.16191923538499448,0.15874432846732833,0.1603320837020874,6314963,0.0,0.0
1985-08-08 00:00:00-04:00,0.15874430003189038,0.16191920638084412,0.15715714863328542,0.16191920638084412,4866075,0.0,0.0
1985-08-09 00:00:00-04:00,0.16191915103125423,0.16191915103125423,0.15715709491153174,0.15874424576759338,2587950,0.0,0.0
1985-08-12 00:00:00-04:00,0.15715712005693708,0.15715712005693708,0.15080729126930237,0.15080729126930237,7586156,0.0,0.0
1985-08-13 00:00:00-04:00,0.1508073073113989,0.15239447583457458,0.14922013878822327,0.14922013878822327,8041781,0.0,0.0
1985-08-14 00:00:00-04:00,0.15080723564328888,0.15080723564328888,0.1444574264421459,0.14604516327381134,7034850,0.0,0.0
1985-08-15 00:00:00-04:00,0.1365205352455714,0.14604526425521905,0.1365205352455714,0.1396954506635666,16757888,0.0,0.0
1985-08-16 00:00:00-04:00,0.1396953431576826,0.14128250218041422,0.1333455258305146,0.13810759782791138,13878338,0.0,0.0
1985-08-19 00:00:00-04:00,0.1396954506635666,0.1396954506635666,0.1365205352455714,0.1396954506635666,7403906,0.0,0.0
1985-08-20 00:00:00-04:00,0.14128256533218272,0.15080729126930237,0.14128256533218272,0.15080729126930237,12980756,0.0,0.0
1985-08-21 00:00:00-04:00,0.1508073073113989,0.1508073073113989,0.1476324012020178,0.14922013878822327,3603994,0.0,0.0
1985-08-22 00:00:00-04:00,0.14922009760639512,0.14922009760639512,0.14445745522520465,0.14763236045837402,10716300,0.0,0.0
1985-08-23 00:00:00-04:00,0.14922006787438283,0.15080723564328888,0.14604516327381134,0.14604516327381134,1585575,0.0,0.0
1985-08-26 00:00:00-04:00,0.14922013878822327,0.14922013878822327,0.14604523267884212,0.14922013878822327,801900,0.0,0.0
1985-08-27 00:00:00-04:00,0.14922009760639512,0.14922009760639512,0.14604519237322572,0.14763236045837402,3020794,0.0,0.0
1985-08-28 00:00:00-04:00,0.14763236045837402,0.14922009760639512,0.14604519237322572,0.14763236045837402,1093500,0.0,0.0
1985-08-29 00:00:00-04:00,0.14763238549765123,0.15080729126930237,0.14604521714331029,0.15080729126930237,6278513,0.0,0.0
1985-08-30 00:00:00-04:00,0.14922012291496145,0.15080729126930237,0.14922012291496145,0.15080729126930237,683438,0.0,0.0
1985-09-03 00:00:00-04:00,0.14922012291496145,0.15080729126930237,0.14922012291496145,0.15080729126930237,592313,0.0,0.0
1985-09-04 00:00:00-04:00,0.14922009760639512,0.15080726569154343,0.14604519237322572,0.14763236045837402,1107169,0.0,0.0
1985-09-05 00:00:00-04:00,0.14763236045837402,0.14763236045837402,0.14445745522520465,0.14763236045837402,14133488,0.0,0.0
1985-09-06 00:00:00-04:00,0.14763238455592712,0.15239445865154266,0.1460452162117105,0.15239445865154266,3102806,0.0,0.0
1985-09-09 00:00:00-04:00,0.15239451463199605,0.16191923538499448,0.15239451463199605,0.1603320837020874,6187388,0.0,0.0
1985-09-10 00:00:00-04:00,0.16033200017519258,0.16191915103125423,0.15874424576759338,0.15874424576759338,1594688,0.0,0.0
1985-09-11 00:00:00-04:00,0.16033200017519258,0.16033200017519258,0.15874424576759338,0.15874424576759338,555863,0.0,0.0
1985-09-12 00:00:00-04:00,0.15874417408314412,0.15874417408314412,0.15398210286951075,0.15556927025318146,4433231,0.0,0.0
1985-09-13 00:00:00-04:00,0.1555693819439557,0.1555693819439557,0.1476324012020178,0.14922013878822327,1790606,0.0,0.0
1985-09-16 00:00:00-04:00,0.14922006787438283,0.14922006787438283,0.14604516327381134,0.14604516327381134,519413,0.0,0.0
1985-09-17 00:00:00-04:00,0.14604519237322572,0.14763236045837402,0.14604519237322572,0.14763236045837402,1362319,0.0,0.0
1985-09-18 00:00:00-04:00,0.14763238549765123,0.15080729126930237,0.14763238549765123,0.15080729126930237,2328244,0.0,0.0
1985-09-19 00:00:00-04:00,0.1508073073113989,0.15239447583457458,0.1476324012020178,0.14922013878822327,3645000,0.0,0.0
1985-09-20 00:00:00-04:00,0.1508073073113989,0.1508073073113989,0.14922013878822327,0.14922013878822327,3863700,0.0,0.0
1985-09-23 00:00:00-04:00,0.14922013878822327,0.1555693819439557,0.14922013878822327,0.14922013878822327,2041200,0.0,0.0
1985-09-24 00:00:00-04:00,0.1508073073113989,0.1508073073113989,0.1476324012020178,0.14922013878822327,770006,0.0,0.0
1985-09-25 00:00:00-04:00,0.14604516327381134,0.1476323310427174,0.14604516327381134,0.14604516327381134,1116281,0.0,0.0
1985-09-26 00:00:00-04:00,0.1444575263257295,0.1444575263257295,0.13810770411190806,0.1396954506635666,5777325,0.0,0.0
1985-09-30 00:00:00-04:00,0.13969547245521297,0.1444575488602309,0.13810772565587556,0.14128263294696808,2587950,0.0,0.0
1985-10-01 00:00:00-04:00,0.14128266209087043,0.14604531716374466,0.14128266209087043,0.14445757865905762,7927875,0.0,0.0
1985-10-02 00:00:00-04:00,0.1476324866050727,0.1508073945510878,0.14445757865905762,0.14445757865905762,4146188,0.0,0.0
1985-10-03 00:00:00-04:00,0.1444574264421459,0.14604516327381134,0.1444574264421459,0.14604516327381134,1202850,0.0,0.0
1985-10-04 00:00:00-04:00,0.1444574264421459,0.1476323310427174,0.1444574264421459,0.14604516327381134,3098250,0.0,0.0
1985-10-07 00:00:00-04:00,0.1444575488602309,0.14604528703739797,0.14128263294696808,0.14128263294696808,3927488,0.0,0.0
1985-10-08 00:00:00-04:00,0.14287037974630545,0.14287037974630545,0.13969547245521297,0.14128263294696808,2009306,0.0,0.0
1985-10-09 00:00:00-04:00,0.1412825132194114,0.14604516327381134,0.1412825132194114,0.14604516327381134,3480975,0.0,0.0
1985-10-10 00:00:00-04:00,0.14445749509263664,0.14922013878822327,0.14445749509263664,0.14922013878822327,920363,0.0,0.0
1985-10-11 00:00:00-04:00,0.14763239634576214,0.14922013387974017,0.14287032186985016,0.14287032186985016,2351025,0.0,0.0
1985-10-14 00:00:00-04:00,0.14287040921772956,0.14445757865905762,0.14287040921772956,0.14445757865905762,214144,0.0,0.0
1985-10-15 00:00:00-04:00,0.1444575263257295,0.1444575263257295,0.1396954506635666,0.1396954506635666,4642819,0.0,0.0
1985-10-16 00:00:00-04:00,0.14128266209087043,0.14445757865905762,0.13969550127171448,0.14445757865905762,1289419,0.0,0.0
1985-10-17 00:00:00-04:00,0.1444575488602309,0.1444575488602309,0.14128263294696808,0.14128263294696808,1808831,0.0,0.0
1985-10-18 00:00:00-04:00,0.14287037974630545,0.14287037974630545,0.14128263294696808,0.14128263294696808,1116281,0.0,0.0
1985-10-21 00:00:00-04:00,0.14287035745939283,0.14287035745939283,0.1396954506635666,0.1396954506635666,2063981,0.0,0.0
1985-10-22 00:00:00-04:00,0.1396954506635666,0.1412826109077343,0.13810770411190806,0.1396954506635666,3070913,0.0,0.0
1985-10-23 00:00:00-04:00,0.14128263294696808,0.1444575488602309,0.13969547245521297,0.14128263294696808,2528719,0.0,0.0
1985-10-24 00:00:00-04:00,0.14287040921772956,0.14445757865905762,0.14128266209087043,0.14445757865905762,1663031,0.0,0.0
1985-10-25 00:00:00-04:00,0.14287037974630545,0.1444575488602309,0.14128263294696808,0.14128263294696808,961369,0.0,0.0
1985-10-28 00:00:00-05:00,0.14287040921772956,0.14445757865905762,0.14128266209087043,0.14445757865905762,542194,0.0,0.0
1985-10-29 00:00:00-05:00,0.14445757865905762,0.14604531716374466,0.14128266209087043,0.14445757865905762,1207406,0.0,0.0
1985-10-30 00:00:00-05:00,0.14604526425521905,0.14604526425521905,0.1396954506635666,0.1396954506635666,1271194,0.0,0.0
1985-10-31 00:00:00-05:00,0.1412826109077343,0.1412826109077343,0.1396954506635666,0.1396954506635666,970481,0.0,0.0
1985-11-01 00:00:00-05:00,0.13969538916955032,0.13969538916955032,0.1333455697509242,0.13652047514915466,1198294,0.0,0.0
1985-11-04 00:00:00-05:00,0.1365205352455714,0.1396954506635666,0.13493279731608185,0.1396954506635666,1599244,0.0,0.0
1985-11-05 00:00:00-05:00,0.1396953431576826,0.14287024751018543,0.1365204301830174,0.13810759782791138,3034463,0.0,0.0
1985-11-06 00:00:00-05:00,0.1381076433168187,0.14128254871504917,0.13493273791858826,0.13652047514915466,1421550,0.0,0.0
1985-11-07 00:00:00-05:00,0.13652047514915466,0.1381076433168187,0.13652047514915466,0.13652047514915466,1485338,0.0,0.0
1985-11-08 00:00:00-05:00,0.13652043356626153,0.1381076012504886,0.13334552913507833,0.13493269681930542,4241869,0.0,0.0
1985-11-11 00:00:00-05:00,0.1381076361367011,0.14922009760639512,0.1381076361367011,0.14763236045837402,7718288,0.0,0.0
1985-11-12 00:00:00-05:00,0.1508072226832516,0.16191910329894182,0.1492200550507432,0.1571570485830307,10570500,0.0,0.0
1985-11-13 00:00:00-05:00,0.15556936440294158,0.15715711905445615,0.15080729030732604,0.15239445865154266,2387475,0.0,0.0
1985-11-14 00:00:00-05:00,0.15239443377669173,0.15239443377669173,0.14445745522520465,0.14763236045837402,3786244,0.0,0.0
1985-11-15 00:00:00-05:00,0.14604531716374466,0.1476324866050727,0.14287040921772956,0.14445757865905762,1922738,0.0,0.0
1985-11-18 00:00:00-05:00,0.14287025867323985,0.14604516327381134,0.14287025867323985,0.14604516327381134,1016044,0.0,0.0
1985-11-19 00:00:00-05:00,0.14445757865905762,0.1508073945510878,0.14287040921772956,0.14445757865905762,7968881,0.0,0.0
1985-11-20 00:00:00-05:00,0.14287032186985016,0.14604522787479518,0.13969541586490514,0.14287032186985016,9153506,0.0,0.0
1985-11-21 00:00:00-05:00,0.14287037974630545,0.1444575488602309,0.14128263294696808,0.14128263294696808,3585769,0.0,0.0
1985-11-22 00:00:00-05:00,0.14128257571370528,0.14445749034081712,0.1365205012377933,0.14287032186985016,16543744,0.0,0.0
1985-11-25 00:00:00-05:00,0.14287032186985016,0.14287032186985016,0.14128257571370528,0.14287032186985016,1909069,0.0,0.0
1985-11-26 00:00:00-05:00,0.14287035745939283,0.14287035745939283,0.1396954506635666,0.1396954506635666,1084388,0.0,0.0
1985-11-27 00:00:00-05:00,0.1396954506635666,0.1396954506635666,0.1365205352455714,0.1396954506635666,7690950,0.0,0.0
1985-11-29 00:00:00-05:00,0.1396954506635666,0.1396954506635666,0.13810770411190806,0.1396954506635666,1344094,0.0,0.0
1985-12-02 00:00:00-05:00,0.1396954506635666,0.1396954506635666,0.1365205352455714,0.1396954506635666,1603800,0.0,0.0
1985-12-03 00:00:00-05:00,0.13810770411190806,0.1396954506635666,0.13810770411190806,0.1396954506635666,656100,0.0,0.0
1985-12-04 00:00:00-05:00,0.13969547245521297,0.14287037974630545,0.13810772565587556,0.14128263294696808,3102806,0.0,0.0
1985-12-05 00:00:00-05:00,0.14128266209087043,0.14445757865905762,0.13969550127171448,0.14445757865905762,7217100,0.0,0.0
1985-12-06 00:00:00-05:00,0.14287032186985016,0.14287032186985016,0.14128257571370528,0.14287032186985016,1129950,0.0,0.0
1985-12-09 00:00:00-05:00,0.14128257571370528,0.14445749034081712,0.14128257571370528,0.14287032186985016,3900150,0.0,0.0
1985-12-10 00:00:00-05:00,0.14128263294696808,0.14287037974630545,0.13652055654195014,0.14128263294696808,6538219,0.0,0.0
1985-12-11 00:00:00-05:00,0.13969535407266837,0.14604516327381134,0.13969535407266837,0.14604516327381134,5727206,0.0,0.0
1985-12-12 00:00:00-05:00,0.1476322952095854,0.15715702394379527,0.1460451278259147,0.15556927025318146,9071494,0.0,0.0
1985-12-13 00:00:00-05:00,0.15556932653585928,0.17461877365176495,0.15556932653585928,0.16826896369457245,15541369,0.0,0.0
1985-12-16 00:00:00-05:00,0.17303165670752324,0.17303165670752324,0.16033203304900212,0.16509410738945007,6911831,0.0,0.0
1985-12-17 00:00:00-05:00,0.16826901330408037,0.16826901330408037,0.16191918423048662,0.16509410738945007,2925113,0.0,0.0
1985-12-18 00:00:00-05:00,0.16509410356379509,0.16826900940485462,0.16350693517475617,0.16668184101581573,3011681,0.0,0.0
1985-12-19 00:00:00-05:00,0.16509408438349463,0.1698567271232605,0.16191916166695847,0.1698567271232605,4105181,0.0,0.0
1985-12-20 00:00:00-05:00,0.16826896369457242,0.16826896369457242,0.16509405871597618,0.16826896369457245,2647181,0.0,0.0
1985-12-23 00:00:00-05:00,0.16826903632308715,0.16826903632308715,0.16033205498223915,0.16191920638084412,4228200,0.0,0.0
1985-12-24 00:00:00-05:00,0.16191920638084412,0.1635069613311929,0.16033205498223915,0.16191920638084412,760894,0.0,0.0
1985-12-26 00:00:00-05:00,0.16191920638084412,0.16191920638084412,0.16033205498223915,0.16191920638084412,446513,0.0,0.0
1985-12-27 00:00:00-05:00,0.1619191852639302,0.16350694000720978,0.1619191852639302,0.16350694000720978,1704038,0.0,0.0
1985-12-30 00:00:00-05:00,0.16191915103125423,0.16191915103125423,0.15715709491153174,0.15874424576759338,1571906,0.0,0.0
1985-12-31 00:00:00-05:00,0.15874424576759338,0.15874424576759338,0.15556934050393253,0.15874424576759338,4342106,0.0,0.0
1986-01-02 00:00:00-05:00,0.15874430003189038,0.16191920638084412,0.15874430003189038,0.16191920638084412,956813,0.0,0.0
1986-01-03 00:00:00-05:00,0.16191920638084412,0.16191920638084412,0.16033205498223915,0.16191920638084412,1467113,0.0,0.0
1986-01-06 00:00:00-05:00,0.16191910329894182,0.16191910329894182,0.15398212701097888,0.1571570485830307,2852213,0.0,0.0
1986-01-07 00:00:00-05:00,0.15556934050393253,0.16033200017519258,0.15556934050393253,0.15874424576759338,2701856,0.0,0.0
1986-01-08 00:00:00-05:00,0.16191910329894182,0.16350685723848526,0.1571570485830307,0.1571570485830307,2560613,0.0,0.0
1986-01-09 00:00:00-05:00,0.15556927025318146,0.15715702394379527,0.15239436642321877,0.15556927025318146,1995638,0.0,0.0
1986-01-10 00:00:00-05:00,0.1539822369813919,0.1555694057474181,0.1539822369813919,0.1539822369813919,1626581,0.0,0.0
1986-01-13 00:00:00-05:00,0.15398221342078006,0.1555693819439557,0.1476324012020178,0.14922013878822327,8729775,0.0,0.0
1986-01-14 00:00:00-05:00,0.1476324012020178,0.14922013878822327,0.14445749509263664,0.14922013878822327,2697300,0.0,0.0
1986-01-15 00:00:00-05:00,0.14922012291496145,0.15080729126930237,0.14763238549765123,0.15080729126930237,2155106,0.0,0.0
1986-01-16 00:00:00-05:00,0.14922009760639512,0.15080726569154343,0.14763236045837402,0.14763236045837402,1088944,0.0,0.0
1986-01-17 00:00:00-05:00,0.14922006787438283,0.14922006787438283,0.1444574264421459,0.14604516327381134,3116475,0.0,0.0
1986-01-20 00:00:00-05:00,0.14604531716374466,0.1476324866050727,0.14287040921772956,0.14445757865905762,1667588,0.0,0.0
1986-01-21 00:00:00-05:00,0.14604519237322572,0.14922009760639512,0.14445745522520465,0.14763236045837402,3134700,0.0,0.0
1986-01-22 00:00:00-05:00,0.14922013387974017,0.14922013387974017,0.14287032186985016,0.14287032186985016,2437594,0.0,0.0
1986-01-23 00:00:00-05:00,0.14287032186985016,0.14287032186985016,0.13810766970876026,0.14287032186985016,6255731,0.0,0.0
1986-01-24 00:00:00-05:00,0.14287040921772956,0.14445757865905762,0.14287040921772956,0.14445757865905762,2073094,0.0,0.0
1986-01-27 00:00:00-05:00,0.1444575263257295,0.1444575263257295,0.1396954506635666,0.1396954506635666,11919150,0.0,0.0
1986-01-28 00:00:00-05:00,0.1412826109077343,0.1412826109077343,0.1365205352455714,0.1396954506635666,10420144,0.0,0.0
1986-01-29 00:00:00-05:00,0.13969541586490514,0.14763239634576214,0.13969541586490514,0.14287032186985016,4250981,0.0,0.0
1986-01-30 00:00:00-05:00,0.14604515072301594,0.1571570485830307,0.14445741402779705,0.1571570485830307,4692938,0.0,0.0
1986-01-31 00:00:00-05:00,0.1523944352402717,0.15874424576759338,0.15080726713988038,0.15874424576759338,6059813,0.0,0.0
1986-02-03 00:00:00-05:00,0.15874427463734322,0.16826900940485462,0.15874427463734322,0.16668184101581573,4442344,0.0,0.0
1986-02-04 00:00:00-05:00,0.16668186768014664,0.1698567740291004,0.16191920638084412,0.16191920638084412,4916194,0.0,0.0
1986-02-05 00:00:00-05:00,0.16350699061975354,0.16350699061975354,0.15874432846732833,0.1603320837020874,1330425,0.0,0.0
1986-02-06 00:00:00-05:00,0.16033200017519258,0.16191915103125423,0.15715709491153174,0.15874424576759338,5795550,0.0,0.0
1986-02-07 00:00:00-05:00,0.15715716082089803,0.15715716082089803,0.15239449915224884,0.1539822369813919,2054869,0.0,0.0
1986-02-10 00:00:00-05:00,0.15239445865154266,0.15398219605872496,0.15239445865154266,0.15239445865154266,523969,0.0,0.0
1986-02-11 00:00:00-05:00,0.15398219605872496,0.15715711905445615,0.15080729030732604,0.15239445865154266,3294169,0.0,0.0
1986-02-12 00:00:00-05:00,0.1523944664865958,0.16509410738945007,0.1523944664865958,0.16509410738945007,17090494,0.0,0.0
1986-02-13 00:00:00-05:00,0.16509408438349463,0.1698567271232605,0.16191916166695847,0.1698567271232605,15696281,0.0,0.0
1986-02-14 00:00:00-05:00,0.17303163760904294,0.17779371142387387,0.17144390029547787,0.1777937114238739,14826038,0.0,0.0
1986-02-18 00:00:00-05:00,0.180968587124807,0.18890615150124995,0.17938143638041545,0.18731841444969177,19569094,0.0,0.0
1986-02-19 00:00:00-05:00,0.1873184235031242,0.1873184235031242,0.1793814450502396,0.17938144505023956,5736319,0.0,0.0
1986-02-20 00:00:00-05:00,0.17779380942635606,0.18255647217369797,0.17620665754519363,0.18096871674060822,10634288,0.0,0.0
1986-02-21 00:00:00-05:00,0.1841435094094136,0.18890615150124995,0.180968587124807,0.18731841444969177,15195094,0.0,0.0
1986-02-24 00:00:00-05:00,0.18731852026084853,0.18731852026084853,0.1841436134271515,0.18573135137557983,4096069,0.0,0.0
1986-02-25 00:00:00-05:00,0.18731852026084853,0.18731852026084853,0.1841436134271515,0.18573135137557983,1685813,0.0,0.0
1986-02-26 00:00:00-05:00,0.18414364129920116,0.18731854861345332,0.1793815648594458,0.18096871674060822,4310213,0.0,0.0
1986-02-27 00:00:00-05:00,0.18096861239360784,0.18890617787837982,0.18096861239360784,0.18890617787837982,5886675,0.0,0.0
1986-02-28 00:00:00-05:00,0.18890624735656314,0.18890624735656314,0.18414360284805298,0.18414360284805298,4866075,0.0,0.0
1986-03-03 00:00:00-05:00,0.18573134070526534,0.18573134070526534,0.180968678952418,0.18414360284805298,2109544,0.0,0.0
1986-03-04 00:00:00-05:00,0.18573135137557983,0.18890625820927687,0.1841436134271515,0.18573135137557983,4287431,0.0,0.0
1986-03-05 00:00:00-05:00,0.18414364129920116,0.18414364129920116,0.1793815648594458,0.18096871674060822,2305463,0.0,0.0
1986-03-06 00:00:00-05:00,0.18414348797530952,0.19366820198747756,0.18255632017133414,0.1920810341835022,27875138,0.0,0.0
1986-03-07 00:00:00-05:00,0.20319294544232702,0.20954275516497278,0.20160519123593507,0.2063678503036499,27975375,0.0,0.0
1986-03-10 00:00:00-05:00,0.20954273603894544,0.21747971293640148,0.20795499922180172,0.21112990379333496,15509475,0.0,0.0
1986-03-11 00:00:00-05:00,0.21271767800216942,0.2174797511651734,0.2095427728725487,0.21589258313179016,10893994,0.0,0.0
1986-03-12 00:00:00-05:00,0.21589254518201195,0.21589254518201195,0.21112990379333496,0.21112990379333496,4478794,0.0,0.0
1986-03-13 00:00:00-05:00,0.20954273048046587,0.21271763496777935,0.20160516748648719,0.20478007197380066,6178275,0.0,0.0
1986-03-14 00:00:00-05:00,0.2031931151016649,0.21271783763845284,0.20160535956955108,0.20954293012619019,6406088,0.0,0.0
1986-03-17 00:00:00-05:00,0.20954273048046587,0.20954273048046587,0.2047800719738007,0.20478007197380066,3727013,0.0,0.0
1986-03-18 00:00:00-05:00,0.2063678503036499,0.20954275516497278,0.20478009609725795,0.2063678503036499,6738694,0.0,0.0
1986-03-19 00:00:00-05:00,0.20636795291656088,0.20636795291656088,0.19843097134812931,0.20001812279224396,3412631,0.0,0.0
1986-03-20 00:00:00-05:00,0.19843097134812931,0.20478019792068508,0.19843097134812931,0.20001812279224396,3672338,0.0,0.0
1986-03-21 00:00:00-05:00,0.2000181362801664,0.2031930601785891,0.2000181362801664,0.20160530507564545,2865881,0.0,0.0
1986-03-24 00:00:00-05:00,0.20001803162489595,0.20001803162489595,0.1968431266320134,0.1984308809041977,1462556,0.0,0.0
1986-03-25 00:00:00-05:00,0.20001813749883407,0.20795513689517972,0.20001813749883407,0.20795513689517975,3881925,0.0,0.0
1986-03-26 00:00:00-05:00,0.2079550182029083,0.21112992306423117,0.2063678503036499,0.2063678503036499,1799719,0.0,0.0
1986-03-27 00:00:00-05:00,0.2063680206904882,0.2079551899001858,0.20160535769050184,0.20319311320781708,10092094,0.0,0.0
1986-03-31 00:00:00-05:00,0.2031929215058389,0.2047800719738007,0.20160516748648719,0.20478007197380066,6155494,0.0,0.0
1986-04-01 00:00:00-05:00,0.20478021172973093,0.20795513562815363,0.20160530507564545,0.20160530507564545,2597063,0.0,0.0
1986-04-02 00:00:00-05:00,0.20160529148069464,0.20319304647657044,0.20001812279224396,0.20001812279224396,1622025,0.0,0.0
1986-04-03 00:00:00-05:00,0.20001804602377068,0.20001804602377068,0.18890616228017562,0.19049333035945892,5809219,0.0,0.0
1986-04-04 00:00:00-05:00,0.19049342709454556,0.19049342709454556,0.18573135137557983,0.18573135137557983,2647181,0.0,0.0
1986-04-07 00:00:00-05:00,0.18731850949935078,0.18890624735656314,0.180968678952418,0.18414360284805298,2551500,0.0,0.0
1986-04-08 00:00:00-05:00,0.18414348797530952,0.1920810341835022,0.18414348797530952,0.1920810341835022,5941350,0.0,0.0
1986-04-09 00:00:00-05:00,0.1968431266320134,0.1984308809041977,0.1968431266320134,0.1984308809041977,4401338,0.0,0.0
1986-04-10 00:00:00-05:00,0.1984309618019685,0.2031930367013147,0.19684320688247678,0.1968432068824768,5431050,0.0,0.0
1986-04-11 00:00:00-05:00,0.19684310665820023,0.198430860769274,0.19049329731675488,0.1920810341835022,2724638,0.0,0.0
1986-04-14 00:00:00-05:00,0.19208118155564138,0.1952561059066157,0.19049344347071975,0.19366835057735443,3248606,0.0,0.0
1986-04-15 00:00:00-05:00,0.19366822163913083,0.20001803162489595,0.19366822163913083,0.1984308809041977,2282681,0.0,0.0
1986-04-16 00:00:00-05:00,0.20160516748648719,0.2063678259931524,0.2000179997742,0.20478007197380066,6875381,0.0,0.0
1986-04-17 00:00:00-05:00,0.20319305195345008,0.21271777153015137,0.20319305195345008,0.21271777153015137,9973631,0.0,0.0
1986-04-18 00:00:00-05:00,0.21747960796878957,0.23017923736970933,0.21589244098045404,0.22700433433055878,21573844,0.0,0.0
1986-04-21 00:00:00-05:00,0.22541723842244576,0.23176704650301508,0.22224233438216112,0.2285921424627304,6287625,0.0,0.0
1986-04-22 00:00:00-05:00,0.23176713224526993,0.23176713224526993,0.22382956743240356,0.22382956743240356,6652125,0.0,0.0
1986-04-23 00:00:00-05:00,0.2222424808707879,0.2222424808707879,0.21589265136047703,0.22065472602844238,5622413,0.0,0.0
1986-04-24 00:00:00-05:00,0.2222424808707879,0.2222424808707879,0.21747981989545412,0.22065472602844238,5891231,0.0,0.0
1986-04-25 00:00:00-05:00,0.21747993037059418,0.22382974586214077,0.21747993037059418,0.2222425937652588,5349038,0.0,0.0
1986-04-28 00:00:00-04:00,0.21906760334968567,0.22224250989734073,0.21747984829996733,0.21906760334968567,5030100,0.0,0.0
1986-04-29 00:00:00-04:00,0.2190675949095436,0.22224250133487727,0.21747983992099762,0.21747983992099762,4073288,0.0,0.0
1986-04-30 00:00:00-04:00,0.2174797511651734,0.2174797511651734,0.20478011340236157,0.21589258313179016,5248800,0.0,0.0
1986-05-01 00:00:00-04:00,0.20478009609725795,0.20954275516497278,0.20001802333667668,0.2063678503036499,5116669,0.0,0.0
1986-05-02 00:00:00-04:00,0.20478026708181374,0.20954293012619019,0.20478026708181374,0.20954293012619019,915806,0.0,0.0
1986-05-05 00:00:00-04:00,0.20795503577631122,0.21589258313179013,0.20795503577631122,0.21589258313179016,4241869,0.0,0.0
1986-05-06 00:00:00-04:00,0.22224239878067148,0.22224239878067148,0.21430483460426328,0.2143048346042633,8351606,0.0,0.0
1986-05-07 00:00:00-04:00,0.21430484603555267,0.21589258313179013,0.21271767800216942,0.21589258313179016,3080025,0.0,0.0
1986-05-08 00:00:00-04:00,0.21589258313179013,0.2174797511651734,0.21430484603555267,0.21589258313179016,1959188,0.0,0.0
1986-05-09 00:00:00-04:00,0.21589267805571846,0.21589267805571846,0.21271777153015137,0.21271777153015137,14274731,0.0,0.0
1986-05-12 00:00:00-04:00,0.21271776481454038,0.21747983992099762,0.21271776481454038,0.21747983992099762,8898356,0.0,0.0
1986-05-13 00:00:00-04:00,0.21589267805571846,0.2174798467869498,0.21271777153015137,0.21271777153015137,6378750,0.0,0.0
1986-05-14 00:00:00-04:00,0.21271766665554157,0.21430483460426328,0.211129929643996,0.2143048346042633,847463,0.0,0.0
1986-05-15 00:00:00-04:00,0.21271777153015137,0.21271777153015137,0.2111300337358156,0.21271777153015137,2369250,0.0,0.0
1986-05-16 00:00:00-04:00,0.21271767800216942,0.21589258313179013,0.2095427728725487,0.21589258313179016,16042556,0.0,0.0
1986-05-19 00:00:00-04:00,0.21589267123987405,0.21747983992099762,0.21430493349566399,0.21747983992099762,9235519,0.0,0.0
1986-05-20 00:00:00-04:00,0.24129193213123934,0.26669061183929443,0.23652927121081346,0.26669061183929443,57727688,0.0,0.0
1986-05-21 00:00:00-04:00,0.266690572513919,0.26986549538647403,0.24764170780752182,0.25081661343574524,25332750,0.0,0.0
1986-05-22 00:00:00-04:00,0.25240379571914673,0.25875360732781577,0.25240379571914673,0.25240379571914673,6993844,0.0,0.0
1986-05-23 00:00:00-04:00,0.25240374086371864,0.2539909088894558,0.24764166772365567,0.2476416677236557,3891038,0.0,0.0
1986-05-27 00:00:00-04:00,0.25081661343574524,0.2524037817183852,0.24764170780752182,0.25081661343574524,2929669,0.0,0.0
1986-05-28 00:00:00-04:00,0.25399107779261343,0.25875372316267,0.25399107779261343,0.25557881593704224,4811400,0.0,0.0
1986-05-29 00:00:00-04:00,0.25716593861579895,0.2587536764737399,0.25399103196304423,0.25716593861579895,3754350,0.0,0.0
1986-05-30 00:00:00-04:00,0.2571657510565248,0.26192840933799744,0.2555785834192835,0.26192840933799744,5221463,0.0,0.0
1986-06-02 00:00:00-04:00,0.26034078995903737,0.2635156959372819,0.2539909780025482,0.2539909780025482,3672338,0.0,0.0
1986-06-03 00:00:00-04:00,0.2555787155231737,0.25716588398079276,0.2539909780025482,0.2539909780025482,1899956,0.0,0.0
1986-06-04 00:00:00-04:00,0.2555786765085153,0.26034075021743774,0.2555786765085153,0.26034075021743774,8501963,0.0,0.0
1986-06-05 00:00:00-04:00,0.26510345935821533,0.26510345935821533,0.26192855327630593,0.26510345935821533,3977606,0.0,0.0
1986-06-06 00:00:00-04:00,0.26510346056694967,0.268278366663335,0.2635157057429091,0.26669061183929443,4797731,0.0,0.0
1986-06-09 00:00:00-04:00,0.26669082315330467,0.26827857923541293,0.2571660973171773,0.25875383615493774,4023169,0.0,0.0
1986-06-10 00:00:00-04:00,0.2571660973171773,0.25875383615493774,0.25240401893085285,0.25875383615493774,4724831,0.0,0.0
1986-06-11 00:00:00-04:00,0.26192840933799744,0.26351555973091406,0.25875348775647816,0.26192840933799744,4055063,0.0,0.0
1986-06-12 00:00:00-04:00,0.26510345935821533,0.2666906106233235,0.26192855327630593,0.26510345935821533,4273763,0.0,0.0
1986-06-13 00:00:00-04:00,0.2666906106233235,0.26986553394956697,0.26510345935821533,0.26510345935821533,3490088,0.0,0.0
1986-06-16 00:00:00-04:00,0.2651033136751921,0.2666904640681087,0.2603406553937194,0.26192840933799744,4533469,0.0,0.0
1986-06-17 00:00:00-04:00,0.2635157045414141,0.26986553394956697,0.26192855327630593,0.26510345935821533,7686394,0.0,0.0
1986-06-18 00:00:00-04:00,0.26669070747253837,0.2682784628659358,0.2603408930027729,0.26351580023765564,3736125,0.0,0.0
1986-06-19 00:00:00-04:00,0.2603408922438689,0.26351579946949666,0.25557881593704224,0.25557881593704224,4346663,0.0,0.0
1986-06-20 00:00:00-04:00,0.2571660973171773,0.25875383615493774,0.2571660973171773,0.25875383615493774,574088,0.0,0.0
1986-06-23 00:00:00-04:00,0.25716593861579895,0.2603408452685537,0.2555787698209852,0.25716593861579895,2884106,0.0,0.0
1986-06-24 00:00:00-04:00,0.24922883574939286,0.25557864597804447,0.24764166772365567,0.2476416677236557,2533275,0.0,0.0
1986-06-25 00:00:00-04:00,0.25399084671933014,0.26351555973091406,0.25399084671933014,0.26192840933799744,2797538,0.0,0.0
1986-06-26 00:00:00-04:00,0.2603406553937194,0.26351555973091406,0.2603406553937194,0.26192840933799744,1435219,0.0,0.0
1986-06-27 00:00:00-04:00,0.2698654053502767,0.2762152144882132,0.2682782375971694,0.2714531421661377,9431438,0.0,0.0
1986-06-30 00:00:00-04:00,0.2730402913033199,0.27621519565582275,0.2698653869508171,0.27621519565582275,3398963,0.0,0.0
1986-07-01 00:00:00-04:00,0.2762152025009772,0.2762152025009772,0.2666904719631025,0.26986539363861084,3394406,0.0,0.0
1986-07-02 00:00:00-04:00,0.2682782375971694,0.27304030991924494,0.2682782375971694,0.2714531421661377,2264456,0.0,0.0
1986-07-03 00:00:00-04:00,0.27304030991924494,0.27462804673510594,0.2682782375971694,0.2714531421661377,1617469,0.0,0.0
1986-07-07 00:00:00-04:00,0.26986545170541365,0.2730403568197395,0.2444667626093299,0.2476416677236557,15081188,0.0,0.0
1986-07-08 00:00:00-04:00,0.24446674073435556,0.24446674073435556,0.23335427205280848,0.2412918359041214,7449469,0.0,0.0
1986-07-09 00:00:00-04:00,0.2412921190057101,0.24446702756097952,0.2412921190057101,0.24287927150726318,1713150,0.0,0.0
1986-07-10 00:00:00-04:00,0.24446686704611056,0.24446686704611056,0.2365292990935951,0.238117054104805,1426106,0.0,0.0
1986-07-11 00:00:00-04:00,0.23970420556424787,0.24129196057545776,0.2365292990935951,0.238117054104805,2246231,0.0,0.0
1986-07-14 00:00:00-04:00,0.2381171497384684,0.2381171497384684,0.2190676860194855,0.2222425937652588,3663225,0.0,0.0
1986-07-15 00:00:00-04:00,0.21589265136047703,0.22700455553875326,0.21430491376246588,0.22065472602844238,4132519,0.0,0.0
1986-07-16 00:00:00-04:00,0.22382955308122357,0.23335428535938263,0.22382955308122357,0.23335428535938263,2546944,0.0,0.0
1986-07-17 00:00:00-04:00,0.23176713224526993,0.23335430032125562,0.22382956743240356,0.22382956743240356,1576463,0.0,0.0
1986-07-18 00:00:00-04:00,0.22382941404709067,0.22700433433055878,0.21747960796878957,0.22700433433055878,1148175,0.0,0.0
1986-07-21 00:00:00-04:00,0.22700433433055878,0.22859207038137383,0.22541716734222328,0.22700433433055878,1034269,0.0,0.0
1986-07-22 00:00:00-04:00,0.22859228644293036,0.2317671924829483,0.2270045488914127,0.2317671924829483,1745044,0.0,0.0
1986-07-23 00:00:00-04:00,0.2317671041690917,0.24129183590412143,0.23017936722257434,0.2412918359041214,6816150,0.0,0.0
1986-07-24 00:00:00-04:00,0.24129177586819206,0.24287892611268191,0.22859214246273044,0.2285921424627304,5253356,0.0,0.0
1986-07-25 00:00:00-04:00,0.23017947375774386,0.23176721143912213,0.23017947375774386,0.23017947375774384,1480781,0.0,0.0
1986-07-28 00:00:00-04:00,0.22859219087022173,0.22859219087022173,0.22541728615760803,0.22541728615760803,1339538,0.0,0.0
1986-07-29 00:00:00-04:00,0.2270046708522572,0.2270046708522572,0.22224259376525882,0.2222425937652588,687994,0.0,0.0
1986-07-30 00:00:00-04:00,0.22382972731354142,0.22382972731354142,0.20160535769050184,0.20319311320781708,3271388,0.0,0.0
1986-07-31 00:00:00-04:00,0.20636795847901718,0.2143049402613827,0.20636795847901718,0.21271777153015137,6314963,0.0,0.0
1986-08-01 00:00:00-04:00,0.21271767800216942,0.2174797511651734,0.21271767800216942,0.21589258313179016,947700,0.0,0.0
1986-08-04 00:00:00-04:00,0.21589257161580885,0.21589257161580885,0.21271766665554157,0.2143048346042633,970481,0.0,0.0
1986-08-05 00:00:00-04:00,0.21430484603555267,0.21906750550573978,0.21112994090593196,0.21589258313179016,975038,0.0,0.0
1986-08-06 00:00:00-04:00,0.21430480836486823,0.21589254518201195,0.21112990379333496,0.21112990379333496,2824875,0.0,0.0
1986-08-07 00:00:00-04:00,0.21430493349566399,0.2190675949095436,0.21271776481454038,0.21747983992099762,3854588,0.0,0.0
1986-08-08 00:00:00-04:00,0.2190675949095436,0.2190675949095436,0.21589267123987405,0.21747983992099762,1170956,0.0,0.0
1986-08-11 00:00:00-04:00,0.21747983992099762,0.2254174077602109,0.21747983992099762,0.21747983992099762,3572100,0.0,0.0
1986-08-12 00:00:00-04:00,0.22065474634633125,0.22065474634633125,0.21589267123987405,0.21747983992099762,5572294,0.0,0.0
1986-08-13 00:00:00-04:00,0.21906751138590633,0.22541732181558813,0.21906751138590633,0.22382956743240356,5749988,0.0,0.0
1986-08-14 00:00:00-04:00,0.22541739883973688,0.23017947375774386,0.22382964391402332,0.23017947375774384,3790800,0.0,0.0
1986-08-15 00:00:00-04:00,0.23017953596529683,0.24129201279330917,0.22859236691803947,0.23652935028076172,6998400,0.0,0.0
1986-08-18 00:00:00-04:00,0.24129183590412143,0.2476416455645897,0.23970408171327678,0.2412918359041214,7613494,0.0,0.0
1986-08-19 00:00:00-04:00,0.2508166371255773,0.2539909739906758,0.24605399370193481,0.24605399370193481,11212931,0.0,0.0
1986-08-20 00:00:00-04:00,0.24764178772066195,0.2587536764737399,0.24764178772066195,0.25716593861579895,14671125,0.0,0.0
1986-08-21 00:00:00-04:00,0.2555787015234812,0.2571658698941609,0.25081662734846705,0.25240379571914673,4797731,0.0,0.0
1986-08-22 00:00:00-04:00,0.2508165728379815,0.25240374086371864,0.2444667626093299,0.2476416677236557,1913625,0.0,0.0
1986-08-25 00:00:00-04:00,0.24605393063506706,0.24922883574939286,0.2444667626093299,0.2476416677236557,3020794,0.0,0.0
1986-08-26 00:00:00-04:00,0.2476418324045878,0.25716598501824117,0.2476418324045878,0.25557881593704224,5863894,0.0,0.0
1986-08-27 00:00:00-04:00,0.2555787155231737,0.25716588398079276,0.25081664108731,0.2539909780025482,3695119,0.0,0.0
1986-08-28 00:00:00-04:00,0.2539909780025482,0.26034078995903737,0.24922890356668453,0.2539909780025482,8620425,0.0,0.0
1986-08-29 00:00:00-04:00,0.2539909640898264,0.2539909640898264,0.25081662734846705,0.25240379571914673,1385100,0.0,0.0
1986-09-02 00:00:00-04:00,0.2539909780025482,0.25716588398079276,0.2524038095449291,0.2539909780025482,2360138,0.0,0.0
1986-09-03 00:00:00-04:00,0.2539909640898264,0.2555787015234812,0.25240379571914673,0.25240379571914673,6319519,0.0,0.0
1986-09-04 00:00:00-04:00,0.2524039087114145,0.25716598501824117,0.2524039087114145,0.25557881593704224,1804275,0.0,0.0
1986-09-05 00:00:00-04:00,0.2555787155231737,0.2555787155231737,0.2539909780025482,0.2539909780025482,11545538,0.0,0.0
1986-09-08 00:00:00-04:00,0.25240368356293835,0.25399085122835613,0.24287895313794003,0.24446670711040497,4196306,0.0,0.0
1986-09-09 00:00:00-04:00,0.244466707110405,0.2476416115039628,0.244466707110405,0.24446670711040497,4952644,0.0,0.0
1986-09-10 00:00:00-04:00,0.24287927150726316,0.24446702756097952,0.2412921190057101,0.24287927150726318,779119,0.0,0.0
1986-09-11 00:00:00-04:00,0.24129182696500326,0.24129182696500326,0.22382953202558478,0.22541728615760803,3690563,0.0,0.0
1986-09-12 00:00:00-04:00,0.22224259376525882,0.22382974586214077,0.21589276102936908,0.2222425937652588,6697688,0.0,0.0
1986-09-15 00:00:00-04:00,0.22065462731297106,0.22541728615760803,0.22065462731297106,0.22541728615760803,2556056,0.0,0.0
1986-09-16 00:00:00-04:00,0.22541728615760803,0.22541728615760803,0.22065462731297106,0.22541728615760803,2674519,0.0,0.0
1986-09-17 00:00:00-04:00,0.22541723842244576,0.22859214246273044,0.22541723842244576,0.2285921424627304,1084388,0.0,0.0
1986-09-18 00:00:00-04:00,0.22700440591125862,0.22859214246273044,0.22700440591125862,0.2285921424627304,1216519,0.0,0.0
1986-09-19 00:00:00-04:00,0.22859228644293036,0.23494209852296627,0.2270045488914127,0.2317671924829483,4419563,0.0,0.0
1986-09-22 00:00:00-04:00,0.2333544863438038,0.2381171497384684,0.2190676860194855,0.2222425937652588,7075856,0.0,0.0
1986-09-23 00:00:00-04:00,0.22382965277166492,0.22382965277166492,0.20954285838920675,0.21747983992099762,9066938,0.0,0.0
1986-09-24 00:00:00-04:00,0.21906750550573978,0.22382956142441485,0.21589258313179013,0.21589258313179016,10807425,0.0,0.0
1986-09-25 00:00:00-04:00,0.21589267805571846,0.2174798467869498,0.2111300337358156,0.21271777153015137,2004750,0.0,0.0
1986-09-26 00:00:00-04:00,0.21271767800216942,0.2174797511651734,0.21112994090593196,0.21589258313179016,1230188,0.0,0.0
1986-09-29 00:00:00-04:00,0.2143049402613827,0.2143049402613827,0.21271777153015137,0.21271777153015137,423731,0.0,0.0
1986-09-30 00:00:00-04:00,0.21271767800216942,0.2174797511651734,0.21271767800216942,0.21589258313179016,893025,0.0,0.0
1986-10-01 00:00:00-04:00,0.21589257161580885,0.2174797395645306,0.21271766665554157,0.2143048346042633,1143619,0.0,0.0
1986-10-02 00:00:00-04:00,0.21271777153015137,0.2143049402613827,0.21271777153015137,0.21271777153015137,241481,0.0,0.0
1986-10-03 00:00:00-04:00,0.21271766665554157,0.21430483460426328,0.211129929643996,0.2143048346042633,2018419,0.0,0.0
1986-10-06 00:00:00-04:00,0.21271766665554157,0.21430483460426328,0.21271766665554157,0.2143048346042633,1239300,0.0,0.0
1986-10-07 00:00:00-04:00,0.21271764061047868,0.21430480836486823,0.21112990379333496,0.21112990379333496,742669,0.0,0.0
1986-10-08 00:00:00-04:00,0.21271777153015137,0.2143049402613827,0.21271777153015137,0.21271777153015137,2651738,0.0,0.0
1986-10-09 00:00:00-04:00,0.21430502262482087,0.22382974586214077,0.21430502262482087,0.2222425937652588,1986525,0.0,0.0
1986-10-10 00:00:00-04:00,0.22065472602844238,0.22065472602844238,0.21747981989545412,0.22065472602844238,1034269,0.0,0.0
1986-10-13 00:00:00-04:00,0.2206547548476224,0.2206547548476224,0.21906760334968567,0.21906760334968567,59231,0.0,0.0
1986-10-14 00:00:00-04:00,0.21906760334968567,0.21906760334968567,0.21589267955769398,0.21906760334968567,569531,0.0,0.0
1986-10-15 00:00:00-04:00,0.21906750550573978,0.21906750550573978,0.21271767800216942,0.21589258313179016,4296544,0.0,0.0
1986-10-16 00:00:00-04:00,0.21589267123987405,0.2190675949095436,0.21589267123987405,0.21747983992099762,12698269,0.0,0.0
1986-10-17 00:00:00-04:00,0.21747983992099762,0.21747983992099762,0.21589267123987405,0.21747983992099762,7713731,0.0,0.0
1986-10-20 00:00:00-04:00,0.21589267805571846,0.21589267805571846,0.2111300337358156,0.21271777153015137,1740488,0.0,0.0
1986-10-21 00:00:00-04:00,0.2143049402613827,0.2143049402613827,0.2111300337358156,0.21271777153015137,2401144,0.0,0.0
1986-10-22 00:00:00-04:00,0.21430484603555267,0.21589258313179013,0.21430484603555267,0.21589258313179016,3034463,0.0,0.0
1986-10-23 00:00:00-04:00,0.21589267955769398,0.22700458518726915,0.21589267955769398,0.21906760334968567,3421744,0.0,0.0
1986-10-24 00:00:00-04:00,0.21747983992099762,0.2190675949095436,0.21747983992099762,0.21747983992099762,1767825,0.0,0.0
1986-10-27 00:00:00-05:00,0.21747984829996733,0.2206547548476224,0.21747984829996733,0.21906760334968567,2701856,0.0,0.0
1986-10-28 00:00:00-05:00,0.22065472602844238,0.22382963216143065,0.21747981989545412,0.22065472602844238,3316950,0.0,0.0
1986-10-29 00:00:00-05:00,0.2206547195670429,0.2333543609714486,0.21589264503852468,0.2317671924829483,16502738,0.0,0.0
1986-10-30 00:00:00-05:00,0.23494202239643758,0.2397040953819365,0.2301793803481057,0.23335428535938263,6324075,0.0,0.0
1986-10-31 00:00:00-05:00,0.23176711738516065,0.23494202239643758,0.23176711738516065,0.23335428535938263,3708788,0.0,0.0
1986-11-03 00:00:00-05:00,0.2333543210853831,0.24129188660454287,0.2333543210853831,0.23970413208007812,5358150,0.0,0.0
1986-11-04 00:00:00-05:00,0.23811710563557673,0.23811710563557673,0.23335444312302925,0.23652935028076172,7226213,0.0,0.0
1986-11-05 00:00:00-05:00,0.23494209349155423,0.23970416791809007,0.23335435597403884,0.23494209349155426,1840725,0.0,0.0
1986-11-06 00:00:00-05:00,0.2349420902407647,0.2476417311974814,0.23335435274521812,0.24605399370193481,6041588,0.0,0.0
1986-11-07 00:00:00-05:00,0.24287895313794003,0.2476416115039628,0.24287895313794003,0.24446670711040497,3704231,0.0,0.0
1986-11-10 00:00:00-05:00,0.24764193611624893,0.2508168446715184,0.23970436295199374,0.24287927150726318,4369444,0.0,0.0
1986-11-11 00:00:00-05:00,0.24287898654351092,0.24605390861807236,0.23970408171327678,0.2412918359041214,1225631,0.0,0.0
1986-11-12 00:00:00-05:00,0.24287916459622658,0.24287916459622658,0.23494218123350435,0.23652935028076172,7294556,0.0,0.0
1986-11-13 00:00:00-05:00,0.23494209852296627,0.23652926701146654,0.22859228644293036,0.2317671924829483,6574669,0.0,0.0
1986-11-14 00:00:00-05:00,0.2317671924829483,0.2317671924829483,0.22382962560706088,0.2317671924829483,4524356,0.0,0.0
1986-11-17 00:00:00-05:00,0.22859214246273044,0.2301793099515433,0.22859214246273044,0.2285921424627304,961369,0.0,0.0
1986-11-18 00:00:00-05:00,0.22859222703042903,0.22859222703042903,0.22065466221756266,0.22382956743240356,2474044,0.0,0.0
1986-11-19 00:00:00-05:00,0.22541738700377617,0.22700455553875326,0.22065472602844238,0.22065472602844238,1653919,0.0,0.0
1986-11-20 00:00:00-05:00,0.22382941404709067,0.22700433433055878,0.22065451100794012,0.22700433433055878,4711163,0.0,0.0
1986-11-21 00:00:00-05:00,0.23017935869513886,0.23017935869513886,0.22541728615760803,0.22541728615760803,2998013,0.0,0.0
1986-11-24 00:00:00-05:00,0.22541730736260682,0.23494202239643758,0.22541730736260682,0.23335428535938263,9773156,0.0,0.0
1986-11-25 00:00:00-05:00,0.2333543609714486,0.2333543609714486,0.23017945493143063,0.2317671924829483,3025350,0.0,0.0
1986-11-26 00:00:00-05:00,0.23335444312302925,0.23811710563557673,0.22859236691803947,0.23652935028076172,8656875,0.0,0.0
1986-11-28 00:00:00-05:00,0.23811698110719534,0.24129188660454287,0.23811698110719534,0.23970413208007812,1266638,0.0,0.0
1986-12-01 00:00:00-05:00,0.23811694465204278,0.23811694465204278,0.23335428535938263,0.23335428535938263,2770200,0.0,0.0
1986-12-02 00:00:00-05:00,0.23652926194606444,0.23970416791809007,0.23494209349155423,0.23494209349155426,3531094,0.0,0.0
1986-12-03 00:00:00-05:00,0.2365292990935951,0.23970420556424787,0.23494213038981598,0.238117054104805,6524550,0.0,0.0
1986-12-04 00:00:00-05:00,0.23811701670791335,0.23970416791809007,0.23494209349155423,0.23494209349155426,2118656,0.0,0.0
1986-12-05 00:00:00-05:00,0.2365293502807617,0.23970425743849413,0.2365293502807617,0.23652935028076172,2975231,0.0,0.0
1986-12-08 00:00:00-05:00,0.23652926701146654,0.23811702180731809,0.2317671924829483,0.2317671924829483,1553681,0.0,0.0
1986-12-09 00:00:00-05:00,0.23176711738516065,0.23335428535938263,0.2301793803481057,0.23335428535938263,5385488,0.0,0.0
1986-12-10 00:00:00-05:00,0.2333543926229423,0.23970420556424787,0.2333543926229423,0.238117054104805,2911444,0.0,0.0
1986-12-11 00:00:00-05:00,0.23494209349155423,0.23652926194606444,0.23335435597403884,0.23494209349155426,4041394,0.0,0.0
1986-12-12 00:00:00-05:00,0.23494211773881477,0.23494211773881477,0.23017947375774386,0.23017947375774384,829238,0.0,0.0
1986-12-15 00:00:00-05:00,0.22859228644293036,0.2317671924829483,0.22859228644293036,0.2317671924829483,4925306,0.0,0.0
1986-12-16 00:00:00-05:00,0.23017936722257434,0.24129183590412143,0.22859219933885755,0.2412918359041214,7768406,0.0,0.0
1986-12-17 00:00:00-05:00,0.2397040953819365,0.2460539226488186,0.23335428535938263,0.23335428535938263,10843875,0.0,0.0
1986-12-18 00:00:00-05:00,0.2349420583655169,0.24287903757742565,0.2349420583655169,0.23970413208007812,2296350,0.0,0.0
1986-12-19 00:00:00-05:00,0.23811710563557673,0.23811710563557673,0.23494218123350435,0.23652935028076172,1184625,0.0,0.0
1986-12-22 00:00:00-05:00,0.2349420583655169,0.23970413208007812,0.2349420583655169,0.23970413208007812,1148175,0.0,0.0
1986-12-23 00:00:00-05:00,0.23970420556424787,0.24287911203490067,0.23811705410480496,0.238117054104805,3148369,0.0,0.0
1986-12-24 00:00:00-05:00,0.23494213038981598,0.23970420556424787,0.23494213038981598,0.238117054104805,1184625,0.0,0.0
1986-12-26 00:00:00-05:00,0.23811705410480496,0.24129196057545776,0.2365292990935951,0.238117054104805,432844,0.0,0.0
1986-12-29 00:00:00-05:00,0.23494209349155423,0.23652926194606444,0.23335435597403884,0.23494209349155426,1886288,0.0,0.0
1986-12-30 00:00:00-05:00,0.23494211773881477,0.23494211773881477,0.2285923051394295,0.23017947375774384,7039406,0.0,0.0
1986-12-31 00:00:00-05:00,0.22859207038137383,0.23176697342052438,0.22700433433055878,0.22700433433055878,8861906,0.0,0.0
1987-01-02 00:00:00-05:00,0.22859214246273044,0.2301793099515433,0.22700440591125862,0.2285921424627304,2747419,0.0,0.0
1987-01-05 00:00:00-05:00,0.23494197668540667,0.24605387477582275,0.23494197668540667,0.24446670711040497,2943338,0.0,0.0
1987-01-06 00:00:00-05:00,0.24446674073435556,0.24446674073435556,0.23970408171327678,0.2412918359041214,3603994,0.0,0.0
1987-01-07 00:00:00-05:00,0.24287916979019095,0.25557881593704224,0.24287916979019095,0.25557881593704224,5891231,0.0,0.0
1987-01-08 00:00:00-05:00,0.2539909841630692,0.2539909841630692,0.24605400355645046,0.24922890961170197,1535456,0.0,0.0
1987-01-09 00:00:00-05:00,0.2508165728379815,0.2508165728379815,0.24764166772365567,0.2476416677236557,3517425,0.0,0.0
1987-01-12 00:00:00-05:00,0.2476416455645897,0.2492288134483065,0.23811693107388726,0.2412918359041214,1786050,0.0,0.0
1987-01-13 00:00:00-05:00,0.24129188660454287,0.24129188660454287,0.23811698110719534,0.23970413208007812,1622025,0.0,0.0
1987-01-14 00:00:00-05:00,0.23970425743849413,0.23970425743849413,0.22859236691803947,0.23652935028076172,15363675,0.0,0.0
1987-01-15 00:00:00-05:00,0.2381170229498317,0.2508166471708378,0.2381170229498317,0.24922890961170197,9586350,0.0,0.0
1987-01-16 00:00:00-05:00,0.249228909611702,0.249228909611702,0.24129192900508323,0.24922890961170197,3941156,0.0,0.0
1987-01-19 00:00:00-05:00,0.24922883574939286,0.24922883574939286,0.2428790082764124,0.2476416677236557,2706413,0.0,0.0
1987-01-20 00:00:00-05:00,0.24922883574939286,0.2508165728379815,0.2444667626093299,0.2476416677236557,5777325,0.0,0.0
1987-01-21 00:00:00-05:00,0.24605387477582275,0.24922877916938055,0.244466707110405,0.24446670711040497,3239494,0.0,0.0
1987-01-22 00:00:00-05:00,0.24446683506033476,0.2508166471708378,0.24446683506033476,0.24922890961170197,3549319,0.0,0.0
1987-01-23 00:00:00-05:00,0.2508166943734167,0.26351575192130844,0.2508166943734167,0.25716593861579895,24184575,0.0,0.0
1987-01-26 00:00:00-05:00,0.2539909780025482,0.2555787155231737,0.24922890356668453,0.2539909780025482,3262275,0.0,0.0
1987-01-27 00:00:00-05:00,0.2539909862956859,0.26510345935821533,0.2539909862956859,0.26510345935821533,9180844,0.0,0.0
1987-01-28 00:00:00-05:00,0.26669059584331367,0.2746281623840332,0.26669059584331367,0.2746281623840332,12124181,0.0,0.0
1987-01-29 00:00:00-05:00,0.2746280280109288,0.28891483031015874,0.2746280280109288,0.27621519565582275,11417963,0.0,0.0
1987-01-30 00:00:00-05:00,0.2793901718409573,0.28256507700974437,0.27462809861920734,0.2778030037879944,3963938,0.0,0.0
1987-02-02 00:00:00-05:00,0.2809781072073986,0.2857401662525411,0.2778031827489939,0.284153014421463,6952838,0.0,0.0
1987-02-03 00:00:00-05:00,0.28574007116846345,0.2873278260231018,0.28415291986553254,0.2873278260231018,5335369,0.0,0.0
1987-02-04 00:00:00-05:00,0.2873278451057793,0.2936776578426361,0.28415293873735087,0.2936776578426361,8734331,0.0,0.0
1987-02-05 00:00:00-05:00,0.28891506277376694,0.29843980073928833,0.28891506277376694,0.29843980073928833,25214288,0.0,0.0
1987-02-06 00:00:00-05:00,0.300027368986875,0.30320170521736145,0.298439649053078,0.30320170521736145,7212544,0.0,0.0
1987-02-09 00:00:00-05:00,0.30320170521736145,0.3063766277550613,0.298439649053078,0.30320170521736145,16712325,0.0,0.0
1987-02-10 00:00:00-05:00,0.30320184567671604,0.30478960083470596,0.2889150497695827,0.29685261845588684,7536038,0.0,0.0
1987-02-11 00:00:00-05:00,0.290502508352687,0.2936773946312553,0.2857398340484307,0.29208964109420776,15236100,0.0,0.0
1987-02-12 00:00:00-05:00,0.29843968015593686,0.31113930265294926,0.2968525118752817,0.30002740025520325,11281275,0.0,0.0
1987-02-13 00:00:00-05:00,0.30161458253860474,0.30320175089294565,0.3000274141842638,0.30161458253860474,2382919,0.0,0.0
1987-02-17 00:00:00-05:00,0.30320180318424605,0.31748918339654747,0.30320180318424605,0.31590142846107483,10133100,0.0,0.0
1987-02-18 00:00:00-05:00,0.31590145591914853,0.3174892109926285,0.30478958461195144,0.3079644739627838,13299694,0.0,0.0
1987-02-19 00:00:00-05:00,0.30796448741085125,0.3159014697138049,0.3047895979213791,0.3095516562461853,3061800,0.0,0.0
1987-02-20 00:00:00-05:00,0.31113939780228994,0.31113939780228994,0.3063767533779776,0.3079644739627838,1380544,0.0,0.0
1987-02-23 00:00:00-05:00,0.30796439408190707,0.30796439408190707,0.298439694011286,0.30161458253860474,3954825,0.0,0.0
1987-02-24 00:00:00-05:00,0.30320175089294565,0.30320175089294565,0.3000274141842638,0.30161458253860474,2000194,0.0,0.0
1987-02-25 00:00:00-05:00,0.2920900480197861,0.30002761966084757,0.2873279878767872,0.28891515731811523,6834375,0.0,0.0
1987-02-26 00:00:00-05:00,0.290502508352687,0.2936773946312553,0.2873275875854783,0.29208964109420776,6173719,0.0,0.0
1987-02-27 00:00:00-05:00,0.2905026703510948,0.30478945963981807,0.2905026703510948,0.30320170521736145,2615288,0.0,0.0
1987-03-02 00:00:00-05:00,0.31748898974390255,0.3206639113708993,0.31113918097855875,0.31272634863853455,13030875,0.0,0.0
1987-03-03 00:00:00-05:00,0.3159012303099207,0.31748898424946415,0.3111391755940096,0.3143140971660614,5649750,0.0,0.0
1987-03-04 00:00:00-05:00,0.3143140971660614,0.3143140971660614,0.30955142165446614,0.3143140971660614,6952838,0.0,0.0
1987-03-05 00:00:00-05:00,0.323838882401876,0.3270138048513577,0.31748907199157134,0.3190762400627136,10087538,0.0,0.0
1987-03-06 00:00:00-05:00,0.3222511625121953,0.3222511625121953,0.31272642965240893,0.3190762400627136,3540206,0.0,0.0
1987-03-09 00:00:00-05:00,0.3222511564852056,0.3222511564852056,0.3111392557621002,0.3111392557621002,2492269,0.0,0.0
1987-03-10 00:00:00-05:00,0.30955157835233665,0.32701388001441956,0.30955157835233665,0.32701388001441956,6602006,0.0,0.0
1987-03-11 00:00:00-05:00,0.33177576984471785,0.33177576984471785,0.32383879354116124,0.3301886022090912,7422131,0.0,0.0
1987-03-12 00:00:00-05:00,0.33018879474530727,0.331775963306427,0.3270139058043591,0.331775963306427,4410450,0.0,0.0
1987-03-13 00:00:00-05:00,0.33336367569809394,0.33495084405697845,0.32860103249549866,0.32860103249549866,1735931,0.0,0.0
1987-03-16 00:00:00-05:00,0.32701366742713694,0.32701366742713694,0.3174889385700226,0.3174889385700226,5850225,0.0,0.0
1987-03-17 00:00:00-05:00,0.31431435356884246,0.3206641674041748,0.31272659833408345,0.3206641674041748,7868644,0.0,0.0
1987-03-18 00:00:00-05:00,0.3428883693690349,0.34923818017281505,0.3381256922460875,0.34447553753852844,14119819,0.0,0.0
1987-03-19 00:00:00-05:00,0.34923821358403495,0.3540002703666687,0.34130064754415,0.3540002703666687,11878144,0.0,0.0
1987-03-20 00:00:00-05:00,0.3555875446022404,0.36987492630898117,0.35241265519527976,0.36828720569610596,12447675,0.0,0.0
1987-03-23 00:00:00-05:00,0.3651121173674021,0.38098666071891785,0.36193719490163545,0.38098666071891785,22175269,0.0,0.0
1987-03-24 00:00:00-05:00,0.3809864423672319,0.39051116981704287,0.3809864423672319,0.3889240026473999,8565750,0.0,0.0
1987-03-25 00:00:00-05:00,0.38574930308250904,0.3889242255482757,0.3793994926396345,0.38098666071891785,8962144,0.0,0.0
1987-03-26 00:00:00-05:00,0.38098683230129715,0.3825745874028467,0.35876246849787535,0.36828720569610596,9709369,0.0,0.0
1987-03-27 00:00:00-05:00,0.3698750035428105,0.3698750035428105,0.35876254341130503,0.36193743348121643,6264844,0.0,0.0
1987-03-30 00:00:00-05:00,0.3460632752180859,0.3571751774056441,0.3349508212119268,0.3555874228477478,8419950,0.0,0.0
1987-03-31 00:00:00-05:00,0.35717529970379,0.37146209510306655,0.35717529970379,0.36828720569610596,5508506,0.0,0.0
1987-04-01 00:00:00-05:00,0.3651122450828552,0.36670000002473174,0.3587624324188303,0.3651122450828552,5886675,0.0,0.0
1987-04-02 00:00:00-05:00,0.3682871686592031,0.37304981268875664,0.3651122450828552,0.3651122450828552,3991275,0.0,0.0
1987-04-03 00:00:00-05:00,0.36828720569610596,0.36987492630898117,0.3555875446022404,0.36828720569610596,49663125,0.0,0.0
1987-04-06 00:00:00-04:00,0.3714618330299771,0.37463675468564706,0.3698746653556674,0.3730495870113373,4323881,0.0,0.0
1987-04-07 00:00:00-04:00,0.3730497733942765,0.37781183061482265,0.3682871298663868,0.37622469663619995,10338131,0.0,0.0
1987-04-08 00:00:00-04:00,0.37622460466252666,0.38574930308250904,0.3746368502760433,0.38098666071891785,18161213,0.0,0.0
1987-04-09 00:00:00-04:00,0.3809868260173576,0.38257458109271897,0.37781190217408933,0.3793996572494507,8114681,0.0,0.0
1987-04-10 00:00:00-04:00,0.3762246966361999,0.3793995853894561,0.3746369418615665,0.37622469663619995,4569919,0.0,0.0
1987-04-13 00:00:00-04:00,0.37622460466252666,0.3825744151054012,0.3746368502760433,0.38098666071891785,9299306,0.0,0.0
1987-04-14 00:00:00-04:00,0.3746370901102608,0.3746370901102608,0.3587625365962139,0.3635251820087433,4989094,0.0,0.0
1987-04-15 00:00:00-04:00,0.3667000369020205,0.36987492630898117,0.36511228180047095,0.36828720569610596,3417188,0.0,0.0
1987-04-16 00:00:00-04:00,0.3730499217152661,0.37939973623506973,0.37146216630935663,0.3714621663093567,8861906,0.0,0.0
1987-04-20 00:00:00-04:00,0.37146209510306655,0.3730498502046161,0.3667000369020205,0.36828720569610596,5517619,0.0,0.0
1987-04-21 00:00:00-04:00,0.36669998044540947,0.36669998044540947,0.3540003213067655,0.3587624132633209,11363288,0.0,0.0
1987-04-22 00:00:00-04:00,0.3603502988443948,0.36511235803980935,0.35876254341130503,0.36193743348121643,4465125,0.0,0.0
1987-04-23 00:00:00-04:00,0.36193743348121643,0.36511235803980935,0.35876254341130503,0.36193743348121643,5804663,0.0,0.0
1987-04-24 00:00:00-04:00,0.3587623792833534,0.3587623792833534,0.3492382307609857,0.35082539916038513,2565169,0.0,0.0
1987-04-27 00:00:00-04:00,0.33018871327281385,0.34447553753852844,0.33018871327281385,0.34447553753852844,7476806,0.0,0.0
1987-04-28 00:00:00-04:00,0.3492382307609857,0.35400028777783665,0.34765047605426785,0.35082539916038513,8738888,0.0,0.0
1987-04-29 00:00:00-04:00,0.3524127287828007,0.3635251889143062,0.3524127287828007,0.36193743348121643,2824875,0.0,0.0
1987-04-30 00:00:00-04:00,0.36193728576021533,0.3666999638080597,0.35717522850838573,0.3666999638080597,2988900,0.0,0.0
1987-05-01 00:00:00-04:00,0.3635249885340401,0.36828707959320234,0.35558742284774775,0.3555874228477478,16935581,0.0,0.0
1987-05-04 00:00:00-04:00,0.35558761209793216,0.3635251820087433,0.35558761209793216,0.3635251820087433,6474431,0.0,0.0
1987-05-05 00:00:00-04:00,0.36352507644838383,0.36670000002473174,0.36352507644838383,0.3651122450828552,10821094,0.0,0.0
1987-05-06 00:00:00-04:00,0.3682870188188272,0.3778117166953333,0.3666998508301072,0.37463682889938354,12652706,0.0,0.0
1987-05-07 00:00:00-04:00,0.37622484621950836,0.37622484621950836,0.3619374272853107,0.3714621663093567,11805244,0.0,0.0
1987-05-08 00:00:00-04:00,0.3746369306566573,0.37781181931495667,0.3746369306566573,0.37781181931495667,7845863,0.0,0.0
1987-05-11 00:00:00-04:00,0.3809868069445453,0.40479833795726505,0.3778118832602188,0.4000362455844879,15473025,0.0,0.0
1987-05-12 00:00:00-04:00,0.38733670115470886,0.39686143971895255,0.38416181129241384,0.38733670115470886,6556444,0.0,0.0
1987-05-13 00:00:00-04:00,0.3873366011904509,0.39368641376495356,0.3873366011904509,0.3936864137649536,9066938,0.0,0.0
1987-05-14 00:00:00-04:00,0.39527411656840705,0.39844903968138684,0.39209919345542726,0.3968612849712372,7604381,0.0,0.0
1987-05-15 00:00:00-04:00,0.3936865153679782,0.3936865153679782,0.38733670115470886,0.38733670115470886,2970675,0.0,0.0
1987-05-18 00:00:00-04:00,0.3809868869414395,0.3889244564839701,0.3746370727281702,0.38733670115470886,6793369,0.0,0.0
1987-05-19 00:00:00-04:00,0.38574908200124985,0.3984487300972109,0.38574908200124985,0.3889240026473999,9399544,0.0,0.0
1987-05-20 00:00:00-04:00,0.38892417365330334,0.39051134152080746,0.3825743640576973,0.3841615319252014,12812175,0.0,0.0
1987-05-21 00:00:00-04:00,0.3873362491708929,0.3936860559745538,0.3873362491708929,0.3889240026473999,9048713,0.0,0.0
1987-05-22 00:00:00-04:00,0.3905116021633148,0.39209932290899263,0.3873366780021178,0.3905116021633148,7545150,0.0,0.0
1987-05-26 00:00:00-04:00,0.392099304680855,0.3984491527080536,0.392099304680855,0.3984491527080536,11891813,0.0,0.0
1987-05-27 00:00:00-04:00,0.40003598123200007,0.43019733968209034,0.40003598123200007,0.423847496509552,12780281,0.0,0.0
1987-05-28 00:00:00-04:00,0.4206727089155503,0.42226046323776245,0.41591061856326667,0.42226046323776245,4232756,0.0,0.0
1987-05-29 00:00:00-04:00,0.42067289874039987,0.42702271179153406,0.42067289874039987,0.42543554306030273,5385488,0.0,0.0
1987-06-01 00:00:00-04:00,0.42384779097035946,0.44448501979468147,0.42384779097035946,0.43813520669937134,10342688,0.0,0.0
1987-06-02 00:00:00-04:00,0.43178516626358027,0.43813501101147956,0.42861027837828847,0.4317851662635803,5221463,0.0,0.0
1987-06-03 00:00:00-04:00,0.43019770371932936,0.43972240756072994,0.43019770371932936,0.43654751777648926,12037613,0.0,0.0
1987-06-04 00:00:00-04:00,0.44130994972301973,0.44765976071357727,0.43972219519958955,0.44765976071357727,10055644,0.0,0.0
1987-06-05 00:00:00-04:00,0.44448518753051763,0.44448518753051763,0.43654761639007966,0.4444851875305176,6269400,0.0,0.0
1987-06-08 00:00:00-04:00,0.44130984093304826,0.45083457231521606,0.439722086801025,0.45083457231521606,5722650,0.0,0.0
1987-06-09 00:00:00-04:00,0.45083433468444656,0.45877130775108316,0.44924658138931395,0.45400866866111755,14880713,0.0,0.0
1987-06-10 00:00:00-04:00,0.45242174014013314,0.45559662760842023,0.44765965035827565,0.45083457231521606,5271581,0.0,0.0
1987-06-11 00:00:00-04:00,0.45083499664664095,0.45083499664664095,0.4460723505636698,0.44924724102020264,2792981,0.0,0.0
1987-06-12 00:00:00-04:00,0.44765965035827565,0.45242174014013314,0.44765965035827565,0.45083457231521606,3658669,0.0,0.0
1987-06-15 00:00:00-04:00,0.4540090993376218,0.46353380024596,0.4508347623497504,0.46194666624069214,4692938,0.0,0.0
1987-06-16 00:00:00-04:00,0.461946565852124,0.46512145396872556,0.44607202180313543,0.4635336995124817,4178081,0.0,0.0
1987-06-17 00:00:00-04:00,0.46988349297437043,0.46988349297437043,0.46194651497759465,0.46670857071876526,7413019,0.0,0.0
1987-06-18 00:00:00-04:00,0.46035889401934915,0.4651215374469757,0.4524219137239686,0.4651215374469757,11436188,0.0,0.0
1987-06-19 00:00:00-04:00,0.4619467024412013,0.4619467024412013,0.45877177889717335,0.46035894751548767,3111919,0.0,0.0
1987-06-22 00:00:00-04:00,0.46988389103292333,0.46988389103292333,0.44924724102020264,0.44924724102020264,12310988,0.0,0.0
1987-06-23 00:00:00-04:00,0.4444850916176398,0.4444850916176398,0.42702278376362973,0.44131016731262207,15144975,0.0,0.0
1987-06-24 00:00:00-04:00,0.44130981519665485,0.44924679198392925,0.4381349279135215,0.43972206115722656,4442344,0.0,0.0
1987-06-25 00:00:00-04:00,0.4413100960026898,0.4428972647449631,0.43496028290737965,0.43813520669937134,5185013,0.0,0.0
1987-06-26 00:00:00-04:00,0.4349600450759552,0.438134967131934,0.4286102354526519,0.428610235452652,2920556,0.0,0.0
1987-06-29 00:00:00-04:00,0.42702273223274806,0.4365474695097269,0.42702273223274806,0.43019765615463257,5444719,0.0,0.0
1987-06-30 00:00:00-04:00,0.4301974033270792,0.4317851230199764,0.4270224812711003,0.428610235452652,5303475,0.0,0.0
1987-07-01 00:00:00-04:00,0.4254358038903896,0.42702297359469754,0.4159110612298352,0.41749823093414307,4506131,0.0,0.0
1987-07-02 00:00:00-04:00,0.43178537678063467,0.43178537678063467,0.42702273223274806,0.43019765615463257,7203431,0.0,0.0
1987-07-06 00:00:00-04:00,0.43019744641167174,0.43337233429696354,0.43019744641167174,0.4317851662635803,2852213,0.0,0.0
1987-07-07 00:00:00-04:00,0.43019765615463257,0.43178537678063467,0.43019765615463257,0.43019765615463257,5417381,0.0,0.0
1987-07-08 00:00:00-04:00,0.43019744143863653,0.43178516127219124,0.4206727089155503,0.42226046323776245,7504144,0.0,0.0
1987-07-09 00:00:00-04:00,0.42067315665055927,0.42384804787828134,0.41273617000211316,0.41749823093414307,8552081,0.0,0.0
1987-07-10 00:00:00-04:00,0.41908586025238037,0.42384791974479186,0.41908586025238037,0.41908586025238037,3754350,0.0,0.0
1987-07-13 00:00:00-04:00,0.4222606784579604,0.4222606784579604,0.4174979993710313,0.4206729233264923,3394406,0.0,0.0
1987-07-14 00:00:00-04:00,0.4190855037733699,0.4349600450759552,0.4190855037733699,0.428610235452652,5909456,0.0,0.0
1987-07-15 00:00:00-04:00,0.42067273593607246,0.4301974690709484,0.42067273593607246,0.4270225465297699,4715719,0.0,0.0
1987-07-16 00:00:00-04:00,0.4286105347366367,0.43654751777648926,0.4286105347366367,0.43654751777648926,4519800,0.0,0.0
1987-07-17 00:00:00-04:00,0.43654761639007966,0.44448518753051763,0.43654761639007966,0.4444851875305176,2710969,0.0,0.0
1987-07-20 00:00:00-04:00,0.44131006176758697,0.44448498531328057,0.43813517271056396,0.442897230386734,3011681,0.0,0.0
1987-07-21 00:00:00-04:00,0.4397223409529714,0.4476599090979999,0.43813520669937134,0.43813520669937134,3016238,0.0,0.0
1987-07-22 00:00:00-04:00,0.43972237068793657,0.43972237068793657,0.4317853883136374,0.4333725571632385,2255344,0.0,0.0
1987-07-23 00:00:00-04:00,0.43337233429696354,0.43496008863752994,0.43019744641167174,0.4317851662635803,3011681,0.0,0.0
1987-07-24 00:00:00-04:00,0.43019733685227424,0.43972203257113013,0.43019733685227424,0.4349599778652191,3913819,0.0,0.0
1987-07-27 00:00:00-04:00,0.43654751777648926,0.4413101628509564,0.43337259350357005,0.43654751777648926,4191750,0.0,0.0
1987-07-28 00:00:00-04:00,0.43813527749628306,0.4428973363113611,0.4365475221900043,0.44131016731262207,6492656,0.0,0.0
1987-07-29 00:00:00-04:00,0.4428971182277888,0.4825831869018347,0.4428971182277888,0.47940826416015625,13436381,0.0,0.0
1987-07-30 00:00:00-04:00,0.4809961123080924,0.4809961123080924,0.4714713767177771,0.47464630007743835,3139256,0.0,0.0
1987-07-31 00:00:00-04:00,0.4809962466043871,0.4809962466043871,0.469883787566579,0.4762336015701294,4228200,0.0,0.0
1987-08-03 00:00:00-04:00,0.4730585277552875,0.48258326299348014,0.4730585277552875,0.4778211712837219,5599631,0.0,0.0
1987-08-04 00:00:00-04:00,0.47623323681929175,0.4857579332852372,0.47623323681929175,0.48258304595947266,3749794,0.0,0.0
1987-08-05 00:00:00-04:00,0.48258327808112345,0.4857581669340036,0.4809961095640301,0.4841710329055786,4642819,0.0,0.0
1987-08-06 00:00:00-04:00,0.4873457906272839,0.49845769169045134,0.4857580362300492,0.49528276920318604,6196500,0.0,0.0
1987-08-07 00:00:00-04:00,0.4984575295073449,0.5079822593814207,0.49687036193373096,0.5063945055007935,10278900,0.0,0.0
1987-08-10 00:00:00-04:00,0.5063947972561446,0.5079825520515442,0.501632705484648,0.5079825520515442,13791769,0.0,0.0
1987-08-11 00:00:00-04:00,0.5095698873869267,0.5349691802240153,0.5095698873869267,0.527032196521759,11190150,0.0,0.0
1987-08-12 00:00:00-04:00,0.5238574248705978,0.5302072408928341,0.5079828675706626,0.5095700025558472,4182638,0.0,0.0
1987-08-13 00:00:00-04:00,0.507982741892797,0.5143325563440525,0.5063949865040279,0.5111576318740845,2975231,0.0,0.0
1987-08-14 00:00:00-04:00,0.512744777566347,0.5159197018914904,0.512744777566347,0.5143325328826904,3130144,0.0,0.0
1987-08-17 00:00:00-04:00,0.5175072529245531,0.5175072529245531,0.5063947972561446,0.5079825520515442,2360138,0.0,0.0
1987-08-18 00:00:00-04:00,0.5079825520515442,0.5206821762080013,0.49845781668986755,0.5079825520515442,10452038,0.0,0.0
1987-08-19 00:00:00-04:00,0.5111574408463246,0.5270319882862299,0.5079825520515442,0.5079825520515442,10178663,0.0,0.0
1987-08-20 00:00:00-04:00,0.5175069755129563,0.5286188734061061,0.5175069755129563,0.5238568186759949,9445106,0.0,0.0
1987-08-21 00:00:00-04:00,0.5206823819346572,0.5302071210596506,0.5206823819346572,0.527032196521759,5075663,0.0,0.0
1987-08-24 00:00:00-04:00,0.5302069354021082,0.5317941039614988,0.5222693681716919,0.5222693681716919,1530900,0.0,0.0
1987-08-25 00:00:00-04:00,0.5254444410990219,0.5302071210596506,0.5238573064725488,0.527032196521759,1653919,0.0,0.0
1987-08-26 00:00:00-04:00,0.5286188734061061,0.5302066273503842,0.5206818970944757,0.5238568186759949,2706413,0.0,0.0
1987-08-27 00:00:00-04:00,0.5238571021540841,0.5238571021540841,0.498457819223404,0.49845781922340393,4387669,0.0,0.0
1987-08-28 00:00:00-04:00,0.5016327080343216,0.5079825546334925,0.4952828959238185,0.49845781922340393,3786244,0.0,0.0
1987-08-31 00:00:00-04:00,0.4921080750022037,0.4936957955360413,0.4857582275270327,0.49369579553604126,7262663,0.0,0.0
1987-09-01 00:00:00-04:00,0.49687060713768005,0.5016326640269462,0.4921079639411112,0.49687060713768005,3895594,0.0,0.0
1987-09-02 00:00:00-04:00,0.49210798740386963,0.4952828760876322,0.4905208189713203,0.49210798740386963,2373806,0.0,0.0
1987-09-03 00:00:00-04:00,0.4952828524735013,0.49687060713768005,0.4936956841166251,0.49687060713768005,1617469,0.0,0.0
1987-09-04 00:00:00-04:00,0.4936956011131554,0.5000454460876861,0.4857580362300492,0.49528276920318604,8415394,0.0,0.0
1987-09-08 00:00:00-04:00,0.4905206091604016,0.4921077769140698,0.4794081241450563,0.48258304595947266,15577819,0.0,0.0
1987-09-09 00:00:00-04:00,0.48099610209465027,0.48417102538689544,0.4794083472948513,0.48099610209465027,7595269,0.0,0.0
1987-09-10 00:00:00-04:00,0.48417140775732076,0.4921083946137602,0.48258365170360445,0.48575854301452637,9331200,0.0,0.0
1987-09-11 00:00:00-04:00,0.48893308381331546,0.504807631333907,0.48893308381331546,0.49845781922340393,6697688,0.0,0.0
1987-09-14 00:00:00-04:00,0.5079825206956315,0.5111574092944376,0.5000455406192753,0.5032198429107666,3193931,0.0,0.0
1987-09-15 00:00:00-04:00,0.5000453633098094,0.5000453633098094,0.48893287777900696,0.48893287777900696,2706413,0.0,0.0
1987-09-16 00:00:00-04:00,0.4857580751548513,0.48734582967931606,0.47623337590713966,0.47940826416015625,5909456,0.0,0.0
1987-09-17 00:00:00-04:00,0.4825832705870965,0.488933082682919,0.4794083472948513,0.48099610209465027,3039019,0.0,0.0
1987-09-18 00:00:00-04:00,0.47940835473957494,0.4841710329055786,0.4778211862224816,0.4841710329055786,5522175,0.0,0.0
1987-09-21 00:00:00-04:00,0.48258309728016197,0.484170851509761,0.45400893586627983,0.4555966556072235,21705975,0.0,0.0
1987-09-22 00:00:00-04:00,0.46194666624069214,0.46194666624069214,0.4524219308436861,0.46194666624069214,5321700,0.0,1.5
1987-09-23 00:00:00-04:00,0.4714715083547224,0.4881393691831585,0.46909047899135803,0.4762336015701294,4352738,0.0,0.0
1987-09-24 00:00:00-04:00,0.4762336015701294,0.4786146309334938,0.4714715083547224,0.4762336015701294,4659525,0.0,0.0
1987-09-25 00:00:00-04:00,0.4762336015701294,0.4809962466043871,0.47385253771808683,0.4762336015701294,2375325,0.0,0.0
1987-09-28 00:00:00-04:00,0.48099588175751784,0.48099588175751784,0.45480275072868215,0.4571837782859802,5923125,0.0,0.0
1987-09-29 00:00:00-04:00,0.4524220322260083,0.45480306140981447,0.41908576126424124,0.4333725571632385,21119738,0.0,0.0
1987-09-30 00:00:00-04:00,0.4309915279794323,0.43575358634704464,0.4286104987956261,0.4333725571632385,6652125,0.0,0.0
1987-10-01 00:00:00-04:00,0.433372384209032,0.45242185166936644,0.433372384209032,0.44765976071357727,5634563,0.0,0.0
1987-10-02 00:00:00-04:00,0.45242176226356773,0.48099592331869495,0.45242176226356773,0.46909016370773315,11013975,0.0,0.0
1987-10-05 00:00:00-04:00,0.47385233072805855,0.5000455046718835,0.47385233072805855,0.49766385555267334,5582925,0.0,0.0
1987-10-06 00:00:00-04:00,0.49766411191601667,0.49766411191601667,0.46909051572564314,0.47385257482528687,3635888,0.0,0.0
1987-10-07 00:00:00-04:00,0.47623324033583747,0.47623324033583747,0.4571837782859803,0.4571837782859802,2600100,0.0,0.0
1987-10-08 00:00:00-04:00,0.45480278197384355,0.45480278197384355,0.42622920773177614,0.428610235452652,6697688,0.0,0.0
1987-10-09 00:00:00-04:00,0.42861029390666616,0.43337234999786856,0.4190855609283978,0.421466588973999,4914675,0.0,0.0
1987-10-12 00:00:00-04:00,0.4190857429959721,0.42146677207598743,0.40956100587977784,0.4119420349597931,5941350,0.0,0.0
1987-10-13 00:00:00-04:00,0.4190855609283978,0.42861029390666616,0.4190855609283978,0.421466588973999,5224500,0.0,0.0
1987-10-14 00:00:00-04:00,0.4214666436687277,0.42384767202332063,0.41432297229766846,0.41432297229766846,1676700,0.0,0.0
1987-10-15 00:00:00-04:00,0.40003585373812595,0.41670428159749456,0.39765482712835587,0.4047979414463043,7314300,0.0,0.0
1987-10-16 00:00:00-04:00,0.40003609204754137,0.4047981825925913,0.3786056326907222,0.38098666071891785,7742588,0.0,0.0
1987-10-19 00:00:00-04:00,0.3524124977839128,0.3547941121281092,0.2857399879729104,0.29526472091674805,9735188,0.0,0.0
1987-10-20 00:00:00-04:00,0.2928837289570638,0.3333636592670526,0.24764170749783532,0.30002740025520325,17660025,0.0,0.0
1987-10-21 00:00:00-04:00,0.3095516301513359,0.3262200399866636,0.2952648355851232,0.32145798206329346,15199650,0.0,0.0
1987-10-22 00:00:00-04:00,0.2952646638687893,0.31669515365288303,0.27383417408469557,0.302408367395401,15567188,0.0,0.0
1987-10-23 00:00:00-04:00,0.29764581116241695,0.29764581116241695,0.2809779906239832,0.28574004769325256,9237038,0.0,0.0
1987-10-26 00:00:00-05:00,0.28335897389874515,0.28335897389874515,0.23097328501286443,0.2452600747346878,5573813,0.0,0.0
1987-10-27 00:00:00-05:00,0.26192855447056435,0.2762153473727845,0.25716589355013847,0.26669061183929443,9756450,0.0,0.0
1987-10-28 00:00:00-05:00,0.2524038380335211,0.28812113338939666,0.24764176306016636,0.2690722644329071,8641688,0.0,0.0
1987-10-29 00:00:00-05:00,0.27383422699207866,0.30002736329793855,0.27383422699207866,0.29526472091674805,9610650,0.0,0.0
1987-10-30 00:00:00-05:00,0.3047895979213791,0.3190763936919523,0.3047895979213791,0.3095516562461853,9890100,0.0,0.0
1987-11-02 00:00:00-05:00,0.3143142410136547,0.33098206094314464,0.30717053487474855,0.32860103249549866,7396313,0.0,0.0
1987-11-03 00:00:00-05:00,0.323838882401876,0.3262199104178587,0.311933121526107,0.3190762400627136,4504613,0.0,0.0
1987-11-04 00:00:00-05:00,0.3047893949723578,0.3095514501262714,0.3000273053297919,0.302408367395401,11478713,0.0,0.0
1987-11-05 00:00:00-05:00,0.3000273053297919,0.3119330640103171,0.3000273053297919,0.302408367395401,4641300,0.0,0.0
1987-11-06 00:00:00-05:00,0.30478965428923654,0.32383909821510315,0.3024086246864854,0.32383909821510315,4501575,0.0,0.0
1987-11-09 00:00:00-05:00,0.3190763914753453,0.3309821580008066,0.3119332695490836,0.31669536232948303,3550838,0.0,0.0
1987-11-10 00:00:00-05:00,0.30955169308647523,0.31431437277425095,0.30717066364070167,0.311933308839798,2572763,0.0,0.0
1987-11-11 00:00:00-05:00,0.3166953378324934,0.32383901102497853,0.3166953378324934,0.32145798206329346,6044625,0.0,0.0
1987-11-12 00:00:00-05:00,0.32860118903051877,0.3309822186124105,0.32383909537805394,0.3262201249599457,3872813,0.0,0.0
1987-11-13 00:00:00-05:00,0.33336368203163147,0.33574471052451427,0.3309820672314341,0.33336368203163147,1871100,0.0,0.0
1987-11-16 00:00:00-05:00,0.34288850632320594,0.34526953543774686,0.33336376906890025,0.33574479818344116,5494838,0.0,0.0
1987-11-17 00:00:00-05:00,0.3405068909011975,0.3405068909011975,0.32622006092913547,0.33574479818344116,4249463,0.0,0.0
1987-11-18 00:00:00-05:00,0.34288841679914284,0.34288841679914284,0.33336368203163147,0.33336368203163147,5254875,0.0,0.0
1987-11-19 00:00:00-05:00,0.333744781418259,0.34566415527668903,0.333744781418259,0.3432804048061371,2894738,0.000658,0.0
1987-11-20 00:00:00-05:00,0.33851232548106414,0.33851232548106414,0.3265929501042736,0.3337448239326477,4498538,0.0,0.0
1987-11-23 00:00:00-05:00,0.3313604626525465,0.3385123014450073,0.32897671204759643,0.3385123014450073,3222788,0.0,0.0
1987-11-24 00:00:00-05:00,0.34328052866879205,0.35043178266076697,0.34328052866879205,0.34804803133010864,4714200,0.0,0.0
1987-11-25 00:00:00-05:00,0.348047905747241,0.35043165621779293,0.3408960673580076,0.3432804048061371,1582538,0.0,0.0
1987-11-27 00:00:00-05:00,0.3408961594104767,0.343280497502451,0.3361286226538982,0.3408961594104767,3128625,0.0,0.0
1987-11-30 00:00:00-05:00,0.3289769029877733,0.3289769029877733,0.30513814009070034,0.3122899830341339,6245100,0.0,0.0
1987-12-01 00:00:00-05:00,0.3170574736725305,0.3218255639076233,0.3122899358871909,0.3218255639076233,3435413,0.0,0.0
1987-12-02 00:00:00-05:00,0.3194411126709405,0.3289767373292529,0.3194411126709405,0.32659295201301575,11220525,0.0,0.0
1987-12-03 00:00:00-05:00,0.3242092129494145,0.3242092129494145,0.3099054992198944,0.3099054992198944,2800575,0.0,0.0
1987-12-04 00:00:00-05:00,0.30513796210289,0.3146735860007769,0.30513796210289,0.30513796210289,6044625,0.0,0.0
1987-12-07 00:00:00-05:00,0.30752169545213437,0.30752169545213437,0.29560232162475586,0.29560232162475586,23674275,0.0,0.0
1987-12-08 00:00:00-05:00,0.30513814009070034,0.3146737695507427,0.30037060158559736,0.3122899830341339,4033800,0.0,0.0
1987-12-09 00:00:00-05:00,0.3146737375049128,0.33851246344617636,0.3122899512310646,0.33612871170043945,5352075,0.0,0.0
1987-12-10 00:00:00-05:00,0.3313604439701295,0.348047905747241,0.32420915803038086,0.3432804048061371,6181313,0.0,0.0
1987-12-11 00:00:00-05:00,0.343280497502451,0.3456642486166892,0.3289767823334475,0.3408961594104767,3280500,0.0,0.0
1987-12-14 00:00:00-05:00,0.34566415527668903,0.35043165621779293,0.3408960673580076,0.3432804048061371,9003150,0.0,0.0
1987-12-15 00:00:00-05:00,0.34328055759522946,0.3528155982494354,0.34328055759522946,0.3528155982494354,5017950,0.0,0.0
1987-12-16 00:00:00-05:00,0.3528155982494354,0.3551999367587987,0.34804806065827837,0.3528155982494354,3572100,0.0,0.0
1987-12-17 00:00:00-05:00,0.3575836882903231,0.35996743982184753,0.34804806065827837,0.3528155982494354,3821175,0.0,0.0
1987-12-18 00:00:00-05:00,0.3623511629150736,0.3742711281209705,0.35758366022619115,0.3718867897987366,9598500,0.0,0.0
1987-12-21 00:00:00-05:00,0.37188659267851654,0.376654714345932,0.3671190925166698,0.376654714345932,4945050,0.0,0.0
1987-12-22 00:00:00-05:00,0.37665482047508114,0.37665482047508114,0.37188669746416275,0.374271035194397,4528913,0.0,0.0
1987-12-23 00:00:00-05:00,0.37665491399351714,0.37665491399351714,0.3718867897987366,0.3718867897987366,2004750,0.0,0.0
1987-12-24 00:00:00-05:00,0.37188669746416275,0.37665482047508114,0.37188669746416275,0.374271035194397,358425,0.0,0.0
1987-12-28 00:00:00-05:00,0.37188677584651353,0.37188677584651353,0.35996739806559336,0.3623511493206024,3699675,0.0,0.0
1987-12-29 00:00:00-05:00,0.35996743982184753,0.362351191353372,0.3528155982494354,0.3528155982494354,1767825,0.0,0.0
1987-12-30 00:00:00-05:00,0.35043177153968225,0.3671192733364954,0.35043177153968225,0.3623511493206024,3991275,0.0,0.0
1987-12-31 00:00:00-05:00,0.3551999499902443,0.36235120485120687,0.3504318252436325,0.3575837016105652,2439113,0.0,0.0
1988-01-04 00:00:00-05:00,0.35758365681148363,0.3790386617183685,0.3551999054898058,0.37903866171836853,2764125,0.0,0.0
1988-01-05 00:00:00-05:00,0.3790385712276684,0.38380607273284284,0.37188669746416275,0.374271035194397,2417850,0.0,0.0
1988-01-06 00:00:00-05:00,0.37188659267851654,0.38142221450777875,0.36950284259759314,0.376654714345932,3411113,0.0,0.0
1988-01-07 00:00:00-05:00,0.3742711281209705,0.3742711281209705,0.3718867897987366,0.3718867897987366,2806650,0.0,0.0
1988-01-08 00:00:00-05:00,0.37188677584651353,0.3742711140792933,0.3623511493206024,0.3623511493206024,4559288,0.0,0.0
1988-01-11 00:00:00-05:00,0.3599674964700199,0.3623512483766759,0.3361287343913697,0.35519999265670776,4771913,0.0,0.0
1988-01-12 00:00:00-05:00,0.3575836882903231,0.3647355643908434,0.34804806065827837,0.3528155982494354,4580550,0.0,0.0
1988-01-13 00:00:00-05:00,0.35281556851953055,0.35281556851953055,0.34328052866879205,0.34804803133010864,5349038,0.0,0.0
1988-01-14 00:00:00-05:00,0.3480480313301087,0.3480480313301087,0.3456642799994504,0.34804803133010864,3408075,0.0,0.0
1988-01-15 00:00:00-05:00,0.35281544121643765,0.36473540205244526,0.33851228235936287,0.3432804048061371,5680125,0.0,0.0
1988-01-18 00:00:00-05:00,0.343280497502451,0.3456642486166892,0.3361286226538982,0.3408961594104767,6570113,0.0,0.0
1988-01-19 00:00:00-05:00,0.3456642486166892,0.3504317508451656,0.33851237376813637,0.3408961594104767,8863425,0.0,0.0
1988-01-20 00:00:00-05:00,0.33612860792968746,0.33851235893950476,0.33136051893234253,0.33136051893234253,9844538,0.0,0.0
1988-01-21 00:00:00-05:00,0.33374490184026423,0.3480480313301087,0.3313605635318166,0.34804803133010864,3186338,0.0,0.0
1988-01-22 00:00:00-05:00,0.345664414580404,0.3528157058847673,0.345664414580404,0.3504319190979004,8565750,0.0,0.0
1988-01-25 00:00:00-05:00,0.3504318252436325,0.3575837016105652,0.34804807362331164,0.3575837016105652,4319325,0.0,0.0
1988-01-26 00:00:00-05:00,0.3480481668391522,0.3528157058847673,0.34328066232165577,0.3504319190979004,2806650,0.0,0.0
1988-01-27 00:00:00-05:00,0.35043179540867636,0.35043179540867636,0.3456642925739289,0.34566429257392883,807975,0.0,0.0
1988-01-28 00:00:00-05:00,0.34328052866879205,0.3480480313301087,0.3408961903603444,0.34804803133010864,6187388,0.0,0.0
1988-01-29 00:00:00-05:00,0.34566426902966413,0.3623511493206024,0.34566426902966413,0.3623511493206024,3128625,0.0,0.0
1988-02-01 00:00:00-05:00,0.36711928710985414,0.3790386653379583,0.36711928710985414,0.3718867897987366,4179600,0.0,0.0
1988-02-02 00:00:00-05:00,0.371886682489871,0.37427102012409813,0.3671191811766635,0.3695029318332672,2135363,0.0,0.0
1988-02-03 00:00:00-05:00,0.36711919595898823,0.374271035194397,0.364735445206401,0.374271035194397,1907550,0.0,0.0
1988-02-04 00:00:00-05:00,0.3766548391286222,0.38857421498760025,0.3766548391286222,0.38142234086990356,8881650,0.0,0.0
1988-02-05 00:00:00-05:00,0.3838059306144714,0.38619026746181656,0.3814221807445559,0.38380593061447144,8805713,0.0,0.0
1988-02-08 00:00:00-05:00,0.3814224130400463,0.3814224130400463,0.3766549103966907,0.37903866171836853,12468938,0.0,0.0
1988-02-09 00:00:00-05:00,0.37665488247571915,0.38619047403335566,0.37427109680264337,0.3861904740333557,4598775,0.0,0.0
1988-02-10 00:00:00-05:00,0.3861905214949975,0.4076455274482039,0.38142243164132367,0.40049365162849426,5151600,0.0,0.0
1988-02-11 00:00:00-05:00,0.4004935189953315,0.4100291430950165,0.4004935189953315,0.4100291430950165,8003813,0.0,0.0
1988-02-12 00:00:00-05:00,0.4052611890324591,0.4147968162900978,0.39334181033689136,0.40049365162849426,2900813,0.0,0.0
1988-02-16 00:00:00-05:00,0.4004934721200808,0.4100290951036809,0.3981097217505917,0.4076453447341919,3274425,0.0,0.0
1988-02-17 00:00:00-05:00,0.40764535905947313,0.40764535905947313,0.4004934861940343,0.4028772711753845,1746563,0.0,0.0
1988-02-18 00:00:00-05:00,0.3957260176983473,0.4100291430950165,0.3957260176983473,0.4100291430950165,13152375,0.0,0.0
1988-02-19 00:00:00-05:00,0.41002932113079854,0.41479685902595526,0.405261230785876,0.4147968590259552,3277463,0.0,0.0
1988-02-22 00:00:00-05:00,0.41718108933401105,0.4291004661618251,0.4124129656993903,0.42671671509742737,2566688,0.0,0.0
1988-02-23 00:00:00-05:00,0.4243321120738983,0.429100233118969,0.4195646125343153,0.4243321120738983,2378363,0.0,0.0
1988-02-24 00:00:00-05:00,0.4219486425033068,0.4338680207729339,0.4195648911505615,0.43386802077293396,3666263,0.0,0.0
1988-02-25 00:00:00-05:00,0.4338680082451981,0.44340363488674306,0.4243323816036531,0.43625175952911377,8265038,0.0,0.0
1988-02-26 00:00:00-05:00,0.4291006214026412,0.4314843733294372,0.4195649921894073,0.41956499218940735,1710113,0.0,0.0
1988-02-29 00:00:00-05:00,0.4219486390164036,0.44340364402561233,0.41956488768335715,0.4410198926925659,5069588,0.0,0.0
1988-03-01 00:00:00-05:00,0.43863614498432496,0.44101989633707034,0.4338680207729339,0.43386802077293396,5373338,0.0,0.0
1988-03-02 00:00:00-05:00,0.4338680171875312,0.44101989269256586,0.43148426585448474,0.4410198926925659,5731763,0.0,0.0
1988-03-03 00:00:00-05:00,0.46485853195190424,0.4720103711275153,0.46247478121924795,0.4648585319519043,25976700,0.0,0.0
1988-03-04 00:00:00-05:00,0.4624749900765756,0.4624749900765756,0.44817182318738025,0.45293936133384705,17170988,0.0,0.0
1988-03-07 00:00:00-05:00,0.45055546075541625,0.45293921177750096,0.4481716752052307,0.4481716752052307,3037500,0.0,0.0
1988-03-08 00:00:00-05:00,0.45293921177750096,0.4553229627995857,0.4481716752052307,0.4481716752052307,4774950,0.0,0.0
1988-03-09 00:00:00-05:00,0.45293936133384705,0.45532311314302437,0.45293936133384705,0.45293936133384705,2044238,0.0,0.0
1988-03-10 00:00:00-05:00,0.4505555331707,0.460091125769355,0.4481717472373819,0.4505555331707001,27744525,0.0,0.0
1988-03-11 00:00:00-05:00,0.44817182318738025,0.45293936133384705,0.44817182318738025,0.45293936133384705,2302425,0.0,0.0
1988-03-14 00:00:00-05:00,0.45293928526377136,0.46724241522267784,0.45293928526377136,0.46247491240501404,1953113,0.0,0.0
1988-03-15 00:00:00-05:00,0.4604705591489009,0.4652420282363892,0.4604705591489009,0.46524202823638916,4607888,0.000658,0.0
1988-03-16 00:00:00-05:00,0.46285597505226916,0.4676274061203003,0.4604702249616973,0.4676274061203003,3101288,0.0,0.0
1988-03-17 00:00:00-05:00,0.47239981280065474,0.47239981280065474,0.4676277903501983,0.4700140953063965,3392888,0.0,0.0
1988-03-18 00:00:00-05:00,0.4724000091275708,0.4771714806556701,0.46762798469388656,0.47717148065567017,4036838,0.0,0.0
1988-03-21 00:00:00-05:00,0.47478546604349836,0.47478546604349836,0.4604705409966236,0.4628562927246094,4547138,0.0,0.0
1988-03-22 00:00:00-05:00,0.4676278551950172,0.4747855961322785,0.4652421373699372,0.47478559613227844,2712488,0.0,0.0
1988-03-23 00:00:00-05:00,0.4771712573047459,0.481943279504776,0.4771712573047459,0.481943279504776,9470925,0.0,0.0
1988-03-24 00:00:00-05:00,0.4771711873535479,0.4771711873535479,0.45569849014282227,0.45569849014282227,6299775,0.0,0.0
1988-03-25 00:00:00-05:00,0.4533128198906571,0.4700140502291796,0.4533128198906571,0.46524202823638916,11852325,0.0,0.0
1988-03-28 00:00:00-05:00,0.46285642985013964,0.46285642985013964,0.4437694427873152,0.4461551606655121,4513725,0.0,0.0
1988-03-29 00:00:00-05:00,0.45092689828757093,0.4580840468406677,0.44854114754663965,0.4580840468406677,4914675,0.0,0.0
1988-03-30 00:00:00-05:00,0.4580842906915991,0.46047059560787806,0.4509271383285523,0.45092713832855225,1779975,0.0,0.0
1988-03-31 00:00:00-05:00,0.45092689828757093,0.4580840468406677,0.45092689828757093,0.4580840468406677,5270063,0.0,0.0
1988-04-04 00:00:00-04:00,0.45569857323725016,0.45569857323725016,0.4509271383285523,0.45092713832855225,2317613,0.0,0.0
1988-04-05 00:00:00-04:00,0.4533130228519439,0.4580844595191604,0.45092730451833574,0.45331302285194397,3471863,0.0,0.0
1988-04-06 00:00:00-04:00,0.45331290112949874,0.48671478033065796,0.45331290112949874,0.48671478033065796,12994425,0.0,0.0
1988-04-07 00:00:00-04:00,0.48671480727628924,0.48671480727628924,0.47001416048211847,0.47478559613227844,2897775,0.0,0.0
1988-04-08 00:00:00-04:00,0.4771713348425327,0.49148685086349153,0.4747855825292173,0.48910054564476013,3632850,0.0,0.0
1988-04-11 00:00:00-04:00,0.49625843720630586,0.5081876516342163,0.49625843720630586,0.5081876516342163,12550950,0.0,0.0
1988-04-12 00:00:00-04:00,0.5105730639356547,0.5153451200563821,0.49625813961029047,0.4962581396102905,6099300,0.0,0.0
1988-04-13 00:00:00-04:00,0.5034157633781433,0.508187196064393,0.5010300470350184,0.5034157633781433,3526538,0.0,0.0
1988-04-14 00:00:00-04:00,0.49864392310669164,0.49864392310669164,0.481943279504776,0.481943279504776,5968688,0.0,0.0
1988-04-15 00:00:00-04:00,0.48194335012475725,0.48194335012475725,0.4437694131087118,0.46047064661979675,13474350,0.0,0.0
1988-04-18 00:00:00-04:00,0.46285597505226916,0.4723994246497885,0.46285597505226916,0.4676274061203003,1813388,0.0,0.0
1988-04-19 00:00:00-04:00,0.47717132209666413,0.4914868377352369,0.47717132209666413,0.48671478033065796,5099963,0.0,0.0
1988-04-20 00:00:00-04:00,0.4843290626376567,0.48671478033065796,0.47717132209666413,0.48671478033065796,5312588,0.0,0.0
1988-04-21 00:00:00-04:00,0.4867145049398204,0.5034157633781433,0.4843287885966955,0.5034157633781433,5713538,0.0,0.0
1988-04-22 00:00:00-04:00,0.49625824505760957,0.50818745486659,0.49148680994143384,0.5058017373085022,4015575,0.0,0.0
1988-04-25 00:00:00-04:00,0.49864370867366914,0.5034157633781433,0.49625799233054424,0.5034157633781433,3076988,0.0,0.0
1988-04-26 00:00:00-04:00,0.5034160435605126,0.5129595362627843,0.4986439862000915,0.5010303258895874,4058100,0.0,0.0
1988-04-27 00:00:00-04:00,0.5010304961887393,0.5081876516342163,0.49625843720630586,0.5081876516342163,3572100,0.0,0.0
1988-04-28 00:00:00-04:00,0.5105731724246779,0.5177309471174826,0.5058017373085022,0.5058017373085022,3963938,0.0,0.0
1988-04-29 00:00:00-04:00,0.5058016298333363,0.5058016298333363,0.4914867055079721,0.4962581396102905,8492850,0.0,0.0
1988-05-02 00:00:00-04:00,0.4986439862000915,0.5034160435605126,0.4962582685291662,0.5010303258895874,5364225,0.0,0.0
1988-05-03 00:00:00-04:00,0.5010303021923265,0.5058017373085022,0.49864396261569743,0.5058017373085022,2399625,0.0,0.0
1988-05-04 00:00:00-04:00,0.5034157633781433,0.5058014797212681,0.5010300470350184,0.5034157633781433,2615288,0.0,0.0
1988-05-05 00:00:00-04:00,0.5010303305258182,0.5010303305258182,0.48671478033065796,0.48671478033065796,2824875,0.0,0.0
1988-05-06 00:00:00-04:00,0.48671461282448775,0.49148666858673096,0.48194317908060685,0.49148666858673096,5683163,0.0,0.0
1988-05-09 00:00:00-04:00,0.4914869708669355,0.49387268920616906,0.48194347549125655,0.4843291938304901,1625063,0.0,0.0
1988-05-10 00:00:00-04:00,0.48671451371260693,0.4938722848892212,0.48671451371260693,0.4938722848892212,2973713,0.0,0.0
1988-05-11 00:00:00-04:00,0.4891005325802468,0.4891005325802468,0.4795570397896654,0.48671478033065796,6740213,0.0,0.0
1988-05-12 00:00:00-04:00,0.4962582731212394,0.4962582731212394,0.4843290626376567,0.48671478033065796,3872813,0.0,0.0
1988-05-13 00:00:00-04:00,0.4891003642530039,0.4938723854586714,0.4891003642530039,0.49148666858673096,2439113,0.0,0.0
1988-05-16 00:00:00-04:00,0.49148666858673096,0.49625810233061185,0.48671461282448775,0.49148666858673096,1251450,0.0,0.0
1988-05-17 00:00:00-04:00,0.5010303258895874,0.5105731965732885,0.4986439862000915,0.5010303258895874,2840063,0.0,0.0
1988-05-18 00:00:00-04:00,0.4986439572926383,0.501030296843793,0.4771712900185731,0.47955700755119324,4866075,0.0,0.0
1988-05-19 00:00:00-04:00,0.47478572761332094,0.47955719914142025,0.46285654772238627,0.47717148065567017,5719613,0.0,0.0
1988-05-20 00:00:00-04:00,0.4771714806556701,0.4819435050893544,0.47001429064182065,0.47717148065567017,2645663,0.0,0.0
1988-05-23 00:00:00-04:00,0.4819429088038641,0.4819429088038641,0.4604702249616973,0.4676274061203003,1540013,0.0,0.0
1988-05-24 00:00:00-04:00,0.46762772706742084,0.46762772706742084,0.453312802020546,0.4628562927246094,2852213,0.0,0.0
1988-05-25 00:00:00-04:00,0.46285610122758186,0.46762753359631304,0.4580840468406677,0.4580840468406677,4410450,0.0,0.0
1988-05-26 00:00:00-04:00,0.4604707653149151,0.4604707653149151,0.4533130228519439,0.45331302285194397,3468825,0.0,0.0
1988-05-27 00:00:00-04:00,0.4556986541969243,0.4556986541969243,0.4413837249091183,0.4461551606655121,2250788,0.0,0.0
1988-05-31 00:00:00-04:00,0.44854158023250335,0.4819435050893544,0.4461552742845692,0.47717148065567017,3897113,0.0,0.0
1988-06-01 00:00:00-04:00,0.47535616039364326,0.4944660844426677,0.4705789907644418,0.492077499628067,4471200,0.000988,0.0
1988-06-02 00:00:00-04:00,0.489688288025669,0.4920774608198372,0.4801333267547193,0.48491108417510986,2715525,0.0,0.0
1988-06-03 00:00:00-04:00,0.4801330480123503,0.49207717514327715,0.4801330480123503,0.48252221941947937,2065500,0.0,0.0
1988-06-06 00:00:00-04:00,0.4801330480123503,0.489688003736148,0.4729672636956817,0.48252221941947937,2730713,0.0,0.0
1988-06-07 00:00:00-04:00,0.48013336462096184,0.492077499628067,0.48013336462096184,0.492077499628067,4164413,0.0,0.0
1988-06-08 00:00:00-04:00,0.4920773972008343,0.5111866945060978,0.48968822471555407,0.5064095258712769,8902913,0.0,0.0
1988-06-09 00:00:00-04:00,0.5111867785453796,0.5207417401518402,0.508798193835285,0.5111867785453796,4474238,0.0,0.0
1988-06-10 00:00:00-04:00,0.5111871055035856,0.530297040939331,0.5111871055035856,0.530297040939331,6005138,0.0,0.0
1988-06-13 00:00:00-04:00,0.5326852416248246,0.5446293751038415,0.5231308689906558,0.5422402024269104,9294750,0.0,0.0
1988-06-14 00:00:00-04:00,0.5494062568293793,0.5613497958950295,0.5494062568293793,0.5589612126350403,15193575,0.0,0.0
1988-06-15 00:00:00-04:00,0.556572629375051,0.5613497958950295,0.5541840461150618,0.5589612126350403,13450050,0.0,0.0
1988-06-16 00:00:00-04:00,0.551795272783874,0.551795272783874,0.5374631401182209,0.539851725101471,7144200,0.0,0.0
1988-06-17 00:00:00-04:00,0.535074449696963,0.5422402382961352,0.535074449696963,0.5374630689620972,6220800,0.0,0.0
1988-06-20 00:00:00-04:00,0.5350745205368515,0.5446294832360046,0.5350745205368515,0.539851725101471,3162038,0.0,0.0
1988-06-21 00:00:00-04:00,0.5398516179178964,0.5422402024269104,0.5279080726067965,0.5422402024269104,3441488,0.0,0.0
1988-06-22 00:00:00-04:00,0.5517949679206392,0.5541841397519205,0.544629182331821,0.5494063496589661,3863700,0.0,0.0
1988-06-23 00:00:00-04:00,0.5517952636862032,0.5541844367980957,0.5470180592003475,0.5541844367980957,4932900,0.0,0.0
1988-06-24 00:00:00-04:00,0.5494066441442158,0.5685165692274491,0.5494066441442158,0.5541844367980957,5950463,0.0,0.0
1988-06-27 00:00:00-04:00,0.5565733232569635,0.5565733232569635,0.5279084547014831,0.530297040939331,4896450,0.0,0.0
1988-06-28 00:00:00-04:00,0.5350745117148625,0.5541844367980957,0.5326853386029701,0.5541844367980957,5667975,0.0,0.0
1988-06-29 00:00:00-04:00,0.5541841397519205,0.5589613070790657,0.544629182331821,0.5494063496589661,4638263,0.0,0.0
1988-06-30 00:00:00-04:00,0.5517952636862032,0.5565730217419641,0.5494066441442158,0.5541844367980957,3851550,0.0,0.0
1988-07-01 00:00:00-04:00,0.5565730021041037,0.5565730021041037,0.5470180398996198,0.551795244216919,3702713,0.0,0.0
1988-07-05 00:00:00-04:00,0.5470181107521057,0.5470181107521057,0.5350745621410438,0.5470181107521057,8851275,0.0,0.0
1988-07-06 00:00:00-04:00,0.5470181824878261,0.5470181824878261,0.5255197022134956,0.5326854586601257,10403438,0.0,0.0
1988-07-07 00:00:00-04:00,0.5279082655906677,0.5326854363550539,0.5207418866778311,0.5279082655906677,4744575,0.0,0.0
1988-07-08 00:00:00-04:00,0.5207415819168091,0.523130754068885,0.5111866232137641,0.5207415819168091,8344013,0.0,0.0
1988-07-11 00:00:00-04:00,0.5231307157170705,0.5231307157170705,0.5111865857375989,0.5135757923126221,5112113,0.0,0.0
1988-07-12 00:00:00-04:00,0.5159645954342073,0.5159645954342073,0.49924325613082227,0.5040210485458374,7220138,0.0,0.0
1988-07-13 00:00:00-04:00,0.5016323572364559,0.5111866945060978,0.5016323572364559,0.5064095258712769,4392225,0.0,0.0
1988-07-14 00:00:00-04:00,0.5064099330278894,0.530297040939331,0.5040213467900414,0.530297040939331,7229250,0.0,0.0
1988-07-15 00:00:00-04:00,0.5302964788401043,0.5302964788401043,0.5207415212502156,0.5255193114280701,3966975,0.0,0.0
1988-07-18 00:00:00-04:00,0.5231310725212097,0.5255196925576584,0.5207418989147414,0.5231310725212097,3648038,0.0,0.0
1988-07-19 00:00:00-04:00,0.5255193726512781,0.5255193726512781,0.5183529979325211,0.5207415819168091,3769538,0.0,0.0
1988-07-20 00:00:00-04:00,0.5207416890671445,0.523130861710828,0.5135759356398202,0.5183531045913696,6469875,0.0,0.0
1988-07-21 00:00:00-04:00,0.5159647400729802,0.5159647400729802,0.5064097753305487,0.508798360824585,13419675,0.0,0.0
1988-07-22 00:00:00-04:00,0.5111868250273898,0.5111868250273898,0.49446610777023736,0.496854692697525,2934225,0.0,0.0
1988-07-25 00:00:00-04:00,0.4944660844426677,0.4944660844426677,0.4872997072327562,0.492077499628067,2314575,0.0,0.0
1988-07-26 00:00:00-04:00,0.49207753428378675,0.49924328923225403,0.4896883611329307,0.49924328923225403,5443200,0.0,0.0
1988-07-27 00:00:00-04:00,0.4992432776248127,0.5087982401001021,0.49446610777023736,0.496854692697525,5528250,0.0,0.0
1988-07-28 00:00:00-04:00,0.5016324637213858,0.506409633370289,0.4944660864819191,0.5040210485458374,6621750,0.0,0.0
1988-07-29 00:00:00-04:00,0.504021166236222,0.5279082655906677,0.504021166236222,0.5279082655906677,7539075,0.0,0.0
1988-08-01 00:00:00-04:00,0.530296951012116,0.5374633312768733,0.5279083651793219,0.5350747108459473,6390900,0.0,0.0
1988-08-02 00:00:00-04:00,0.5326854488726258,0.5350746224790941,0.518353313476419,0.5231310725212097,3918375,0.0,0.0
1988-08-03 00:00:00-04:00,0.525519868463635,0.5326856271771792,0.5231312476276491,0.530297040939331,6509363,0.0,0.0
1988-08-04 00:00:00-04:00,0.5279078951340872,0.5302964788401043,0.5255193114280701,0.5255193114280701,3532613,0.0,0.0
1988-08-05 00:00:00-04:00,0.5207416890671445,0.525519480784715,0.5135759356398202,0.5183531045913696,1606838,0.0,0.0
1988-08-08 00:00:00-04:00,0.5183531045913696,0.5302966497362646,0.5183531045913696,0.5183531045913696,1779975,0.0,0.0
1988-08-09 00:00:00-04:00,0.5159645080566406,0.5183530924765902,0.5040209631908864,0.5159645080566406,6545813,0.0,0.0
1988-08-10 00:00:00-04:00,0.5135756324779055,0.515964215543708,0.49685430548598136,0.5016320943832397,4413488,0.0,0.0
1988-08-11 00:00:00-04:00,0.5040210464671799,0.5064096312817806,0.4872997072327562,0.492077499628067,2183963,0.0,0.0
1988-08-12 00:00:00-04:00,0.49207753428378675,0.5016324969812298,0.4896883611329307,0.49924328923225403,1977413,0.0,0.0
1988-08-15 00:00:00-04:00,0.49446610777023736,0.496854692697525,0.4825225603676602,0.496854692697525,4510688,0.0,0.0
1988-08-16 00:00:00-04:00,0.49207742003840854,0.4968545888949404,0.48491104398760204,0.4896882474422455,6293700,0.0,0.0
1988-08-17 00:00:00-04:00,0.4872996688013322,0.4872996688013322,0.4753561229041601,0.48491108417510986,4638263,0.0,0.0
1988-08-18 00:00:00-04:00,0.48491125166258725,0.48729983711382274,0.4777449071407318,0.4777449071407318,3438450,0.0,0.0
1988-08-19 00:00:00-04:00,0.4777446216284796,0.48013320565223694,0.4753560030066165,0.48013320565223694,2235600,0.0,0.0
1988-08-22 00:00:00-04:00,0.48013335394220524,0.48013335394220524,0.47057898029818623,0.47296756505966187,6229913,0.0,0.0
1988-08-23 00:00:00-04:00,0.472967523273055,0.472967523273055,0.4705789387226104,0.4705789387226105,1184625,0.0,0.0
1988-08-24 00:00:00-04:00,0.4681898057460785,0.4681898057460785,0.46102401688837036,0.4681898057460785,6597450,0.0,0.0
1988-08-25 00:00:00-04:00,0.4634124650566911,0.4634124650566911,0.44908030446754926,0.4586346745491028,11627550,0.0,0.0
1988-08-26 00:00:00-04:00,0.45863488988287904,0.46102406304324267,0.4371363794196191,0.4538577198982239,4225163,0.0,0.0
1988-08-29 00:00:00-04:00,0.4586347616569483,0.46341255307197576,0.45385759300790246,0.4634125530719757,2654775,0.0,0.0
1988-08-30 00:00:00-04:00,0.46398693531202273,0.47355370374481154,0.46398693531202273,0.46637848019599915,2724638,0.000988,0.0
1988-08-31 00:00:00-04:00,0.46398649234269673,0.4783363714845579,0.44963657855987554,0.4496365785598755,5142488,0.0,0.0
1988-09-01 00:00:00-04:00,0.4496372302698248,0.4544203570450366,0.44724509530554934,0.4520288109779358,2824875,0.0,0.0
1988-09-02 00:00:00-04:00,0.456811399142473,0.4735534155771836,0.456811399142473,0.4711618721485138,4012538,0.0,0.0
1988-09-06 00:00:00-04:00,0.47116187914939417,0.47833654418298227,0.47116187914939417,0.47594496607780457,6870825,0.0,0.0
1988-09-07 00:00:00-04:00,0.48072861040771897,0.4974706452970495,0.48072861040771897,0.49268755316734314,6749325,0.0,0.0
1988-09-08 00:00:00-04:00,0.4926871417287282,0.5046454856048725,0.4902950087643497,0.4974702298641205,6421275,0.0,0.0
1988-09-09 00:00:00-04:00,0.4950787525387665,0.5046455536369301,0.4902950748617968,0.5022540092468262,2223450,0.0,0.0
1988-09-12 00:00:00-04:00,0.4974706452970495,0.4974706452970495,0.48551229143459934,0.49268755316734314,24570338,0.0,0.0
1988-09-13 00:00:00-04:00,0.49029553715384866,0.4974707659863343,0.4879039558677738,0.4950792193412781,8307563,0.0,0.0
1988-09-14 00:00:00-04:00,0.5046455908105408,0.5094286799430847,0.49986187814020355,0.5094286799430847,7432763,0.0,0.0
1988-09-15 00:00:00-04:00,0.5070371305573337,0.5142123877257408,0.504645586013794,0.504645586013794,4237313,0.0,0.0
1988-09-16 00:00:00-04:00,0.5070370277051741,0.5166038274765015,0.5070370277051741,0.5166038274765015,3562988,0.0,0.0
1988-09-19 00:00:00-04:00,0.5166039371796939,0.5166039371796939,0.5046455908105408,0.5094286799430847,6691613,0.0,0.0
1988-09-20 00:00:00-04:00,0.5070371353768128,0.5094286799430847,0.5046455908105408,0.5094286799430847,3547800,0.0,0.0
1988-09-21 00:00:00-04:00,0.5070371353768128,0.5094286799430847,0.502254046244269,0.5094286799430847,1697963,0.0,0.0
1988-09-22 00:00:00-04:00,0.5094284746887806,0.5118200182914734,0.5046453874833949,0.5118200182914734,3651075,0.0,0.0
1988-09-23 00:00:00-04:00,0.5094285877047253,0.5094285877047253,0.5046454994382189,0.5070370435714722,2214338,0.0,0.0
1988-09-26 00:00:00-04:00,0.504645586013794,0.5094286751008735,0.5022540414702541,0.504645586013794,4863038,0.0,0.0
1988-09-27 00:00:00-04:00,0.5070370980270341,0.5070370980270341,0.4998618413189745,0.5022540092468262,2287238,0.0,0.0
1988-09-28 00:00:00-04:00,0.49747029692887046,0.5022540092468262,0.4950787525387665,0.5022540092468262,3960900,0.0,0.0
1988-09-29 00:00:00-04:00,0.5022538438807022,0.5142121854317085,0.5022538438807022,0.5118200182914734,3398963,0.0,0.0
1988-09-30 00:00:00-04:00,0.5094285737402648,0.511820117807961,0.4974702298641205,0.4974702298641205,6904238,0.0,0.0
1988-10-03 00:00:00-04:00,0.4974701331377741,0.5118200182914734,0.4974701331377741,0.5118200182914734,2973713,0.0,0.0
1988-10-04 00:00:00-04:00,0.5118202196444134,0.5118202196444134,0.504645586013794,0.504645586013794,2621363,0.0,0.0
1988-10-05 00:00:00-04:00,0.5070369310860877,0.5142121854317085,0.5046453874833949,0.5118200182914734,3055725,0.0,0.0
1988-10-06 00:00:00-04:00,0.5118199012640481,0.5333450358416543,0.5118199012640481,0.5285619497299194,2375325,0.0,0.0
1988-10-07 00:00:00-04:00,0.5548711738350376,0.559654263520004,0.542912237187883,0.5572627186775208,11764238,0.0,0.0
1988-10-10 00:00:00-04:00,0.5524788212311695,0.5740039287210846,0.5429120221132592,0.5692208409309387,6749325,0.0,0.0
1988-10-11 00:00:00-04:00,0.5644373599292323,0.5644373599292323,0.5453043439568159,0.5596542358398438,2964600,0.0,0.0
1988-10-12 00:00:00-04:00,0.5548711049592021,0.5548711049592021,0.5381290807052591,0.5500873923301697,3408075,0.0,0.0
1988-10-13 00:00:00-04:00,0.5405206923453998,0.559654263520004,0.5405206923453998,0.5572627186775208,5579888,0.0,0.0
1988-10-14 00:00:00-04:00,0.5572626495048243,0.5596541940504464,0.5429121697965034,0.5500873923301697,5868450,0.0,0.0
1988-10-17 00:00:00-04:00,0.55247897151678,0.5596541940504464,0.5453043032389254,0.5500873923301697,2979788,0.0,0.0
1988-10-18 00:00:00-04:00,0.5524788212311695,0.5692208409309387,0.5453041549049719,0.5692208409309387,2442150,0.0,0.0
1988-10-19 00:00:00-04:00,0.5692207890932168,0.5692207890932168,0.5524787709181076,0.5548709034919739,3590325,0.0,0.0
1988-10-20 00:00:00-04:00,0.5572624979179552,0.5716123848260116,0.5548709540228823,0.5692208409309387,1412438,0.0,0.0
1988-10-21 00:00:00-04:00,0.5668293833732605,0.5740040161512935,0.5644372502171867,0.5668293833732605,2858288,0.0,0.0
1988-10-24 00:00:00-04:00,0.566829451225101,0.566829451225101,0.5476958477845475,0.5500873923301697,3897113,0.0,0.0
1988-10-25 00:00:00-04:00,0.5476958477845475,0.55247897151678,0.5476958477845475,0.5500873923301697,410063,0.0,0.0
1988-10-26 00:00:00-04:00,0.5500873421931581,0.5524789211617911,0.5357374526895397,0.5381290316581726,2669963,0.0,0.0
1988-10-27 00:00:00-04:00,0.5381291421182738,0.5381291421182738,0.5309538841247559,0.5309538841247559,2426963,0.0,0.0
1988-10-28 00:00:00-04:00,0.528562339306203,0.5357375626587287,0.528562339306203,0.5309538841247559,2943338,0.0,0.0
1988-10-31 00:00:00-05:00,0.5285621779152314,0.5429120659828186,0.5285621779152314,0.5429120659828186,3790800,0.0,0.0
1988-11-01 00:00:00-05:00,0.5429121203134682,0.5429121203134682,0.5357374526895397,0.5381290316581726,5661900,0.0,0.0
1988-11-02 00:00:00-05:00,0.542912303753253,0.542912303753253,0.5261708642653712,0.5357376337051392,3001050,0.0,0.0
1988-11-03 00:00:00-05:00,0.5357375348784565,0.538129114213988,0.5285623118979967,0.5333454012870789,2056388,0.0,0.0
1988-11-04 00:00:00-05:00,0.528562339306203,0.5357375626587287,0.5261707944876501,0.5309538841247559,1594688,0.0,0.0
1988-11-07 00:00:00-05:00,0.5285623948700682,0.5357376189768723,0.5261708498001099,0.5261708498001099,4428675,0.0,0.0
1988-11-08 00:00:00-05:00,0.5309539545367825,0.5357376337051392,0.5285624094010769,0.5357376337051392,6822225,0.0,0.0
1988-11-09 00:00:00-05:00,0.5333453194651455,0.5381290316581726,0.5285622308098498,0.5381290316581726,5871488,0.0,0.0
1988-11-10 00:00:00-05:00,0.5381292134818416,0.542912303753253,0.5309539545367825,0.5357376337051392,3812063,0.0,0.0
1988-11-11 00:00:00-05:00,0.5309536815912042,0.5333452254974969,0.507036995453034,0.5142122507095337,5139450,0.0,0.0
1988-11-14 00:00:00-05:00,0.5237792340218924,0.5261708135681632,0.5142124655038944,0.5213871002197266,2776275,0.0,0.0
1988-11-15 00:00:00-05:00,0.5237790811896319,0.5453042261321209,0.5237790811896319,0.5405205488204956,5434088,0.0,0.0
1988-11-16 00:00:00-05:00,0.542912303753253,0.5453044377859039,0.5333454996724882,0.5357376337051392,15059925,0.0,0.0
1988-11-17 00:00:00-05:00,0.5453046865689204,0.5524793598903177,0.5405210052181166,0.5476962327957153,7447950,0.0,0.0
1988-11-18 00:00:00-05:00,0.5596539908465342,0.5596539908465342,0.5476956489225715,0.5548709034919739,8751038,0.0,0.0
1988-11-21 00:00:00-05:00,0.55247897151678,0.5548711049592021,0.5476958477845475,0.5500873923301697,5646713,0.0,0.0
1988-11-22 00:00:00-05:00,0.5548711463914461,0.5596542358398438,0.5500874334052137,0.5596542358398438,6163088,0.0,0.0
1988-11-23 00:00:00-05:00,0.5596540418130282,0.5716123848260116,0.5572624979179552,0.5692208409309387,2004750,0.0,0.0
1988-11-25 00:00:00-05:00,0.5644374981692944,0.5835710730836923,0.5620459182183674,0.5787879824638367,3471863,0.0,0.0
1988-11-28 00:00:00-05:00,0.5811794315587054,0.5907462347526065,0.5596542802568991,0.5740041732788086,5871488,0.0,0.0
1988-11-29 00:00:00-05:00,0.5740041776222344,0.5859625258206271,0.5692210877580329,0.5763963460922241,6120563,0.0,0.0
1988-11-30 00:00:00-05:00,0.5740041776222344,0.5787878910243248,0.5716126326901336,0.5763963460922241,3824213,0.0,0.0
1988-12-01 00:00:00-05:00,0.5740040814385547,0.5787877940390568,0.5692209923758373,0.571612536907196,2056388,0.0,0.0
1988-12-02 00:00:00-05:00,0.5668294353738017,0.5859624147415161,0.5644373019982754,0.5859624147415161,6482025,0.0,0.0
1988-12-05 00:00:00-05:00,0.5883546196930232,0.5955292535796521,0.5859624515263369,0.5907461643218994,5151600,0.0,0.0
1988-12-06 00:00:00-05:00,0.5859624195189145,0.5883545875549316,0.5835708750206731,0.5883545875549316,4528913,0.0,0.0
1988-12-07 00:00:00-05:00,0.5865346552197359,0.5937169194221495,0.5865346552197359,0.5937169194221497,3490088,0.000988,0.0
1988-12-08 00:00:00-05:00,0.5937169406660389,0.5985053250212176,0.5889291804575891,0.5961108207702637,2600100,0.0,0.0
1988-12-09 00:00:00-05:00,0.5937171373900352,0.5985055233318118,0.5889293755951943,0.5913232564926147,2168775,0.0,0.0
1988-12-12 00:00:00-05:00,0.5889295832350383,0.5889295832350383,0.5769595503807068,0.5769595503807068,3553875,0.0,0.0
1988-12-13 00:00:00-05:00,0.5721706748008728,0.5745645545007962,0.5697767951009494,0.5721706748008728,4817475,0.0,0.0
1988-12-14 00:00:00-05:00,0.5721707129167984,0.5745645927761934,0.5649884838667631,0.5697768330574036,8890763,0.0,0.0
1988-12-15 00:00:00-05:00,0.5673830757080881,0.5697769560843727,0.5482307844042108,0.5602008104324341,7630200,0.0,0.0
1988-12-16 00:00:00-05:00,0.5697772810092454,0.5793534321221419,0.5649889280540613,0.5769595503807068,8672063,0.0,0.0
1988-12-19 00:00:00-05:00,0.5769593528149386,0.5889293815704235,0.5745648477462879,0.5817471146583557,3736125,0.0,0.0
1988-12-20 00:00:00-05:00,0.5937169194221495,0.6008991836245633,0.5937169194221495,0.5937169194221497,3748275,0.0,0.0
1988-12-21 00:00:00-05:00,0.5913232564926147,0.5961110182874556,0.5841409896534177,0.5913232564926147,5835038,0.0,0.0
1988-12-22 00:00:00-05:00,0.5937172853386612,0.5937172853386612,0.5817472537218067,0.5841411352157593,2560613,0.0,0.0
1988-12-23 00:00:00-05:00,0.5793532337366472,0.5841409955800643,0.5769593528149386,0.5817471146583557,853538,0.0,0.0
1988-12-27 00:00:00-05:00,0.5793532337366472,0.5841409955800643,0.5769593528149386,0.5817471146583557,2196113,0.0,0.0
1988-12-28 00:00:00-05:00,0.5841409896534177,0.5961110182874556,0.5793532278585768,0.5913232564926147,5315625,0.0,0.0
1988-12-29 00:00:00-05:00,0.5913232506843183,0.6056871600746867,0.5913232506843183,0.6008993983268738,2463413,0.0,0.0
1988-12-30 00:00:00-05:00,0.6056868433952332,0.6128691064086823,0.6008990841506693,0.6056868433952332,3350363,0.0,0.0
1989-01-03 00:00:00-05:00,0.6032930852296672,0.6032930852296672,0.5889291804575891,0.5961108207702637,4106700,0.0,0.0
1989-01-04 00:00:00-05:00,0.5913232506843183,0.6008993983268738,0.5841409839156694,0.6008993983268738,4012538,0.0,0.0
1989-01-05 00:00:00-05:00,0.6008991836245633,0.6056869436617013,0.5937169194221495,0.5937169194221497,4073288,0.0,0.0
1989-01-06 00:00:00-05:00,0.5889293627420361,0.5961110052775608,0.5841409769047641,0.586534857749939,2463413,0.0,0.0
1989-01-09 00:00:00-05:00,0.5889296031657967,0.5889296031657967,0.5769595699063711,0.5793534517288208,3225825,0.0,0.0
1989-01-10 00:00:00-05:00,0.581747313863577,0.5841411956050122,0.5721711627506806,0.5769595503807068,1740488,0.0,0.0
1989-01-11 00:00:00-05:00,0.5745650444921158,0.5793534321221419,0.5745650444921158,0.5769595503807068,3423263,0.0,0.0
1989-01-12 00:00:00-05:00,0.5769593528149386,0.5889293815704235,0.5745648477462879,0.5817471146583557,4680788,0.0,0.0
1989-01-13 00:00:00-05:00,0.5817471087559972,0.5937171373900352,0.5817471087559972,0.5913232564926147,4923788,0.0,0.0
1989-01-16 00:00:00-05:00,0.5937171244323859,0.5937171244323859,0.586534857749939,0.586534857749939,1588613,0.0,0.0
1989-01-17 00:00:00-05:00,0.5841412153737202,0.5865350971961699,0.5769595699063711,0.5793534517288208,1324350,0.0,0.0
1989-01-18 00:00:00-05:00,0.5793531401800299,0.5817470207151636,0.5721708744277875,0.5745647549629211,3350363,0.0,0.0
1989-01-19 00:00:00-05:00,0.5793534517288208,0.5817473335512705,0.5745650639367443,0.5793534517288208,3304800,0.0,0.0
1989-01-20 00:00:00-05:00,0.5793531401800299,0.5817470207151636,0.5721708744277875,0.5745647549629211,2633513,0.0,0.0
1989-01-23 00:00:00-05:00,0.5745647168369421,0.5745647168369421,0.5602008104324341,0.5602008104324341,3672338,0.0,0.0
1989-01-24 00:00:00-05:00,0.5625948167509438,0.5721709645465947,0.5578070549265882,0.5649887323379517,2682113,0.0,0.0
1989-01-25 00:00:00-05:00,0.5673832155281336,0.5673832155281336,0.5506248004707708,0.5554131865501404,9127688,0.0,0.0
1989-01-26 00:00:00-05:00,0.5554131740144105,0.5697770836344169,0.553018703630123,0.5649887323379517,9598500,0.0,0.0
1989-01-27 00:00:00-05:00,0.5697772221049522,0.6032934354615631,0.564988869644794,0.5841411352157593,11864475,0.0,0.0
1989-01-30 00:00:00-05:00,0.5889293627420361,0.5937171244323859,0.5817470960595892,0.586534857749939,2597063,0.0,0.0
1989-01-31 00:00:00-05:00,0.5865346762066354,0.6008992051254424,0.5769591557897359,0.5961108207702637,2648700,0.0,0.0
1989-02-01 00:00:00-05:00,0.5937169194221495,0.6056869436617013,0.5937169194221495,0.5937169194221497,3073950,0.0,0.0
1989-02-02 00:00:00-05:00,0.5961109687222106,0.6224455288449852,0.5937170880238358,0.612869381904602,4966313,0.0,0.0
1989-02-03 00:00:00-05:00,0.6128692735300815,0.6487793500963268,0.6128692735300815,0.6439915895462036,16347825,0.0,0.0
1989-02-06 00:00:00-05:00,0.6415979245323525,0.6439918752190048,0.627233457566044,0.6320218443870544,3909263,0.0,0.0
1989-02-07 00:00:00-05:00,0.6320217212117522,0.6487795114517212,0.6320217212117522,0.6487795114517212,7982550,0.0,0.0
1989-02-08 00:00:00-05:00,0.6463857162154315,0.6487795974030108,0.6344156861305237,0.6344156861305237,2296350,0.0,0.0
1989-02-09 00:00:00-05:00,0.6296277179875261,0.6487794568353319,0.6272332825213933,0.6392033100128174,6311925,0.0,0.0
1989-02-10 00:00:00-05:00,0.6320217582257046,0.634415639236335,0.6128694618467304,0.6152633428573608,5024025,0.0,0.0
1989-02-13 00:00:00-05:00,0.6152631462358741,0.6152631462358741,0.6032931208610535,0.6032931208610535,3474900,0.0,0.0
1989-02-14 00:00:00-05:00,0.6056870322796044,0.6248393235237363,0.6032931519107875,0.6200515627861023,5513063,0.0,0.0
1989-02-15 00:00:00-05:00,0.6200517290255871,0.6200517290255871,0.6104755808361,0.6152633428573608,3241013,0.0,0.0
1989-02-16 00:00:00-05:00,0.6152633883358666,0.6368095673181029,0.6152633883358666,0.6344156861305237,6172200,0.0,0.0
1989-02-17 00:00:00-05:00,0.6415980364941644,0.6535680694149406,0.6415980364941644,0.6511741876602173,6460763,0.0,0.0
1989-02-21 00:00:00-05:00,0.6487797511080189,0.6511741876602172,0.6439919875985721,0.6511741876602173,2618325,0.0,0.0
1989-02-22 00:00:00-05:00,0.648779480960028,0.648779480960028,0.6224455443290496,0.6248394250869751,5446238,0.0,0.0
1989-02-23 00:00:00-05:00,0.622445803511743,0.6511741876602172,0.622445803511743,0.6511741876602173,6646050,0.0,0.0
1989-02-24 00:00:00-05:00,0.6463857565559848,0.6487796378929648,0.6296278937004022,0.6320218443870544,6910313,0.0,0.0
1989-02-27 00:00:00-05:00,0.6344157867224346,0.6439919371381416,0.6320219051552854,0.6415979862213135,3465788,0.0,0.0
1989-02-28 00:00:00-05:00,0.6392034568771366,0.6703257851643013,0.6392034568771366,0.66553795337677,10880325,0.0,0.0
1989-03-01 00:00:00-05:00,0.6727200613582247,0.6822962081059034,0.6655377952607477,0.6679316759109497,9425363,0.0,0.0
1989-03-02 00:00:00-05:00,0.6655378653143368,0.6775078939721659,0.6655378653143368,0.6703256964683533,2879550,0.0,0.0
1989-03-03 00:00:00-05:00,0.6727197821007147,0.6846898045296339,0.6727197821007147,0.6799014210700989,5142488,0.0,0.0
1989-03-06 00:00:00-05:00,0.6822962799234598,0.6822962799234598,0.6607495487127025,0.6703256964683533,6169163,0.0,0.0
1989-03-07 00:00:00-05:00,0.6703257024755629,0.6727201381964767,0.6607495546340943,0.6607495546340942,4434750,0.0,0.0
1989-03-08 00:00:00-05:00,0.6655379331749229,0.6727202007607245,0.660749616085055,0.663144052028656,3101288,0.0,0.0
1989-03-09 00:00:00-05:00,0.66553795337677,0.6703257851643013,0.6631440721578388,0.66553795337677,3833325,0.0,0.0
1989-03-10 00:00:00-05:00,0.6613207418819943,0.6661131978034973,0.6541328215054482,0.6661131978034973,2982825,0.000988,0.0
1989-03-13 00:00:00-05:00,0.6709047131920345,0.6876775340448066,0.6709047131920345,0.6804890632629395,3973050,0.0,0.0
1989-03-14 00:00:00-05:00,0.6709050711139332,0.6709050711139332,0.6469443219729495,0.6493402719497681,16517925,0.0,0.0
1989-03-15 00:00:00-05:00,0.6541329254191124,0.6541329254191124,0.6373600905350764,0.6517369747161865,16976588,0.0,0.0
1989-03-16 00:00:00-05:00,0.6493401772796786,0.6924696999103708,0.6493401772796786,0.687677800655365,10445963,0.0,0.0
1989-03-17 00:00:00-05:00,0.6709050257245626,0.6756974806307701,0.6637171068707978,0.6685090065002441,4896450,0.0,0.0
1989-03-20 00:00:00-05:00,0.6637171917382501,0.6661131418593359,0.6541327665674703,0.661320686340332,2545425,0.0,0.0
1989-03-21 00:00:00-05:00,0.6637171917382501,0.6637171917382501,0.6445484108062947,0.661320686340332,5300438,0.0,0.0
1989-03-22 00:00:00-05:00,0.6565287600424554,0.6589247797313666,0.6469444036483765,0.6469444036483765,1679738,0.0,0.0
1989-03-23 00:00:00-05:00,0.6469444036483765,0.6541328097631529,0.6469444036483765,0.6469444036483765,3678413,0.0,0.0
1989-03-27 00:00:00-05:00,0.6493403110484665,0.661320686340332,0.6493403110484665,0.661320686340332,2284200,0.0,0.0
1989-03-28 00:00:00-05:00,0.6637171312736367,0.6756975054740906,0.6637171312736367,0.6756975054740906,3080025,0.0,0.0
1989-03-29 00:00:00-05:00,0.6756979781882831,0.6876783607701397,0.6756979781882831,0.6852824091911316,4334513,0.0,0.0
1989-03-30 00:00:00-05:00,0.6828859014003592,0.6900737502828679,0.6804893270865489,0.687677800655365,5093888,0.0,0.0
1989-03-31 00:00:00-05:00,0.6924697252277799,0.7020541487745153,0.6900737755126786,0.6948662996292114,4285913,0.0,0.0
1989-04-03 00:00:00-04:00,0.6948666105395686,0.7092429399490356,0.6924700350658158,0.7092429399490356,3848513,0.0,0.0
1989-04-04 00:00:00-04:00,0.709242445931686,0.711638395049949,0.7020539738907222,0.7044505476951599,5646713,0.0,0.0
1989-04-05 00:00:00-04:00,0.7020540237426759,0.7092424962940838,0.7020540237426759,0.7020540237426758,2515050,0.0,0.0
1989-04-06 00:00:00-04:00,0.6948666493074132,0.6972626002282304,0.6876781718583167,0.6924700736999512,6512400,0.0,0.0
1989-04-07 00:00:00-04:00,0.6876777455029637,0.7068465903582424,0.6852817960676182,0.697262167930603,3268350,0.0,0.0
1989-04-10 00:00:00-04:00,0.6996580744542795,0.7116384455824801,0.6924696019028715,0.7020540237426758,3544763,0.0,0.0
1989-04-11 00:00:00-04:00,0.706846552011828,0.7116384506225586,0.7044506027064628,0.7116384506225586,2903850,0.0,0.0
1989-04-12 00:00:00-04:00,0.7140346037453842,0.7212230783996162,0.7092427037668307,0.7188271284103394,4486388,0.0,0.0
1989-04-13 00:00:00-04:00,0.7140343999279238,0.7164309739195126,0.7116384506225586,0.7116384506225586,2269013,0.0,0.0
1989-04-14 00:00:00-04:00,0.7212236946705602,0.7332040795403403,0.7188277426339913,0.7260162234306335,6396975,0.0,0.0
1989-04-17 00:00:00-04:00,0.728411508594853,0.7308074584378916,0.7212230343793735,0.7236189842224121,2080688,0.0,0.0
1989-04-18 00:00:00-04:00,0.7284119491366677,0.7332038517208763,0.7236194218657178,0.730807900428772,3089138,0.0,0.0
1989-04-19 00:00:00-04:00,0.7284118982550701,0.7571651858120486,0.7284118982550701,0.7547686100006104,4367925,0.0,0.0
1989-04-20 00:00:00-04:00,0.7523724204853867,0.754768370850966,0.7355995185533306,0.7451839447021484,3526538,0.0,0.0
1989-04-21 00:00:00-04:00,0.7427878799114283,0.7643526792526244,0.7427878799114283,0.7643526792526245,3617663,0.0,0.0
1989-04-24 00:00:00-04:00,0.7643524837895457,0.7643524837895457,0.7547680615681557,0.7595605850219727,2912963,0.0,0.0
1989-04-25 00:00:00-04:00,0.7643524837895457,0.7667484331733322,0.7595605850219727,0.7595605850219727,1749600,0.0,0.0
1989-04-26 00:00:00-04:00,0.7595605850219727,0.7619565344057592,0.7571646356381861,0.7595605850219727,1947038,0.0,0.0
1989-04-27 00:00:00-04:00,0.7595605211927489,0.7667483687400818,0.7595605211927489,0.7667483687400818,3648038,0.0,0.0
1989-04-28 00:00:00-04:00,0.7667487943308479,0.769145369529724,0.7643528438185098,0.7691453695297241,3067875,0.0,0.0
1989-05-01 00:00:00-04:00,0.7643525048333096,0.7739369273185731,0.7643525048333096,0.773936927318573,2244713,0.0,0.0
1989-05-02 00:00:00-04:00,0.7787289914008241,0.7955013232430472,0.7787289914008241,0.781125009059906,6053738,0.0,0.0
1989-05-03 00:00:00-04:00,0.7835215085303039,0.7835215085303039,0.7715411341682953,0.7763330340385437,2499863,0.0,0.0
1989-05-04 00:00:00-04:00,0.7619564533233643,0.7691449253960178,0.7571645550657135,0.7619564533233643,10740600,0.0,0.0
1989-05-05 00:00:00-04:00,0.7667483687400818,0.7715408917911618,0.7643524195576374,0.7667483687400818,6603525,0.0,0.0
1989-05-08 00:00:00-04:00,0.7667486292491121,0.7691452039320035,0.7595607792596492,0.7643526792526245,5324738,0.0,0.0
1989-05-09 00:00:00-04:00,0.7571652356594655,0.7619571382244177,0.7284119462095353,0.7403923273086548,10837800,0.0,0.0
1989-05-10 00:00:00-04:00,0.7379957489585528,0.7523720691247325,0.7379957489585528,0.7475801706314087,3997350,0.0,0.0
1989-05-11 00:00:00-04:00,0.7475801706314087,0.7523720691247325,0.7379957489585528,0.7475801706314087,2536313,0.0,0.0
1989-05-12 00:00:00-04:00,0.7571648292631615,0.7667486292491121,0.7547682545802702,0.7643526792526245,5746950,0.0,0.0
1989-05-15 00:00:00-04:00,0.7667486963592944,0.7691452712519475,0.7571648955345154,0.7571648955345154,1579500,0.0,0.0
1989-05-16 00:00:00-04:00,0.7571646911109934,0.7643525397889624,0.7499762177467346,0.7499762177467346,4301100,0.0,0.0
1989-05-17 00:00:00-04:00,0.7523722853145265,0.7763330340385437,0.7499763353794022,0.7763330340385437,6810075,0.0,0.0
1989-05-18 00:00:00-04:00,0.7811257975223895,0.7955021262168884,0.7787297774447829,0.7955021262168884,3988238,0.0,0.0
1989-05-19 00:00:00-04:00,0.7955021262168884,0.8026905334978074,0.7931061755489017,0.7955021262168884,6791850,0.0,0.0
1989-05-22 00:00:00-04:00,0.8002938628196715,0.8074817777664123,0.7978973590308178,0.8002938628196716,6591375,0.0,0.0
1989-05-23 00:00:00-04:00,0.7978976923546858,0.7978976923546858,0.7835213705885561,0.7883132696151733,3538688,0.0,0.0
1989-05-24 00:00:00-04:00,0.7859176993370055,0.7883136500064515,0.7835217486675596,0.7859176993370056,3313913,0.0,0.0
1989-05-25 00:00:00-04:00,0.7835209573094382,0.7859169055589703,0.7787289914008241,0.781125009059906,1792125,0.0,0.0
1989-05-26 00:00:00-04:00,0.7715410408895108,0.7835214138031005,0.7715410408895108,0.7835214138031006,3924450,0.0,0.0
1989-05-30 00:00:00-04:00,0.7835216972902905,0.7835216972902905,0.7667487943308479,0.7691453695297241,2688188,0.0,0.0
1989-05-31 00:00:00-04:00,0.7691454199643052,0.7955021267013682,0.7667488446082802,0.7859176993370056,4434750,0.0,0.0
1989-06-01 00:00:00-04:00,0.7859172726438968,0.8266508412459539,0.7859172726438968,0.8218589425086975,14595188,0.0,0.0
1989-06-02 00:00:00-04:00,0.8242549876119756,0.843423834159883,0.8242549876119756,0.8410272598266602,5011875,0.0,0.0
1989-06-05 00:00:00-04:00,0.8410276267846745,0.8434242021635734,0.8242553472518921,0.8242553472518921,3034463,0.0,0.0
1989-06-06 00:00:00-04:00,0.8242548918773257,0.8290467906145821,0.8002941488185638,0.8218589425086975,4036838,0.0,0.0
1989-06-07 00:00:00-04:00,0.8194625562396001,0.8242550109458125,0.8074821829795836,0.8074821829795837,2256863,0.0,0.0
1989-06-08 00:00:00-04:00,0.8122745203479447,0.8218589425086975,0.8050860475558201,0.8218589425086975,2581875,0.0,0.0
1989-06-09 00:00:00-04:00,0.8170667890527065,0.8362356420538608,0.8146708385991929,0.8266512155532837,3274425,0.0,0.0
1989-06-12 00:00:00-04:00,0.8266510543221888,0.8266510543221888,0.802690305087343,0.8050862550735474,5953500,0.0,0.0
1989-06-13 00:00:00-04:00,0.8026905334978074,0.8026905334978074,0.7931061755489017,0.7955021262168884,2366213,0.0,0.0
1989-06-14 00:00:00-04:00,0.7955018501240585,0.8002943050736855,0.7907098810416019,0.7931059002876282,4200863,0.0,0.0
1989-06-15 00:00:00-04:00,0.7931061712601761,0.7931061712601761,0.7883136452635396,0.7907101511955261,3043575,0.0,0.0
1989-06-16 00:00:00-04:00,0.7763332719726429,0.7907101559528565,0.7763332719726429,0.7859176993370056,6163088,0.0,0.0
1989-06-19 00:00:00-04:00,0.7811257567575268,0.7835217073004752,0.7715413298991869,0.7787297368049622,2436075,0.0,0.0
1989-06-20 00:00:00-04:00,0.7811254003540858,0.7883132487033376,0.7739369273185731,0.773936927318573,4386150,0.0,0.0
1989-06-21 00:00:00-04:00,0.7763330539214663,0.7787295591947573,0.7643526792526244,0.7643526792526245,4456013,0.0,0.0
1989-06-22 00:00:00-04:00,0.7643526792526244,0.7667486292491121,0.7571648292631615,0.7643526792526245,4048988,0.0,0.0
1989-06-23 00:00:00-04:00,0.7739366245348399,0.8002938628196715,0.7715406760224455,0.8002938628196716,7882313,0.0,0.0
1989-06-26 00:00:00-04:00,0.8002945785022237,0.8002945785022237,0.7883136452635396,0.7907101511955261,2056388,0.0,0.0
1989-06-27 00:00:00-04:00,0.7907093573344331,0.7931053749935151,0.781125009059906,0.781125009059906,4058100,0.0,0.0
1989-06-28 00:00:00-04:00,0.7811255585951797,0.7811255585951797,0.7715411341682953,0.7763330340385437,2129288,0.0,0.0
1989-06-29 00:00:00-04:00,0.7739370017516796,0.7739370017516796,0.7523722052574158,0.7523722052574158,4325400,0.0,0.0
1989-06-30 00:00:00-04:00,0.7571645923042646,0.7571645923042646,0.7427876474518766,0.7475801706314087,3666263,0.0,0.0
1989-07-03 00:00:00-04:00,0.7547684170826194,0.769145369529724,0.7439863274338291,0.7691453695297241,1008450,0.0,1.5
1989-07-05 00:00:00-04:00,0.7691448415330676,0.7871153950691223,0.7619563702442019,0.7871153950691223,3312900,0.0,0.0
1989-07-06 00:00:00-04:00,0.787115982279312,0.7978980725702374,0.787115982279312,0.7907101511955261,3244050,0.0,0.0
1989-07-07 00:00:00-04:00,0.7943038802046306,0.8050859635819608,0.7907096441834623,0.8014917969703674,2654775,0.0,0.0
1989-07-10 00:00:00-04:00,0.8086805939674377,0.8122748317413859,0.8014921878291501,0.8086805939674377,1856925,0.0,0.0
1989-07-11 00:00:00-04:00,0.8167397648387923,0.8203372825131809,0.7915538753849825,0.795151948928833,3150900,0.001481,0.0
1989-07-12 00:00:00-04:00,0.7951519882688312,0.7951519882688312,0.787955910308788,0.7915539145469666,2239650,0.0,0.0
1989-07-13 00:00:00-04:00,0.7915537433731885,0.7915537433731885,0.7735634481379589,0.7843576669692993,2085750,0.0,0.0
1989-07-14 00:00:00-04:00,0.7807597329966633,0.7879558801651001,0.7807597329966633,0.7879558801651001,4216050,0.0,0.0
1989-07-17 00:00:00-04:00,0.7843577899020078,0.8131416831268483,0.7807597163943001,0.8095436096191406,4058100,0.0,0.0
1989-07-18 00:00:00-04:00,0.805945536111433,0.8095436096191406,0.8023475320874075,0.8095436096191406,1271700,0.0,0.0
1989-07-19 00:00:00-04:00,0.8167398672517414,0.8419251345104469,0.809543719261698,0.8347296118736267,3468825,0.0,0.0
1989-07-20 00:00:00-04:00,0.8383277777932059,0.8383277777932059,0.8131418824195862,0.8131418824195862,1482300,0.0,0.0
1989-07-21 00:00:00-04:00,0.81673988661748,0.827533483505249,0.8131418125371442,0.827533483505249,1909575,0.0,0.0
1989-07-24 00:00:00-04:00,0.8275334638835833,0.852719356495512,0.8275334638835833,0.8347296118736267,2342925,0.0,0.0
1989-07-25 00:00:00-04:00,0.8383276858686484,0.8455232085054686,0.831131537878605,0.8347296118736267,2533275,0.0,0.0
1989-07-26 00:00:00-04:00,0.8347296316659205,0.8383277057462561,0.8131418125371442,0.827533483505249,3067875,0.0,0.0
1989-07-27 00:00:00-04:00,0.8311316638703181,0.8563175603001909,0.8203375097326527,0.8527194857597351,3515400,0.0,0.0
1989-07-28 00:00:00-04:00,0.8563178019847639,0.8958953823933999,0.8563178019847639,0.8707094788551331,3853575,0.0,0.0
1989-07-31 00:00:00-04:00,0.8851013098415921,0.8994929790496826,0.8779051625609661,0.8994929790496826,6064875,0.0,0.0
1989-08-01 00:00:00-04:00,0.9138846085301161,0.9174826820140166,0.8958948664637483,0.9030910134315491,5550525,0.0,0.0
1989-08-02 00:00:00-04:00,0.9030911620741608,0.9138847589492799,0.8958950139219233,0.9138847589492798,3258225,0.0,0.0
1989-08-03 00:00:00-04:00,0.9138845691177668,0.9138845691177668,0.9030909744846863,0.9066890478134155,4904550,0.0,0.0
1989-08-04 00:00:00-04:00,0.9066890478134156,0.9066890478134156,0.8958948278272277,0.9066890478134155,2751975,0.0,0.0
1989-08-07 00:00:00-04:00,0.9102872014045716,0.9210814297579816,0.8994935984047537,0.9102872014045715,8754075,0.0,0.0
1989-08-08 00:00:00-04:00,0.903091674522557,0.9138852775223749,0.8922974461691471,0.9102872014045715,3780675,0.0,0.0
1989-08-09 00:00:00-04:00,0.9066890478134156,0.9210807157752254,0.9066890478134156,0.9066890478134155,4197825,0.0,0.0
1989-08-10 00:00:00-04:00,0.9066892361502796,0.9210809071015174,0.9030911620741608,0.9138847589492798,1445850,0.0,0.0
1989-08-11 00:00:00-04:00,0.9210807157752254,0.9354723837370352,0.8958948278272277,0.9066890478134155,1816425,0.0,0.0
1989-08-14 00:00:00-04:00,0.8994935984047537,0.9210814297579816,0.8958955222869504,0.9102872014045715,2863350,0.0,0.0
1989-08-15 00:00:00-04:00,0.9102868610284839,0.924679160118103,0.9066894116094374,0.924679160118103,4513725,0.0,0.0
1989-08-16 00:00:00-04:00,0.9246790498969937,0.9354726475742603,0.9246790498969937,0.9318745732307434,6016275,0.0,0.0
1989-08-17 00:00:00-04:00,0.9354727334823497,0.9534624814987184,0.9318746588084078,0.9534624814987183,4043925,0.0,0.0
1989-08-18 00:00:00-04:00,0.9534628958936523,0.978648734720493,0.9534628958936523,0.9750512838363647,4450950,0.0,0.0
1989-08-21 00:00:00-04:00,0.9750505755507464,0.9786480238216554,0.9498646855354308,0.9498646855354309,2699325,0.0,0.0
1989-08-22 00:00:00-04:00,0.9498647851703558,0.993040422481708,0.9498647851703558,0.9894423484802246,7988625,0.0,0.0
1989-08-23 00:00:00-04:00,0.9858446121215819,0.9894426873553736,0.9750510117736458,0.985844612121582,6806025,0.0,0.0
1989-08-24 00:00:00-04:00,0.9930402743979962,1.0002357959747314,0.982246054003197,1.0002357959747314,5129325,0.0,0.0
1989-08-25 00:00:00-04:00,0.9974994434877836,1.0047011819958274,0.9866958968855636,0.9902970790863037,3539700,0.001481,0.0
1989-08-28 00:00:00-04:00,0.9830949026603337,1.0047013741026656,0.9830949026603337,0.9938984513282776,2685150,0.0,0.0
1989-08-29 00:00:00-04:00,0.9938984513282776,1.0083025569919801,0.9866960855496483,0.9938984513282776,5546475,0.0,0.0
1989-08-30 00:00:00-04:00,0.9938984513282776,1.0155049227706094,0.9866960855496483,0.9938984513282776,3910275,0.0,0.0
1989-08-31 00:00:00-04:00,1.0047014670420655,1.0371114901504142,1.0011002838196255,1.0263079404830933,4801275,0.0,0.0
1989-09-01 00:00:00-04:00,1.0263074754831596,1.0299086570739746,1.0191057381948598,1.0299086570739746,2729700,0.0,0.0
1989-09-05 00:00:00-04:00,1.0299088205835862,1.0335100027461295,1.0083023535017568,1.0155047178268433,3185325,0.0,0.0
1989-09-06 00:00:00-04:00,1.0119037398812947,1.0155049227706094,0.9830949026603337,0.9938984513282776,3375675,0.0,0.0
1989-09-07 00:00:00-04:00,0.9938979975470456,0.9938979975470456,0.9830944538116455,0.9830944538116455,2899800,0.0,0.0
1989-09-08 00:00:00-04:00,0.983094881659811,0.9902972472845859,0.9578872974103684,0.9866960644721985,4600800,0.0,0.0
1989-09-11 00:00:00-04:00,1.001099478014585,1.0047006583383629,0.9794930219650269,0.9794930219650269,5374350,0.0,0.0
1989-09-12 00:00:00-04:00,0.9794930219650269,0.9866953826125829,0.9722912872105809,0.9794930219650269,2328750,0.0,0.0
1989-09-13 00:00:00-04:00,0.9830947751625535,0.9902971400071064,0.9542860112215359,0.9614883065223694,3120525,0.0,0.0
1989-09-14 00:00:00-04:00,0.9650896968065601,0.9650896968065601,0.9398821098585854,0.943483293056488,3219750,0.0,0.0
1989-09-15 00:00:00-04:00,0.9290792988923384,0.9830951797775135,0.9290792988923384,0.9758934378623962,5931225,0.0,0.0
1989-09-18 00:00:00-04:00,0.9758929761767798,0.9938982612870436,0.9650894295745598,0.9902970790863037,2913975,0.0,0.0
1989-09-19 00:00:00-04:00,0.9902970352705117,1.0083023195841299,0.9794934891462957,1.0047011375427246,3118500,0.0,0.0
1989-09-20 00:00:00-04:00,1.0119025707244873,1.0191049281814801,1.008301391995991,1.0119025707244873,4776975,0.0,0.0
1989-09-21 00:00:00-04:00,1.0191061164269244,1.0263078563880852,0.9794937301195089,0.9974996447563171,2786400,0.0,0.0
1989-09-22 00:00:00-04:00,1.0011002017901163,1.0011002017901163,0.9830949130468706,0.9974996447563171,3454650,0.0,0.0
1989-09-25 00:00:00-04:00,0.9866960644721984,0.9902972472845859,0.9794936988474235,0.9866960644721985,1316250,0.0,0.0
1989-09-26 00:00:00-04:00,1.001099478014585,1.0047006583383629,0.9794930219650269,0.9794930219650269,2537325,0.0,0.0
1989-09-27 00:00:00-04:00,0.9758931627752603,0.9974996342175921,0.9758931627752603,0.9938984513282776,1081350,0.0,0.0
1989-09-28 00:00:00-04:00,1.0011002017901163,1.0083025676448394,0.9902972789015938,0.9974996447563171,4035825,0.0,0.0
1989-09-29 00:00:00-04:00,0.9974993993533224,1.0047011375427246,0.9902970352705117,1.0047011375427246,2701350,0.0,0.0
1989-10-02 00:00:00-04:00,1.0299091237055336,1.0299091237055336,1.0155050167093864,1.0263079404830933,1694925,0.0,0.0
1989-10-03 00:00:00-04:00,1.0263081371178344,1.0443134307861328,1.022706953205428,1.0443134307861328,5631525,0.0,0.0
1989-10-04 00:00:00-04:00,1.0515151982838844,1.0947281287743316,1.047914016427451,1.0875263214111328,5850225,0.0,0.0
1989-10-05 00:00:00-04:00,1.0875259880982218,1.0983289044631885,1.065918973125606,1.0803236961364746,3426300,0.0,0.0
1989-10-06 00:00:00-04:00,1.0803236961364746,1.0875259880982218,1.0731213346310402,1.0803236961364746,1707075,0.0,0.0
1989-10-09 00:00:00-04:00,1.0803236834187586,1.0803236834187586,1.069520141287788,1.076722502708435,974025,0.0,0.0
1989-10-10 00:00:00-04:00,1.0767222233335358,1.0803234031094686,1.0623181301228193,1.0659186840057373,3468825,0.0,0.0
1989-10-11 00:00:00-04:00,1.0659193117582366,1.0695204936550156,1.0407122902675499,1.0479140281677246,3661200,0.0,0.0
1989-10-12 00:00:00-04:00,1.0515153864586881,1.0515153864586881,1.0335100998477469,1.0371112823486328,1903500,0.0,0.0
1989-10-13 00:00:00-04:00,1.0371108872202643,1.0371108872202643,0.9578868496084875,0.9650891423225403,5611275,0.0,0.0
1989-10-16 00:00:00-04:00,0.8858659848795808,1.0155047178268433,0.8714612562294082,1.0155047178268433,15914475,0.0,0.0
1989-10-17 00:00:00-04:00,1.019105865708346,1.019105865708346,0.9902970352705117,1.0047011375427246,5181975,0.0,0.0
1989-10-18 00:00:00-04:00,1.0047011713392138,1.0191058999893863,0.9938982507450137,1.0155047178268433,6006150,0.0,0.0
1989-10-19 00:00:00-04:00,1.0227067470550537,1.0335102966145657,1.0155050065756532,1.0227067470550537,2685150,0.0,0.0
1989-10-20 00:00:00-04:00,1.0227054810171439,1.0263066597456403,1.008301391995991,1.0119025707244873,1921725,0.0,0.0
1989-10-23 00:00:00-04:00,1.0119036106117778,1.0155047930410455,0.9974995067881828,1.0011000633239746,2118150,0.0,0.0
1989-10-24 00:00:00-04:00,1.0011000633239746,1.0011000633239746,0.9794935946418442,1.0011000633239746,3519450,0.0,0.0
1989-10-25 00:00:00-04:00,1.0010997341440422,1.0010997341440422,0.9830944538116455,0.9830944538116455,3284550,0.0,0.0
1989-10-26 00:00:00-04:00,0.9794930219650269,0.9902965629363609,0.9686901068868029,0.9794930219650269,1889325,0.0,0.0
1989-10-27 00:00:00-04:00,0.9758926857091614,0.9866956032025326,0.9614879611936666,0.9650891423225403,5560650,0.0,0.0
1989-10-30 00:00:00-05:00,0.9650894678423251,0.9686906501858593,0.9506853643616492,0.9578871726989746,3713850,0.0,0.0
1989-10-31 00:00:00-05:00,0.9650895217173557,0.972291886806488,0.9650895217173557,0.972291886806488,3645000,0.0,0.0
1989-11-01 00:00:00-05:00,0.9794935324840836,0.9902970790863036,0.9794935324840836,0.9902970790863037,3734100,0.0,0.0
1989-11-02 00:00:00-05:00,0.9902972684389629,1.0047013741026656,0.9902972684389629,0.9938984513282776,5795550,0.0,0.0
1989-11-03 00:00:00-05:00,0.9902972684389629,1.0011001912133508,0.9902972684389629,0.9938984513282776,1496475,0.0,0.0
1989-11-06 00:00:00-05:00,0.9938979975470456,1.0119032778794421,0.9830944538116455,0.9830944538116455,2934225,0.0,0.0
1989-11-07 00:00:00-05:00,0.983094881659811,0.9974996129093607,0.9722919591161912,0.9866960644721985,3161025,0.0,0.0
1989-11-08 00:00:00-05:00,0.993898324358915,1.0155047930410455,0.9902971419296474,1.0011000633239746,2282175,0.0,0.0
1989-11-09 00:00:00-05:00,1.0083022117614746,1.0083022117614746,0.9974992926858758,1.0083022117614746,2733750,0.0,0.0
1989-11-10 00:00:00-05:00,1.0083023535017568,1.0155047178268433,1.0047011713392138,1.0155047178268433,2118150,0.0,0.0
1989-11-13 00:00:00-05:00,1.0155047178268433,1.0227064562585,1.0083023535017568,1.0155047178268433,1545075,0.0,0.0
1989-11-14 00:00:00-05:00,1.008301391995991,1.0263066597456403,1.008301391995991,1.0119025707244873,5597100,0.0,0.0
1989-11-15 00:00:00-05:00,1.0119038334869461,1.0263079404830933,1.0119038334869461,1.0263079404830933,1782000,0.0,0.0
1989-11-16 00:00:00-05:00,1.0299086570739746,1.0479139391347194,1.0263074754831596,1.0299086570739746,3715875,0.0,0.0
1989-11-17 00:00:00-05:00,1.0335103069279739,1.0371114901504142,1.0263079404830933,1.0263079404830933,3246075,0.0,0.0
1989-11-20 00:00:00-05:00,1.0263071085291695,1.0551159250618263,1.0263071085291695,1.051514744758606,2895750,0.0,0.0
1989-11-21 00:00:00-05:00,1.0515152100645035,1.0515152100645035,1.0407122902675499,1.0479140281677246,3211650,0.0,0.0
1989-11-22 00:00:00-05:00,1.0415709731517995,1.0559869595476763,1.0415709731517995,1.0487786531448364,1042875,0.001481,0.0
1989-11-24 00:00:00-05:00,1.048778609948029,1.084819444466896,1.048778609948029,1.0776112079620361,1445850,0.0,0.0
1989-11-27 00:00:00-05:00,1.0848191945589698,1.1064434814854813,1.0812151119373494,1.0992351770401,3298725,0.0,0.0
1989-11-28 00:00:00-05:00,1.1028399380105283,1.106444092222647,1.0884239475720316,1.0920275449752808,8249850,0.0,0.0
1989-11-29 00:00:00-05:00,1.088423930266214,1.088423930266214,1.0523830847291589,1.0559872388839722,2318625,0.0,0.0
1989-11-30 00:00:00-05:00,1.0667983744554534,1.0667983744554534,1.0523823937120156,1.0595906972885132,4764825,0.0,0.0
1989-12-01 00:00:00-05:00,1.059591069106948,1.0812153610150093,1.055986916053975,1.0776112079620361,5315625,0.0,0.0
1989-12-04 00:00:00-05:00,1.0704032290932561,1.084819776111401,1.0559872388839722,1.0559872388839722,3244050,0.0,0.0
1989-12-05 00:00:00-05:00,1.0559869595476763,1.0595911127490962,1.0451744999434167,1.0487786531448364,2330775,0.0,0.0
1989-12-06 00:00:00-05:00,1.052382305620514,1.052382305620514,1.0415704775703476,1.0451740026474,3120525,0.0,0.0
1989-12-07 00:00:00-05:00,1.048778154133957,1.052382305620514,1.0415704775703476,1.0451740026474,1012500,0.0,0.0
1989-12-08 00:00:00-05:00,1.0451753502145953,1.059591974748489,1.0271551959575405,1.0343635082244873,2124225,0.0,0.0
1989-12-11 00:00:00-05:00,1.0307584587985947,1.0343626118085794,1.0235501527786255,1.0235501527786255,1332450,0.0,0.0
1989-12-12 00:00:00-05:00,1.0271542698501122,1.0271542698501122,0.9875098409469164,1.0019258260726929,4345650,0.0,0.0
1989-12-13 00:00:00-05:00,1.0055299224813283,1.0235500594788909,0.9983222435281307,1.0127382278442383,3428325,0.0,0.0
1989-12-14 00:00:00-05:00,1.0163424223350757,1.019946575164795,1.009134116675637,1.019946575164795,2889675,0.0,0.0
1989-12-15 00:00:00-05:00,1.0343627526496613,1.0343627526496613,1.01994676505658,1.0271544456481934,3410100,0.0,0.0
1989-12-18 00:00:00-05:00,1.0271541919285647,1.030758344539029,0.9803014608119295,0.9839056134223938,4997700,0.0,0.0
1989-12-19 00:00:00-05:00,0.9839063810478414,0.9839063810478414,0.9622820749238749,0.9766986966133118,6500250,0.0,0.0
1989-12-20 00:00:00-05:00,0.9803022256254823,0.9839063810478414,0.9730945411909525,0.9766986966133118,3859650,0.0,0.0
1989-12-21 00:00:00-05:00,0.9947186896542014,1.0055305277974378,0.9947186896542014,0.9983228445053101,4552200,0.0,0.0
1989-12-22 00:00:00-05:00,1.0055299224813283,1.0163423805256933,1.0055299224813283,1.0127382278442383,1779975,0.0,0.0
1989-12-26 00:00:00-05:00,1.012738425713533,1.0199467324848053,0.9983224385808233,1.0055301189422607,1561275,0.0,0.0
1989-12-27 00:00:00-05:00,1.0091337409013874,1.0235497204424038,1.0019254379261266,1.016342043876648,2387475,0.0,0.0
1989-12-28 00:00:00-05:00,1.0163427875002733,1.0379670858383179,1.0127386333756054,1.0379670858383179,4847850,0.0,0.0
1989-12-29 00:00:00-05:00,1.0451747764195327,1.066799074938443,1.037967094519875,1.0559872388839722,3472875,0.0,0.0
1990-01-02 00:00:00-05:00,1.0595908488942876,1.0884233713150024,1.0487783919824998,1.0884233713150024,6206625,0.0,0.0
1990-01-03 00:00:00-05:00,1.0956316991873993,1.1028399380105283,1.0812157087489027,1.0920275449752808,5591025,0.0,0.0
1990-01-04 00:00:00-05:00,1.0884233467816606,1.1028393292627907,1.0848191945589698,1.0992351770401,3183300,0.0,0.0
1990-01-05 00:00:00-05:00,1.0992356633507614,1.0992356633507614,1.0812155902757863,1.0848196744918823,2782350,0.0,0.0
1990-01-08 00:00:00-05:00,1.0776116657229051,1.0812158203068944,1.0704033565549267,1.074007511138916,1455975,0.0,0.0
1990-01-09 00:00:00-05:00,1.0740065881303509,1.0740065881303509,1.0451740026474,1.0451740026474,1854900,0.0,0.0
1990-01-10 00:00:00-05:00,1.0451740466910844,1.0523823499679565,1.0307580665468712,1.0523823499679565,1891350,0.0,0.0
1990-01-11 00:00:00-05:00,1.0667983744554534,1.0704025262437022,1.0559865455002644,1.0595906972885132,1099575,0.0,0.0
1990-01-12 00:00:00-05:00,1.0487785449830738,1.0559868506425125,1.0055299638459174,1.019946575164795,2377350,0.0,0.0
1990-01-15 00:00:00-05:00,1.0163424794578255,1.0199466324901136,0.9947181876738707,1.0091341733932495,2968650,0.0,0.0
1990-01-16 00:00:00-05:00,1.0019258611284876,1.0271543057886101,1.0019258611284876,1.0235501527786255,4582575,0.0,0.0
1990-01-17 00:00:00-05:00,1.0307580665468712,1.0667983301121697,1.0271539149084352,1.0523823499679565,8642700,0.0,0.0
1990-01-18 00:00:00-05:00,1.037966561480359,1.0884233713150024,1.0343624091764299,1.0884233713150024,5973750,0.0,0.0
1990-01-19 00:00:00-05:00,1.0956312549190226,1.117255475412226,1.0956312549190226,1.1064436435699463,7034850,0.0,0.0
1990-01-22 00:00:00-05:00,1.1100480329729827,1.1100480329729827,1.0667988867554379,1.081215500831604,5591025,0.0,0.0
1990-01-23 00:00:00-05:00,1.0812151119373494,1.1136512291223004,1.0812151119373494,1.0992351770401,5131350,0.0,0.0
1990-01-24 00:00:00-05:00,1.0523825205654567,1.0992351770401,1.0415706903070172,1.0992351770401,5791500,0.0,0.0
1990-01-25 00:00:00-05:00,1.0956315281867033,1.0992356122352058,1.0631953981600604,1.0667989253997803,3438450,0.0,0.0
1990-01-26 00:00:00-05:00,1.066799074938443,1.0812156915576954,1.0343629403650618,1.0559872388839722,5068575,0.0,0.0
1990-01-29 00:00:00-05:00,1.0523830759270265,1.0559872300516946,1.0163427875002733,1.0379670858383179,6662250,0.0,0.0
1990-01-30 00:00:00-05:00,1.0307584651772044,1.0343626182094925,0.9947181876738707,1.0091341733932495,10829700,0.0,0.0
1990-01-31 00:00:00-05:00,1.0019257697998734,1.0127382278442383,0.9947180908466757,1.0127382278442383,8606250,0.0,0.0
1990-02-01 00:00:00-05:00,1.0199461953642783,1.0235497204424038,1.005529589413757,1.016342043876648,3476925,0.0,0.0
1990-02-02 00:00:00-05:00,1.0055300675474033,1.063195265950516,1.0055300675474033,1.0487786531448364,7223175,0.0,0.0
1990-02-05 00:00:00-05:00,1.0487790866491467,1.0740075430772607,1.0487790866491467,1.0631957054138184,3950775,0.0,0.0
1990-02-06 00:00:00-05:00,1.0667989253997803,1.0704030790493806,1.0487787835616584,1.0667989253997803,4663575,0.0,0.0
1990-02-07 00:00:00-05:00,1.063195582970685,1.1028399575866386,1.0595914286945902,1.095631718635559,6196500,0.0,0.0
1990-02-08 00:00:00-05:00,1.099235877625551,1.099235877625551,1.0667991829588803,1.0704033374786377,4491450,0.0,0.0
1990-02-09 00:00:00-05:00,1.0667989750069973,1.092027425317468,1.0595912937825127,1.0848196744918823,4884300,0.0,0.0
1990-02-12 00:00:00-05:00,1.0848199375496463,1.0848199375496463,1.0595915507226505,1.0631957054138184,2055375,0.0,0.0
1990-02-13 00:00:00-05:00,1.0704033883860926,1.0704033883860926,1.0595915507226505,1.0631957054138184,2626425,0.0,0.0
1990-02-14 00:00:00-05:00,1.0667989253997803,1.088423777696285,1.0631953981600604,1.0667989253997803,3379725,0.0,0.0
1990-02-15 00:00:00-05:00,1.0667989253997803,1.0740072326989811,1.0595912445104598,1.0667989253997803,3270375,0.0,0.0
1990-02-16 00:00:00-05:00,1.0667987927421332,1.0812154055478127,1.0451744999434167,1.0487786531448364,2741850,0.0,0.0
1990-02-20 00:00:00-05:00,1.0415701163439657,1.0415701163439657,1.0127375408604251,1.0307576656341553,4311225,0.0,0.0
1990-02-21 00:00:00-05:00,1.0307589396033685,1.0631957054138184,1.0163429472487584,1.0631957054138184,3572100,0.0,0.0
1990-02-22 00:00:00-05:00,1.0893089771270752,1.1037366896318053,1.074880707360718,1.0893089771270752,6202575,0.001481,0.0
1990-02-23 00:00:00-05:00,1.0676664105478855,1.0712734949744938,1.0424180734001398,1.056845784187317,2764125,0.0,0.0
1990-02-26 00:00:00-05:00,1.064060870141382,1.1001304219991561,1.0604537826058698,1.096523404121399,3657150,0.0,0.0
1990-02-27 00:00:00-05:00,1.096522989760087,1.1361996141601096,1.0893093746770321,1.1325931549072266,9809100,0.0,0.0
1990-02-28 00:00:00-05:00,1.1289860137388477,1.1650556198671094,1.1289860137388477,1.1470208168029785,8993025,0.0,0.0
1990-03-01 00:00:00-05:00,1.1506280899047852,1.1506280899047852,1.1434139167382156,1.1506280899047852,6571125,0.0,0.0
1990-03-02 00:00:00-05:00,1.1470210033215005,1.15423517648807,1.1434139167382156,1.1506280899047852,3185325,0.0,0.0
1990-03-05 00:00:00-05:00,1.1434141978915302,1.1686631832633483,1.1434141978915302,1.1578419208526611,3671325,0.0,0.0
1990-03-06 00:00:00-05:00,1.161448771471382,1.2047325584477995,1.161448771471382,1.2011260986328125,10339650,0.0,0.0
1990-03-07 00:00:00-05:00,1.201126494670189,1.2660521268844604,1.1975193370884472,1.2660521268844604,13907700,0.0,0.0
1990-03-08 00:00:00-05:00,1.2552309327702853,1.276872763736534,1.2299819442222948,1.2660521268844604,10588725,0.0,0.0
1990-03-09 00:00:00-05:00,1.2480160183456517,1.2588372060558408,1.237195387897234,1.2516230344772339,6004125,0.0,0.0
1990-03-12 00:00:00-05:00,1.2480168585398035,1.2624452114105225,1.2335890629312312,1.2624452114105225,2650725,0.0,0.0
1990-03-13 00:00:00-05:00,1.2552306755794973,1.262444849949306,1.2299816922049032,1.2408028841018677,4244400,0.0,0.0
1990-03-14 00:00:00-05:00,1.2408027411451565,1.2516233745334553,1.2371957240335762,1.248016357421875,4756725,0.0,0.0
1990-03-15 00:00:00-05:00,1.2480162845869647,1.2732652635790016,1.2480162845869647,1.2696588039398193,8837100,0.0,0.0
1990-03-16 00:00:00-05:00,1.2840861068577096,1.2949067366926306,1.2696584610957131,1.2876932621002197,11890800,0.0,0.0
1990-03-19 00:00:00-05:00,1.287693436596434,1.352619035504727,1.2840862808651157,1.345404863357544,11909025,0.0,0.0
1990-03-20 00:00:00-05:00,1.3273706470500917,1.349012476487285,1.3129428536356398,1.3237634897232056,10570500,0.0,0.0
1990-03-21 00:00:00-05:00,1.3417978044994867,1.3454049604912295,1.3057283343140165,1.3093353509902954,8264025,0.0,0.0
1990-03-22 00:00:00-05:00,1.3093354269205117,1.3093354269205117,1.2624446253560129,1.2804794311523438,5508000,0.0,0.0
1990-03-23 00:00:00-05:00,1.3021218631135045,1.3273708538105413,1.3021218631135045,1.3165496587753296,6504300,0.0,0.0
1990-03-26 00:00:00-05:00,1.3381903545720581,1.3634393238159663,1.3381903545720581,1.3490115404129028,6311925,0.0,0.0
1990-03-27 00:00:00-05:00,1.3490128472892224,1.3598334863510475,1.3345851892245688,1.352620005607605,4675725,0.0,0.0
1990-03-28 00:00:00-05:00,1.3454053481826926,1.3454053481826926,1.3165493457727908,1.3345847129821777,4398300,0.0,0.0
1990-03-29 00:00:00-05:00,1.3345848223883485,1.3345848223883485,1.316549453700464,1.3237634897232056,3839400,0.0,0.0
1990-03-30 00:00:00-05:00,1.3237633534707958,1.3237633534707958,1.3057286832167625,1.3201563358306885,1348650,0.0,0.0
1990-04-02 00:00:00-04:00,1.3057286832167625,1.3201563358306885,1.302121526261154,1.3201563358306885,4898475,0.0,0.0
1990-04-03 00:00:00-04:00,1.3273710119033575,1.3562270246104338,1.3273710119033575,1.352620005607605,5378400,0.0,0.0
1990-04-04 00:00:00-04:00,1.3526195008774395,1.3598329789291714,1.334584691224095,1.3381911516189575,3244050,0.0,0.0
1990-04-05 00:00:00-04:00,1.3490128472892224,1.3598334863510475,1.3454058282863937,1.352620005607605,5931225,0.0,0.0
1990-04-06 00:00:00-04:00,1.374260869698103,1.3778680254670324,1.3562260660616432,1.359832525253296,5593050,0.0,0.0
1990-04-09 00:00:00-04:00,1.3490114201913699,1.37065337199811,1.3417972505019147,1.3634392023086548,6228900,0.0,0.0
1990-04-10 00:00:00-04:00,1.3526185746938006,1.367046217495679,1.3526185746938006,1.3634392023086548,3252150,0.0,0.0
1990-04-11 00:00:00-04:00,1.36344064466943,1.3706548219906414,1.3490128472892224,1.352620005607605,3732075,0.0,0.0
1990-04-12 00:00:00-04:00,1.3526194267850966,1.3598329044416964,1.3490122700103142,1.3562264442443848,2555550,0.0,0.0
1990-04-16 00:00:00-04:00,1.36344064466943,1.3959038156948889,1.3490128472892224,1.352620005607605,4831650,0.0,0.0
1990-04-17 00:00:00-04:00,1.3454053262481986,1.3454053262481986,1.3273705165948542,1.3381911516189575,4544100,0.0,0.0
1990-04-18 00:00:00-04:00,1.345405668045591,1.345405668045591,1.3093360395754914,1.3165496587753296,3533625,0.0,0.0
1990-04-19 00:00:00-04:00,1.305728473843763,1.3490121213225323,1.2985143004048367,1.341797947883606,6563025,0.0,0.0
1990-04-20 00:00:00-04:00,1.3562266483165122,1.3562266483165122,1.3129428502386002,1.3273706436157227,6313950,0.0,0.0
1990-04-23 00:00:00-04:00,1.3129424718266216,1.3165490708426322,1.2840864754426127,1.3021212816238403,7113825,0.0,0.0
1990-04-24 00:00:00-04:00,1.3057283343140165,1.3129423676665746,1.2985141616459948,1.3093353509902954,2948400,0.0,0.0
1990-04-25 00:00:00-04:00,1.312942718496977,1.3273705104264042,1.312942718496977,1.3201563358306885,2494800,0.0,0.0
1990-04-26 00:00:00-04:00,1.3273706470500917,1.3345848223883485,1.3129428536356398,1.3237634897232056,2444175,0.0,0.0
1990-04-27 00:00:00-04:00,1.3273704149841237,1.3273704149841237,1.312942624092102,1.312942624092102,5615325,0.0,0.0
1990-04-30 00:00:00-04:00,1.3057279115728746,1.3490115404129028,1.3057279115728746,1.3490115404129028,5951475,0.0,0.0
1990-05-01 00:00:00-04:00,1.377868787787173,1.381475806236267,1.3562268164081395,1.381475806236267,3760425,0.0,0.0
1990-05-02 00:00:00-04:00,1.3886889305264023,1.4067237377166748,1.3886889305264023,1.4067237377166748,7008525,0.0,0.0
1990-05-03 00:00:00-04:00,1.4139381782808886,1.4211523532867432,1.3995103855312157,1.4211523532867432,5305500,0.0,0.0
1990-05-04 00:00:00-04:00,1.4283655169313565,1.4536144969676776,1.4283655169313565,1.4464008808135986,8120250,0.0,0.0
1990-05-07 00:00:00-04:00,1.4464010122792663,1.4860777854919434,1.4427939949011617,1.4860777854919434,14096025,0.0,0.0
1990-05-08 00:00:00-04:00,1.4860777709171453,1.4968984049988618,1.468042962834482,1.4788635969161987,5169825,0.0,0.0
1990-05-09 00:00:00-04:00,1.45000744438633,1.464435651549287,1.4391868114471436,1.4391868114471436,6101325,0.0,0.0
1990-05-10 00:00:00-04:00,1.4319726382079276,1.45000744438633,1.4139378320295253,1.4391868114471436,10766925,0.0,0.0
1990-05-11 00:00:00-04:00,1.4572222516316764,1.4680434465408325,1.4500080752537272,1.4680434465408325,7618050,0.0,0.0
1990-05-14 00:00:00-04:00,1.4644364081923589,1.5329692086154347,1.4644364081923589,1.5041131973266602,18356625,0.0,0.0
1990-05-15 00:00:00-04:00,1.507720102300238,1.5221478978818237,1.5005059258783724,1.5185407400131226,9108450,0.0,0.0
1990-05-16 00:00:00-04:00,1.5257555338697975,1.554611693972475,1.5221485138569628,1.5329697132110596,7109775,0.0,0.0
1990-05-17 00:00:00-04:00,1.551003019506493,1.5942867994308472,1.551003019506493,1.5942867994308472,7940025,0.0,0.0
1990-05-18 00:00:00-04:00,1.5906795736885737,1.6628193367213402,1.5906795736885737,1.6303561925888062,10847925,0.0,0.0
1990-05-21 00:00:00-04:00,1.6411777052569245,1.6988892763547343,1.6267500562845376,1.6952828168869019,12656250,0.0,0.0
1990-05-22 00:00:00-04:00,1.7493868449461067,1.7493868449461067,1.6736404855871012,1.6880682706832886,9195525,0.0,0.0
1990-05-23 00:00:00-04:00,1.6880686462600984,1.7169246408189214,1.6736408579538864,1.6916756629943848,5196150,0.0,0.0
1990-05-24 00:00:00-04:00,1.7061034491295928,1.709710465859289,1.6844614880668813,1.6952828168869019,3533625,0.0,0.0
1990-05-25 00:00:00-04:00,1.688068376260212,1.688068376260212,1.6664264186315072,1.670033574104309,2310525,0.0,0.0
1990-05-29 00:00:00-04:00,1.6628195786860276,1.7277451798215329,1.6628195786860276,1.7169245481491089,10507725,0.0,0.0
1990-05-30 00:00:00-04:00,1.7313522117492077,1.745779858928524,1.7205308842740639,1.7277450561523438,8272125,0.0,0.0
1990-05-31 00:00:00-04:00,1.752993683772608,1.7782426534286155,1.7457795133224931,1.7493866682052612,11178000,0.0,0.0
1990-06-01 00:00:00-04:00,1.767422437667847,1.7818506471732674,1.74578047169846,1.7674224376678467,8974800,0.0,0.0
1990-06-04 00:00:00-04:00,1.7638159990310671,1.7746366347144977,1.7529948060855953,1.763815999031067,7753725,0.0,0.0
1990-06-05 00:00:00-04:00,1.767422545718517,1.767422545718517,1.7277457682170978,1.7313529253005981,4246425,0.0,0.0
1990-06-06 00:00:00-04:00,1.7169242588219682,1.720530717491992,1.6592121432291735,1.6880682706832886,9912375,0.0,0.0
1990-06-07 00:00:00-04:00,1.6808553804950501,1.6880695571719846,1.6556063890457156,1.6556063890457153,7202925,0.0,0.0
1990-06-08 00:00:00-04:00,1.6592132859123805,1.6628204436437926,1.5798599952872467,1.6375714540481567,14031225,0.0,0.0
1990-06-11 00:00:00-04:00,1.6159287274645169,1.6988892763547343,1.6159287274645169,1.6952828168869019,6917400,0.0,0.0
1990-06-12 00:00:00-04:00,1.724139603290882,1.7602097988128664,1.7205324444231085,1.7602097988128662,9539775,0.0,0.0
1990-06-13 00:00:00-04:00,1.760208854512247,1.7998854910387736,1.7566016975796077,1.7746365070343018,10742625,0.0,0.0
1990-06-14 00:00:00-04:00,1.817920545117682,1.817920545117682,1.7710297277316245,1.796278715133667,5975775,0.0,0.0
1990-06-15 00:00:00-04:00,1.799885456279676,1.799885456279676,1.7566016636563997,1.7674224376678467,5850225,0.0,0.0
1990-06-18 00:00:00-04:00,1.7457807153995644,1.7638160842855986,1.727745903775598,1.7349600791931152,6411150,0.0,0.0
1990-06-19 00:00:00-04:00,1.724138885724598,1.7421736973485642,1.7024969167341149,1.7349600791931152,7077375,0.0,0.0
1990-06-20 00:00:00-04:00,1.7602089281290467,1.7602089281290467,1.7277457682170978,1.7313529253005981,11894850,0.0,0.0
1990-06-21 00:00:00-04:00,1.7313537817108537,1.7602097988128664,1.7061047841610397,1.7602097988128662,5337900,0.0,0.0
1990-06-22 00:00:00-04:00,1.7566022428781958,1.7710300391945435,1.7169255940349248,1.7241392135620117,4489425,0.0,0.0
1990-06-25 00:00:00-04:00,1.7097106674337912,1.7133178239042364,1.6303567079710581,1.6628198623657227,8816850,0.0,0.0
1990-06-26 00:00:00-04:00,1.6664268795206856,1.6772475130391264,1.6483920723768366,1.6628198623657227,6725025,0.0,0.0
1990-06-27 00:00:00-04:00,1.666426297160684,1.6880682532118416,1.6556051101619547,1.680854082107544,5680125,0.0,0.0
1990-06-28 00:00:00-04:00,1.6916752866150528,1.6952824418622523,1.670033469655337,1.6880682706832886,7472250,0.0,0.0
1990-06-29 00:00:00-04:00,1.6880694646782153,1.6880694646782153,1.6447856608281142,1.666427493095398,6127650,0.0,0.0
1990-07-02 00:00:00-04:00,1.6664264186315072,1.670033574104309,1.659212247001347,1.670033574104309,2300400,0.0,0.0
1990-07-03 00:00:00-04:00,1.6700346324103257,1.6700346324103257,1.637571466422096,1.6447856426239014,3152925,0.0,0.0
1990-07-05 00:00:00-04:00,1.6303567079710581,1.6664268795206856,1.6159289179821719,1.6628198623657227,6072975,0.0,0.0
1990-07-06 00:00:00-04:00,1.6610165796648897,1.704300368018475,1.6610165796648897,1.6988894939422607,7072650,0.0,1.5
1990-07-09 00:00:00-04:00,1.6988897653886492,1.7313529253005981,1.6988897653886492,1.7313529253005981,8532000,0.0,0.0
1990-07-10 00:00:00-04:00,1.7313529253005981,1.7421735606580628,1.7151212756868706,1.7313529253005981,5663250,0.0,0.0
1990-07-11 00:00:00-04:00,1.7205310304351258,1.7962779608332937,1.715120714526563,1.752994179725647,8328150,0.0,0.0
1990-07-12 00:00:00-04:00,1.7638154329576976,1.828741176638362,1.7584045595904898,1.8233301639556885,11685600,0.0,0.0
1990-07-13 00:00:00-04:00,1.8503825299263945,1.8612031593980134,1.8341510284572446,1.8395613431930542,6141150,0.0,0.0
1990-07-16 00:00:00-04:00,1.8462754278414937,1.8895897865295408,1.8354471518507098,1.889589786529541,5524200,0.002222,0.0
1990-07-17 00:00:00-04:00,1.884174571125741,1.884174571125741,1.7813028015181942,1.8029600381851196,5572800,0.0,0.0
1990-07-18 00:00:00-04:00,1.781304773159991,1.7975478929061735,1.7109191291807988,1.716333270072937,10777050,0.0,0.0
1990-07-19 00:00:00-04:00,1.66760425892638,1.7379900217056274,1.66760425892638,1.7379900217056274,9733500,0.0,0.0
1990-07-20 00:00:00-04:00,1.7325754261421502,1.7488183974398648,1.7109181775498228,1.7271612882614136,5896800,0.0,0.0
1990-07-23 00:00:00-04:00,1.6892609678327235,1.6892609678327235,1.4726891918683926,1.6513607501983643,23220000,0.0,0.0
1990-07-24 00:00:00-04:00,1.6459465116081948,1.6513606488343706,1.5863891897400904,1.640532374382019,7719300,0.0,0.0
1990-07-25 00:00:00-04:00,1.6351175400865468,1.6676036181683351,1.629703402860371,1.640532374382019,3145500,0.0,0.0
1990-07-26 00:00:00-04:00,1.6459480350613713,1.683848285448971,1.5593192498113995,1.6676051616668701,4866750,0.0,0.0
1990-07-27 00:00:00-04:00,1.6676046018928465,1.6676046018928465,1.5918042659759521,1.5918042659759521,4896450,0.0,0.0
1990-07-30 00:00:00-04:00,1.5918033271092589,1.5918033271092589,1.5214175913686208,1.548488974571228,12487500,0.0,0.0
1990-07-31 00:00:00-04:00,1.543075490930954,1.5593184671462668,1.4835180044174197,1.4835180044174194,9807750,0.0,0.0
1990-08-01 00:00:00-04:00,1.4781038997805926,1.591804038901498,1.4672750628296007,1.5863898992538452,18277650,0.0,0.0
1990-08-02 00:00:00-04:00,1.499760484806535,1.5647319439066516,1.499760484806535,1.548488974571228,11110500,0.0,0.0
1990-08-03 00:00:00-04:00,1.537661340536722,1.537661340536722,1.4672750178255272,1.5160040855407715,14293800,0.0,0.0
1990-08-06 00:00:00-04:00,1.4347895310272372,1.4618607843502531,1.3860603270312313,1.4293746948242188,12287700,0.0,0.0
1990-08-07 00:00:00-04:00,1.4726892413762294,1.4835175168572607,1.4077172184542086,1.445617437362671,17354250,0.0,0.0
1990-08-08 00:00:00-04:00,1.4510322561095588,1.5105896115873567,1.4510322561095588,1.5051754713058472,9639000,0.0,0.0
1990-08-09 00:00:00-04:00,1.5160042944488403,1.5430756926568683,1.4835181983573968,1.5376615524291992,6494850,0.0,0.0
1990-08-10 00:00:00-04:00,1.553904261396282,1.5593189602842454,1.472690191119104,1.4943474531173706,6050700,0.0,0.0
1990-08-13 00:00:00-04:00,1.4943463475798726,1.55390311179789,1.4835173760572518,1.548488974571228,8521200,0.0,0.0
1990-08-14 00:00:00-04:00,1.5701462218578306,1.5972176074867137,1.559317946434021,1.559317946434021,6349050,0.0,0.0
1990-08-15 00:00:00-04:00,1.5918028519348273,1.6242887809081905,1.5809745807138866,1.6080458164215088,12676500,0.0,0.0
1990-08-16 00:00:00-04:00,1.5972177226491944,1.5972177226491944,1.5051748654606527,1.5105890035629272,4569750,0.0,0.0
1990-08-17 00:00:00-04:00,1.451032047297567,1.4943469756975651,1.4347896287904176,1.4672750234603882,13682250,0.0,0.0
1990-08-20 00:00:00-04:00,1.4618606903283147,1.4726895255544272,1.3860602378845215,1.3860602378845215,14427450,0.0,0.0
1990-08-21 00:00:00-04:00,1.321089256063805,1.380646617442243,1.288603853500508,1.342746376991272,23175450,0.0,0.0
1990-08-22 00:00:00-04:00,1.3535754897913552,1.38606089557288,1.3156752455857255,1.3210893869400024,9659250,0.0,0.0
1990-08-23 00:00:00-04:00,1.2898720025175046,1.2952914715341033,1.2410948276519775,1.2410948276519775,19030950,0.002222,0.0
1990-08-24 00:00:00-04:00,1.300711348945186,1.3657468117290479,1.2844522390346267,1.3549078702926636,15984000,0.0,0.0
1990-08-27 00:00:00-04:00,1.4416215769559453,1.468719482421875,1.4036840348296862,1.468719482421875,12993750,0.0,0.0
1990-08-28 00:00:00-04:00,1.463298924835935,1.50665590417347,1.4470399703649466,1.5012364387512207,9192150,0.0,0.0
1990-08-29 00:00:00-04:00,1.506657133704794,1.5445946785796119,1.4903980264142445,1.5283355712890625,11754450,0.0,0.0
1990-08-30 00:00:00-04:00,1.5283354605618091,1.5283354605618091,1.4578805435173654,1.468719482421875,4406400,0.0,0.0
1990-08-31 00:00:00-04:00,1.468719482421875,1.468719482421875,1.4362021075036904,1.468719482421875,4036500,0.0,0.0
1990-09-04 00:00:00-04:00,1.452460349097571,1.5174963474273682,1.4470408802675474,1.5174963474273682,4530600,0.0,0.0
1990-09-05 00:00:00-04:00,1.5120760202407837,1.5283349817079896,1.5012370847323004,1.5120760202407837,7072650,0.0,0.0
1990-09-06 00:00:00-04:00,1.501237653523208,1.501237653523208,1.4362022016670268,1.463300108909607,6297750,0.0,0.0
1990-09-07 00:00:00-04:00,1.4524606110897595,1.4849785463446097,1.4524606110897595,1.463300108909607,8565750,0.0,0.0
1990-09-10 00:00:00-04:00,1.4958180856436245,1.506657024548134,1.4578805435173654,1.468719482421875,7273800,0.0,0.0
1990-09-11 00:00:00-04:00,1.468718316914737,1.468718316914737,1.4091023860832568,1.414522409439087,12249900,0.0,0.0
1990-09-12 00:00:00-04:00,1.4091035241677563,1.4307819604873657,1.376586009239508,1.4307819604873657,9571500,0.0,0.0
1990-09-13 00:00:00-04:00,1.425361339742321,1.4524593632556728,1.3928439906284054,1.414522409439087,4833000,0.0,0.0
1990-09-14 00:00:00-04:00,1.4036839245282942,1.4145234207856927,1.3874248196933494,1.4091033935546875,6384150,0.0,0.0
1990-09-17 00:00:00-04:00,1.4091034700919318,1.4470410112976873,1.3982645314504145,1.4416215419769287,3684150,0.0,0.0
1990-09-18 00:00:00-04:00,1.430781777628588,1.4578803777694702,1.4091033440795562,1.4578803777694702,5124600,0.0,0.0
1990-09-19 00:00:00-04:00,1.4741395100787857,1.4741395100787857,1.4578805435173654,1.468719482421875,5586300,0.0,0.0
1990-09-20 00:00:00-04:00,1.4416205544737348,1.4416205544737348,1.3874239446743193,1.3982635736465454,5628150,0.0,0.0
1990-09-21 00:00:00-04:00,1.409103450130317,1.4145234775789368,1.3549075017300352,1.371166467666626,7061850,0.0,0.0
1990-09-24 00:00:00-04:00,1.365746361661449,1.365746361661449,1.3278093813798604,1.3386483192443848,6814800,0.0,0.0
1990-09-25 00:00:00-04:00,1.3494879007339478,1.354907369448824,1.3223893011992616,1.3494879007339478,7051050,0.0,0.0
1990-09-26 00:00:00-04:00,1.3440678606844303,1.3549074968894683,1.3007109904781755,1.327809453010559,5638950,0.0,0.0
1990-09-27 00:00:00-04:00,1.3440677595586215,1.3549073949481003,1.2790323195912583,1.2952914237976074,10930950,0.0,0.0
1990-09-28 00:00:00-04:00,1.2736130951259383,1.3603271247532118,1.2573541273513404,1.3169701099395752,12044700,0.0,0.0
1990-10-01 00:00:00-04:00,1.3332280326302288,1.4199419942846077,1.3332280326302288,1.3982635736465454,13250250,0.0,0.0
1990-10-02 00:00:00-04:00,1.4632999858182807,1.479558952078018,1.4091034781362104,1.4199429750442505,13367700,0.0,0.0
1990-10-03 00:00:00-04:00,1.4145238623583332,1.4253628037947177,1.3494883995744713,1.3549078702926636,5653800,0.0,0.0
1990-10-04 00:00:00-04:00,1.3494885771999912,1.3657469914945706,1.316970492649898,1.3440684080123901,7271100,0.0,0.0
1990-10-05 00:00:00-04:00,1.3007113991651604,1.349488451677709,1.2790328176994068,1.322389841079712,8914050,0.0,0.0
1990-10-08 00:00:00-04:00,1.338648683402339,1.3440681538088814,1.2952918037404912,1.3007112741470337,7049700,0.0,0.0
1990-10-09 00:00:00-04:00,1.3007109075312169,1.3007109075312169,1.1598003208154553,1.192318320274353,29479950,0.0,0.0
1990-10-10 00:00:00-04:00,1.1868987568916,1.2248362919844165,1.1706397933445163,1.197737693786621,14740650,0.0,0.0
1990-10-11 00:00:00-04:00,1.1923181969678516,1.2139967679977417,1.1760592338076503,1.2139967679977417,10933650,0.0,0.0
1990-10-12 00:00:00-04:00,1.2248365782265842,1.2573540942666244,1.1923185039818611,1.246515154838562,9413550,0.0,0.0
1990-10-15 00:00:00-04:00,1.2465148125435583,1.262773217221067,1.1814792401176695,1.1868987083435059,9931950,0.0,0.0
1990-10-16 00:00:00-04:00,1.1814793348312378,1.1977377408121057,1.170639839306085,1.1814793348312378,4716900,0.0,0.0
1990-10-17 00:00:00-04:00,1.1760592338076503,1.235675199476497,1.1706397654890963,1.2139967679977417,8131050,0.0,0.0
1990-10-18 00:00:00-04:00,1.2031578661855165,1.2627732753753662,1.2031578661855165,1.2627732753753662,7788150,0.0,0.0
1990-10-19 00:00:00-04:00,1.311549957644696,1.3169694246814203,1.284451366501158,1.3061299324035645,10975500,0.0,0.0
1990-10-22 00:00:00-04:00,1.3061300637092488,1.3711660470567604,1.3007105961277037,1.365746021270752,10505700,0.0,0.0
1990-10-23 00:00:00-04:00,1.3549078702926636,1.3765863113702186,1.3332292896639117,1.3549078702926636,6507000,0.0,0.0
1990-10-24 00:00:00-04:00,1.354907884211438,1.354907884211438,1.3115508620597307,1.3332293033599854,4460400,0.0,0.0
1990-10-25 00:00:00-04:00,1.3440682528406698,1.3603273630142212,1.3007113699842596,1.3603273630142212,6529950,0.0,0.0
1990-10-26 00:00:00-04:00,1.3332292129957966,1.338648683402339,1.3007112741470337,1.3007112741470337,4762800,0.0,0.0
1990-10-29 00:00:00-05:00,1.3007115255010446,1.3115510266135466,1.2248369714305487,1.257354497909546,7487100,0.0,0.0
1990-10-30 00:00:00-05:00,1.2410947589121182,1.2898719310760498,1.2248363527628177,1.2898719310760498,7719300,0.0,0.0
1990-10-31 00:00:00-05:00,1.2898724440735532,1.295291914945374,1.2736133337020874,1.2736133337020874,6334200,0.0,0.0
1990-11-01 00:00:00-05:00,1.279032239006176,1.279032239006176,1.2410947037179991,1.2627732753753662,5760450,0.0,0.0
1990-11-02 00:00:00-05:00,1.2627738467122913,1.3278098702119556,1.2627738467122913,1.322389841079712,5660550,0.0,0.0
1990-11-05 00:00:00-05:00,1.3332289946797562,1.3874249458312988,1.3332289946797562,1.3874249458312988,7736850,0.0,0.0
1990-11-06 00:00:00-05:00,1.3982648919989702,1.4091038334353547,1.3494883995744713,1.3549078702926636,8992350,0.0,0.0
1990-11-07 00:00:00-05:00,1.3332292129957966,1.3332292129957966,1.2790326947649213,1.3007112741470337,11476350,0.0,0.0
1990-11-08 00:00:00-05:00,1.3007111421649773,1.3332290777141729,1.2844520348392052,1.3169701099395752,4726350,0.0,0.0
1990-11-09 00:00:00-05:00,1.316970027917778,1.3874249458312988,1.316970027917778,1.3874249458312988,8118900,0.0,0.0
1990-11-12 00:00:00-05:00,1.4199429750442505,1.430781913747645,1.398264539432816,1.4199429750442505,11095650,0.0,0.0
1990-11-13 00:00:00-05:00,1.4362019442204383,1.4741393424823923,1.425362308792478,1.4578803777694702,12433500,0.0,0.0
1990-11-14 00:00:00-05:00,1.463300118985083,1.550014148424505,1.45788064914019,1.5283355712890625,20773800,0.0,0.0
1990-11-15 00:00:00-05:00,1.5120766675547335,1.5337551060566335,1.4958182573318481,1.4958182573318481,7784100,0.0,0.0
1990-11-16 00:00:00-05:00,1.501237382732706,1.5174963474273682,1.4632998449622097,1.5174963474273682,7167150,0.0,0.0
1990-11-19 00:00:00-05:00,1.5283350595236562,1.5716920597252073,1.5174961234633049,1.560853123664856,9028800,0.0,0.0
1990-11-20 00:00:00-05:00,1.560853123664856,1.5771115277553829,1.5500136293999953,1.560853123664856,9769950,0.0,0.0
1990-11-21 00:00:00-05:00,1.560852372559744,1.5662718379819933,1.463298924835935,1.5012364387512207,10334250,0.0,0.0
1990-11-23 00:00:00-05:00,1.501237653523208,1.5066571233307855,1.463300108909607,1.463300108909607,2462400,0.0,0.0
1990-11-26 00:00:00-05:00,1.453752536461365,1.491723685844127,1.3940840862716688,1.4862993955612183,7634250,0.002222,0.0
1990-11-27 00:00:00-05:00,1.4917233549999587,1.5079969206159276,1.4700256399793847,1.48087477684021,7086150,0.0,0.0
1990-11-28 00:00:00-05:00,1.502572746485383,1.5188461736710273,1.4971484569905416,1.5079970359802246,8808750,0.0,0.0
1990-11-29 00:00:00-05:00,1.5134213254750661,1.5351190421555516,1.502572746485383,1.5079970359802246,5104350,0.0,0.0
1990-11-30 00:00:00-05:00,1.5025722325662345,1.5622412123797722,1.4754500959921102,1.5513920783996582,7258950,0.0,0.0
1990-12-03 00:00:00-05:00,1.5839407347366492,1.6598826577010775,1.57851574298943,1.6381847858428955,17226000,0.0,0.0
1990-12-04 00:00:00-05:00,1.6381842113551466,1.681579800177919,1.632759919887047,1.6653069257736206,11403450,0.0,0.0
1990-12-05 00:00:00-05:00,1.670730966295762,1.7141265486004618,1.649033244981067,1.6924288272857666,7472250,0.0,0.0
1990-12-06 00:00:00-05:00,1.7792201194609858,1.7792201194609858,1.6381842113551466,1.6653069257736206,13281300,0.0,0.0
1990-12-07 00:00:00-05:00,1.6761545940144944,1.6815788825225022,1.627334740365134,1.6490325927734375,7056450,0.0,0.0
1990-12-10 00:00:00-05:00,1.6436095484198838,1.6707315701913545,1.6327602648150707,1.6598824262619019,4222800,0.0,0.0
1990-12-11 00:00:00-05:00,1.627334475517273,1.6544566120194704,1.6219101878920652,1.627334475517273,5332500,0.0,0.0
1990-12-12 00:00:00-05:00,1.6273361991022537,1.6436097775901148,1.6164870536600933,1.6381847858428955,8503650,0.0,0.0
1990-12-13 00:00:00-05:00,1.6436080367690549,1.6815786088464362,1.627334475517273,1.627334475517273,4726350,0.0,0.0
1990-12-14 00:00:00-05:00,1.6164870536600933,1.6381847858428955,1.6002136148476118,1.6381847858428955,4976100,0.0,0.0
1990-12-17 00:00:00-05:00,1.6381830507676884,1.6381830507676884,1.6164853415659306,1.627334475517273,3646350,0.0,0.0
1990-12-18 00:00:00-05:00,1.6327598902024298,1.681579769605725,1.6273355988329474,1.6707311868667603,4811400,0.0,0.0
1990-12-19 00:00:00-05:00,1.6924277024917165,1.7195496964343926,1.6924277024917165,1.70327627658844,9232650,0.0,0.0
1990-12-20 00:00:00-05:00,1.676155167876602,1.6978530277135613,1.659881738080057,1.6870044469833374,8313300,0.0,0.0
1990-12-21 00:00:00-05:00,1.6978523731231687,1.7032766613969994,1.6870037965755076,1.697852373123169,7658550,0.0,0.0
1990-12-24 00:00:00-05:00,1.6870047593518485,1.6870047593518485,1.6653068954972778,1.6707311868667603,1185300,0.0,0.0
1990-12-26 00:00:00-05:00,1.676155256949126,1.6924288272857666,1.670730966295762,1.6924288272857666,1426950,0.0,0.0
1990-12-27 00:00:00-05:00,1.6924290814907716,1.6924290814907716,1.6653069257736204,1.6653069257736206,2043900,0.0,0.0
1990-12-28 00:00:00-05:00,1.6544581336478958,1.7032780242521914,1.6490338410338898,1.6598824262619019,2174850,0.0,0.0
1990-12-31 00:00:00-05:00,1.6544572535080506,1.687004248955945,1.649032963779664,1.6761549711227417,2524500,0.0,0.0
1991-01-02 00:00:00-05:00,1.6707313612585728,1.687004935442305,1.6490336348145103,1.654457926750183,4514400,0.0,0.0
1991-01-03 00:00:00-05:00,1.654457368692527,1.665306507605769,1.6219109296798706,1.6219109296798706,8212050,0.0,0.0
1991-01-04 00:00:00-05:00,1.6219101878920652,1.6327587631424807,1.6002119199893803,1.627334475517273,7141500,0.0,0.0
1991-01-07 00:00:00-05:00,1.6110613822761888,1.6110613822761888,1.5622415266227119,1.5676658153533936,8041950,0.0,0.0
1991-01-08 00:00:00-05:00,1.540543953224433,1.5513925316732704,1.5025726715760457,1.529694676399231,11331900,0.0,0.0
1991-01-09 00:00:00-05:00,1.5622422467723753,1.6056378336993136,1.5242709510765642,1.5351195335388184,11526300,0.0,0.0
1991-01-10 00:00:00-05:00,1.5622415790703699,1.5947880109234116,1.5459681536309517,1.5839394330978394,4217400,0.0,0.0
1991-01-11 00:00:00-05:00,1.5785150986943026,1.594788670539856,1.5730908075379892,1.594788670539856,4260600,0.0,0.0
1991-01-14 00:00:00-05:00,1.5405445944176777,1.6056379079818726,1.5296953130768738,1.6056379079818726,5710500,0.0,0.0
1991-01-15 00:00:00-05:00,1.594789321477291,1.6381847858428955,1.5839407347366492,1.6381847858428955,4897800,0.0,0.0
1991-01-16 00:00:00-05:00,1.6381836859464607,1.7141262562990227,1.627335106489687,1.6761549711227417,6123600,0.0,0.0
1991-01-17 00:00:00-05:00,1.7900679071598646,1.795492194101996,1.7412475089029005,1.7466717958450317,19796400,0.0,0.0
1991-01-18 00:00:00-05:00,1.7575218477248997,1.7792195655435556,1.7249748519710546,1.7683709859848022,10597500,0.0,0.0
1991-01-21 00:00:00-05:00,1.7358234664603749,1.7846431732177734,1.7303991787542052,1.7846431732177734,4737150,0.0,0.0
1991-01-22 00:00:00-05:00,1.7737952757641788,1.8009174230374985,1.7683709859848022,1.7683709859848022,3874500,0.0,0.0
1991-01-23 00:00:00-05:00,1.7792191495420802,1.81719042619719,1.7575214367965941,1.806341290473938,6488100,0.0,0.0
1991-01-24 00:00:00-05:00,1.817190690115967,1.9148309703524098,1.817190690115967,1.8985575437545776,16279650,0.0,0.0
1991-01-25 00:00:00-05:00,1.8822850871021073,1.9148319570692403,1.866011512443194,1.887709379196167,18613800,0.0,0.0
1991-01-28 00:00:00-05:00,1.866011195625454,1.8822847675213847,1.8497377634048462,1.8497377634048462,3632850,0.0,0.0
1991-01-29 00:00:00-05:00,1.8388877172599056,1.8443120041151482,1.8063407390515425,1.833463430404663,6594750,0.0,0.0
1991-01-30 00:00:00-05:00,1.8388889020234787,1.9256799221038816,1.8388889020234787,1.9256799221038818,9031500,0.0,0.0
1991-01-31 00:00:00-05:00,1.9094063204154588,1.9148311689781896,1.8768600225448608,1.8768600225448608,6791850,0.0,0.0
1991-02-01 00:00:00-05:00,1.871434864328922,1.882284141443102,1.8280392923002455,1.8605862855911255,17116650,0.0,0.0
1991-02-04 00:00:00-05:00,1.8714350343068407,1.8931328921295811,1.8497373161593895,1.8768600225448608,7025400,0.0,0.0
1991-02-05 00:00:00-05:00,1.8822844819013311,1.9256799221038816,1.8660109124747708,1.9256799221038818,8399700,0.0,0.0
1991-02-06 00:00:00-05:00,1.9256800257967666,1.9961977595984106,1.914831444512565,1.985349178314209,11483100,0.0,0.0
1991-02-07 00:00:00-05:00,2.017896366821014,2.1209610071280425,1.9961986360250314,2.028745651245117,19869300,0.0,0.0
1991-02-08 00:00:00-05:00,1.9961978197097778,2.007046960021917,1.9690756673059986,1.9961978197097778,8966700,0.0,0.0
1991-02-11 00:00:00-05:00,2.0124706748294043,2.1101109542382166,2.0016220963235387,2.0884132385253906,11383200,0.0,0.0
1991-02-12 00:00:00-05:00,2.0721395572886334,2.104686548075799,2.0450175538294264,2.061290979385376,10601550,0.0,0.0
1991-02-13 00:00:00-05:00,2.050442923170212,2.0938385147260004,2.0341694890397046,2.0829899311065674,5913000,0.0,0.0
1991-02-14 00:00:00-05:00,2.088412427766182,2.093836714913309,2.0178941806995785,2.0395920276641846,9250200,0.0,0.0
1991-02-15 00:00:00-05:00,2.082989626729966,2.1426580849958583,2.0721403463191854,2.12638521194458,8455050,0.0,0.0
1991-02-19 00:00:00-05:00,2.120959965740697,2.169780534437704,2.1046870946597713,2.158931255340576,8158050,0.0,0.0
1991-02-20 00:00:00-05:00,2.1535075404122965,2.1643561240317295,2.077564940920153,2.0829899311065674,8492850,0.0,0.0
1991-02-21 00:00:00-05:00,2.0395928962240952,2.0612911714545623,2.0070464611053467,2.0070464611053467,9991350,0.0,0.0
1991-02-22 00:00:00-05:00,2.012471113028304,2.164355575115491,1.9853491021569523,2.1535069942474365,21932100,0.0,0.0
1991-02-25 00:00:00-05:00,2.1697807971591936,2.2023271019630264,2.0938382087641516,2.12638521194458,11940750,0.0,0.0
1991-02-26 00:00:00-05:00,2.1155353159379238,2.1263845931916925,2.099261888920745,2.104686737060547,5202900,0.0,0.0
1991-02-27 00:00:00-05:00,2.10468808641978,2.158932272661244,2.099263234801993,2.1480836868286133,10214100,0.0,0.0
1991-02-28 00:00:00-05:00,2.1643548760437508,2.1697798631020646,2.110110732146228,2.115535020828247,3858300,0.0,0.0
1991-03-01 00:00:00-05:00,2.0992625126926057,2.131809516073212,2.093838221642151,2.120960235595703,5152950,0.0,0.0
1991-03-04 00:00:00-05:00,2.120959994565537,2.180629144794093,2.120959994565537,2.1535069942474365,7793550,0.0,0.0
1991-03-05 00:00:00-05:00,2.1914790667443276,2.2511480986000483,2.1480834707016916,2.245723247528076,8492850,0.0,0.0
1991-03-06 00:00:00-05:00,2.2728443525471573,2.2891172181037143,2.2565707886143267,2.2619950771331787,7850250,0.0,0.0
1991-03-07 00:00:00-05:00,2.257870674133301,2.2687255004357145,2.2361604625056177,2.257870674133301,3315600,0.002222,0.0
1991-03-08 00:00:00-05:00,2.257869519480248,2.279579859761183,2.2035935989000897,2.20902156829834,4887000,0.0,0.0
1991-03-11 00:00:00-05:00,2.2253051397176096,2.2361606657854223,2.181884712515078,2.187312126159668,2528550,0.0,0.0
1991-03-12 00:00:00-05:00,2.1764576095736143,2.1981678262741515,2.1330370364167943,2.1384644508361816,10604250,0.0,0.0
1991-03-13 00:00:00-05:00,2.1384628575685696,2.20902156829834,2.1384628575685696,2.20902156829834,5545800,0.0,0.0
1991-03-14 00:00:00-05:00,2.2307332521408325,2.241588079430012,2.1601743591580855,2.187312126159668,5489100,0.0,0.0
1991-03-15 00:00:00-05:00,2.2090231534886815,2.2090231534886815,2.143891806396475,2.160174608230591,7111800,0.0,0.0
1991-03-18 00:00:00-05:00,2.16017384116638,2.1818841893174117,2.149319016480097,2.1656012535095215,4765500,0.0,0.0
1991-03-19 00:00:00-05:00,2.1547471989597713,2.1547471989597713,2.1113266268942863,2.1438918113708496,5813100,0.0,0.0
1991-03-20 00:00:00-05:00,2.1221805132221063,2.1384634476201994,2.0950428948332354,2.116753101348877,9826650,0.0,0.0
1991-03-21 00:00:00-05:00,2.143890486697683,2.1710287991459456,2.1384630757682124,2.1493184566497803,4087800,0.0,0.0
1991-03-22 00:00:00-05:00,2.1656011192058897,2.247014814906472,2.160173707199339,2.214449644088745,6053400,0.0,0.0
1991-03-25 00:00:00-05:00,2.2361613527594417,2.2687264036542385,2.1710305521910005,2.263298988342285,7353450,0.0,0.0
1991-03-26 00:00:00-05:00,2.2632970939696184,2.333855390548706,2.247014302639327,2.333855390548706,6426000,0.0,0.0
1991-03-27 00:00:00-05:00,2.355569123734559,2.371851516341679,2.328430917602443,2.3501412868499756,5406750,0.0,0.0
1991-03-28 00:00:00-05:00,2.3555671657825883,2.3664219919942298,2.3230015691019616,2.3447117805480957,3680100,0.0,0.0
1991-04-01 00:00:00-05:00,2.344711353811412,2.3555667370702285,2.3012907990659577,2.3230011463165283,3219750,0.0,0.0
1991-04-02 00:00:00-05:00,2.3447118147680976,2.4098427295684814,2.3067186646714446,2.4098427295684814,4783050,0.0,0.0
1991-04-03 00:00:00-05:00,2.4749733981045865,2.4912563366569884,2.431552973995336,2.4369802474975586,8353800,0.0,0.0
1991-04-04 00:00:00-05:00,2.4586907390636172,2.4586907390636172,2.426125420981679,2.4369802474975586,4391550,0.0,0.0
1991-04-05 00:00:00-05:00,2.44783504816554,2.44783504816554,2.3447110182984736,2.3664212226867676,6048000,0.0,0.0
1991-04-08 00:00:00-04:00,2.3664214248561133,2.4044145652928126,2.3664214248561133,2.398987293243408,4909950,0.0,0.0
1991-04-09 00:00:00-04:00,2.4098434130233697,2.44783657389525,2.3664226976714358,2.3718502521514893,7439850,0.0,0.0
1991-04-10 00:00:00-04:00,2.3827054500579834,2.404415666241846,2.3772778960120178,2.3827054500579834,6129000,0.0,0.0
1991-04-11 00:00:00-04:00,2.3881322703746517,2.453263186049961,2.3881322703746517,2.4369802474975586,7726050,0.0,0.0
1991-04-12 00:00:00-04:00,2.4532640124550427,2.534677614596259,2.4369810684175772,2.523822784423828,23106600,0.0,0.0
1991-04-15 00:00:00-04:00,2.518395380705983,2.534678048016193,2.447837155695075,2.512967824935913,10257300,0.0,0.0
1991-04-16 00:00:00-04:00,2.5183949500703213,2.523822784423828,2.491257175860425,2.523822784423828,7119900,0.0,0.0
1991-04-17 00:00:00-04:00,2.523821633431418,2.561814220487172,2.518393801553281,2.556386947631836,7916400,0.0,0.0
1991-04-18 00:00:00-04:00,2.5401056037862624,2.5563885506080477,2.5075405486774187,2.512967824935913,4482000,0.0,0.0
1991-04-19 00:00:00-04:00,2.5183944961567404,2.5183944961567404,2.447836295928368,2.4641189575195312,4942350,0.0,0.0
1991-04-22 00:00:00-04:00,2.464118663629804,2.4912564297117505,2.4206982378986903,2.4858288764953613,4922100,0.0,0.0
1991-04-23 00:00:00-04:00,2.5183949500703213,2.5292503392658077,2.4966847307024045,2.523822784423828,7406100,0.0,0.0
1991-04-24 00:00:00-04:00,2.5509601366630945,2.594380847727959,2.534677195319095,2.5835251808166504,8144550,0.0,0.0
1991-04-25 00:00:00-04:00,2.556387568173409,2.5618148423461706,2.5238222460680326,2.540104627609253,6837750,0.0,0.0
1991-04-26 00:00:00-04:00,2.5292493759976153,2.556387139872056,2.518393990936418,2.550959587097168,5292000,0.0,0.0
1991-04-29 00:00:00-04:00,2.5563878683964254,2.6160912454460004,2.518394708633423,2.518394708633423,7113150,0.0,0.0
1991-04-30 00:00:00-04:00,2.5183940475710567,2.5835246823343976,2.4966838359832764,2.4966838359832764,9328500,0.0,0.0
1991-05-01 00:00:00-04:00,2.4966841904713117,2.583525049152405,2.4966841904713117,2.5726702213287354,7326450,0.0,0.0
1991-05-02 00:00:00-04:00,2.5998073665734234,2.6269451284071854,2.5780971571064133,2.5889525413513184,6022350,0.0,0.0
1991-05-03 00:00:00-04:00,2.5889531118402926,2.605235493017055,2.556387510952382,2.561814785003662,3470850,0.0,0.0
1991-05-06 00:00:00-04:00,2.5618147482862015,2.5835249622260035,2.545532646854265,2.5672428607940674,3832650,0.0,0.0
1991-05-07 00:00:00-04:00,2.578097405713972,2.594380343895803,2.523821876812624,2.529249429702759,3325050,0.0,0.0
1991-05-08 00:00:00-04:00,2.5183944128723357,2.545532740316418,2.496684198135418,2.540104627609253,5159700,0.0,0.0
1991-05-09 00:00:00-04:00,2.55095933890567,2.6052348613739014,2.5455320661702405,2.6052348613739014,4461750,0.0,0.0
1991-05-10 00:00:00-04:00,2.605236001569745,2.6160913903257055,2.5401050665915617,2.5455331802368164,5540400,0.0,0.0
1991-05-13 00:00:00-04:00,2.5618147965924756,2.5672429092026956,2.529249754580175,2.534677028656006,4410450,0.0,0.0
1991-05-14 00:00:00-04:00,2.534678048016193,2.534678048016193,2.5075405486774187,2.512967824935913,5420250,0.0,0.0
1991-05-15 00:00:00-04:00,2.512966403570677,2.5238217884824508,2.3989877968669355,2.4532630443573,11021400,0.0,0.0
1991-05-16 00:00:00-04:00,2.4966851576257034,2.518395380705983,2.4804022108039185,2.512967824935913,5525550,0.0,0.0
1991-05-17 00:00:00-04:00,2.5075395850153446,2.5509600144891795,2.496684198135418,2.540104627609253,5397300,0.0,0.0
1991-05-20 00:00:00-04:00,2.529249185798154,2.556386947631836,2.529249185798154,2.556386947631836,4617000,0.0,0.0
1991-05-21 00:00:00-04:00,2.5780984989840916,2.670367496266888,2.5726709437923443,2.6378018856048584,12417300,0.0,0.0
1991-05-22 00:00:00-04:00,2.6215181546241557,2.730069505428495,2.6215181546241557,2.719214677810669,12020400,0.0,0.0
1991-05-23 00:00:00-04:00,2.713786037682165,2.822337333843565,2.713786037682165,2.8114819526672363,12973500,0.0,0.0
1991-05-24 00:00:00-04:00,2.806055351859141,2.898324026761719,2.806055351859141,2.844048500061035,2072250,0.0,0.0
1991-05-28 00:00:00-04:00,2.8006271305135493,2.822337333843565,2.8006271305135493,2.8114819526672363,9051750,0.0,0.0
1991-05-29 00:00:00-04:00,2.7897728907583152,2.79520072332291,2.76263512549252,2.7734899520874023,9532350,0.0,0.0
1991-05-30 00:00:00-04:00,2.7843443876690297,2.8820408683140997,2.778916836467786,2.8331923484802246,9614700,0.0,0.0
1991-05-31 00:00:00-04:00,2.833194156664706,2.860332489013672,2.8114839380039625,2.860332489013672,7628850,0.0,0.0
1991-06-03 00:00:00-04:00,2.849475051492266,2.9091783893960783,2.8277645689291324,2.865757703781128,6397650,0.0,0.0
1991-06-04 00:00:00-04:00,2.8494784832000732,2.8549057609879345,2.800630467504435,2.8494784832000732,4961250,0.0,0.0
1991-06-05 00:00:00-04:00,2.8494773131930984,2.8928977537606118,2.8440497581221593,2.876614809036255,7863750,0.0,0.0
1991-06-06 00:00:00-04:00,2.876613190782357,2.9254617179638918,2.849475710205533,2.854902982711792,7362900,0.0,0.0
1991-06-07 00:00:00-04:00,2.822337017251158,2.8549020390819164,2.811481637292519,2.8386199474334717,5593050,0.0,0.0
1991-06-10 00:00:00-04:00,2.833192209680745,2.8440475910627625,2.7843442512626355,2.7951996326446533,6087150,0.0,0.0
1991-06-11 00:00:00-04:00,2.8006273207841015,2.8386204587041486,2.7951997695828577,2.8331923484802246,4584600,0.0,0.0
1991-06-12 00:00:00-04:00,2.8277645111083984,2.8331920617603723,2.8169096893157617,2.8277645111083984,6000750,0.0,0.0
1991-06-13 00:00:00-04:00,2.8277645689291324,2.8711852545440824,2.8277645689291324,2.865757703781128,6075000,0.0,0.0
1991-06-14 00:00:00-04:00,2.8766132880246924,2.974309786667575,2.8766132880246924,2.9634549617767334,8274150,0.0,0.0
1991-06-17 00:00:00-04:00,2.9525994365479042,3.028585722749519,2.9417446121765884,3.006875514984131,8293050,0.0,0.0
1991-06-18 00:00:00-04:00,3.001447600126584,3.0068757114453457,2.9308894202789904,2.941744804382324,8500950,0.0,0.0
1991-06-19 00:00:00-04:00,2.9200334615276504,2.9308888434946994,2.8820408824440156,2.9254612922668457,6964650,0.0,0.0
1991-06-20 00:00:00-04:00,2.920034646987915,2.9363175867932796,2.88746960591155,2.920034646987915,5032800,0.0,0.0
1991-06-21 00:00:00-04:00,2.920034646987915,2.941745419736038,2.90375226620546,2.920034646987915,5142150,0.0,0.0
1991-06-24 00:00:00-04:00,2.9091783299106346,2.9091783299106346,2.822337239967736,2.8277645111083984,4410450,0.0,0.0
1991-06-25 00:00:00-04:00,2.8603310937521975,2.8657583662584565,2.7897723585000977,2.854902982711792,7470900,0.0,0.0
1991-06-26 00:00:00-04:00,2.8413344407331937,2.890182973726788,2.816910733259227,2.8576173782348633,7353900,0.0,1.5
1991-06-27 00:00:00-04:00,2.8820427789013845,2.979738765289194,2.8820427789013845,2.97159743309021,7899300,0.0,0.0
1991-06-28 00:00:00-04:00,2.9715959599296036,2.996020223929819,2.8983237269517312,2.939030647277832,8001000,0.0,0.0
1991-07-01 00:00:00-04:00,2.963455084029063,3.069292635828378,2.963455084029063,3.0611510276794434,9216900,0.0,0.0
1991-07-02 00:00:00-04:00,3.0611534972210523,3.0937193970660575,3.0530121620156154,3.0774364471435547,6951600,0.0,0.0
1991-07-03 00:00:00-04:00,3.079391223195213,3.079391223195213,3.0305121838896585,3.071244716644287,6000300,0.003333,0.0
1991-07-05 00:00:00-04:00,3.0630953311920166,3.0630953311920166,3.038656111966493,3.0630953311920166,2309400,0.0,0.0
1991-07-08 00:00:00-04:00,3.046803540948167,3.1364153522165448,3.038657317766366,3.087536334991455,6501600,0.0,0.0
1991-07-09 00:00:00-04:00,3.1119766235351562,3.152709144437044,3.103830119354779,3.1119766235351562,5680800,0.0,0.0
1991-07-10 00:00:00-04:00,3.1364159383685353,3.193441748810841,3.1282694339752197,3.1282694339752197,6171300,0.0,0.0
1991-07-11 00:00:00-04:00,3.136414719910002,3.1690012842019826,3.0956824934564944,3.120121717453003,7854300,0.0,0.0
1991-07-12 00:00:00-04:00,3.1364152455494043,3.169001815302646,3.1201222403618205,3.1527085304260254,5501700,0.0,0.0
1991-07-15 00:00:00-04:00,3.1527086594390092,3.217880962545317,3.1527086594390092,3.201587677001953,6415200,0.0,0.0
1991-07-16 00:00:00-04:00,3.209732079415467,3.234171851892106,3.1445600986480713,3.1445600986480713,7720200,0.0,0.0
1991-07-17 00:00:00-04:00,3.14456213664715,3.1608551423985394,3.0956831193929824,3.1038296222686768,6232500,0.0,0.0
1991-07-18 00:00:00-04:00,3.087536831304932,3.1445626402566664,3.079390327124554,3.1119766235351562,7969500,0.0,0.0
1991-07-19 00:00:00-04:00,3.0956818891225018,3.120121108348026,3.0305096123283395,3.0630953311920166,7298100,0.0,0.0
1991-07-22 00:00:00-04:00,3.0793894093211103,3.0793894093211103,2.8838728078870455,3.006070613861084,10590300,0.0,0.0
1991-07-23 00:00:00-04:00,2.9897771646789804,3.0060704469680783,2.90016537068941,2.9327516555786133,9483300,0.0,0.0
1991-07-24 00:00:00-04:00,2.9327514234378462,2.9571912050924754,2.900165141127997,2.949044704437256,6253200,0.0,0.0
1991-07-25 00:00:00-04:00,2.9490462348585726,2.989778479583888,2.9490462348585726,2.9734854698181152,5067900,0.0,0.0
1991-07-26 00:00:00-04:00,2.981631194408032,3.054949998855591,2.973484691657086,3.054949998855591,4698000,0.0,0.0
1991-07-29 00:00:00-04:00,3.0630967624025462,3.1038298390034296,3.054950258957996,3.079390048980713,4480200,0.0,0.0
1991-07-30 00:00:00-04:00,3.087536229986654,3.1527085304260254,3.087536229986654,3.1527085304260254,6053400,0.0,0.0
1991-07-31 00:00:00-04:00,3.1527083144011776,3.1934408245791284,3.1282685286053886,3.1608548164367676,6655500,0.0,0.0
1991-08-01 00:00:00-04:00,3.152709226844265,3.152709226844265,3.1119767048776885,3.1282694339752197,3586500,0.0,0.0
1991-08-02 00:00:00-04:00,3.1527080486986865,3.1608545500477097,3.1038290406045483,3.1364147663116455,4517100,0.0,0.0
1991-08-05 00:00:00-04:00,3.1445627224509494,3.152709226844265,3.1038302004843734,3.1282694339752197,3028500,0.0,0.0
1991-08-06 00:00:00-04:00,3.128270062970696,3.250468492507934,3.128270062970696,3.2504684925079346,6791400,0.0,0.0
1991-08-07 00:00:00-04:00,3.2423202723041307,3.2504667740285,3.2015872043042717,3.2178804874420166,4823100,0.0,0.0
1991-08-08 00:00:00-04:00,3.2178821886935065,3.266761224881415,3.1771496585369157,3.2504684925079346,8573400,0.0,0.0
1991-08-09 00:00:00-04:00,3.2423219864766164,3.2830542369440514,3.2260286947248247,3.2504684925079346,5987700,0.0,0.0
1991-08-12 00:00:00-04:00,3.2504683626073283,3.3237871936482586,3.234175071506676,3.315640687942505,4419000,0.0,0.0
1991-08-13 00:00:00-04:00,3.34007960226236,3.405252200982098,3.34007960226236,3.380812406539917,7578000,0.0,0.0
1991-08-14 00:00:00-04:00,3.4704227147735667,3.4704227147735667,3.413396650635246,3.4459829330444336,6197400,0.0,0.0
1991-08-15 00:00:00-04:00,3.405249226748113,3.437835217957406,3.299344195940166,3.3400766849517822,10560600,0.0,0.0
1991-08-16 00:00:00-04:00,3.3563687418658916,3.364515517078643,3.2341710293177472,3.266757011413574,9806400,0.0,0.0
1991-08-19 00:00:00-04:00,2.949046167542243,3.2097348772222296,2.940899383156203,3.193441867828369,1810800,0.0,0.0
1991-08-20 00:00:00-04:00,3.258614042166658,3.2912000567282416,3.16085543910376,3.2341742515563965,13201200,0.0,0.0
1991-08-21 00:00:00-04:00,3.31564038400845,3.46227803264851,3.307493599360341,3.40525221824646,12038400,0.0,0.0
1991-08-22 00:00:00-04:00,3.4133992370893087,3.4459855441903002,3.380813209677501,3.4215457439422607,5765400,0.0,0.0
1991-08-23 00:00:00-04:00,3.3808116924782152,3.437837494546721,3.3808116924782152,3.3971049785614014,6757200,0.0,0.0
1991-08-26 00:00:00-04:00,3.397102300222005,3.397102300222005,3.3156370527910415,3.3563692569732666,5235300,0.0,0.0
1991-08-27 00:00:00-04:00,3.340079231585205,3.4459843431401875,3.315639999233489,3.437837839126587,4160700,0.0,0.0
1991-08-28 00:00:00-04:00,3.4397930386303024,3.5213046901790976,3.4316416216120844,3.513153553009033,5679900,0.003333,0.0
1991-08-29 00:00:00-04:00,3.5213020949186387,3.529453226081178,3.4723953079434002,3.4886972904205322,4705200,0.0,0.0
1991-08-30 00:00:00-04:00,3.4968509988207517,3.5131535530090336,3.472397867158713,3.513153553009033,2340000,0.0,0.0
1991-09-03 00:00:00-04:00,3.505001387581072,3.5539087598547576,3.4886991167219064,3.4968502521514893,3789000,0.0,0.0
1991-09-04 00:00:00-04:00,3.5131524877210536,3.5131524877210536,3.374582638151984,3.456094264984131,6710400,0.0,0.0
1991-09-05 00:00:00-04:00,3.456093139688743,3.4968487999108397,3.3908840833333884,3.3990352153778076,4608900,0.0,0.0
1991-09-06 00:00:00-04:00,3.423488368181888,3.4316395003132563,3.358279031282959,3.3745815753936768,3755700,0.0,0.0
1991-09-09 00:00:00-04:00,3.358281033878928,3.4071884155273438,3.3501298968869078,3.4071884155273438,2514600,0.0,0.0
1991-09-10 00:00:00-04:00,3.4316412963757825,3.4316412963757825,3.309373970564641,3.3175253868103027,4483800,0.0,0.0
1991-09-11 00:00:00-04:00,3.3419786733248147,3.3582809468865635,3.3175255428303316,3.325676679611206,5874300,0.0,0.0
1991-09-12 00:00:00-04:00,3.3501292388752844,3.3908854755265927,3.34197810348426,3.3827340602874756,6299100,0.0,0.0
1991-09-13 00:00:00-04:00,3.3990370306337727,3.4071881670313067,3.301222834167107,3.3175253868103027,5477400,0.0,0.0
1991-09-16 00:00:00-04:00,3.2930716977695726,3.3175253868103027,3.2686180087288426,3.3175253868103027,5254200,0.0,0.0
1991-09-17 00:00:00-04:00,3.3093740940093994,3.358280914218905,3.293071820606231,3.3093740940093994,3099600,0.0,0.0
1991-09-18 00:00:00-04:00,3.3093722031932398,3.407186347422227,3.3012210711488206,3.3990352153778076,3879900,0.0,0.0
1991-09-19 00:00:00-04:00,3.3990352153778076,3.4397908755999045,3.374581539396572,3.3990352153778076,6286500,0.0,0.0
1991-09-20 00:00:00-04:00,3.431642349837999,3.4723986040334776,3.407189212986781,3.464247465133667,12308400,0.0,0.0
1991-09-23 00:00:00-04:00,3.472397867158713,3.553909518707508,3.456095312970431,3.513153553009033,6483600,0.0,0.0
1991-09-24 00:00:00-04:00,3.529457461295796,3.5865157277492696,3.505003758616717,3.5620620250701904,4678200,0.0,0.0
1991-09-25 00:00:00-04:00,3.578361988067627,3.610967090409468,3.562059716744808,3.578361988067627,6220800,0.0,0.0
1991-09-26 00:00:00-04:00,3.5620587651980675,3.5620587651980675,3.488698283994354,3.529454231262207,3929400,0.0,0.0
1991-09-27 00:00:00-04:00,3.537606488995592,3.5783618862954127,3.4886991167219064,3.4968502521514893,3611700,0.0,0.0
1991-09-30 00:00:00-04:00,3.4887022231647005,3.5620627872014388,3.4887022231647005,3.5539119243621826,3267900,0.0,0.0
1991-10-01 00:00:00-04:00,3.586514472961426,3.610968167085068,3.562060778837784,3.586514472961426,5314500,0.0,0.0
1991-10-02 00:00:00-04:00,3.586513945580562,3.643571903833177,3.5702113919459566,3.6109676361083984,5281200,0.0,0.0
1991-10-03 00:00:00-04:00,3.610967090409468,3.643571353207004,3.5539088609315,3.578361988067627,2705400,0.0,0.0
1991-10-04 00:00:00-04:00,3.5865144949300642,3.594665633071812,3.4397934486822352,3.472398281097412,7721100,0.0,0.0
1991-10-07 00:00:00-04:00,3.439792963495424,3.4479441004874443,3.3990372785353236,3.4071884155273438,5893200,0.0,0.0
1991-10-08 00:00:00-04:00,3.4071875219540093,3.537606239318847,3.4071875219540093,3.5376062393188477,5604300,0.0,0.0
1991-10-09 00:00:00-04:00,3.5294549219371283,3.5702105973323848,3.4316407412923495,3.4397921562194824,7386300,0.0,0.0
1991-10-10 00:00:00-04:00,3.4397934486822352,3.472398281097412,3.3582815075683863,3.472398281097412,7884900,0.0,0.0
1991-10-11 00:00:00-04:00,3.4805481114628205,3.4805481114628205,3.4071876159032772,3.4397921562194824,3830400,0.0,0.0
1991-10-14 00:00:00-04:00,3.4479426165745286,3.529454231262207,3.4479426165745286,3.529454231262207,3983400,0.0,0.0
1991-10-15 00:00:00-04:00,3.5376057240620566,3.5865125260644772,3.5131520432128127,3.521303176879883,4288500,0.0,0.0
1991-10-16 00:00:00-04:00,3.5294553617687954,3.6028158664703365,3.488699401446554,3.602815866470337,7393500,0.0,0.0
1991-10-17 00:00:00-04:00,3.6028148714014723,3.6272685527801514,3.5539080683401933,3.6272685527801514,5354100,0.0,0.0
1991-10-18 00:00:00-04:00,3.627269466369774,3.635420322418213,3.602815778832017,3.635420322418213,4729500,0.0,0.0
1991-10-21 00:00:00-04:00,3.6354194067756582,3.659873088154337,3.594663737557926,3.6272685527801514,4190400,0.0,0.0
1991-10-22 00:00:00-04:00,3.627268082355596,3.7006285572813495,3.627268082355596,3.6761748790740967,5185800,0.0,0.0
1991-10-23 00:00:00-04:00,3.7250850018986523,3.733236421811426,3.5702127809762514,3.5946664810180664,7056900,0.0,0.0
1991-10-24 00:00:00-04:00,3.6028147124659204,3.6028147124659204,3.496849417478319,3.529454231262207,6615900,0.0,0.0
1991-10-25 00:00:00-04:00,3.505003758616717,3.5620620250701904,3.505003758616717,3.5620620250701904,4290300,0.0,0.0
1991-10-28 00:00:00-05:00,3.5946638164822446,3.6191174983978276,3.553908146369682,3.619117498397827,4428900,0.0,0.0
1991-10-29 00:00:00-05:00,3.6354221813406706,3.6354221813406706,3.5702127809762514,3.5946664810180664,4248000,0.0,0.0
1991-10-30 00:00:00-05:00,3.6109658167827625,3.6761748790740962,3.562058460368256,3.6761748790740967,6427800,0.0,0.0
1991-10-31 00:00:00-05:00,3.6680257122404054,3.716932535171509,3.6598745750852215,3.716932535171509,3735000,0.0,0.0
1991-11-01 00:00:00-05:00,3.7332353828369484,3.7413865206329744,3.6435723073843094,3.684328556060791,6469200,0.0,0.0
1991-11-04 00:00:00-05:00,3.643570265189151,3.7006287574768066,3.619117145355047,3.7006287574768066,2546100,0.0,0.0
1991-11-05 00:00:00-05:00,3.700630540709294,3.7250836723266927,3.6843282663989263,3.716932535171509,3187800,0.0,0.0
1991-11-06 00:00:00-05:00,3.7006291123349473,3.7821404524249176,3.6924779783259503,3.7576873302459717,4785300,0.0,0.0
1991-11-07 00:00:00-05:00,3.782143958349838,3.904411921367369,3.7495393920904734,3.8962604999542236,6550200,0.0,0.0
1991-11-08 00:00:00-05:00,3.920711614138974,3.945164742829361,3.8473511086753356,3.8718042373657227,6082200,0.0,0.0
1991-11-11 00:00:00-05:00,3.888108043198744,3.9044106006622314,3.8799569043911055,3.9044106006622314,3293100,0.0,0.0
1991-11-12 00:00:00-05:00,3.953316709284795,4.002223533171198,3.928863017493435,3.994072675704956,6858900,0.0,0.0
1991-11-13 00:00:00-05:00,3.9533156541068215,3.96961792438439,3.9207111135516852,3.9614667892456055,6508800,0.0,0.0
1991-11-14 00:00:00-05:00,4.002222464939527,4.01037360007831,3.9451642391199537,3.9614667892456055,5778900,0.0,0.0
1991-11-15 00:00:00-05:00,3.9207124730099983,3.928863331126907,3.7250840424551175,3.7658402919769287,8691300,0.0,0.0
1991-11-18 00:00:00-05:00,3.782142827863165,3.9125618934631348,3.6191197654458107,3.9125618934631348,18329400,0.0,0.0
1991-11-19 00:00:00-05:00,3.8718029233360562,3.8718029233360562,3.659872894898516,3.7902913093566895,19811700,0.0,0.0
1991-11-20 00:00:00-05:00,3.8962564820032224,3.8962564820032224,3.822896003723145,3.8228960037231445,10075500,0.0,0.0
1991-11-21 00:00:00-05:00,3.8065951479297055,3.8881067895728463,3.7984437319020836,3.8718042373657227,4886100,0.0,0.0
1991-11-22 00:00:00-05:00,3.8555027902203634,3.8962587596892093,3.806595962675564,3.8799564838409424,6138900,0.0,0.0
1991-11-25 00:00:00-05:00,3.8636516695187346,3.8636516695187346,3.806593737404909,3.8228960037231445,5708700,0.0,0.0
1991-11-26 00:00:00-05:00,3.8656306604795696,3.8982521733901585,3.759611653492064,3.881941556930542,7802100,0.003333,0.0
1991-11-27 00:00:00-05:00,3.8819408807822184,3.9145623880108613,3.8656299871722437,3.8900961875915527,4027500,0.0,0.0
1991-11-29 00:00:00-05:00,3.8900956732641387,3.9471828133817226,3.8819403675330553,3.9308722019195557,2694600,0.0,0.0
1991-12-02 00:00:00-05:00,3.898254141253882,4.045050323476796,3.881943516560558,4.0205841064453125,8469000,0.0,0.0
1991-12-03 00:00:00-05:00,4.028736670738527,4.077668508040767,4.00427047209612,4.045047283172607,7300800,0.0,0.0
1991-12-04 00:00:00-05:00,4.04504894687532,4.077670185160386,4.012427428598851,4.053204536437988,5589000,0.0,0.0
1991-12-05 00:00:00-05:00,4.045047283172607,4.077668508040767,4.020581084530201,4.045047283172607,4914900,0.0,0.0
1991-12-06 00:00:00-05:00,4.028738358667805,4.167378902435303,4.0124274594086256,4.167378902435303,7112700,0.0,0.0
1991-12-09 00:00:00-05:00,4.167379308295227,4.191845519571053,4.110292135298309,4.151068687438965,5810400,0.0,0.0
1991-12-10 00:00:00-05:00,4.151067357942001,4.232620716094971,4.14291233011718,4.232620716094971,6518700,0.0,0.0
1991-12-11 00:00:00-05:00,4.224464533772149,4.240775146028014,4.118445274117745,4.208154201507568,8126100,0.0,0.0
1991-12-12 00:00:00-05:00,4.159221804757406,4.240775146028014,4.159221804757406,4.208154201507568,6964200,0.0,0.0
1991-12-13 00:00:00-05:00,4.2244661902253124,4.281553915488044,4.191844952922487,4.257087707519531,6131700,0.0,0.0
1991-12-16 00:00:00-05:00,4.2570869195348005,4.281553122974631,4.232620716094971,4.232620716094971,3796200,0.0,0.0
1991-12-17 00:00:00-05:00,4.240777690190642,4.240777690190642,4.175535202026367,4.175535202026367,4986000,0.0,0.0
1991-12-18 00:00:00-05:00,4.183690106794083,4.200001007242752,4.126602935193732,4.191845417022705,6739200,0.0,0.0
1991-12-19 00:00:00-05:00,4.167377234644064,4.167377234644064,4.110290090053219,4.11844539642334,5907600,0.0,0.0
1991-12-20 00:00:00-05:00,4.175533976928314,4.208155491430779,4.142912742417218,4.1592230796813965,10521900,0.0,0.0
1991-12-23 00:00:00-05:00,4.1673790354252755,4.265243314137796,4.151068415636994,4.216311454772949,9421200,0.0,0.0
1991-12-24 00:00:00-05:00,4.265243704435851,4.306020257637881,4.232622181882787,4.240777492523193,4384800,0.0,0.0
1991-12-26 00:00:00-05:00,4.248930296139932,4.289707102586533,4.240774710857607,4.2733964920043945,4253400,0.0,0.0
1991-12-27 00:00:00-05:00,4.306019792290044,4.371262550354004,4.297864482530976,4.371262550354004,6269400,0.0,0.0
1991-12-30 00:00:00-05:00,4.395728848018047,4.575146506299767,4.387573258103566,4.518058776855469,7642800,0.0,0.0
1991-12-31 00:00:00-05:00,4.518056059172515,4.534366669207556,4.37941531389217,4.395726203918457,10236600,0.0,0.0
1992-01-02 00:00:00-05:00,4.354953481923509,4.469128131866455,4.33048726551385,4.469128131866455,9550800,0.0,0.0
1992-01-03 00:00:00-05:00,4.460973031585666,4.550682034992909,4.444662405508538,4.542526721954346,8127000,0.0,0.0
1992-01-06 00:00:00-05:00,4.542524103343314,4.5833009250212,4.509902869994092,4.534368515014648,6591600,0.0,0.0
1992-01-07 00:00:00-05:00,4.477284280480897,4.518060848795987,4.452818059500301,4.509905815124512,6937200,0.0,0.0
1992-01-08 00:00:00-05:00,4.469128131866455,4.550681533251843,4.452817227596186,4.469128131866455,8415000,0.0,0.0
1992-01-09 00:00:00-05:00,4.493590952394092,4.50174625837038,4.371260522775932,4.403882026672363,10076400,0.0,0.0
1992-01-10 00:00:00-05:00,4.387571448479834,4.436503847819233,4.3712608353609,4.428348541259766,4053600,0.0,0.0
1992-01-13 00:00:00-05:00,4.4283504029171725,4.534369432760137,4.4038841929619945,4.526214122772217,6910200,0.0,0.0
1992-01-14 00:00:00-05:00,4.558834575477632,4.6566988324051755,4.558834575477632,4.624077320098877,8402400,0.0,0.0
1992-01-15 00:00:00-05:00,4.63223427168498,4.689321728482003,4.5669917839071825,4.6077680587768555,5385600,0.0,0.0
1992-01-16 00:00:00-05:00,4.566992201418077,4.575147513135854,4.42019603051514,4.460972309112549,7876800,0.0,0.0
1992-01-17 00:00:00-05:00,4.46097328583676,4.493595099833322,4.338643303294641,4.346798896789551,11273400,0.0,0.0
1992-01-20 00:00:00-05:00,4.224465408278808,4.281553122974631,4.110290818861187,4.232620716094971,14421600,0.0,0.0
1992-01-21 00:00:00-05:00,4.183689451922757,4.191844760874831,3.963495270242612,4.028738021850586,17853300,0.0,0.0
1992-01-22 00:00:00-05:00,4.0613586576273955,4.281552791595459,4.0613586576273955,4.281552791595459,14863500,0.0,0.0
1992-01-23 00:00:00-05:00,4.289711398315679,4.354954185969801,4.1918470768387275,4.200002670288086,13458600,0.0,0.0
1992-01-24 00:00:00-05:00,4.17553644992308,4.216313297203733,4.077672128446129,4.200002670288086,22157100,0.0,0.0
1992-01-27 00:00:00-05:00,4.208156420418747,4.240777382139839,4.142913657002265,4.151068687438965,8601300,0.0,0.0
1992-01-28 00:00:00-05:00,4.167377234644064,4.199999020107132,4.11844539642334,4.11844539642334,6833700,0.0,0.0
1992-01-29 00:00:00-05:00,4.110290332010979,4.183688373654032,4.036892290367925,4.06951379776001,16382700,0.0,0.0
1992-01-30 00:00:00-05:00,4.069513481815014,4.085823814257807,4.012425778313161,4.045047283172607,9702900,0.0,0.0
1992-01-31 00:00:00-05:00,4.077671572863445,4.093982197556769,4.004273481751988,4.0205841064453125,9171900,0.0,0.0
1992-02-03 00:00:00-05:00,4.028738751025565,4.1755348987147896,3.9798068884567774,4.151068687438965,7870500,0.0,0.0
1992-02-04 00:00:00-05:00,4.134758245422354,4.191845417022705,4.110292034745064,4.191845417022705,7083000,0.0,0.0
1992-02-05 00:00:00-05:00,4.199999764821661,4.248931611718638,4.191844177014157,4.232620716094971,4734000,0.0,0.0
1992-02-06 00:00:00-05:00,4.240776808876725,4.297864254148063,4.2081558515652935,4.257087707519531,5913900,0.0,0.0
1992-02-07 00:00:00-05:00,4.2734007714000315,4.2734007714000315,4.159225543015898,4.200002670288086,4483800,0.0,0.0
1992-02-10 00:00:00-05:00,4.200000675092923,4.428350183409973,4.200000675092923,4.224466323852539,4437900,0.0,0.0
1992-02-11 00:00:00-05:00,4.24077710446396,4.248932694349514,4.2000008349846665,4.216311454772949,4542300,0.0,0.0
1992-02-12 00:00:00-05:00,4.183688869197994,4.240776023911133,4.183688869197994,4.232620716094971,4869900,0.0,0.0
1992-02-13 00:00:00-05:00,4.232621137322731,4.248932034569649,4.142912742417218,4.1592230796813965,4257900,0.0,0.0
1992-02-14 00:00:00-05:00,4.126603961385501,4.126603961385501,4.069516495597382,4.077671527862549,6981300,0.0,0.0
1992-02-18 00:00:00-05:00,4.053202464480568,4.069513075285277,3.8900955164597066,3.9553382396698,13610700,0.0,0.0
1992-02-19 00:00:00-05:00,3.9227201853090508,3.9879629611968994,3.8819433453823384,3.9879629611968994,14596200,0.0,0.0
1992-02-20 00:00:00-05:00,3.9961165727461117,4.110291171972363,3.9961165727461117,4.085824966430664,7279200,0.0,0.0
1992-02-21 00:00:00-05:00,4.085826885210107,4.102137789894929,4.0205841064453125,4.0205841064453125,8219700,0.0,0.0
1992-02-24 00:00:00-05:00,4.077669875563031,4.159223245075154,4.020582432907131,4.028738021850586,8424000,0.0,0.0
1992-02-25 00:00:00-05:00,4.045047558308461,4.069513758615009,3.979805104134483,4.061358451843262,8447400,0.0,0.0
1992-02-26 00:00:00-05:00,4.085827441903953,4.224468330670021,4.085827441903953,4.200002670288086,11043900,0.0,0.0
1992-02-27 00:00:00-05:00,4.240776023911133,4.248931611718638,4.191844177014157,4.232620716094971,6651900,0.0,0.0
1992-02-28 00:00:00-05:00,4.232622379170108,4.273399494255684,4.159224299993847,4.175535202026367,7128000,0.0,0.0
1992-03-02 00:00:00-05:00,4.183690513046901,4.208156726099957,4.159224299993847,4.175535202026367,5113800,0.0,0.0
1992-03-03 00:00:00-05:00,4.1856510217622205,4.226446685064079,4.161173343658447,4.161173343658447,6340500,0.003333,0.0
1992-03-04 00:00:00-05:00,4.153013078476988,4.169331339347764,4.095898885306692,4.112217426300049,4108500,0.0,0.0
1992-03-05 00:00:00-05:00,4.079583644866943,4.128539023969884,4.046947098962034,4.079583644866943,5481900,0.0,0.0
1992-03-06 00:00:00-05:00,4.071424367814349,4.087742358957881,3.9490364929488813,4.006150722503662,6235200,0.0,0.0
1992-03-09 00:00:00-05:00,4.006151109250213,4.006151109250213,3.973514563566957,3.989833116531372,4880700,0.0,0.0
1992-03-10 00:00:00-05:00,4.006151247165449,4.07958375760354,4.006151247165449,4.022469520568848,5446800,0.0,0.0
1992-03-11 00:00:00-05:00,4.022467487407061,4.030626900107371,3.9653535593634794,3.997990369796753,5152500,0.0,0.0
1992-03-12 00:00:00-05:00,3.9898302277941475,4.0551035520239225,3.9898302277941475,4.0469441413879395,5964300,0.0,0.0
1992-03-13 00:00:00-05:00,4.079581765414987,4.104059443689659,4.046945234545637,4.087740898132324,5128200,0.0,0.0
1992-03-16 00:00:00-05:00,4.1122185199811865,4.242764921789952,4.1122185199811865,4.23460578918457,8881200,0.0,0.0
1992-03-17 00:00:00-05:00,4.267243516592704,4.3243577372246484,4.210129576083476,4.30803918838501,8496900,0.0,0.0
1992-03-18 00:00:00-05:00,4.324359537067047,4.340677812575802,4.267245292663574,4.267245292663574,6933600,0.0,0.0
1992-03-19 00:00:00-05:00,4.283559768563813,4.283559768563813,4.259082098490776,4.275400638580322,4148100,0.0,0.0
1992-03-20 00:00:00-05:00,4.275401621010303,4.2917198847270015,4.267242209029323,4.283560752868652,5816700,0.0,0.0
1992-03-23 00:00:00-05:00,4.275401956722276,4.316197339094717,4.275401956722276,4.29987907409668,4013100,0.0,0.0
1992-03-24 00:00:00-05:00,4.308038206595699,4.3488344293360965,4.283561089221295,4.29987907409668,3731400,0.0,0.0
1992-03-25 00:00:00-05:00,4.2917198847270015,4.365152351574777,4.283560752868652,4.283560752868652,4390200,0.0,0.0
1992-03-26 00:00:00-05:00,4.324359230590425,4.365155196593846,4.31619981329149,4.356996059417725,4294800,0.0,0.0
1992-03-27 00:00:00-05:00,4.356993561835115,4.356993561835115,4.291720221720313,4.29987907409668,4986000,0.0,0.0
1992-03-30 00:00:00-05:00,4.283562410856755,4.291721545873164,4.177493095397949,4.177493095397949,6590700,0.0,0.0
1992-03-31 00:00:00-05:00,4.193811044675376,4.259084399937088,4.185651910283001,4.226447582244873,8012700,0.0,0.0
1992-04-01 00:00:00-05:00,4.210131622913794,4.25092731453965,4.169335371042233,4.201972484588623,13019400,0.0,0.0
1992-04-02 00:00:00-05:00,4.201971532378717,4.210130668854943,4.071424788513505,4.079583644866943,8765100,0.0,0.0
1992-04-03 00:00:00-05:00,4.095901012420654,4.120378696561334,4.01430938557142,4.095901012420654,8042400,0.0,0.0
1992-04-06 00:00:00-04:00,4.0959008717214465,4.234606716637248,4.079582602936697,4.226447582244873,5805000,0.0,0.0
1992-04-07 00:00:00-04:00,4.210127582605851,4.2427638244638555,4.112217456418915,4.1203765869140625,7637400,0.0,0.0
1992-04-08 00:00:00-04:00,4.087743524341954,4.120380356301807,3.9979930067901717,4.104062080383301,12515400,0.0,0.0
1992-04-09 00:00:00-04:00,4.161174395167534,4.234606887789582,4.104060452112509,4.218288898468018,10405800,0.0,0.0
1992-04-10 00:00:00-04:00,4.2917232862883585,4.299882144490677,4.201972484588623,4.201972484588623,7425000,0.0,0.0
1992-04-13 00:00:00-04:00,4.226445298434249,4.283559768563813,4.201968188606344,4.275400638580322,3995100,0.0,0.0
1992-04-14 00:00:00-04:00,4.308039145296726,4.405949316864411,4.299880011019871,4.381471633911133,8483400,0.0,0.0
1992-04-15 00:00:00-04:00,4.414109377787459,4.479382745827734,4.405950241797771,4.463064193725586,7620300,0.0,0.0
1992-04-16 00:00:00-04:00,4.422269651104987,4.4304287886762275,4.316200022310375,4.332518577575684,7552800,0.0,0.0
1992-04-20 00:00:00-04:00,4.259086452864821,4.2917232862883585,4.1366990978644,4.201972484588623,7459200,0.0,0.0
1992-04-21 00:00:00-04:00,4.193811261831023,4.226447801090441,4.112219633559744,4.1448564529418945,5677200,0.0,0.0
1992-04-22 00:00:00-04:00,4.169331369884946,4.193809041492972,4.1203765869140625,4.1203765869140625,7230600,0.0,0.0
1992-04-23 00:00:00-04:00,4.128539085388184,4.144857358583397,4.0551065758869305,4.128539085388184,9227700,0.0,0.0
1992-04-24 00:00:00-04:00,4.120379721234834,4.13669827476103,4.014310383867148,4.022469520568848,9281700,0.0,0.0
1992-04-27 00:00:00-04:00,4.030627250671387,4.095900316969751,4.014308703974116,4.030627250671387,5740200,0.0,0.0
1992-04-28 00:00:00-04:00,4.038788877870043,4.063266572969338,3.940878657718564,3.981674909591675,12271500,0.0,0.0
1992-04-29 00:00:00-04:00,4.014308731135216,4.055104958093083,3.997990744572896,4.0387864112854,6214500,0.0,0.0
1992-04-30 00:00:00-04:00,4.046944426678795,4.112217755510038,4.046944426678795,4.071422100067139,8083800,0.0,0.0
1992-05-01 00:00:00-04:00,4.0714249010246375,4.07958375760354,3.957196426955252,4.022469520568848,7099200,0.0,0.0
1992-05-04 00:00:00-04:00,4.0306279350394485,4.112219561888683,4.0306279350394485,4.095901012420654,5465700,0.0,0.0
1992-05-05 00:00:00-04:00,4.087742049971963,4.201970780569917,4.071424060061882,4.177493095397949,7493400,0.0,0.0
1992-05-06 00:00:00-04:00,4.201970503838608,4.226447627153096,4.144856282362401,4.15301513671875,8713800,0.0,0.0
1992-05-07 00:00:00-04:00,4.161173343658447,4.193810154422592,4.153014210998076,4.161173343658447,4921200,0.0,0.0
1992-05-08 00:00:00-04:00,4.177493146393955,4.20197083186473,4.1122197853431235,4.193811416625977,5054400,0.0,0.0
1992-05-11 00:00:00-04:00,4.250924446099416,4.291720390319824,4.234605900337655,4.291720390319824,8014500,0.0,0.0
1992-05-12 00:00:00-04:00,4.324359440004443,4.348837132840992,4.259086059311689,4.332518577575684,9993600,0.0,0.0
1992-05-13 00:00:00-04:00,4.356993561835115,4.365152694334133,4.291720221720313,4.29987907409668,5855400,0.0,0.0
1992-05-14 00:00:00-04:00,4.299882144490677,4.299882144490677,4.193813066140599,4.201972484588623,7653600,0.0,0.0
1992-05-15 00:00:00-04:00,4.1856510217622205,4.193810154422592,4.153014210998076,4.161173343658447,5526000,0.0,0.0
1992-05-18 00:00:00-04:00,4.201970983381723,4.242766380310059,4.177493297028318,4.242766380310059,5376600,0.0,0.0
1992-05-19 00:00:00-04:00,4.283561089221295,4.316197339094717,4.201969484108456,4.29987907409668,8364600,0.0,0.0
1992-05-20 00:00:00-04:00,4.332517172752589,4.356994857652225,4.316198622778588,4.340676307678223,6664500,0.0,0.0
1992-05-21 00:00:00-04:00,4.324357509613037,4.34067577747105,4.242765610077565,4.324357509613037,6692400,0.0,0.0
1992-05-22 00:00:00-04:00,4.31913015263592,4.392612521890957,4.31913015263592,4.376283168792725,6425100,0.005,0.0
1992-05-26 00:00:00-04:00,4.327299792154779,4.343629162923347,4.302805455688632,4.3354644775390625,5732100,0.0,0.0
1992-05-27 00:00:00-04:00,4.343624731451783,4.4334367396771,4.335460054397301,4.417107105255127,6843600,0.0,0.0
1992-05-28 00:00:00-04:00,4.425273463983721,4.523249619663824,4.408943824390604,4.515085220336914,10258200,0.0,0.0
1992-05-29 00:00:00-04:00,4.523250138257062,4.63755622694864,4.523250138257062,4.613061904907227,12420900,0.0,0.0
1992-06-01 00:00:00-04:00,4.613060874826804,4.629390512645772,4.539578485737188,4.621225833892822,8188200,0.0,0.0
1992-06-02 00:00:00-04:00,4.6293904637654615,4.662049458745493,4.523249080471693,4.539578437805176,7773300,0.0,0.0
1992-06-03 00:00:00-04:00,4.539579571175242,4.637556300263541,4.539579571175242,4.5967326164245605,6678000,0.0,0.0
1992-06-04 00:00:00-04:00,4.613062045934495,4.621227007073334,4.564073960980302,4.572238922119141,6048000,0.0,0.0
1992-06-05 00:00:00-04:00,4.564074748153705,4.580404392934643,4.457933318486956,4.523251056671143,8487000,0.0,0.0
1992-06-08 00:00:00-04:00,4.523249619663824,4.555908618536957,4.506920540696906,4.515085220336914,3530700,0.0,0.0
1992-06-09 00:00:00-04:00,4.531416051249687,4.531416051249687,4.433439857689816,4.466098308563232,5948100,0.0,0.0
1992-06-10 00:00:00-04:00,4.474260738280582,4.4824254164542765,4.425272669238415,4.433437347412109,6478200,0.0,0.0
1992-06-11 00:00:00-04:00,4.441604305499654,4.515086727095115,4.400780613362979,4.498757362365723,5549400,0.0,0.0
1992-06-12 00:00:00-04:00,4.564075062749518,4.564075062749518,4.457933625766576,4.466098308563232,4243500,0.0,0.0
1992-06-15 00:00:00-04:00,4.457933318486956,4.531415738905017,4.441604234332394,4.523251056671143,4122000,0.0,0.0
1992-06-16 00:00:00-04:00,4.555909308599907,4.588568312419753,4.531414985656738,4.531414985656738,5778900,0.0,0.0
1992-06-17 00:00:00-04:00,4.531416246615143,4.539580929763806,4.3762867061640796,4.384451389312744,7805700,0.0,0.0
1992-06-18 00:00:00-04:00,4.36812089357459,4.384449974288701,4.294638488638879,4.327297210693359,13306500,0.0,0.0
1992-06-19 00:00:00-04:00,4.343627639112944,4.368121966986109,4.253815851079865,4.2619805335998535,10962900,0.0,0.0
1992-06-22 00:00:00-04:00,4.24565237768535,4.3354644775390625,4.212993916461513,4.3354644775390625,6508800,0.0,0.0
1992-06-23 00:00:00-04:00,4.335463718482957,4.441605170521915,4.335463718482957,4.425275802612305,7353900,0.0,0.0
1992-06-24 00:00:00-04:00,4.408944183694146,4.425273824618034,4.2456497366471195,4.253814697265625,6005700,0.0,0.0
1992-06-25 00:00:00-04:00,4.278308777288322,4.294638136978456,4.155837738673,4.164002418518066,12845700,0.0,0.0
1992-06-26 00:00:00-04:00,4.180332386013106,4.2211560687497185,4.147673664074318,4.188497066497803,6640200,0.0,0.0
1992-06-29 00:00:00-04:00,4.180330818151066,4.384448314339062,4.131342753616197,4.368119239807129,8711100,0.0,0.0
1992-06-30 00:00:00-04:00,4.35995545174816,4.400778847187891,4.310966816594322,4.392613887786865,4732200,0.0,0.0
1992-07-01 00:00:00-04:00,4.384451512013479,4.498757920233353,4.376286828636323,4.490592956542969,6054300,0.0,0.0
1992-07-02 00:00:00-04:00,4.506920543936026,4.592649820374279,4.421190706871574,4.519167423248291,8190000,0.0,1.5
1992-07-06 00:00:00-04:00,4.531414985656738,4.5681561897583505,4.445685696295071,4.531414985656738,5345400,0.0,0.0
1992-07-07 00:00:00-04:00,4.555909427007039,4.592650632063547,4.396697725304269,4.408944606781006,5183400,0.0,0.0
1992-07-08 00:00:00-04:00,4.421190852558337,4.506920692447753,4.421190852558337,4.494673252105713,4299600,0.0,0.0
1992-07-09 00:00:00-04:00,4.543661385809305,4.617143777166726,4.519167068481446,4.592649459838867,5394000,0.0,0.0
1992-07-10 00:00:00-04:00,4.641638345641162,4.653885786760115,4.58040338255141,4.617144584655762,4190400,0.0,0.0
1992-07-13 00:00:00-04:00,4.617143777166726,4.653884972845437,4.568155142511008,4.592649459838867,4105200,0.0,0.0
1992-07-14 00:00:00-04:00,4.592649993442353,4.641638073163665,4.5681556732685875,4.629391193389893,3061800,0.0,0.0
1992-07-15 00:00:00-04:00,4.653886197999535,4.666133079574427,4.6293918742234474,4.64163875579834,4851600,0.0,0.0
1992-07-16 00:00:00-04:00,4.629391193389893,4.641638073163665,4.604896873216126,4.629391193389893,3843600,0.0,0.0
1992-07-17 00:00:00-04:00,4.617144992648555,4.64163875579834,4.568156345096381,4.64163875579834,3177600,0.0,0.0
1992-07-20 00:00:00-04:00,4.592649666508194,4.604896545410156,4.543661590274167,4.604896545410156,4492800,0.0,0.0
1992-07-21 00:00:00-04:00,4.604896253935919,4.666131765822088,4.580402497682366,4.6538848876953125,3312000,0.0,0.0
1992-07-22 00:00:00-04:00,4.604896338189719,4.629390655517578,4.568155142511008,4.592649459838867,3749400,0.0,0.0
1992-07-23 00:00:00-04:00,4.617143692688839,4.666131765822088,4.617143692688839,4.6538848876953125,3287400,0.0,0.0
1992-07-24 00:00:00-04:00,4.617144102147413,4.7151202571026545,4.604896662308362,4.678379058837891,5288400,0.0,0.0
1992-07-27 00:00:00-04:00,4.702875423299703,4.788604736328125,4.702875423299703,4.788604736328125,3319200,0.0,0.0
1992-07-28 00:00:00-04:00,4.8130989935165065,4.8865814208984375,4.800852109161661,4.8865814208984375,6816600,0.0,0.0
1992-07-29 00:00:00-04:00,4.8988275750492845,4.960063108948793,4.837592601776123,4.837592601776123,9356400,0.0,0.0
1992-07-30 00:00:00-04:00,4.849837573998931,4.935566839189193,4.813096380256514,4.898825645446777,5020800,0.0,0.0
1992-07-31 00:00:00-04:00,4.92332124710083,4.935568128004264,4.874333162860823,4.92332124710083,3605400,0.0,0.0
1992-08-03 00:00:00-04:00,4.923320327432911,5.070285113326431,4.911073448817174,5.058038234710693,5890200,0.0,0.0
1992-08-04 00:00:00-04:00,5.082530838179921,5.082530838179921,4.984554710242802,5.0090484619140625,5136000,0.0,0.0
1992-08-05 00:00:00-04:00,5.021298357924057,5.033545239758494,4.9723097093336825,4.984557151794434,3817800,0.0,0.0
1992-08-06 00:00:00-04:00,4.984554501021194,5.070283749524285,4.972307065073598,4.996801376342773,4131600,0.0,0.0
1992-08-07 00:00:00-04:00,5.02129568761195,5.094778060793461,4.984554501021194,4.996801376342773,5595000,0.0,0.0
1992-08-10 00:00:00-04:00,4.972309126928423,5.107027053833007,4.972309126928423,5.107027053833008,5152200,0.0,0.0
1992-08-11 00:00:00-04:00,5.094775199890137,5.1192689367791635,5.033539736416166,5.094775199890137,5692800,0.0,0.0
1992-08-12 00:00:00-04:00,5.094781232688453,5.119274998580874,4.996804487239671,5.045792579650879,3776400,0.0,0.0
1992-08-13 00:00:00-04:00,5.070283147799321,5.1192712038979105,5.0457888394370505,5.0825300216674805,4588200,0.0,0.0
1992-08-14 00:00:00-04:00,5.094777434800967,5.10702430861778,4.996800762388619,5.021295070648193,7373400,0.0,0.0
1992-08-17 00:00:00-04:00,5.033541965568891,5.094777456161591,5.021295091700731,5.0825300216674805,6649200,0.0,0.0
1992-08-18 00:00:00-04:00,5.082530095616348,5.143765587100001,5.07028322157,5.119271278381348,7531800,0.0,0.0
1992-08-19 00:00:00-04:00,5.156012461146348,5.168259895818653,5.1192712783813485,5.119271278381348,5320200,0.0,0.0
1992-08-20 00:00:00-04:00,5.11927393423297,5.131521375259181,5.033544650180734,5.107027053833008,4793400,0.0,0.0
1992-08-21 00:00:00-04:00,5.143763234293893,5.1560101027384055,4.9967985704569235,5.094775199890137,7365000,0.0,0.0
1992-08-24 00:00:00-04:00,5.070286906169666,5.094781232688453,5.021298813758458,5.045792579650879,5045400,0.0,0.0
1992-08-25 00:00:00-04:00,5.05803792328202,5.070284801143705,4.9355669021606445,4.9355669021606445,8989800,0.0,0.0
1992-08-26 00:00:00-04:00,4.94781594566481,5.021298357924057,4.886580415239998,4.984557151794434,9102000,0.0,0.0
1992-08-27 00:00:00-04:00,5.097785264159526,5.146802241377479,5.06102239100683,5.122293472290039,8448600,0.005,0.0
1992-08-28 00:00:00-04:00,5.1345476899858,5.195818765931017,5.110038923033586,5.18356466293335,6964200,0.0,0.0
1992-08-31 00:00:00-04:00,5.232583045959473,5.244837713216412,5.195820166102716,5.232583045959473,5808000,0.0,0.0
1992-09-01 00:00:00-04:00,5.2325833654077325,5.342872011711107,5.220329258359712,5.330617904663086,6791400,0.0,0.0
1992-09-02 00:00:00-04:00,5.330617593394385,5.342871699726857,5.269345939817969,5.293854713439941,5952600,0.0,0.0
1992-09-03 00:00:00-04:00,5.318362852833648,5.318362852833648,5.220328330993652,5.220328330993652,5233800,0.0,0.0
1992-09-04 00:00:00-04:00,5.195818765931017,5.195818765931017,5.159055895981136,5.18356466293335,4777200,0.0,0.0
1992-09-08 00:00:00-04:00,5.195818765931017,5.208073429885563,5.146801792983468,5.18356466293335,2265600,0.0,0.0
1992-09-09 00:00:00-04:00,5.183566059802806,5.244837713216412,5.159057286245958,5.232583045959473,3635400,0.0,0.0
1992-09-10 00:00:00-04:00,5.281598365121359,5.318361229470331,5.257089601903113,5.3061065673828125,5292000,0.0,0.0
1992-09-11 00:00:00-04:00,5.318361229470331,5.318361229470331,5.281598365121359,5.3061065673828125,2922600,0.0,0.0
1992-09-14 00:00:00-04:00,5.342868804931641,5.367377565274635,5.281597745509246,5.342868804931641,7068000,0.0,0.0
1992-09-15 00:00:00-04:00,5.330617904663086,5.379634893812231,5.306109129609982,5.330617904663086,4235400,0.0,0.0
1992-09-16 00:00:00-04:00,5.306109129609982,5.35512667971619,5.257092140460837,5.330617904663086,4622400,0.0,0.0
1992-09-17 00:00:00-04:00,5.3551241470631235,5.3551241470631235,5.318361282348633,5.318361282348633,3721800,0.0,0.0
1992-09-18 00:00:00-04:00,5.330619580691569,5.428654150770494,5.293856687031627,5.4163994789123535,8435400,0.0,0.0
1992-09-21 00:00:00-04:00,5.416399762405927,5.538943121657795,5.391891539321368,5.514434337615967,6697800,0.0,0.0
1992-09-22 00:00:00-04:00,5.489925608430768,5.538943177004218,5.440908600814594,5.465417385101318,5327400,0.0,0.0
1992-09-23 00:00:00-04:00,5.502172626692525,5.575698316309992,5.465409781883793,5.563443660736084,5425800,0.0,0.0
1992-09-24 00:00:00-04:00,5.551189566118672,5.587952410927405,5.526680815927351,5.563443660736084,6068400,0.0,0.0
1992-09-25 00:00:00-04:00,5.563451400333669,5.563451400333669,5.391891593198419,5.465417385101318,7438800,0.0,0.0
1992-09-28 00:00:00-04:00,5.428651306490915,5.5021770552878255,5.428651306490915,5.477668285369873,4031400,0.0,0.0
1992-09-29 00:00:00-04:00,5.465414986786211,5.465414986786211,5.404143333435058,5.404143333435059,3743400,0.0,0.0
1992-09-30 00:00:00-04:00,5.416397618879747,5.465415167564826,5.416397618879747,5.428652286529541,3646800,0.0,0.0
1992-10-01 00:00:00-04:00,5.428652286529541,5.465415167564826,5.404143512187002,5.428652286529541,4474200,0.0,0.0
1992-10-02 00:00:00-04:00,5.428650820701993,5.428650820701993,5.244836465158549,5.2570905685424805,9640200,0.0,0.0
1992-10-05 00:00:00-04:00,5.146801822990281,5.244836330413818,4.803681888443223,5.244836330413818,23425200,0.0,0.0
1992-10-06 00:00:00-04:00,5.2325816663878255,5.293853303647147,5.183564693154498,5.244836330413818,7858200,0.0,0.0
1992-10-07 00:00:00-04:00,5.257091704032405,5.293854583081582,5.073277308786516,5.110040187835693,4935000,0.0,0.0
1992-10-08 00:00:00-04:00,5.146801505708528,5.232581343818055,5.134547403394837,5.208073139190674,6460200,0.0,0.0
1992-10-09 00:00:00-04:00,5.19581889362707,5.208073557882795,5.0610220744692285,5.0855302810668945,6544200,0.0,0.0
1992-10-12 00:00:00-04:00,5.134547403394837,5.208073139190674,5.061021667599001,5.208073139190674,3353400,0.0,0.0
1992-10-13 00:00:00-04:00,5.232583828663923,5.293855491242715,5.195820943308071,5.269346714019775,5165400,0.0,0.0
1992-10-14 00:00:00-04:00,5.26934375542478,5.3551241470631235,5.244835552919651,5.318361282348633,4000800,0.0,0.0
1992-10-15 00:00:00-04:00,5.293855022561961,5.35512667971619,5.28160091551394,5.330617904663086,4312800,0.0,0.0
1992-10-16 00:00:00-04:00,5.355126524458969,5.440906393222287,5.30610897577389,5.428652286529541,4607400,0.0,0.0
1992-10-19 00:00:00-04:00,5.36737917347772,5.526684761047363,5.36737917347772,5.526684761047363,7886400,0.0,0.0
1992-10-20 00:00:00-04:00,5.575698316309992,5.587952410927405,5.502172626692525,5.563443660736084,8771400,0.0,0.0
1992-10-21 00:00:00-04:00,5.600215287133731,5.673741092045585,5.58796117330088,5.649232864379883,7159200,0.0,0.0
1992-10-22 00:00:00-04:00,5.600213929137281,5.61246860095587,5.5021799203320025,5.538942813873291,9031800,0.0,0.0
1992-10-23 00:00:00-04:00,5.563448295805666,5.612465837026237,5.538940086152342,5.551194190979004,5062800,0.0,0.0
1992-10-26 00:00:00-05:00,5.538942416807744,5.612468198619541,5.538942416807744,5.600213527679443,3460800,0.0,0.0
1992-10-27 00:00:00-05:00,5.6614826541197925,5.6614826541197925,5.551194030987589,5.58795690536499,4977000,0.0,0.0
1992-10-28 00:00:00-05:00,5.587956272698696,5.624719142913819,5.52668463535453,5.624719142913818,3813600,0.0,0.0
1992-10-29 00:00:00-05:00,5.6247240757568076,5.661486978212734,5.600215287133731,5.649232864379883,2883600,0.0,0.0
1992-10-30 00:00:00-05:00,5.64922693979126,5.710498005655272,5.636972277853029,5.67373514175415,6140400,0.0,0.0
1992-11-02 00:00:00-05:00,5.673734993201559,5.735006618418112,5.661480892540957,5.710497856140137,5001000,0.0,0.0
1992-11-03 00:00:00-05:00,5.68599576683581,5.698249880668661,5.58796117330088,5.649232864379883,10274400,0.0,0.0
1992-11-04 00:00:00-05:00,5.636972277853029,5.698243904673826,5.575701211989017,5.67373514175415,4516800,0.0,0.0
1992-11-05 00:00:00-05:00,5.68599217528063,5.784026145935059,5.661483402138512,5.784026145935059,5104200,0.0,0.0
1992-11-06 00:00:00-05:00,5.7717712973567465,5.820788276378373,5.685991443829662,5.759517192840576,5365800,0.0,0.0
1992-11-09 00:00:00-05:00,5.771771924138368,5.845297681133761,5.759517818291472,5.833043575286865,6343200,0.0,0.0
1992-11-10 00:00:00-05:00,5.845297175645828,5.894314155751544,5.82078840511449,5.8820600509643555,5687400,0.0,0.0
1992-11-11 00:00:00-05:00,5.882058943280523,5.918821811676026,5.845296074885019,5.918821811676025,4281600,0.0,0.0
1992-11-12 00:00:00-05:00,5.918822926282882,5.931077031070071,5.845297175645828,5.8820600509643555,7932600,0.0,0.0
1992-11-13 00:00:00-05:00,5.894314813783755,5.9188235870512145,5.869806601473317,5.906569480895996,3396000,0.0,0.0
1992-11-16 00:00:00-05:00,5.894314665478354,5.894314665478354,5.784026029985264,5.833043575286865,8034600,0.0,0.0
1992-11-17 00:00:00-05:00,5.833043725592758,5.833043725592758,5.685992207812748,5.73500919342041,7641600,0.0,0.0
1992-11-18 00:00:00-05:00,5.759517818291472,5.833043575286865,5.722754939793775,5.833043575286865,6555600,0.0,0.0
1992-11-19 00:00:00-05:00,5.845295618322588,5.869804382324219,5.808532752798547,5.869804382324219,4170000,0.0,0.0
1992-11-20 00:00:00-05:00,5.882058483846629,5.9188213493706705,5.845295618322588,5.869804382324219,7348800,0.0,0.0
1992-11-23 00:00:00-05:00,5.845297336578369,5.8820602129090505,5.845297336578369,5.845297336578369,3642000,0.0,0.0
1992-11-24 00:00:00-05:00,5.845293858868429,5.955582422243305,5.833039761034546,5.9310736656188965,6210600,0.0,0.0
1992-11-25 00:00:00-05:00,5.9310736656188965,5.955582422243305,5.906565469951129,5.9310736656188965,3237000,0.0,0.0
1992-11-27 00:00:00-05:00,5.931075914155575,5.967838782551079,5.918821811676026,5.918821811676025,1721400,0.0,0.0
1992-11-30 00:00:00-05:00,5.958547507472194,5.9830684661865225,5.946287308732991,5.983068466186523,3958200,0.005,0.0
1992-12-01 00:00:00-05:00,5.983068618829766,6.032109976273671,5.946287460437854,6.01984977722168,4389600,0.0,0.0
1992-12-02 00:00:00-05:00,6.032110300869387,6.032110300869387,5.958547980127077,6.007589340209961,4114800,0.0,0.0
1992-12-03 00:00:00-05:00,6.032109408151536,6.179234027862549,6.007588451121072,6.179234027862549,5470200,0.0,0.0
1992-12-04 00:00:00-05:00,6.17923386517693,6.265056370670209,6.142452711217544,6.252796173095703,8226000,0.0,0.0
1992-12-07 00:00:00-05:00,6.277315481705699,6.3753981590271,6.216013387453032,6.3753981590271,9489600,0.0,0.0
1992-12-08 00:00:00-05:00,6.375400304683616,6.424442221085216,6.314098751035484,6.363140106201172,7555200,0.0,0.0
1992-12-09 00:00:00-05:00,6.363139389453744,6.399920541993939,6.301837281474803,6.350879192352295,4594800,0.0,0.0
1992-12-10 00:00:00-05:00,6.350879907718728,6.363140106201172,6.314098751035484,6.363140106201172,4420800,0.0,0.0
1992-12-11 00:00:00-05:00,6.350880469818416,6.350880469818416,6.314099309879769,6.338619709014893,3005400,0.0,0.0
1992-12-14 00:00:00-05:00,6.338619148000372,6.375400304683616,6.326358949517928,6.363140106201172,4327200,0.0,0.0
1992-12-15 00:00:00-05:00,6.350879192352295,6.363139389453744,6.301837281474803,6.350879192352295,4454400,0.0,0.0
1992-12-16 00:00:00-05:00,6.350876505385888,6.412178026193171,6.338615752235943,6.387657642364502,4339200,0.0,0.0
1992-12-17 00:00:00-05:00,6.387662654011709,6.608349649030509,6.375401891242187,6.596088886260986,7180800,0.0,0.0
1992-12-18 00:00:00-05:00,6.620608895697269,6.6696502559941475,6.571567535400391,6.571567535400391,11696400,0.0,0.0
1992-12-21 00:00:00-05:00,6.596090940869881,6.694174267397673,6.583830735517491,6.608351707458496,7253400,0.0,0.0
1992-12-22 00:00:00-05:00,6.620609850563981,6.645130814866976,6.522526554588053,6.596088886260986,5349000,0.0,0.0
1992-12-23 00:00:00-05:00,6.596088707034422,6.718692963981985,6.596088707034422,6.645130634307861,5672400,0.0,0.0
1992-12-24 00:00:00-05:00,6.657385755209665,6.69416689197878,6.657385755209665,6.681906700134277,1814400,0.0,0.0
1992-12-28 00:00:00-05:00,6.669653295456668,6.6819140620452835,6.596090940869881,6.608351707458496,4394400,0.0,0.0
1992-12-29 00:00:00-05:00,6.620608482571597,6.706430998044805,6.620608482571597,6.6573896408081055,5596200,0.0,0.0
1992-12-30 00:00:00-05:00,6.657385755209665,6.681906700134277,6.596083673515939,6.681906700134277,4318200,0.0,0.0
1992-12-31 00:00:00-05:00,6.681908520821647,6.730949862798055,6.608346227239155,6.620606422424316,4113000,0.0,0.0
1993-01-04 00:00:00-05:00,6.645128003051796,6.657388199397496,6.412180343832796,6.43670129776001,8298600,0.0,0.0
1993-01-05 00:00:00-05:00,6.4367027948716995,6.5347860721579165,6.424442595674402,6.498004913330078,6638400,0.0,0.0
1993-01-06 00:00:00-05:00,6.485743876741608,6.485743876741608,6.21601557723415,6.228275775909424,16993200,0.0,0.0
1993-01-07 00:00:00-05:00,6.277317368279743,6.338618919720149,6.203755057562542,6.240536212921143,11016600,0.0,0.0
1993-01-08 00:00:00-05:00,6.240538454642882,6.252798657087887,6.130194948929566,6.203757286071777,9026400,0.0,0.0
1993-01-11 00:00:00-05:00,6.252796173095703,6.28957732705509,6.228275216710823,6.252796173095703,7389000,0.0,0.0
1993-01-12 00:00:00-05:00,6.277315936075381,6.350878230008938,6.252794984352275,6.265055179595947,6477600,0.0,0.0
1993-01-13 00:00:00-05:00,6.30183626518631,6.399919509887695,6.289576070062045,6.399919509887695,4328400,0.0,0.0
1993-01-14 00:00:00-05:00,6.424438192736848,6.49800045997721,6.399917249911541,6.485739707946777,4504200,0.0,0.0
1993-01-15 00:00:00-05:00,6.510266400533993,6.547047566638705,6.424443866701684,6.4612250328063965,6340200,0.0,0.0
1993-01-18 00:00:00-05:00,6.448958574326596,6.510260650772085,6.424438192736848,6.485739707946777,2533800,0.0,0.0
1993-01-19 00:00:00-05:00,6.485740968190215,6.510261915780184,6.399918493478825,6.448959827423096,4646400,0.0,0.0
1993-01-20 00:00:00-05:00,6.412180739095388,6.424441497432685,6.301837281474803,6.350879192352295,3961800,0.0,0.0
1993-01-21 00:00:00-05:00,6.350880469818416,6.4489631888308345,6.338619709014893,6.338619709014893,5358600,0.0,0.0
1993-01-22 00:00:00-05:00,6.424440461371981,6.44896085162051,6.375398558403409,6.399919509887695,3009600,0.0,0.0
1993-01-25 00:00:00-05:00,6.375396307086233,6.49800045997721,6.3263549826711785,6.485739707946777,4284600,0.0,0.0
1993-01-26 00:00:00-05:00,6.510263598305839,6.583825898851667,6.43670129776001,6.43670129776001,4777200,0.0,0.0
1993-01-27 00:00:00-05:00,6.412180578138379,6.448961729755302,6.252795774876988,6.314097881317139,7687800,0.0,0.0
1993-01-28 00:00:00-05:00,6.326357917447153,6.375399264612322,6.277316570281982,6.277316570281982,5388600,0.0,0.0
1993-01-29 00:00:00-05:00,6.301834615257329,6.43669897125745,6.289574423342994,6.387657642364502,3706200,0.0,0.0
1993-02-01 00:00:00-05:00,6.473485049207017,6.534787178039551,6.436703884154705,6.534787178039551,4020600,0.0,0.0
1993-02-02 00:00:00-05:00,6.534787746767573,6.5470479491066795,6.485745814938969,6.5102667808532715,4375800,0.0,0.0
1993-02-03 00:00:00-05:00,6.534787178039551,6.571568343091863,6.485745250479108,6.534787178039551,5572200,0.0,0.0
1993-02-04 00:00:00-05:00,6.596088022323589,6.608348783487231,6.510265500357981,6.547046661376953,4836600,0.0,0.0
1993-02-05 00:00:00-05:00,6.547047566638705,6.547047566638705,6.3508815344922604,6.4612250328063965,5061000,0.0,0.0
1993-02-08 00:00:00-05:00,6.436700151677718,6.436700151677718,6.277315382619507,6.289575576782227,5786400,0.0,0.0
1993-02-09 00:00:00-05:00,6.2037548215618115,6.28957732705509,6.2037548215618115,6.252796173095703,6340800,0.0,0.0
1993-02-10 00:00:00-05:00,6.240534238895634,6.338616914668819,6.240534238895634,6.289575576782227,5548800,0.0,0.0
1993-02-11 00:00:00-05:00,6.289579535639564,6.363141869389734,6.289579535639564,6.326360702514648,3415200,0.0,0.0
1993-02-12 00:00:00-05:00,6.338617473529503,6.363138425252609,6.240534789108604,6.265055179595947,3009600,0.0,0.0
1993-02-16 00:00:00-05:00,6.166970960593242,6.166970960593242,5.688816169008604,5.934023380279541,23230200,0.0,0.0
1993-02-17 00:00:00-05:00,6.081153450101301,6.093414214656263,5.958549733204609,5.9708099365234375,12391200,0.0,0.0
1993-02-18 00:00:00-05:00,6.081149734878994,6.1424518364934535,5.909504748335771,6.093410491943359,11342400,0.0,0.0
1993-02-19 00:00:00-05:00,6.105672293057497,6.1547136505014,6.00758901693375,6.01984977722168,6539400,0.0,0.0
1993-02-22 00:00:00-05:00,6.019850951528078,6.2282771822498155,5.8236843610139095,5.8604655265808105,14991600,0.0,0.0
1993-02-23 00:00:00-05:00,5.921765726657973,5.934025924106594,5.443610730095528,5.835943222045898,28774800,0.0,0.0
1993-02-24 00:00:00-05:00,5.8482058028057295,6.203757286071777,5.835945600360725,6.203757286071777,16937400,0.0,0.0
1993-02-25 00:00:00-05:00,6.216013837385497,6.301836326562725,6.117930591728834,6.265055179595947,10759800,0.0,0.0
1993-02-26 00:00:00-05:00,6.289577566320646,6.326358721679247,6.191494298285749,6.240536212921143,5814000,0.0,0.0
1993-03-01 00:00:00-05:00,6.265057105496577,6.277317865745013,6.117932472402834,6.1547136306762695,7136400,0.0,0.0
1993-03-02 00:00:00-05:00,6.166973118233486,6.28957676676432,6.142452164032991,6.277316570281982,8129400,0.0,0.0
1993-03-03 00:00:00-05:00,6.301836013793945,6.375398304076504,6.265054868652666,6.301836013793945,6965400,0.0,0.0
1993-03-04 00:00:00-05:00,6.292516339869282,6.292516339869282,6.218919657531629,6.243452072143555,4686000,0.005,0.0
1993-03-05 00:00:00-05:00,6.243452894661694,6.280251240678368,6.1943880589739955,6.2066545486450195,6538200,0.0,0.0
1993-03-08 00:00:00-05:00,6.231187245340696,6.341582298278809,6.231187245340696,6.341582298278809,6666600,0.0,0.0
1993-03-09 00:00:00-05:00,6.341581014819392,6.378379358351222,6.280250816598449,6.353847503662109,6555600,0.0,0.0
1993-03-10 00:00:00-05:00,6.34157944459261,6.34157944459261,6.267982775752085,6.317047595977783,4614000,0.0,0.0
1993-03-11 00:00:00-05:00,6.304781059019296,6.31704754472521,6.255716800689697,6.255716800689697,4831200,0.0,0.0
1993-03-12 00:00:00-05:00,6.206651980388066,6.280248641967773,6.1698536495982115,6.280248641967773,5651400,0.0,0.0
1993-03-15 00:00:00-05:00,6.304782671287561,6.353847503662109,6.255718400411174,6.353847503662109,4751400,0.0,0.0
1993-03-16 00:00:00-05:00,6.353845687372764,6.366111611211023,6.3047808690237215,6.329313278198242,4308600,0.0,0.0
1993-03-17 00:00:00-05:00,6.304777857982734,6.31704433746076,6.280246022022149,6.292511940002441,4324800,0.0,0.0
1993-03-18 00:00:00-05:00,6.304783947299438,6.353848789604116,6.304783947299438,6.341582298278809,5883000,0.0,0.0
1993-03-19 00:00:00-05:00,6.366114719431147,6.366114719431147,6.329316368451776,6.341582298278809,6419400,0.0,0.0
1993-03-22 00:00:00-05:00,6.304781059019296,6.304781059019296,6.231184390775888,6.255716800689697,4780800,0.0,0.0
1993-03-23 00:00:00-05:00,6.231185159222628,6.243451646441278,6.157588481903077,6.157588481903076,5603400,0.0,0.0
1993-03-24 00:00:00-05:00,6.157587914282145,6.194386249549763,5.9367979026764335,6.01039457321167,12357000,0.0,0.0
1993-03-25 00:00:00-05:00,6.083993246799425,6.243453126457281,6.059461389543002,6.218920707702637,6711600,0.0,0.0
1993-03-26 00:00:00-05:00,6.267983497882403,6.292515910821616,6.157588481903077,6.157588481903076,4111200,0.0,0.0
1993-03-29 00:00:00-05:00,6.169856431691569,6.243453126457281,6.169856431691569,6.218920707702637,4019400,0.0,0.0
1993-03-30 00:00:00-05:00,6.206655101430492,6.218921030695761,6.108525982813588,6.120791912078857,5474400,0.0,0.0
1993-03-31 00:00:00-05:00,6.157589712957322,6.267984751007343,6.108525438767824,6.2066545486450195,7040400,0.0,0.0
1993-04-01 00:00:00-05:00,6.24345345072455,6.24345345072455,6.096260053548319,6.120791912078857,5922000,0.0,0.0
1993-04-02 00:00:00-05:00,6.04719213368739,6.059458618203652,5.887732888457649,5.936797142028809,12005400,0.0,0.0
1993-04-05 00:00:00-04:00,5.924531502059743,5.973595757974986,5.69147558458985,5.814136505126953,12853200,0.0,0.0
1993-04-06 00:00:00-04:00,5.740539066118872,5.765071471516121,5.384821714599381,5.458418369293213,35167800,0.0,0.0
1993-04-07 00:00:00-04:00,5.5442811381304935,5.703740358846258,5.519748734367346,5.691474437713623,21819600,0.0,0.0
1993-04-08 00:00:00-04:00,5.716007085575188,5.740539492795857,5.556547842385734,5.679208755493164,10121400,0.0,0.0
1993-04-12 00:00:00-04:00,5.740541934967041,5.7896062087836,5.691477661150482,5.740541934967041,8961000,0.0,0.0
1993-04-13 00:00:00-04:00,5.7405411579054775,5.850936180172891,5.7405411579054775,5.838670253753662,8073000,0.0,0.0
1993-04-14 00:00:00-04:00,5.838669499793708,5.887733760632967,5.397089467746236,5.593347072601318,12371850,0.0,1.3333333333333333
1993-04-15 00:00:00-04:00,5.560637285468571,5.69147644399507,5.544283092525354,5.609702110290527,8762400,0.0,0.0
1993-04-16 00:00:00-04:00,5.593346582661447,5.658765591383522,5.331669986275143,5.364378929138184,22813650,0.0,0.0
1993-04-19 00:00:00-04:00,5.413446141472134,5.495220508522299,5.348027097030645,5.4298014640808105,12951900,0.0,0.0
1993-04-20 00:00:00-04:00,5.266250148896726,5.33167028427124,5.184476944921685,5.33167028427124,20479950,0.0,0.0
1993-04-21 00:00:00-04:00,5.495219510201872,5.527929587978458,5.348026125450946,5.5115742683410645,13172850,0.0,0.0
1993-04-22 00:00:00-04:00,5.54428434611765,5.707831927509567,5.446155235784298,5.5115742683410645,14842350,0.0,0.0
1993-04-23 00:00:00-04:00,5.478864668345891,5.544283693198628,5.446154594421387,5.446154594421387,6754950,0.0,0.0
1993-04-26 00:00:00-04:00,5.544282635999251,5.560636827595836,5.282605463489369,5.33167028427124,8460900,0.0,0.0
1993-04-27 00:00:00-04:00,5.348022604935738,5.495215892791747,5.2171840644528595,5.495215892791748,12510900,0.0,0.0
1993-04-28 00:00:00-04:00,5.560637779483537,5.576993096875936,5.511573511800717,5.527928829193115,6110550,0.0,0.0
1993-04-29 00:00:00-04:00,5.527927291641214,5.544282042986535,5.380733968035359,5.462507724761963,4111650,0.0,0.0
1993-04-30 00:00:00-04:00,5.446154488223624,5.544283585087389,5.446154488223624,5.527928829193115,4018950,0.0,0.0
1993-05-03 00:00:00-04:00,5.511572933537738,5.593347265927633,5.46250867100264,5.576992511749268,3222000,0.0,0.0
1993-05-04 00:00:00-04:00,5.593347355849234,5.707830636938288,5.57699260140794,5.609702110290527,7181100,0.0,0.0
1993-05-05 00:00:00-04:00,5.626055374689649,5.805957607942555,5.609700064714241,5.773248672485352,5935950,0.0,0.0
1993-05-06 00:00:00-04:00,5.855025240539012,5.855025240539012,5.691477661150482,5.740541934967041,5859000,0.0,0.0
1993-05-07 00:00:00-04:00,5.740538798180757,5.805957794189453,5.691474551174235,5.805957794189453,4681350,0.0,0.0
1993-05-10 00:00:00-04:00,5.724187177028188,5.822316286159502,5.642412825835727,5.740541934967041,6091650,0.0,0.0
1993-05-11 00:00:00-04:00,5.724186897277832,5.756896411556971,5.675122625859124,5.724186897277832,4578300,0.0,0.0
1993-05-12 00:00:00-04:00,5.691477661150482,5.773252012342943,5.675122903211629,5.740541934967041,3885300,0.0,0.0
1993-05-13 00:00:00-04:00,5.740540615030992,5.740540615030992,5.560637196072835,5.576992511749268,4639500,0.0,0.0
1993-05-14 00:00:00-04:00,5.593347072601318,5.609701826214406,5.527928058148973,5.593347072601318,3844800,0.0,0.0
1993-05-17 00:00:00-04:00,5.593347065907977,5.6260571345930535,5.5606369972229,5.5606369972229,4829400,0.0,0.0
1993-05-18 00:00:00-04:00,5.658766539814826,5.789605140686034,5.642411784893185,5.789605140686035,11842200,0.0,0.0
1993-05-19 00:00:00-04:00,5.805958767095368,6.05128116623249,5.7241850083816495,6.034926414489746,15673050,0.0,0.0
1993-05-20 00:00:00-04:00,6.051280789776621,6.149409294128418,6.034926039051323,6.149409294128418,9881100,0.0,0.0
1993-05-21 00:00:00-04:00,6.11670170656639,6.11670170656639,6.051282127703106,6.0676374435424805,5392350,0.0,0.0
1993-05-24 00:00:00-04:00,6.05127971354745,6.0676350228618805,5.969505974464536,6.0022149085998535,4891500,0.0,0.0
1993-05-25 00:00:00-04:00,6.018571662747003,6.067636479473217,6.002216349506276,6.034926414489746,3580650,0.0,0.0
1993-05-26 00:00:00-04:00,6.051281354814993,6.11670092532269,6.051281354814993,6.100345611572266,3709800,0.0,0.0
1993-05-27 00:00:00-04:00,6.08398962020874,6.149408615894713,6.034925373444262,6.08398962020874,3675600,0.0,0.0
1993-05-28 00:00:00-04:00,6.051281929016113,6.0676372443184805,5.985862913798861,6.051281929016113,2330100,0.0,0.0
1993-06-01 00:00:00-04:00,6.051282127703106,6.133056460907693,6.0349273733618025,6.0676374435424805,2588850,0.0,0.0
1993-06-02 00:00:00-04:00,6.083991636385712,6.100346390727015,6.0185726190205,6.0676374435424805,4735800,0.0,0.0
1993-06-03 00:00:00-04:00,6.051282423624134,6.06763774026332,5.953153331279514,5.969508647918701,2823300,0.0,0.0
1993-06-04 00:00:00-04:00,5.887732307016939,5.904087056592218,5.740538999341515,5.82231330871582,7676550,0.0,0.0
1993-06-07 00:00:00-04:00,5.838670108782111,5.855024302602935,5.495218562590272,5.544283390045166,9402300,0.0,0.0
1993-06-08 00:00:00-04:00,5.429800822207576,5.675123332859449,5.429800822207576,5.626059055328369,10374300,0.0,0.0
1993-06-09 00:00:00-04:00,5.626057040173625,5.69147605344979,5.576992218718464,5.642411231994629,5489550,0.0,0.0
1993-06-10 00:00:00-04:00,5.646339813293433,5.760903358459473,5.629974234714267,5.760903358459473,4436550,0.006667,0.0
1993-06-11 00:00:00-04:00,5.744537283813961,5.810001846436676,5.662706018646575,5.695438861846924,5059800,0.0,0.0
1993-06-14 00:00:00-04:00,5.695437915363374,5.7445363291711,5.646338939666748,5.646338939666748,3560850,0.0,0.0
1993-06-15 00:00:00-04:00,5.6627068519592285,5.679073556912391,5.4826792782542615,5.6627068519592285,6268950,0.0,0.0
1993-06-16 00:00:00-04:00,5.66270789331611,5.679074601279066,5.580877162947218,5.597243309020996,2749950,0.0,0.0
1993-06-17 00:00:00-04:00,5.597241207982693,5.629974049732489,5.499043806511235,5.51540994644165,3460950,0.0,0.0
1993-06-18 00:00:00-04:00,5.515412016762926,5.62997616305773,5.499045870689147,5.597243309020996,5083650,0.0,0.0
1993-06-21 00:00:00-04:00,5.613607347913108,5.629974049732489,5.51540994644165,5.51540994644165,3498750,0.0,0.0
1993-06-22 00:00:00-04:00,5.515411115557513,5.531777820846187,5.384481968360805,5.43358039855957,8858250,0.0,0.0
1993-06-23 00:00:00-04:00,5.482676982879638,5.515408693415299,5.433578012354049,5.482676982879639,5088150,0.0,0.0
1993-06-24 00:00:00-04:00,5.499045870689147,5.613609455094775,5.433581286394033,5.597243309020996,4538700,0.0,0.0
1993-06-25 00:00:00-04:00,5.613609313964844,5.6790744585032975,5.580877022640198,5.613609313964844,5398650,0.0,0.0
1993-06-28 00:00:00-04:00,5.629975127720127,5.695439699976479,5.629975127720127,5.6627068519592285,3059100,0.0,0.0
1993-06-29 00:00:00-04:00,5.6627068519592285,5.711805281151492,5.629975127720127,5.6627068519592285,3854700,0.0,0.0
1993-06-30 00:00:00-04:00,5.662706693100041,5.744537968013895,5.646340550495083,5.7281718254089355,5067450,0.0,0.0
1993-07-01 00:00:00-04:00,5.728168875245141,5.744535009421093,5.662703776652565,5.679070472717285,3601800,0.0,0.0
1993-07-02 00:00:00-04:00,5.679072670821556,5.728171092353121,5.646339827911526,5.711804389953613,2635200,0.0,0.0
1993-07-06 00:00:00-04:00,5.695437267660406,5.695437267660406,5.499042510986328,5.499042510986328,2806650,0.0,0.0
1993-07-07 00:00:00-04:00,5.499043877543078,5.5972412802829625,5.499043877543078,5.564508438110352,2966850,0.0,0.0
1993-07-08 00:00:00-04:00,5.580876136638789,5.711805281151492,5.564509431685627,5.6627068519592285,3772350,0.0,0.0
1993-07-09 00:00:00-04:00,5.646341747242332,5.679074601279066,5.597243309020996,5.597243309020996,3788100,0.0,0.0
1993-07-12 00:00:00-04:00,5.629975127720127,5.679073556912391,5.597242279702877,5.6627068519592285,1937700,0.0,0.0
1993-07-13 00:00:00-04:00,5.662706336182666,5.891833441988449,5.629974614924869,5.875467300415039,4325400,0.0,0.0
1993-07-14 00:00:00-04:00,5.875465657171002,5.908197931163294,5.842733383178711,5.842733383178711,5817150,0.0,0.0
1993-07-15 00:00:00-04:00,5.875465790336097,5.875465790336097,5.793634541611829,5.826367378234863,2583450,0.0,0.0
1993-07-16 00:00:00-04:00,5.810002538433731,5.842735385532707,5.695439540199017,5.7281718254089355,4621050,0.0,0.0
1993-07-19 00:00:00-04:00,5.744538810787958,5.760904955793974,5.613609088850692,5.62997579574585,2347650,0.0,0.0
1993-07-20 00:00:00-04:00,5.62997579574585,5.711805958886786,5.54814450882663,5.62997579574585,2532600,0.0,0.0
1993-07-21 00:00:00-04:00,5.6299733636197375,5.6627050776026575,5.597240525859021,5.646338939666748,2282850,0.0,0.0
1993-07-22 00:00:00-04:00,5.6299741224555735,5.646339700708419,5.564508438110352,5.564508438110352,3624300,0.0,0.0
1993-07-23 00:00:00-04:00,5.597239239948757,5.679070472717286,5.580873105772805,5.679070472717285,2249100,0.0,0.0
1993-07-26 00:00:00-04:00,5.679072670821556,5.760903373374165,5.679072670821556,5.711804389953613,2756700,0.0,0.0
1993-07-27 00:00:00-04:00,5.728172665781942,5.728172665781942,5.613609088850692,5.62997579574585,1812150,0.0,0.0
1993-07-28 00:00:00-04:00,5.662708019144231,5.793637752532959,5.629976288158537,5.793637752532959,2754450,0.0,0.0
1993-07-29 00:00:00-04:00,5.826367246182564,5.8590989582859905,5.7772688351941275,5.842733383178711,3190950,0.0,0.0
1993-07-30 00:00:00-04:00,5.842733435132862,5.842733435132862,5.744536050393941,5.777268886566162,2132550,0.0,0.0
1993-08-02 00:00:00-04:00,5.859100977501357,6.006396823117937,5.842735396754025,5.9900312423706055,6435900,0.0,0.0
1993-08-03 00:00:00-04:00,5.99002595895623,6.055490471759783,5.99002595895623,6.006391525268555,4774050,0.0,0.0
1993-08-04 00:00:00-04:00,6.022762360087413,6.137325898222242,5.924565523305232,6.120959758758545,7887600,0.0,0.0
1993-08-05 00:00:00-04:00,6.104595608403045,6.120962316595036,6.039131023191823,6.055497169494629,5399550,0.0,0.0
1993-08-06 00:00:00-04:00,6.055497169494629,6.08822946210024,5.973666437980602,6.055497169494629,3163050,0.0,0.0
1993-08-09 00:00:00-04:00,6.071858364619415,6.088223934173584,6.022759408402209,6.088223934173584,4003200,0.0,0.0
1993-08-10 00:00:00-04:00,6.104594240825343,6.186425515896358,5.990031242370605,5.9900312423706055,4869900,0.0,0.0
1993-08-11 00:00:00-04:00,6.022759408402209,6.088223934173584,6.00639271507069,6.088223934173584,2863800,0.0,0.0
1993-08-12 00:00:00-04:00,6.137328234045777,6.1700605254308485,6.039130798001398,6.071863651275635,3621600,0.0,0.0
1993-08-13 00:00:00-04:00,6.104595380771541,6.120962088353242,6.071863651275635,6.071863651275635,2056950,0.0,0.0
1993-08-16 00:00:00-04:00,6.071859187359572,6.137323722001426,6.039126358149893,6.104590892791748,2401650,0.0,0.0
1993-08-17 00:00:00-04:00,6.104593081668791,6.104593081668791,5.826368147791181,5.859099864959717,9095400,0.0,0.0
1993-08-18 00:00:00-04:00,5.859101648085205,5.875468354483853,5.499045345097443,5.548144340515137,23953950,0.0,0.0
1993-08-19 00:00:00-04:00,5.548141357142836,5.564506930963064,5.335381031036378,5.335381031036377,23782500,0.0,0.0
1993-08-20 00:00:00-04:00,5.368113717663054,5.531776228320834,5.368113717663054,5.449944972991943,17089200,0.0,0.0
1993-08-23 00:00:00-04:00,5.433578149312016,5.433578149312016,5.302648494424983,5.368113040924072,12228300,0.0,0.0
1993-08-24 00:00:00-04:00,5.302647341805439,5.417210273276667,5.220816114580117,5.384478569030762,17966250,0.0,0.0
1993-08-25 00:00:00-04:00,5.449946541959159,5.482679390647422,5.400848111760394,5.43358039855957,9667800,0.0,0.0
1993-08-26 00:00:00-04:00,5.433580501293446,5.466312788711499,5.286284646023108,5.319016933441162,10345500,0.0,0.0
1993-08-27 00:00:00-04:00,5.319013474872757,5.417210273276667,5.269914513782071,5.384478569030762,6749550,0.0,0.0
1993-08-30 00:00:00-04:00,5.43357883430395,5.4663111116799366,5.384480418239971,5.449944972991943,4911750,0.0,0.0
1993-08-31 00:00:00-04:00,5.453875315816778,5.6012773513793945,5.437497374342503,5.6012773513793945,6007500,0.006667,0.0
1993-09-01 00:00:00-04:00,5.535764792927415,5.552142732056861,5.486630975539073,5.519386291503906,4780350,0.0,0.0
1993-09-02 00:00:00-04:00,5.535768234728469,5.535768234728469,5.437499976560551,5.453877925872803,4347000,0.0,0.0
1993-09-03 00:00:00-04:00,5.437498686816681,5.453876632244175,5.322852506529936,5.339231014251709,4179600,0.0,0.0
1993-09-07 00:00:00-04:00,5.33923011245749,5.470253653747618,5.33923011245749,5.37198543548584,4572450,0.0,0.0
1993-09-08 00:00:00-04:00,5.388363477578802,5.4374973013419865,5.306473209012696,5.355607032775879,5572350,0.0,0.0
1993-09-09 00:00:00-04:00,5.37198543548584,5.4538757110863525,5.355607492824573,5.37198543548584,3125700,0.0,0.0
1993-09-10 00:00:00-04:00,5.404743583650757,5.503011270537292,5.388365635836334,5.470255374908447,3685950,0.0,0.0
1993-09-13 00:00:00-04:00,5.48662987196566,5.519385181342133,5.257337645684812,5.273715019226074,6547500,0.0,0.0
1993-09-14 00:00:00-04:00,5.011673031751551,5.011673031751551,4.716868735766165,4.749625205993652,38734650,0.0,0.0
1993-09-15 00:00:00-04:00,4.733241896767267,4.847888020734329,4.634973991329072,4.6513519287109375,28762200,0.0,0.0
1993-09-16 00:00:00-04:00,4.651354505762284,4.913402492499045,4.58584271993846,4.897025108337402,31585950,0.0,0.0
1993-09-17 00:00:00-04:00,4.86426822633297,4.946158513721885,4.84789028131404,4.929780006408691,14679450,0.0,0.0
1993-09-20 00:00:00-04:00,4.929778204333574,4.929778204333574,4.700486214444596,4.798754692077637,8181900,0.0,0.0
1993-09-21 00:00:00-04:00,4.815137021859484,4.831514413531371,4.684112546685964,4.749625205993652,10489950,0.0,0.0
1993-09-22 00:00:00-04:00,4.847888495924907,4.847888495924907,4.7823761776819165,4.8151326179504395,10910700,0.0,0.0
1993-09-23 00:00:00-04:00,4.880647683522263,4.897026195910009,4.831513270947901,4.864269733428955,8361900,0.0,0.0
1993-09-24 00:00:00-04:00,4.913401938865651,5.011670168823009,4.913401938865651,4.962536334991455,8881200,0.0,0.0
1993-09-27 00:00:00-04:00,5.060803344542005,5.077181287022716,5.011669517099868,5.044425964355469,6347700,0.0,0.0
1993-09-28 00:00:00-04:00,5.044426802063408,5.159072418467134,5.044426802063408,5.142694473266602,7853850,0.0,0.0
1993-09-29 00:00:00-04:00,5.109936727553603,5.12631410451358,5.044424970537433,5.0935587882995605,7501950,0.0,0.0
1993-09-30 00:00:00-04:00,5.093559791797605,5.126315114464853,5.028047459580581,5.044425964355469,5608800,0.0,0.0
1993-10-01 00:00:00-04:00,5.109939637943165,5.142695535107521,5.077183178484422,5.126317024230957,5342400,0.0,0.0
1993-10-04 00:00:00-04:00,5.159071922302246,5.175449865927658,5.142693978676835,5.159071922302246,4238100,0.0,0.0
1993-10-05 00:00:00-04:00,5.159070545315731,5.159070545315731,5.077180286751452,5.0935587882995605,4471650,0.0,0.0
1993-10-06 00:00:00-04:00,5.126315472757208,5.175449865927658,5.109938091426011,5.159071922302246,4360500,0.0,0.0
1993-10-07 00:00:00-04:00,5.159074383182732,5.2082082374958345,5.093562577431928,5.109940528869629,3227400,0.0,0.0
1993-10-08 00:00:00-04:00,5.126316190837358,5.142694699051241,5.011670569400235,5.028048515319824,4123800,0.0,0.0
1993-10-11 00:00:00-04:00,5.0280481134335275,5.044426620338295,4.946158390380938,4.962536334991455,3033900,0.0,0.0
1993-10-12 00:00:00-04:00,4.978913204681457,5.044426100966856,4.962535824051395,4.995291709899902,4708350,0.0,0.0
1993-10-13 00:00:00-04:00,4.962536334991455,4.978913717307724,4.946158390380938,4.962536334991455,4137750,0.0,0.0
1993-10-14 00:00:00-04:00,4.962534975685344,5.011668796058474,4.8806447127693655,4.978912353515625,6150150,0.0,0.0
1993-10-15 00:00:00-04:00,5.109939849635844,5.208207545199912,5.060805439559401,5.191830158233643,8524800,0.0,0.0
1993-10-18 00:00:00-04:00,5.208205753178482,5.257340146348932,5.126315472757208,5.159071922302246,6218550,0.0,0.0
1993-10-19 00:00:00-04:00,5.191828008976054,5.240961836418189,5.044425964355469,5.044425964355469,5200650,0.0,0.0
1993-10-20 00:00:00-04:00,5.044424970537433,5.0935587882995605,5.011668529735282,5.0935587882995605,2703150,0.0,0.0
1993-10-21 00:00:00-04:00,5.093561689360986,5.159073483689699,5.060805229902243,5.126317024230957,5577300,0.0,0.0
1993-10-22 00:00:00-04:00,5.126315114464853,5.191828008976054,5.044425964355469,5.044425964355469,4130550,0.0,0.0
1993-10-25 00:00:00-04:00,5.077181641880972,5.175449865927658,5.044426316924365,5.159071922302246,3093300,0.0,0.0
1993-10-26 00:00:00-04:00,5.159070545315731,5.159070545315731,5.077180286751452,5.0935587882995605,3568950,0.0,0.0
1993-10-27 00:00:00-04:00,5.044424970537433,5.12631410451358,5.044424970537433,5.0935587882995605,2743200,0.0,0.0
1993-10-28 00:00:00-04:00,5.093560637665005,5.208206254068731,5.077182130170202,5.142694473266602,4311450,0.0,0.0
1993-10-29 00:00:00-04:00,5.1426957481572,5.208207545199912,5.126317236602112,5.191830158233643,5143050,0.0,0.0
1993-11-01 00:00:00-05:00,5.191825902343969,5.273715019226074,5.191825902343969,5.273715019226074,3924450,0.0,0.0
1993-11-02 00:00:00-05:00,5.273717739560087,5.32285213470459,5.224583906709823,5.32285213470459,5788350,0.0,0.0
1993-11-03 00:00:00-05:00,5.322852506529936,5.470254577671671,5.3064745611024415,5.339231014251709,6447600,0.0,0.0
1993-11-04 00:00:00-05:00,5.322851848504521,5.322851848504521,5.2082056823906475,5.224583625793457,3947850,0.0,0.0
1993-11-05 00:00:00-05:00,5.224583625793457,5.240962131490474,5.14269390877941,5.224583625793457,3433500,0.0,0.0
1993-11-08 00:00:00-05:00,5.224583906709823,5.32285213470459,5.208205962426401,5.32285213470459,3190950,0.0,0.0
1993-11-09 00:00:00-05:00,5.388363524435691,5.404741465832508,5.290095313760655,5.306473255157471,3786750,0.0,0.0
1993-11-10 00:00:00-05:00,5.339231687879587,5.503011162817891,5.306475230597577,5.486633777618408,7694100,0.0,0.0
1993-11-11 00:00:00-05:00,5.503008352374459,5.552142732056861,5.4538745349861175,5.519386291503906,5731200,0.0,0.0
1993-11-12 00:00:00-05:00,5.568521363338228,5.666789582546296,5.519387534881287,5.6176557540893555,6615000,0.0,0.0
1993-11-15 00:00:00-05:00,5.634034458384547,5.797813892364502,5.584900065896353,5.797813892364502,7207200,0.0,0.0
1993-11-16 00:00:00-05:00,5.650416561478965,5.650416561478965,5.388368685826318,5.552148818969727,13942350,0.0,0.0
1993-11-17 00:00:00-05:00,5.6176528759561055,5.781433344823437,5.584897007100199,5.650408744812012,10458000,0.0,0.0
1993-11-18 00:00:00-05:00,5.650412156447769,5.650412156447769,5.5357665462307635,5.584900379180908,7059600,0.0,0.0
1993-11-19 00:00:00-05:00,5.552143411992286,5.683167503367604,5.535765470857137,5.634033679962158,7263450,0.0,0.0
1993-11-22 00:00:00-05:00,5.584902596503543,5.601280547322646,5.404744575198953,5.437500476837158,5280300,0.0,0.0
1993-11-23 00:00:00-05:00,5.4538774270940245,5.470255374908446,5.388365635836334,5.470255374908447,3877200,0.0,0.0
1993-11-24 00:00:00-05:00,5.457796188995714,5.572524199758743,5.425016194650751,5.539745330810547,3124350,0.006667,0.0
1993-11-26 00:00:00-05:00,5.588916077467711,5.638085801705167,5.556136636441769,5.621695518493652,1157400,0.0,0.0
1993-11-29 00:00:00-05:00,5.670863057396866,5.703643051741829,5.539745330810547,5.539745330810547,4759200,0.0,0.0
1993-11-30 00:00:00-05:00,5.52335918192115,5.572528366153187,5.425020250758274,5.441410541534424,3029850,0.0,0.0
1993-12-01 00:00:00-05:00,5.539748302107607,5.572527188637073,5.474188840952619,5.490579128265381,3109050,0.0,0.0
1993-12-02 00:00:00-05:00,5.539746791117068,5.621695391835601,5.523356508274829,5.6053056716918945,3552750,0.0,0.0
1993-12-03 00:00:00-05:00,5.605306022897915,5.605306022897915,5.539747138215431,5.588916301727295,2141550,0.0,0.0
1993-12-06 00:00:00-05:00,5.6216957440685364,5.670864907580399,5.588916301727294,5.588916301727295,3560850,0.0,0.0
1993-12-07 00:00:00-05:00,5.588916301727294,5.605306022897915,5.490577974703569,5.588916301727295,3460500,0.0,0.0
1993-12-08 00:00:00-05:00,5.572530548291713,5.605310579981489,5.506971610310209,5.556141376495361,3737250,0.0,0.0
1993-12-09 00:00:00-05:00,5.556134387871166,5.556134387871166,5.506964683532715,5.506964683532715,3093300,0.0,0.0
1993-12-10 00:00:00-05:00,5.506968452404303,5.506968452404303,5.3922403767261295,5.425019264221191,4137300,0.0,0.0
1993-12-13 00:00:00-05:00,5.392239093780518,5.408628814977884,5.3430699301884195,5.392239093780518,4394700,0.0,0.0
1993-12-14 00:00:00-05:00,5.425017419602833,5.425017419602833,5.31028938293457,5.31028938293457,2809800,0.0,0.0
1993-12-15 00:00:00-05:00,5.261122105296955,5.293901556064203,5.21195236644737,5.24473237991333,5749200,0.0,0.0
1993-12-16 00:00:00-05:00,5.2611211098638995,5.277510269447893,5.1791719357523025,5.228341102600098,5639850,0.0,0.0
1993-12-17 00:00:00-05:00,5.21195236644737,5.24473237991333,5.195563203762458,5.24473237991333,7053300,0.0,0.0
1993-12-20 00:00:00-05:00,5.228338638309684,5.293898059238341,5.211948923752105,5.277507781982422,4697550,0.0,0.0
1993-12-21 00:00:00-05:00,5.2611218987835064,5.2611218987835064,5.130002975463867,5.130002975463867,5817600,0.0,0.0
1993-12-22 00:00:00-05:00,5.179171789065268,5.21195123270207,5.113612901791666,5.146392345428467,5196600,0.0,0.0
1993-12-23 00:00:00-05:00,5.130002206205901,5.293900554429097,5.113613046621908,5.228341102600098,4978350,0.0,0.0
1993-12-27 00:00:00-05:00,5.195563793182373,5.228342684969568,5.162783775997625,5.195563793182373,2122200,0.0,0.0
1993-12-28 00:00:00-05:00,5.228337947697083,5.29389735996598,5.211948235304425,5.261117935180664,3207150,0.0,0.0
1993-12-29 00:00:00-05:00,5.228337947697083,5.29389735996598,5.211948235304425,5.261117935180664,3592350,0.0,0.0
1993-12-30 00:00:00-05:00,5.277508694857199,5.29389897494822,5.1955606705927195,5.211949825286865,4078350,0.0,0.0
1993-12-31 00:00:00-05:00,5.195562802686213,5.211951964105949,5.1463930676323315,5.179172515869141,3655800,0.0,0.0
1994-01-03 00:00:00-05:00,5.179172339111524,5.19556262536922,5.031664264381453,5.080833435058594,5246550,0.0,0.0
1994-01-04 00:00:00-05:00,5.0808328954562745,5.146392345428468,4.998884286364271,5.146392345428467,5344200,0.0,0.0
1994-01-05 00:00:00-05:00,5.146393464912874,5.24473237991333,5.0808340006796655,5.24473237991333,6868800,0.0,0.0
1994-01-06 00:00:00-05:00,5.293899809164878,5.3102895291401655,4.982493441538832,4.9988837242126465,11669400,0.0,0.0
1994-01-07 00:00:00-05:00,5.015274890983911,5.097224077199405,4.949715992170466,5.064444065093994,7797150,0.0,0.0
1994-01-10 00:00:00-05:00,5.097224088681992,5.130002975463867,5.048054914461145,5.130002975463867,7637850,0.0,0.0
1994-01-11 00:00:00-05:00,5.113613801902766,5.162782976012849,5.064444065093994,5.064444065093994,5314050,0.0,0.0
1994-01-12 00:00:00-05:00,5.1136125532888395,5.162781715393066,5.0644428284860625,5.162781715393066,6417000,0.0,0.0
1994-01-13 00:00:00-05:00,5.097222835839772,5.097222835839772,4.9333245033240045,4.966104507446289,9364050,0.0,0.0
1994-01-14 00:00:00-05:00,4.949714660644531,4.966104380938884,4.867765496474235,4.949714660644531,9200700,0.0,0.0
1994-01-17 00:00:00-05:00,4.9824935385346985,5.015273541821939,4.933324377651642,4.949714660644531,4719150,0.0,0.0
1994-01-18 00:00:00-05:00,4.949714460318641,4.9824933368821736,4.8185961405719375,4.851375579833984,7733700,0.0,0.0
1994-01-19 00:00:00-05:00,4.851375899764672,4.966104507446289,4.851375899764672,4.966104507446289,5967000,0.0,0.0
1994-01-20 00:00:00-05:00,4.998884367565694,4.998884367565694,4.867766028190024,4.884155750274658,6373800,0.0,0.0
1994-01-21 00:00:00-05:00,4.884156739485059,4.949716203800248,4.884156739485059,4.900547027587891,4883400,0.0,0.0
1994-01-24 00:00:00-05:00,4.9169335795021585,4.949713575603602,4.785815283191624,4.802205562591553,8982000,0.0,0.0
1994-01-25 00:00:00-05:00,4.802207139851489,4.9169351944439255,4.785816855068256,4.884155750274658,7004700,0.0,0.0
1994-01-26 00:00:00-05:00,4.900545499761476,4.949714660644531,4.884155216768587,4.949714660644531,5764950,0.0,0.0
1994-01-27 00:00:00-05:00,4.966104574097338,5.064442899688355,4.949714853165502,5.048053741455078,5739300,0.0,0.0
1994-01-28 00:00:00-05:00,5.1136125532888395,5.195561719494435,5.097222832587431,5.162781715393066,9475650,0.0,0.0
1994-01-31 00:00:00-05:00,5.211953407963663,5.211953407963663,5.113615036010742,5.113615036010742,5693850,0.0,0.0
1994-02-01 00:00:00-05:00,5.113615036010742,5.162784221987202,5.0808350159942774,5.113615036010742,6521400,0.0,0.0
1994-02-02 00:00:00-05:00,5.130002060911477,5.179171789065268,5.113612901791666,5.146392345428467,3344400,0.0,0.0
1994-02-03 00:00:00-05:00,5.130002605735734,5.14639289199343,5.048054550639149,5.080833435058594,5442750,0.0,0.0
1994-02-04 00:00:00-05:00,5.0644442816290836,5.228342098368989,4.884156739485059,4.900547027587891,7113150,0.0,0.0
1994-02-07 00:00:00-05:00,4.8677679807307905,5.113615036010742,4.8677679807307905,5.113615036010742,7591950,0.0,0.0
1994-02-08 00:00:00-05:00,5.113615036010742,5.162784221987202,5.0808350159942774,5.113615036010742,6885450,0.0,0.0
1994-02-09 00:00:00-05:00,5.1955606705927195,5.228339542679449,5.146390955716531,5.211949825286865,6046650,0.0,0.0
1994-02-10 00:00:00-05:00,5.228342684969568,5.310291883883272,5.195563793182373,5.195563793182373,6683400,0.0,0.0
1994-02-11 00:00:00-05:00,5.195561719494435,5.2119508774972925,5.0644428284860625,5.162781715393066,3012300,0.0,0.0
1994-02-14 00:00:00-05:00,5.179171436094475,5.2119508774972925,5.130001711291698,5.162781715393066,2838150,0.0,0.0
1994-02-15 00:00:00-05:00,5.162780673109115,5.228339542679449,5.162780673109115,5.211949825286865,3240450,0.0,0.0
1994-02-16 00:00:00-05:00,5.228341102600098,5.2611211098638995,5.195562220733506,5.228341102600098,2765700,0.0,0.0
1994-02-17 00:00:00-05:00,5.2283405981987014,5.2775097603029275,5.097222832587431,5.162781715393066,3666600,0.0,0.0
1994-02-18 00:00:00-05:00,5.1463944933283825,5.179173950646023,5.064445287335457,5.113615036010742,3227400,0.0,0.0
1994-02-22 00:00:00-05:00,4.982491136410688,5.261117935180664,4.982491136410688,5.261117935180664,8430300,0.0,0.0
1994-02-23 00:00:00-05:00,5.34307426535645,5.556141376495361,5.310294233666674,5.556141376495361,16460550,0.0,0.0
1994-02-24 00:00:00-05:00,5.474189997689114,5.572528366153187,5.425020250758274,5.441410541534424,10444500,0.0,0.0
1994-02-25 00:00:00-05:00,5.457800992348377,5.474190722596094,5.32668258766776,5.408631801605225,8256150,0.0,0.0
1994-02-28 00:00:00-05:00,5.441409709091867,5.490579448500579,5.392240532381874,5.457799434661865,7194600,0.0,0.0
1994-03-01 00:00:00-05:00,5.457797978569983,5.457797978569983,5.359459088687217,5.392239093780518,4949550,0.0,0.0
1994-03-02 00:00:00-05:00,5.228340717757246,5.375848770141602,5.211950996681047,5.375848770141602,5756850,0.0,0.0
1994-03-03 00:00:00-05:00,5.379785014929137,5.396187299816996,5.314178127820011,5.3633832931518555,6019200,0.006667,0.0
1994-03-04 00:00:00-05:00,5.428988623732402,5.543801769476804,5.396185752693226,5.510997772216797,7274700,0.0,0.0
1994-03-07 00:00:00-05:00,5.527402273790439,5.527402273790439,5.47819709777832,5.47819709777832,4020300,0.0,0.0
1994-03-08 00:00:00-05:00,5.510998454531976,5.609409332275391,5.478195016321,5.609409332275391,7622550,0.0,0.0
1994-03-09 00:00:00-05:00,5.642219475881899,5.642219475881899,5.527406190933413,5.560210227966309,5340600,0.0,0.0
1994-03-10 00:00:00-05:00,5.560206243171741,5.576607405267434,5.461795328822722,5.494599342346191,4137300,0.0,0.0
1994-03-11 00:00:00-05:00,5.510999724411266,5.543803733291634,5.4617945557566365,5.527401447296143,4186800,0.0,0.0
1994-03-14 00:00:00-05:00,5.625811051380879,5.625811051380879,5.5274001736374645,5.609409332275391,5069250,0.0,0.0
1994-03-15 00:00:00-05:00,5.62581205368042,5.642214338818639,5.593008609625154,5.62581205368042,5635350,0.0,0.0
1994-03-16 00:00:00-05:00,5.625812013228013,5.642214298248291,5.59300856940862,5.642214298248291,3153150,0.0,0.0
1994-03-17 00:00:00-05:00,5.625812441372003,5.658615887687853,5.576606708787604,5.593008995056152,3991950,0.0,0.0
1994-03-18 00:00:00-05:00,5.576606615950772,5.576606615950772,5.494598564637005,5.527401447296143,7594200,0.0,0.0
1994-03-21 00:00:00-05:00,5.527401118659252,5.675017178957103,5.510999396749556,5.642214298248291,6837750,0.0,0.0
1994-03-22 00:00:00-05:00,5.642213489093578,5.691418647766113,5.5602043281955185,5.691418647766113,5480100,0.0,0.0
1994-03-23 00:00:00-05:00,5.65861594688053,5.8554377530557575,5.65861594688053,5.822633743286133,8453250,0.0,0.0
1994-03-24 00:00:00-05:00,5.74062432732901,5.789830053576854,5.5930082748065795,5.6750168800354,7625700,0.0,0.0
1994-03-25 00:00:00-05:00,5.6750163650981005,5.75702552599616,5.625811206425565,5.691418647766113,3680100,0.0,0.0
1994-03-28 00:00:00-05:00,5.6914198971143275,5.707821620272252,5.5274015393138285,5.593008995056152,5032350,0.0,0.0
1994-03-29 00:00:00-05:00,5.6094121082764055,5.6094121082764055,5.346983909606934,5.346983909606934,4596750,0.0,0.0
1994-03-30 00:00:00-05:00,5.363385073718589,5.445394272941449,5.264974710384074,5.346983909606934,11243250,0.0,0.0
1994-03-31 00:00:00-05:00,5.346983909606934,5.379786800941008,5.117358602271536,5.346983909606934,9322200,0.0,0.0
1994-04-04 00:00:00-04:00,5.215766150507056,5.314177023837157,5.182962713767176,5.281373023986816,6144300,0.0,0.0
1994-04-05 00:00:00-04:00,5.4781964108048395,5.57660675048828,5.396187794401971,5.576606750488281,7245900,0.0,0.0
1994-04-06 00:00:00-04:00,5.576605135302161,5.609409135472715,5.510998261181986,5.543802261352539,5432850,0.0,0.0
1994-04-07 00:00:00-04:00,5.543803443542255,5.642214338818639,5.527401158404036,5.62581205368042,5531850,0.0,0.0
1994-04-08 00:00:00-04:00,5.642214727640552,5.642214727640552,5.543803825582378,5.593008995056152,3578850,0.0,0.0
1994-04-11 00:00:00-04:00,5.576606284388342,5.675017178957103,5.560205125589227,5.642214298248291,4852350,0.0,0.0
1994-04-12 00:00:00-04:00,5.642212635035995,5.658613789000376,5.478194338067206,5.510997772216797,3594600,0.0,0.0
1994-04-13 00:00:00-04:00,5.527402273790439,5.527402273790439,5.396188471091458,5.47819709777832,2639250,0.0,0.0
1994-04-14 00:00:00-04:00,5.445395506458423,5.527404161147511,5.39619031364497,5.46179723739624,3640050,0.0,0.0
1994-04-15 00:00:00-04:00,5.461795372440948,5.527402273790439,5.41259019642883,5.47819709777832,4049100,0.0,0.0
1994-04-18 00:00:00-04:00,5.527399938704548,5.527399938704548,5.3141770362854,5.3141770362854,4030200,0.0,0.0
1994-04-19 00:00:00-04:00,5.281372887930222,5.330578604882884,5.199364861303639,5.264971733093262,5031900,0.0,0.0
1994-04-20 00:00:00-04:00,5.264974911425373,5.3305818228202275,5.182965709071019,5.199368000030518,3696300,0.0,0.0
1994-04-21 00:00:00-04:00,5.281376963155637,5.412591934204102,5.199368873249828,5.412591934204102,4853700,0.0,0.0
1994-04-22 00:00:00-04:00,5.42899227142334,5.445394562629104,5.363385359043464,5.42899227142334,3077100,0.0,0.0
1994-04-25 00:00:00-04:00,5.445393647103575,5.494599386226392,5.396188471091458,5.47819709777832,2260350,0.0,0.0
1994-04-26 00:00:00-04:00,5.47819705402911,5.494599342346191,5.445393603616335,5.494599342346191,2251350,0.0,0.0
1994-04-28 00:00:00-04:00,5.511000331976452,5.511000331976452,5.379785971320979,5.396188259124756,2815200,0.0,0.0
1994-04-29 00:00:00-04:00,5.412587469768022,5.510997772216797,5.379783472508015,5.510997772216797,3037950,0.0,0.0
1994-05-02 00:00:00-04:00,5.543802261352539,5.625810854002759,5.4945971057624075,5.543802261352539,3243600,0.0,0.0
1994-05-03 00:00:00-04:00,5.560206243171741,5.560206243171741,5.428991315299252,5.494599342346191,2232000,0.0,0.0
1994-05-04 00:00:00-04:00,5.478195016321,5.625811051380879,5.461793297215512,5.609409332275391,2907450,0.0,0.0
1994-05-05 00:00:00-04:00,5.5930076131699025,5.625811051380879,5.543802455853438,5.609409332275391,2335050,0.0,0.0
1994-05-06 00:00:00-04:00,5.47819709777832,5.511000548453066,5.428991358655503,5.47819709777832,3701250,0.0,0.0
1994-05-09 00:00:00-04:00,5.412590818496611,5.478197727386287,5.314179892051331,5.346983909606934,2911500,0.0,0.0
1994-05-10 00:00:00-04:00,5.4617951578971535,5.4617951578971535,5.36338424662788,5.396188259124756,3687750,0.0,0.0
1994-05-11 00:00:00-04:00,5.412591640297827,5.412591640297827,5.232171487236248,5.2485737800598145,4153050,0.0,0.0
1994-05-12 00:00:00-04:00,5.2485737800598145,5.297778969197963,5.199368590921665,5.2485737800598145,4963050,0.0,0.0
1994-05-13 00:00:00-04:00,5.297775168988073,5.314176886935479,5.215766016140599,5.264971733093262,2449350,0.0,0.0
1994-05-16 00:00:00-04:00,5.281375874495729,5.445394272941449,5.281375874495729,5.346983909606934,3663900,0.0,0.0
1994-05-17 00:00:00-04:00,5.445392923524204,5.593008995056153,5.445392923524204,5.593008995056152,10927800,0.0,0.0
1994-05-18 00:00:00-04:00,5.642214786661662,5.888241199714752,5.625812500221535,5.822633743286133,14749650,0.0,0.0
1994-05-19 00:00:00-04:00,5.839038058879045,5.8882432459670735,5.7734305796508485,5.871840953826904,8923950,0.0,0.0
1994-05-20 00:00:00-04:00,5.855439186096191,5.8882426407833925,5.822635168298222,5.855439186096191,6139350,0.0,0.0
1994-05-23 00:00:00-04:00,5.822635766738876,5.904644974996415,5.806234037709533,5.871840953826904,6162300,0.0,0.0
1994-05-24 00:00:00-04:00,5.888243811711136,6.05226168087427,5.871841517995031,5.986654758453369,9568800,0.0,0.0
1994-05-25 00:00:00-04:00,6.003053330823114,6.085062503814697,5.986651608846914,6.085062503814697,7766550,0.0,0.0
1994-05-26 00:00:00-04:00,6.0686611263179895,6.085063413857795,6.019455389919911,6.035857677459717,5352750,0.0,0.0
1994-05-27 00:00:00-04:00,6.0030564890585945,6.035859950269045,5.970252464737263,5.986654758453369,4387050,0.0,0.0
1994-05-31 00:00:00-04:00,5.970251921192126,5.986654213414931,5.904645004744226,5.921046733856201,6038550,0.0,0.0
1994-06-01 00:00:00-04:00,5.904643318915954,6.085063413857795,5.904643318915954,6.035857677459717,4917600,0.0,0.0
1994-06-02 00:00:00-04:00,6.052259401888853,6.052259401888853,5.970250216632501,6.035857677459717,3256650,0.0,0.0
1994-06-03 00:00:00-04:00,5.970250129699708,6.035857589571613,5.970250129699708,5.970250129699707,5302350,0.0,0.0
1994-06-06 00:00:00-04:00,5.975503525294395,6.008336401983235,5.942671775817871,5.942671775817871,3358800,0.008889,0.0
1994-06-07 00:00:00-04:00,5.909837966090676,5.909837966090676,5.82775663273672,5.860589504241943,4003200,0.0,0.0
1994-06-08 00:00:00-04:00,5.909837324354682,5.909837324354682,5.7785075434127995,5.794924259185791,5099850,0.0,0.0
1994-06-09 00:00:00-04:00,5.811340478787143,5.893421812141098,5.745675862988832,5.860589504241943,3221100,0.0,0.0
1994-06-10 00:00:00-04:00,5.8770043839331185,5.893421099503642,5.827755928039551,5.827755928039551,1408050,0.0,0.0
1994-06-13 00:00:00-04:00,5.82775663273672,5.860589504241943,5.778508170887987,5.860589504241943,1359900,0.0,0.0
1994-06-14 00:00:00-04:00,5.860588709059578,5.926253315948316,5.581512438964464,5.6471781730651855,12923550,0.0,0.0
1994-06-15 00:00:00-04:00,5.794924259185791,5.844172715686744,5.7785075434127995,5.794924259185791,3083400,0.0,0.0
1994-06-16 00:00:00-04:00,5.794923546887636,5.81133913343085,5.745674532834247,5.762090682983398,2501550,0.0,0.0
1994-06-17 00:00:00-04:00,5.7785061793868735,5.7785061793868735,5.680008726029446,5.696425437927246,4709700,0.0,0.0
1994-06-20 00:00:00-04:00,5.614345306014825,5.712842779953925,5.597929154292641,5.6471781730651855,3157200,0.0,0.0
1994-06-21 00:00:00-04:00,5.614345550537109,5.630761702974268,5.499432483476994,5.614345550537109,5860350,0.0,0.0
1994-06-22 00:00:00-04:00,5.647176279114122,5.712840863980259,5.630759569291785,5.6635918617248535,3141000,0.0,0.0
1994-06-23 00:00:00-04:00,5.6471815645353685,5.6471815645353685,5.548684031442611,5.565100193023682,4969800,0.0,0.0
1994-06-24 00:00:00-04:00,5.548683473105738,5.581515229357851,5.417353630065918,5.417353630065918,6404400,0.0,0.0
1994-06-27 00:00:00-04:00,5.433766754266047,5.548680948702088,5.368102144423759,5.532264232635498,4670100,0.0,0.0
1994-06-28 00:00:00-04:00,5.532268722195481,5.59793394893259,5.499436954236638,5.581517219543457,5093100,0.0,0.0
1994-06-29 00:00:00-04:00,5.59792939809995,5.680010160285746,5.581512682056774,5.614345550537109,3487950,0.0,0.0
1994-06-30 00:00:00-04:00,5.581512690017215,5.5979294060838045,5.499432491320371,5.532264232635498,6079050,0.0,0.0
1994-07-01 00:00:00-04:00,5.565098899667695,5.630763530731201,5.532266020529743,5.630763530731201,5376150,0.0,0.0
1994-07-05 00:00:00-04:00,5.61434342307525,5.680008007941388,5.597927276858716,5.6635918617248535,2619450,0.0,0.0
1994-07-06 00:00:00-04:00,5.663596757479617,5.729261399107913,5.647181160678833,5.712845802307129,2729250,0.0,0.0
1994-07-07 00:00:00-04:00,5.696429641900055,5.729261399107913,5.630764436665468,5.712845802307129,2754900,0.0,0.0
1994-07-08 00:00:00-04:00,5.6800093686317075,5.762090682983398,5.6471776319393445,5.762090682983398,3615300,0.0,0.0
1994-07-11 00:00:00-04:00,5.794922891284673,5.811338475970725,5.597927984569819,5.696425437927246,3014550,0.0,0.0
1994-07-12 00:00:00-04:00,5.696427513472643,5.712843667745944,5.630762332773358,5.680010795593262,2086200,0.0,0.0
1994-07-13 00:00:00-04:00,5.6635918617248535,5.680008007941388,5.597927276858716,5.6635918617248535,4080600,0.0,0.0
1994-07-14 00:00:00-04:00,5.762094283528351,5.762094283528351,5.680012917886691,5.712845802307129,2627100,0.0,0.0
1994-07-15 00:00:00-04:00,5.712842779953925,5.729258368070117,5.647178173065186,5.6471781730651855,1828800,0.0,0.0
1994-07-18 00:00:00-04:00,5.680008007941388,5.696424717763725,5.647176279114122,5.6635918617248535,2035800,0.0,0.0
1994-07-19 00:00:00-04:00,5.647178173065186,5.6800099129035635,5.63076145773701,5.6471781730651855,2418300,0.0,0.0
1994-07-20 00:00:00-04:00,5.630760823765088,5.647177537244893,5.5815118105375285,5.597928524017334,2949300,0.0,0.0
1994-07-21 00:00:00-04:00,5.5979294060838045,5.647178427071538,5.532264232635498,5.532264232635498,5773500,0.0,0.0
1994-07-22 00:00:00-04:00,5.532265137952024,5.548681856705095,5.351687431335449,5.351687431335449,10004850,0.0,0.0
1994-07-25 00:00:00-04:00,5.335270712582378,5.351687431335449,5.302438402288455,5.351687431335449,4609350,0.0,0.0
1994-07-26 00:00:00-04:00,5.351685458257282,5.400933905541075,5.335268745556782,5.384517192840576,2615850,0.0,0.0
1994-07-27 00:00:00-04:00,5.417349469801465,5.417349469801465,5.286019164010745,5.302435874938965,6151500,0.0,0.0
1994-07-28 00:00:00-04:00,5.253188532165018,5.318853135194399,5.253188532165018,5.269604682922363,6035400,0.0,0.0
1994-07-29 00:00:00-04:00,5.26960609638001,5.450184366752976,5.26960609638001,5.36810302734375,7268400,0.0,0.0
1994-08-01 00:00:00-04:00,5.351686244917195,5.400934699440162,5.318853378295898,5.318853378295898,2954700,0.0,0.0
1994-08-02 00:00:00-04:00,5.3681030228763005,5.3681030228763005,5.302438402288455,5.351687431335449,3051450,0.0,0.0
1994-08-03 00:00:00-04:00,5.417354580545484,5.483019231783177,5.318857040082571,5.433770179748535,3183750,0.0,0.0
1994-08-04 00:00:00-04:00,5.450185863865967,5.466602023535949,5.286023139953613,5.286023139953613,5220000,0.0,0.0
1994-08-05 00:00:00-04:00,5.286023139953613,5.286023139953613,5.220358501273683,5.286023139953613,5361300,0.0,0.0
1994-08-08 00:00:00-04:00,5.318856110865778,5.318856110865778,5.236774747552098,5.2531914710998535,2924100,0.0,0.0
1994-08-09 00:00:00-04:00,5.236774660943666,5.335272182569825,5.236774660943666,5.286023139953613,5440950,0.0,0.0
1994-08-10 00:00:00-04:00,5.302440877273148,5.466603068973754,5.302440877273148,5.433770179748535,7032600,0.0,0.0
1994-08-11 00:00:00-04:00,5.417352760841332,5.499434110923463,5.351688131660574,5.400936603546143,6309900,0.0,0.0
1994-08-12 00:00:00-04:00,5.417354580545484,5.450186906164331,5.368105528510842,5.433770179748535,5597100,0.0,0.0
1994-08-15 00:00:00-04:00,5.450182606678861,5.548680069440081,5.450182606678861,5.515847206115723,5427000,0.0,0.0
1994-08-16 00:00:00-04:00,5.696426712323369,5.8770043839331185,5.630761540859279,5.827755928039551,19369350,0.0,0.0
1994-08-17 00:00:00-04:00,5.82775528358,5.8441719973350885,5.72925781907916,5.762090682983398,7443000,0.0,0.0
1994-08-18 00:00:00-04:00,5.745681093759911,5.811345769338233,5.729264361258749,5.778513431549072,4013550,0.0,0.0
1994-08-19 00:00:00-04:00,5.811340478787143,5.860589504241943,5.778508170887987,5.860589504241943,6003900,0.0,0.0
1994-08-22 00:00:00-04:00,5.811342456068662,5.844175338745117,5.778510136998467,5.844175338745117,3053250,0.0,0.0
1994-08-23 00:00:00-04:00,5.8441726381444825,5.926253397890332,5.8441726381444825,5.909837245941162,7586550,0.0,0.0
1994-08-24 00:00:00-04:00,5.942672644072536,5.991921120892012,5.926255921526471,5.975504398345947,6170850,0.0,0.0
1994-08-25 00:00:00-04:00,5.975501853737842,5.975501853737842,5.877004378436823,5.909837245941162,5082750,0.0,0.0
1994-08-26 00:00:00-04:00,5.9426728595706955,6.024753093640044,5.909839976894192,6.008337497711182,5601600,0.0,0.0
1994-08-29 00:00:00-04:00,6.04116678456063,6.073999087151476,5.942669876788094,5.959085464477539,5515650,0.0,0.0
1994-08-30 00:00:00-04:00,5.942669876788094,5.975501615772962,5.893420859295849,5.959085464477539,4074300,0.0,0.0
1994-08-31 00:00:00-04:00,5.926255055670373,5.959087368753055,5.893422742587691,5.942671775817871,4234500,0.0,0.0
1994-09-01 00:00:00-04:00,5.844172715686744,5.877004456414706,5.7785075434127995,5.794924259185791,2821500,0.0,0.0
1994-09-02 00:00:00-04:00,5.816612720489503,5.83304376772089,5.734456920215173,5.816612720489502,4298400,0.008889,0.0
1994-09-06 00:00:00-04:00,5.783749779910016,5.816611869565329,5.750887690254704,5.8001813888549805,2218050,0.0,0.0
1994-09-07 00:00:00-04:00,5.783755302429199,5.8166174234623425,5.750893181396056,5.783755302429199,2127600,0.0,0.0
1994-09-08 00:00:00-04:00,5.800184299454749,5.898770617892445,5.800184299454749,5.882339000701904,3473550,0.0,0.0
1994-09-09 00:00:00-04:00,5.8166174234623425,5.8659111691299035,5.767324241912628,5.783755302429199,3679200,0.0,0.0
1994-09-12 00:00:00-04:00,5.78375360824252,5.800185228063761,5.73445987701416,5.73445987701416,2934450,0.0,0.0
1994-09-13 00:00:00-04:00,5.767318047358354,5.800180697212268,5.70159387588501,5.70159387588501,3263400,0.0,0.0
1994-09-14 00:00:00-04:00,5.718030995337878,5.7508931159973145,5.701599935008159,5.7508931159973145,3472200,0.0,0.0
1994-09-15 00:00:00-04:00,5.76731873508236,5.833042914392985,5.750887690254704,5.8001813888549805,5652000,0.0,0.0
1994-09-16 00:00:00-04:00,5.685168375211924,5.783755302429199,5.685168375211924,5.783755302429199,6353100,0.0,0.0
1994-09-19 00:00:00-04:00,5.783754402498215,5.915203430295647,5.767323344538256,5.8494791984558105,5473350,0.0,0.0
1994-09-20 00:00:00-04:00,5.816615719649639,5.833046775353199,5.718029385428282,5.73445987701416,5679900,0.0,0.0
1994-09-21 00:00:00-04:00,5.734456641731212,5.734456641731212,5.570146177396787,5.603008270263672,6441750,0.0,0.0
1994-09-22 00:00:00-04:00,5.652301788330078,5.652301788330078,5.603008086528836,5.652301788330078,4092300,0.0,0.0
1994-09-23 00:00:00-04:00,5.635870363130557,5.652301973681363,5.603008270263672,5.603008270263672,3570300,0.0,0.0
1994-09-26 00:00:00-04:00,5.652302738326141,5.652302738326141,5.57014693092751,5.586577415466309,3429450,0.0,0.0
1994-09-27 00:00:00-04:00,5.586575787564301,5.635869483286504,5.5208516120910645,5.5208516120910645,6258600,0.0,0.0
1994-09-28 00:00:00-04:00,5.520854583748725,5.5537172532912935,5.47156142561124,5.504424095153809,4082850,0.0,0.0
1994-09-29 00:00:00-04:00,5.520854583748725,5.570148306003788,5.504424095153809,5.504424095153809,3648150,0.0,0.0
1994-09-30 00:00:00-04:00,5.5208516120910645,5.668731571023121,5.471558480486136,5.5208516120910645,6126300,0.0,0.0
1994-10-03 00:00:00-04:00,5.5537158822712716,5.586577415466309,5.504422736302557,5.586577415466309,3480750,0.0,0.0
1994-10-04 00:00:00-04:00,5.635872727807708,5.635872727807708,5.455130577087402,5.455130577087402,4743000,0.0,0.0
1994-10-05 00:00:00-04:00,5.4715616304149215,5.4715616304149215,5.3729747463322095,5.455130577087402,4588650,0.0,0.0
1994-10-06 00:00:00-04:00,5.487991637764644,5.487991637764644,5.3894047724719885,5.422267436981201,3170250,0.0,0.0
1994-10-07 00:00:00-04:00,5.38940449188879,5.487991352048816,5.372973442548362,5.40583610534668,3712050,0.0,0.0
1994-10-10 00:00:00-04:00,5.43869860860521,5.6358723640441895,5.43869860860521,5.6358723640441895,4718250,0.0,0.0
1994-10-11 00:00:00-04:00,5.668731423978944,5.833042422517162,5.652300944654108,5.767318248748779,9755550,0.0,0.0
1994-10-12 00:00:00-04:00,5.767324241912628,5.8166174234623425,5.734461556761638,5.783755302429199,3444300,0.0,0.0
1994-10-13 00:00:00-04:00,5.849475379069668,5.882336909415054,5.800182237375505,5.816612720489502,5602500,0.0,0.0
1994-10-14 00:00:00-04:00,5.83304376772089,5.83304376772089,5.783750626026727,5.816612720489502,2430000,0.0,0.0
1994-10-17 00:00:00-04:00,5.816611869565329,5.816611869565329,5.750887690254704,5.8001813888549805,3190950,0.0,0.0
1994-10-18 00:00:00-04:00,5.8001848596337044,5.8001848596337044,5.701597967556944,5.718029022216797,2943900,0.0,0.0
1994-10-19 00:00:00-04:00,5.652302248175625,5.83304376772089,5.652302248175625,5.816612720489502,3371850,0.0,0.0
1994-10-20 00:00:00-04:00,5.783753240856206,5.8001848596337044,5.685166348779447,5.718029022216797,2826900,0.0,0.0
1994-10-21 00:00:00-04:00,5.701599935008159,5.7508931159973145,5.635875129571444,5.7508931159973145,2671650,0.0,0.0
1994-10-24 00:00:00-04:00,5.7508931159973145,5.849480042093467,5.718030995337878,5.7508931159973145,5136750,0.0,0.0
1994-10-25 00:00:00-04:00,5.652304803577388,5.7344595127590035,5.652304803577388,5.718029022216797,3910050,0.0,0.0
1994-10-26 00:00:00-04:00,5.750893181396056,5.833048483978914,5.750893181396056,5.783755302429199,4077900,0.0,0.0
1994-10-27 00:00:00-04:00,5.80018582368966,5.865910053253174,5.767323144790164,5.865910053253174,2808000,0.0,0.0
1994-10-28 00:00:00-04:00,5.849478725187958,6.0302203481241206,5.849478725187958,5.997358798980713,7791750,0.0,0.0
1994-10-31 00:00:00-05:00,5.997356220005615,6.046649368700322,5.980924606323242,5.980924606323242,4124700,0.0,0.0
1994-11-01 00:00:00-05:00,5.964493094996293,5.980924143289128,5.898768901824951,5.898768901824951,2828700,0.0,0.0
1994-11-02 00:00:00-05:00,5.865907618676039,6.030218124389648,5.849476568104679,6.030218124389648,5083650,0.0,0.0
1994-11-03 00:00:00-05:00,6.0302203481241206,6.063083025502954,5.98092717823244,5.997358798980713,5222700,0.0,0.0
1994-11-04 00:00:00-05:00,6.0630804182652245,6.0630804182652245,5.980924606323242,5.980924606323242,5487300,0.0,0.0
1994-11-07 00:00:00-05:00,5.964495921423065,6.063082822015392,5.915202753185749,6.013789653778076,4973850,0.0,0.0
1994-11-08 00:00:00-05:00,6.030219228598608,6.161668785474572,6.013788739136124,6.128806114196777,9135450,0.0,0.0
1994-11-09 00:00:00-05:00,6.210961946214852,6.2273929997949455,6.112375060616683,6.128806114196777,7425450,0.0,0.0
1994-11-10 00:00:00-05:00,6.161664009094238,6.2931128999564345,6.14523296825111,6.161664009094238,7358850,0.0,0.0
1994-11-11 00:00:00-05:00,6.145236014142616,6.293116019144791,6.095942867181041,6.112373352050781,4876200,0.0,0.0
1994-11-14 00:00:00-05:00,6.145237129197734,6.243824005126953,6.112374461142959,6.243824005126953,5176800,0.0,0.0
1994-11-15 00:00:00-05:00,6.309548383665342,6.342410488491434,6.194530452656447,6.27668571472168,19775250,0.0,0.0
1994-11-16 00:00:00-05:00,6.309548383665342,6.325978871960819,6.2602546623086335,6.27668571472168,5194350,0.0,0.0
1994-11-17 00:00:00-05:00,6.276685749582066,6.2931173662039415,6.161668382051939,6.194530487060547,3433050,0.0,0.0
1994-11-18 00:00:00-05:00,6.178094485820195,6.260250254153007,6.128801363290811,6.161664009094238,3077100,0.0,0.0
1994-11-21 00:00:00-05:00,6.161668906600624,6.161668906600624,6.063082019064435,6.079513072967529,4054500,0.0,0.0
1994-11-22 00:00:00-05:00,6.046648506082964,6.063079553303806,5.9151995641988355,5.931630611419678,6491700,0.0,0.0
1994-11-23 00:00:00-05:00,5.948063071310909,6.046649368700322,5.898769358498731,5.980924606323242,8744400,0.0,0.0
1994-11-25 00:00:00-05:00,5.931634008340759,6.0302203481241206,5.931634008340759,5.997358798980713,1026450,0.0,0.0
1994-11-28 00:00:00-05:00,6.013787992554517,6.145236968994141,5.997356941014256,6.145236968994141,4892850,0.0,0.0
1994-11-29 00:00:00-05:00,6.161664009094238,6.24381977742705,6.14523296825111,6.161664009094238,5201100,0.0,0.0
1994-11-30 00:00:00-05:00,6.194531014406814,6.210962068309908,6.079513072967529,6.079513072967529,4444650,0.0,0.0
1994-12-01 00:00:00-05:00,6.051885486678568,6.167002997928115,6.051885486678568,6.068330764770508,4772250,0.008889,0.0
1994-12-02 00:00:00-05:00,6.068328410225975,6.150555333387149,6.068328410225975,6.1341094970703125,3806550,0.0,0.0
1994-12-05 00:00:00-05:00,6.150557839942856,6.199893675182094,6.051885604858399,6.051885604858398,5475150,0.0,0.0
1994-12-06 00:00:00-05:00,6.018991297777048,6.0518818341100875,5.9203191241723,5.986100196838379,4461300,0.0,0.0
1994-12-07 00:00:00-05:00,5.936764392338819,6.018991297777048,5.936764392338819,5.986100196838379,4833450,0.0,0.0
1994-12-08 00:00:00-05:00,5.98610254499273,5.98610254499273,5.805204524200571,5.8545403480529785,5049450,0.0,0.0
1994-12-09 00:00:00-05:00,5.854540348052978,5.887430332682065,5.805204524200571,5.8545403480529785,5463900,0.0,0.0
1994-12-12 00:00:00-05:00,5.8545402072022314,5.920321304089521,5.838094368374572,5.887430191040039,4776300,0.0,0.0
1994-12-13 00:00:00-05:00,5.887428087489035,5.969654993824688,5.887428087489035,5.903873920440674,4155750,0.0,0.0
1994-12-14 00:00:00-05:00,5.903877534534704,6.101222004703618,5.887431691515644,6.051885604858398,8645400,0.0,0.0
1994-12-15 00:00:00-05:00,6.051881065399547,6.166998492548588,6.051881065399547,6.150553226470947,3838050,0.0,0.0
1994-12-16 00:00:00-05:00,6.216333643619347,6.216333643619347,6.084770964089226,6.101216793060303,6776100,0.0,0.0
1994-12-19 00:00:00-05:00,6.068330764770508,6.101221885560357,6.051885486678568,6.068330764770508,2169000,0.0,0.0
1994-12-20 00:00:00-05:00,6.0354360672087015,6.0354360672087015,5.903873920440673,5.903873920440674,3073500,0.0,0.0
1994-12-21 00:00:00-05:00,5.9203223542343375,6.199893194807174,5.9203223542343375,6.117666244506836,6951600,0.0,0.0
1994-12-22 00:00:00-05:00,6.134106757185959,6.134106757185959,6.0683256997236485,6.101216793060303,3898350,0.0,0.0
1994-12-23 00:00:00-05:00,6.117666244506836,6.134111521645717,6.117666244506836,6.117666244506836,1359450,0.0,0.0
1994-12-27 00:00:00-05:00,6.117662129710109,6.166998492548588,6.117662129710109,6.150553226470947,1254600,0.0,0.0
1994-12-28 00:00:00-05:00,6.150557363390534,6.150557363390534,6.068330413090196,6.117666244506836,3636000,0.0,0.0
1994-12-29 00:00:00-05:00,6.117661492820382,6.150552586157036,6.084770964089226,6.101216793060303,2873700,0.0,0.0
1994-12-30 00:00:00-05:00,6.134111996923795,6.134111996923795,6.0354397618393385,6.051885604858398,2752200,0.0,0.0
1995-01-03 00:00:00-05:00,6.0354380391513995,6.0354380391513995,5.936766396836655,5.969656944274902,3177900,0.0,0.0
1995-01-04 00:00:00-05:00,6.018994527687826,6.035439240073273,5.920322301133622,5.936767578125,4594500,0.0,0.0
1995-01-05 00:00:00-05:00,5.93676445713268,5.93676445713268,5.887428087489035,5.903873920440674,4221000,0.0,0.0
1995-01-06 00:00:00-05:00,5.920321304089521,5.936766578311343,5.870985481424054,5.887430191040039,3775050,0.0,0.0
1995-01-09 00:00:00-05:00,5.887430011073461,5.969656944274903,5.870985301960157,5.969656944274902,4412700,0.0,0.0
1995-01-10 00:00:00-05:00,5.986101293547843,6.051882942871361,5.9696560223683965,6.035437107086182,2899350,0.0,0.0
1995-01-11 00:00:00-05:00,6.051882942871361,6.101219321015434,5.920320208830057,6.035437107086182,3658950,0.0,0.0
1995-01-12 00:00:00-05:00,6.035437608789088,6.084773991034306,5.986101791149651,6.018992900848389,2626200,0.0,0.0
1995-01-13 00:00:00-05:00,6.05188313851489,6.183445312203567,6.035437302198055,6.1341094970703125,4626450,0.0,0.0
1995-01-16 00:00:00-05:00,6.166998843886218,6.21633464492983,6.1505535768716815,6.183443546295166,4188600,0.0,0.0
1995-01-17 00:00:00-05:00,6.166998843886218,6.21633464492983,6.117662478237017,6.183443546295166,4158000,0.0,0.0
1995-01-18 00:00:00-05:00,6.134107745251554,6.232779911944367,6.134107745251554,6.183443546295166,3455100,0.0,0.0
1995-01-19 00:00:00-05:00,6.150556221807788,6.249228430932811,6.1341103831154244,6.199892044067383,3726000,0.0,0.0
1995-01-20 00:00:00-05:00,6.18344319402067,6.199889024703869,6.134107395787749,6.150553226470947,3612600,0.0,0.0
1995-01-23 00:00:00-05:00,6.084771963284152,6.199889397352404,6.084771963284152,6.166998863220215,2628900,0.0,0.0
1995-01-24 00:00:00-05:00,6.150553596154121,6.216334664418498,6.134107764482435,6.166998863220215,2698650,0.0,0.0
1995-01-25 00:00:00-05:00,6.183445617490525,6.265672544711379,6.134109799921481,6.216336727142334,3565350,0.0,0.0
1995-01-26 00:00:00-05:00,6.183445032708313,6.282117223120532,6.183445032708313,6.232781410217285,2961000,0.0,0.0
1995-01-27 00:00:00-05:00,6.249228811730858,6.315009912085369,6.249228811730858,6.282118797302246,2753550,0.0,0.0
1995-01-30 00:00:00-05:00,6.265672544711379,6.380790016978262,6.199891454619319,6.216336727142334,3507750,0.0,0.0
1995-01-31 00:00:00-05:00,6.199889024703869,6.249225387542348,6.134107395787749,6.150553226470947,4748850,0.0,0.0
1995-02-01 00:00:00-05:00,6.150555467152728,6.298563480377197,6.117664358409474,6.298563480377197,7528500,0.0,0.0
1995-02-02 00:00:00-05:00,6.347899296583432,6.380789840720922,6.282117643702689,6.298563480377197,6021000,0.0,0.0
1995-02-03 00:00:00-05:00,6.3150095674532585,6.364345390026714,6.298564293262107,6.331454277038574,5280300,0.0,0.0
1995-02-06 00:00:00-05:00,6.331452275191584,6.528796632301725,6.3150075708056725,6.463015556335449,6880950,0.0,0.0
1995-02-07 00:00:00-05:00,6.495909725111362,6.578136116028432,6.479463882321975,6.545246124267578,9089550,0.0,0.0
1995-02-08 00:00:00-05:00,6.545246570211721,6.545246570211721,6.495910167694092,6.495910167694092,4576050,0.0,0.0
1995-02-09 00:00:00-05:00,6.4794631004333505,6.528799493636053,6.4630183888403225,6.47946310043335,3829950,0.0,0.0
1995-02-10 00:00:00-05:00,6.479456056927789,6.479456056927789,6.4136750236394615,6.446566104888916,2997000,0.0,0.0
1995-02-13 00:00:00-05:00,6.413681983947754,6.446573100891575,6.397237272384699,6.413681983947754,2444400,0.0,0.0
1995-02-14 00:00:00-05:00,6.397237027431521,6.413681738364899,6.347900636207854,6.380791187286377,3905550,0.0,0.0
1995-02-15 00:00:00-05:00,6.33145365089057,6.446571688055727,6.298563670366751,6.397235870361328,5086350,0.0,0.0
1995-02-16 00:00:00-05:00,6.380791431609836,6.430127260116712,6.315010326934002,6.413681983947754,5621400,0.0,0.0
1995-02-17 00:00:00-05:00,6.413680578320347,6.479461668579545,6.380790033190749,6.397235870361328,5023350,0.0,0.0
1995-02-21 00:00:00-05:00,6.068328410225975,6.199891148520402,6.018992595092722,6.1341094970703125,25026300,0.0,0.0
1995-02-22 00:00:00-05:00,6.188753440629856,6.2052133947413575,6.089997106503439,6.172294616699219,9516600,0.008889,0.0
1995-02-23 00:00:00-05:00,6.238134297801229,6.254594257519808,6.0899991810590075,6.106459140777588,13361400,0.0,0.0
1995-02-24 00:00:00-05:00,6.122917970314918,6.122917970314918,6.073539786431053,6.106459140777588,4293000,0.0,0.0
1995-02-27 00:00:00-05:00,6.073541399349649,6.09000079834864,5.793730486185242,5.991243839263916,8331300,0.0,0.0
1995-02-28 00:00:00-05:00,5.94186483079479,5.958324792636643,5.876027243790172,5.9089460372924805,8164350,0.0,0.0
1995-03-01 00:00:00-05:00,5.925406996765633,5.974785200041731,5.843109426214623,5.941866397857666,7231500,0.0,0.0
1995-03-02 00:00:00-05:00,5.925404601567808,5.958323955535889,5.859567023812885,5.958323955535889,5480100,0.0,0.0
1995-03-03 00:00:00-05:00,5.941865642266942,6.0077038033536825,5.908946844268958,5.991243839263916,4651200,0.0,0.0
1995-03-06 00:00:00-05:00,5.958324792636643,5.958324792636643,5.908946037292481,5.9089460372924805,3712500,0.0,0.0
1995-03-07 00:00:00-05:00,5.941864623090914,5.958324584357391,5.777270096242236,5.859567642211914,7607700,0.0,0.0
1995-03-08 00:00:00-05:00,5.87602677800985,5.89248560836565,5.760810444794026,5.7772698402404785,3607200,0.0,0.0
1995-03-09 00:00:00-05:00,5.793732043080517,5.843110253346435,5.760813236236571,5.760813236236572,4281300,0.0,0.0
1995-03-10 00:00:00-05:00,5.7772684684528715,5.826646643067595,5.76080907691463,5.810187816619873,6137550,0.0,0.0
1995-03-13 00:00:00-05:00,5.826647093672466,5.925404015629817,5.826647093672466,5.892484664916992,4670550,0.0,0.0
1995-03-14 00:00:00-05:00,5.892489073887311,5.925408449231586,5.777273238000797,5.793732643127441,4367250,0.0,0.0
1995-03-15 00:00:00-05:00,5.843108223576532,5.908946379484593,5.843108223576532,5.876027584075928,5199750,0.0,0.0
1995-03-16 00:00:00-05:00,5.8760275123788945,5.991243294903403,5.8760275123788945,5.974783897399902,4670550,0.0,0.0
1995-03-17 00:00:00-05:00,5.991244357058124,6.073541924256437,5.9747849566366265,6.024163722991943,8914050,0.0,0.0
1995-03-20 00:00:00-05:00,6.057082000350658,6.122919596346623,5.974784440264925,5.991243839263916,4860450,0.0,0.0
1995-03-21 00:00:00-05:00,5.991243368006256,5.991243368006256,5.8266488258722005,5.876027584075928,9004050,0.0,0.0
1995-03-22 00:00:00-05:00,5.843107885197164,5.925405434043636,5.76081090144139,5.9089460372924805,7287300,0.0,0.0
1995-03-23 00:00:00-05:00,5.859569865879647,5.87602926830168,5.629137101789392,5.645596504211426,12366450,0.0,0.0
1995-03-24 00:00:00-05:00,5.645593150480346,5.760809464081907,5.5797555799026295,5.662053108215332,15336450,0.0,0.0
1995-03-27 00:00:00-05:00,5.6620562225548765,5.760812632741116,5.645596255766303,5.727893829345703,9266400,0.0,0.0
1995-03-28 00:00:00-05:00,5.662054072115308,5.7772698402404785,5.645594111578202,5.7772698402404785,6434100,0.0,0.0
1995-03-29 00:00:00-05:00,5.760813832874152,5.908949044104941,5.7114356174942165,5.793732643127441,9575100,0.0,0.0
1995-03-30 00:00:00-05:00,5.810188998826863,5.843107223510742,5.760810249074461,5.843107223510742,5927400,0.0,0.0
1995-03-31 00:00:00-05:00,5.727890921593947,5.8760260267637,5.7114315282518175,5.8266472816467285,5645700,0.0,0.0
1995-04-03 00:00:00-04:00,5.810192613345071,5.826651453380731,5.760813832874152,5.793732643127441,6156450,0.0,0.0
1995-04-04 00:00:00-04:00,5.777270748181004,5.810190109338082,5.678513794891252,5.744351387023926,6363900,0.0,0.0
1995-04-05 00:00:00-04:00,5.694970594009217,5.74434876557486,5.678511203487336,5.711430549621582,5522400,0.0,0.0
1995-04-06 00:00:00-04:00,5.711432196427938,5.711432196427938,5.56329707392797,5.629134654998779,4203000,0.0,0.0
1995-04-07 00:00:00-04:00,5.629137101789392,5.694974711477526,5.596217731854432,5.645596504211426,6548400,0.0,0.0
1995-04-10 00:00:00-04:00,5.629137443769864,5.777272639658545,5.629137443769864,5.760813236236572,5040900,0.0,0.0
1995-04-11 00:00:00-04:00,5.62913334809485,5.82664661054169,5.464538868540731,5.530376434326172,14400900,0.0,0.0
1995-04-12 00:00:00-04:00,5.530377667640214,5.6291346034324,5.480999482289441,5.59621524810791,11569500,0.0,0.0
1995-04-13 00:00:00-04:00,5.694971084594727,5.711431041625012,5.645592908775468,5.694971084594727,7085700,0.0,0.0
1995-04-17 00:00:00-04:00,5.711431041625012,5.744349260413985,5.662052865805753,5.694971084594727,7929450,0.0,0.0
1995-04-18 00:00:00-04:00,5.6949685335661755,5.711428483223321,5.56329345703125,5.56329345703125,7549650,0.0,0.0
1995-04-19 00:00:00-04:00,5.596218218934586,5.6785158032986125,5.448083019152093,5.497461795806885,8171550,0.0,0.0
1995-04-20 00:00:00-04:00,5.497460299643658,5.5303790983938645,5.448081536427559,5.481000900268555,10856700,0.0,0.0
1995-04-21 00:00:00-04:00,5.497461768806183,5.629137564087336,5.481002365032406,5.513921737670898,4753800,0.0,0.0
1995-04-24 00:00:00-04:00,5.5303790983938645,5.612676660360169,5.448081536427559,5.481000900268555,6948000,0.0,0.0
1995-04-25 00:00:00-04:00,5.448079617365272,5.464539576033213,5.332863862323795,5.365783214569092,13203900,0.0,0.0
1995-04-26 00:00:00-04:00,5.31640415549152,5.448079296351743,5.299944197793436,5.382241725921631,9814950,0.0,0.0
1995-04-27 00:00:00-04:00,5.349320327481435,5.596211661074702,5.33286094291457,5.56329345703125,7188300,0.0,0.0
1995-04-28 00:00:00-04:00,5.579759380170911,5.612678187880145,5.481002391952268,5.497461795806885,5742450,0.0,0.0
1995-05-01 00:00:00-04:00,5.497459274177094,5.497459274177094,5.43162168895767,5.464540481567383,5978250,0.0,0.0
1995-05-02 00:00:00-04:00,5.497460737362579,5.497460737362579,5.398703768157942,5.448081970214844,4208850,0.0,0.0
1995-05-03 00:00:00-04:00,5.513921284835157,5.645596504211426,5.464542512478164,5.645596504211426,11565900,0.0,0.0
1995-05-04 00:00:00-04:00,5.662056936725828,5.727894551820936,5.398704781072583,5.513921737670898,9139950,0.0,0.0
1995-05-05 00:00:00-04:00,5.530380354378291,5.54683975749143,5.398704564382271,5.431623935699463,6804450,0.0,0.0
1995-05-08 00:00:00-04:00,5.431622702143244,5.497460299643658,5.382243938927147,5.481000900268555,8428050,0.0,0.0
1995-05-09 00:00:00-04:00,5.530380576353736,5.596218191448844,5.464542961258629,5.513921737670898,9931050,0.0,0.0
1995-05-10 00:00:00-04:00,5.579759352766005,5.629137564087336,5.464542961258629,5.513921737670898,8860050,0.0,0.0
1995-05-11 00:00:00-04:00,5.513918888124863,5.645594050266482,5.480999532498812,5.629134654998779,10219950,0.0,0.0
1995-05-12 00:00:00-04:00,5.6291339964505855,5.8595666334215695,5.6291339964505855,5.8266472816467285,15894900,0.0,0.0
1995-05-15 00:00:00-04:00,5.859569608018223,5.925407214809049,5.727893829345703,5.727893829345703,9503100,0.0,0.0
1995-05-16 00:00:00-04:00,5.464542741925739,5.481002145038877,5.332866951929718,5.431623935699463,43512750,0.0,0.0
1995-05-17 00:00:00-04:00,5.431620788878506,5.431620788878506,5.349323255901149,5.365783214569092,17736750,0.0,0.0
1995-05-18 00:00:00-04:00,5.365783586680954,5.382242416309123,5.283486047996343,5.299944877624512,11957850,0.0,0.0
1995-05-19 00:00:00-04:00,5.267025470733643,5.316403643803726,5.25056551461978,5.267025470733643,11560950,0.0,0.0
1995-05-22 00:00:00-04:00,5.332863171879332,5.530376434326172,5.316403780432972,5.530376434326172,10589850,0.0,0.0
1995-05-23 00:00:00-04:00,5.530380576353736,5.563299948992229,5.497461768806183,5.513921737670898,8029800,0.0,0.0
1995-05-24 00:00:00-04:00,5.513921764752443,5.629137591734762,5.431624180388417,5.497461795806885,9666900,0.0,0.0
1995-05-25 00:00:00-04:00,5.530376882269132,5.530376882269132,5.3822417821629,5.4151611328125,8702100,0.0,0.0
1995-05-26 00:00:00-04:00,5.415160446899998,5.415160446899998,5.332862928336075,5.349322319030762,4707900,0.0,0.0
1995-05-30 00:00:00-04:00,5.349322940706575,5.415161076227243,5.349322940706575,5.382241725921631,5012550,0.0,0.0
1995-05-31 00:00:00-04:00,5.382243938927147,5.513920264109548,5.365785104642831,5.481000900268555,7823700,0.0,0.0
1995-06-01 00:00:00-04:00,5.513920703139045,5.513920703139045,5.431623134620043,5.448081970214844,5687100,0.0,0.0
1995-06-02 00:00:00-04:00,5.415160694201649,5.5632957823094085,5.3987007376647735,5.530376434326172,7678800,0.0,0.0
1995-06-05 00:00:00-04:00,5.530376434326172,5.596214000111614,5.464538868540731,5.530376434326172,5703750,0.0,0.0
1995-06-06 00:00:00-04:00,5.481001336676945,5.530379538733847,5.431623134620043,5.448081970214844,8030700,0.0,0.0
1995-06-07 00:00:00-04:00,5.480998646657354,5.480998646657354,5.3657828984046585,5.382241725921631,10621350,0.0,0.0
1995-06-08 00:00:00-04:00,5.405315244860867,5.438274925745426,5.355876572208327,5.42179536819458,7651350,0.011111,0.0
1995-06-09 00:00:00-04:00,5.438274925745426,5.471234040847119,5.37235669554204,5.42179536819458,5030100,0.0,0.0
1995-06-12 00:00:00-04:00,5.454754855562994,5.553632783654894,5.454754855562994,5.520674228668213,6360750,0.0,0.0
1995-06-13 00:00:00-04:00,5.537151560512449,5.60306978225708,5.537151560512449,5.60306978225708,11155950,0.0,0.0
1995-06-14 00:00:00-04:00,5.619547092075384,5.718424941007571,5.570108450500545,5.701944828033447,7447500,0.0,0.0
1995-06-15 00:00:00-04:00,5.734905372946527,5.734905372946527,5.570109309824125,5.5865888595581055,10615950,0.0,0.0
1995-06-16 00:00:00-04:00,5.537151154380501,5.537151154380501,5.2569976009485755,5.355875492095947,31963050,0.0,0.0
1995-06-19 00:00:00-04:00,5.355873764085585,5.355873764085585,5.141639062466492,5.191077709197998,26950050,0.0,0.0
1995-06-20 00:00:00-04:00,5.191080792187158,5.322917827551917,5.125162557396232,5.158121109008789,23677200,0.0,0.0
1995-06-21 00:00:00-04:00,5.191077456038131,5.224037118034318,5.092199601614652,5.12515926361084,13181400,0.0,0.0
1995-06-22 00:00:00-04:00,5.158120350960879,5.240518698123013,5.108681682133293,5.207559585571289,15456600,0.0,0.0
1995-06-23 00:00:00-04:00,5.174602005780601,5.306438495038586,5.141642883466104,5.27347993850708,16488450,0.0,0.0
1995-06-26 00:00:00-04:00,5.2734772269257615,5.306435766510241,5.240517555775884,5.256997108459473,11585250,0.0,0.0
1995-06-27 00:00:00-04:00,5.322914666264581,5.322914666264581,5.174598160287496,5.191077709197998,9333900,0.0,0.0
1995-06-28 00:00:00-04:00,5.191081566937849,5.322918621978825,5.191081566937849,5.27347993850708,8435700,0.0,0.0
1995-06-29 00:00:00-04:00,5.3229157029246155,5.355874807164542,5.240517376542119,5.306435585021973,7742700,0.0,0.0
1995-06-30 00:00:00-04:00,5.339395787809284,5.3723554611206055,5.322916234044992,5.3723554611206055,5998050,0.0,0.0
1995-07-03 00:00:00-04:00,5.339395032816937,5.421793355769984,5.339395032816937,5.397073745727539,2981700,0.0,0.0
1995-07-05 00:00:00-04:00,5.454752445220947,5.487712117209361,5.421793904797961,5.454752445220947,11185650,0.0,0.0
1995-07-06 00:00:00-04:00,5.471231445637644,5.603067843509487,5.438272346169683,5.5865888595581055,10682550,0.0,0.0
1995-07-07 00:00:00-04:00,5.586587997692158,5.751383469608286,5.570108450500545,5.701944828033447,18651600,0.0,0.0
1995-07-10 00:00:00-04:00,5.718427801875774,5.751386346965296,5.5536311159486065,5.60306978225708,6625350,0.0,0.0
1995-07-11 00:00:00-04:00,5.603067843509487,5.685466157961988,5.5371496445735655,5.5865888595581055,10444050,0.0,0.0
1995-07-12 00:00:00-04:00,5.603066528626746,5.668985843658447,5.570108002675826,5.668985843658447,5489550,0.0,0.0
1995-07-13 00:00:00-04:00,5.668990682395779,5.784347601924923,5.652510556680095,5.7678680419921875,10987200,0.0,0.0
1995-07-14 00:00:00-04:00,5.734905024665197,5.784343670864725,5.668986829732494,5.6854658126831055,8380350,0.0,0.0
1995-07-17 00:00:00-04:00,5.652506186458609,5.701944828033448,5.636026639266996,5.701944828033447,3713850,0.0,0.0
1995-07-18 00:00:00-04:00,5.685465559088433,5.685465559088433,5.603067253315286,5.619547367095947,5160150,0.0,0.0
1995-07-19 00:00:00-04:00,5.603068108208463,5.636027775016096,5.487711254620935,5.537149906158447,7893900,0.0,0.0
1995-07-20 00:00:00-04:00,5.570108723101582,5.619547367095947,5.504189965326557,5.619547367095947,4822200,0.0,0.0
1995-07-21 00:00:00-04:00,5.636029720306396,5.701947945108258,5.61955016410593,5.6360297203063965,5671350,0.0,0.0
1995-07-24 00:00:00-04:00,5.636026915094068,5.65250646309219,5.5865882710997035,5.619547367095947,3180150,0.0,0.0
1995-07-25 00:00:00-04:00,5.751387309167618,5.817306673506092,5.6525099600085715,5.800826549530029,11870550,0.0,0.0
1995-07-26 00:00:00-04:00,5.800825729048146,5.899703064221758,5.800825729048146,5.866744518280029,7605000,0.0,0.0
1995-07-27 00:00:00-04:00,5.91618013381958,5.932659681180357,5.883221039098026,5.91618013381958,4768200,0.0,0.0
1995-07-28 00:00:00-04:00,5.8832237480989615,5.965622088626667,5.8008254075712555,5.850264072418213,5160150,0.0,0.0
1995-07-31 00:00:00-04:00,5.8502652241095525,5.8502652241095525,5.767867433143681,5.800826549530029,4947750,0.0,0.0
1995-08-01 00:00:00-04:00,5.800826549530029,5.817306673506092,5.7184287585641576,5.800826549530029,4231350,0.0,0.0
1995-08-02 00:00:00-04:00,5.866741379078913,5.91618002021188,5.800822625119119,5.833781719207764,6589800,0.0,0.0
1995-08-03 00:00:00-04:00,5.800824493072379,5.817304611206055,5.718426731317442,5.817304611206055,3955950,0.0,0.0
1995-08-04 00:00:00-04:00,5.817304069943378,5.850262605796085,5.718426199254715,5.751384735107422,2682450,0.0,0.0
1995-08-07 00:00:00-04:00,5.767864851707729,5.833783054978414,5.734905750072386,5.751384735107422,4119300,0.0,0.0
1995-08-08 00:00:00-04:00,5.751383748290351,5.784343410053141,5.718425218092638,5.734904766082764,2565000,0.0,0.0
1995-08-09 00:00:00-04:00,5.701945707695969,5.718425823212547,5.553629194307546,5.5865888595581055,5201550,0.0,0.0
1995-08-10 00:00:00-04:00,5.5865882710997035,5.619547367095947,5.520670079107217,5.619547367095947,6420600,0.0,0.0
1995-08-11 00:00:00-04:00,5.586590792603716,5.60306978225708,5.5536311159486065,5.60306978225708,2624400,0.0,0.0
1995-08-14 00:00:00-04:00,5.60306697910126,5.701944828033448,5.586587997692158,5.701944828033447,3334950,0.0,0.0
1995-08-15 00:00:00-04:00,5.685466157961988,5.685466157961988,5.5371496445735655,5.5865888595581055,12647700,0.0,0.0
1995-08-16 00:00:00-04:00,5.668986464926171,5.833781941653136,5.553628499652241,5.652506351470947,9782100,0.0,0.0
1995-08-17 00:00:00-04:00,5.652509276506861,5.652509276506861,5.603070042122645,5.6360297203063965,3748500,0.0,0.0
1995-08-18 00:00:00-04:00,5.652509276506861,5.685468388907792,5.553631373521248,5.6360297203063965,6619050,0.0,0.0
1995-08-21 00:00:00-04:00,5.63603013538531,5.63603013538531,5.537152225117596,5.553631782531738,4155300,0.0,0.0
1995-08-22 00:00:00-04:00,5.57011290982268,5.57011290982268,5.4877145421156035,5.520674228668213,5647950,0.0,0.0
1995-08-23 00:00:00-04:00,5.520672244804852,5.537151233484957,5.421794352244898,5.438273906707764,4700700,0.0,0.0
1995-08-24 00:00:00-04:00,5.4712325641065105,5.520671789197773,5.421793904797961,5.454752445220947,4969800,0.0,0.0
1995-08-25 00:00:00-04:00,5.471233367919922,5.487712923443887,5.421794701348026,5.471233367919922,3149550,0.0,0.0
1995-08-28 00:00:00-04:00,5.487712337470653,5.487712337470653,5.306436114497963,5.3723554611206055,4766400,0.0,0.0
1995-08-29 00:00:00-04:00,5.339395255044579,5.388833911404468,5.2899565986846895,5.306435585021973,5330700,0.0,0.0
1995-08-30 00:00:00-04:00,5.306435851394174,5.372355194748403,5.28995686422968,5.339395523071289,5265450,0.0,0.0
1995-08-31 00:00:00-04:00,5.322918621978825,5.322918621978825,5.240520250409594,5.27347993850708,9100350,0.0,0.0
1995-09-01 00:00:00-04:00,5.289959499664328,5.322918621978825,5.256999811566842,5.27347993850708,6445350,0.0,0.0
1995-09-05 00:00:00-04:00,5.306436681114676,5.471233367919922,5.306436681114676,5.471233367919922,8944200,0.0,0.0
1995-09-06 00:00:00-04:00,5.504192415441189,5.520672536557745,5.4547531836570995,5.487712860107422,8221050,0.0,0.0
1995-09-07 00:00:00-04:00,5.510811147106528,5.576809200850749,5.494311775286258,5.54380989074707,5351850,0.011111,0.0
1995-09-08 00:00:00-04:00,5.593306802406081,5.593306802406081,5.527309336013,5.560307502746582,4272300,0.0,0.0
1995-09-11 00:00:00-04:00,5.593308300460653,5.642806413512533,5.560308991962955,5.576808929443359,3745350,0.0,0.0
1995-09-12 00:00:00-04:00,5.593308310890785,5.659305795083027,5.246819819492177,5.345816612243652,19184850,0.0,0.0
1995-09-13 00:00:00-04:00,5.2798213441253345,5.312819533608515,5.213823265768926,5.263321399688721,25112250,0.0,0.0
1995-09-14 00:00:00-04:00,5.279819479053577,5.279819479053577,5.081826446851171,5.098325252532959,31814550,0.0,0.0
1995-09-15 00:00:00-04:00,5.246820449829102,5.3128179419500805,5.2303216432620365,5.246820449829102,24563700,0.0,0.0
1995-09-18 00:00:00-04:00,5.279819128051409,5.4118140964358945,5.279819128051409,5.345816612243652,13646700,0.0,0.0
1995-09-19 00:00:00-04:00,5.411813943866443,5.477811992661185,5.395314573283532,5.444813251495361,11962350,0.0,0.0
1995-09-20 00:00:00-04:00,5.642806688131833,5.659306059952103,5.494311775286258,5.54380989074707,9784800,0.0,0.0
1995-09-21 00:00:00-04:00,5.510810612702048,5.642806140927239,5.362315714256595,5.378815650939941,7925850,0.0,0.0
1995-09-22 00:00:00-04:00,5.345819333365008,5.395317471704662,5.279821815578803,5.329319953918457,6687450,0.0,0.0
1995-09-25 00:00:00-04:00,5.39531475792169,5.39531475792169,5.263319222278158,5.296318531036377,4821750,0.0,0.0
1995-09-26 00:00:00-04:00,5.3293172733314815,5.362316015626585,5.2468198511306054,5.296318531036377,7158150,0.0,0.0
1995-09-27 00:00:00-04:00,5.263321024963445,5.296320345023918,5.213822894567699,5.23032283782959,9888750,0.0,0.0
1995-09-28 00:00:00-04:00,5.24681828228562,5.279817581176758,5.164320884752195,5.279817581176758,9333000,0.0,0.0
1995-09-29 00:00:00-04:00,5.296320722098599,5.312819533608515,5.246822021715456,5.263321399688721,8115750,0.0,0.0
1995-10-02 00:00:00-04:00,5.263321024963445,5.279820968225336,5.213822894567699,5.23032283782959,6022800,0.0,0.0
1995-10-03 00:00:00-04:00,5.23032283782959,5.246821648164863,5.180824140970535,5.23032283782959,7794000,0.0,0.0
1995-10-04 00:00:00-04:00,5.197322888655924,5.213822263457328,5.0158286329139905,5.147824764251709,14707350,0.0,0.0
1995-10-05 00:00:00-04:00,5.098324950141761,5.180822372436523,5.048826836642772,5.180822372436523,15565500,0.0,0.0
1995-10-06 00:00:00-04:00,5.180822866311208,5.246820357267899,5.048827317934656,5.065326690673828,9992700,0.0,0.0
1995-10-09 00:00:00-04:00,5.065326654021748,5.114824771881104,5.048827281401962,5.1148247718811035,4263300,0.0,0.0
1995-10-10 00:00:00-04:00,5.081827363830082,5.263320490173521,5.0653274222447005,5.213822364807129,11484450,0.0,0.0
1995-10-11 00:00:00-04:00,5.213822364807129,5.296319806881034,5.147824864318605,5.213822364807129,7184700,0.0,0.0
1995-10-12 00:00:00-04:00,5.197321743602854,5.213821114769183,5.147823630103865,5.180822372436523,4976100,0.0,0.0
1995-10-13 00:00:00-04:00,5.197323708190246,5.2138230855933365,5.11482625471146,5.131326198577881,5235750,0.0,0.0
1995-10-16 00:00:00-04:00,5.114824771881104,5.14782408358384,5.098325399261318,5.1148247718811035,4325400,0.0,0.0
1995-10-17 00:00:00-04:00,5.081826686859132,5.1148248662443185,5.03232800162341,5.081826686859131,7400250,0.0,0.0
1995-10-18 00:00:00-04:00,5.081826758178714,5.114824938027006,5.0158281326293945,5.0158281326293945,5415300,0.0,0.0
1995-10-19 00:00:00-04:00,4.949830055236817,5.01582754006287,4.883832570410764,4.949830055236816,14587200,0.0,0.0
1995-10-20 00:00:00-04:00,4.98282953664412,5.081826333774094,4.949830226625371,5.032327651977539,8622450,0.0,0.0
1995-10-23 00:00:00-04:00,5.015827825345119,5.131324563285984,4.99932901966333,5.098325252532959,7298550,0.0,0.0
1995-10-24 00:00:00-04:00,5.065325945492512,5.098324686116275,4.966329157158137,4.9828290939331055,6790950,0.0,0.0
1995-10-25 00:00:00-04:00,4.949830121384289,4.966329492811293,4.834334521395261,4.850833892822266,12971700,0.0,0.0
1995-10-26 00:00:00-04:00,4.8838324546813965,4.949829937943545,4.8343343422347855,4.8838324546813965,9444600,0.0,0.0
1995-10-27 00:00:00-04:00,4.883833830935859,4.916832581865914,4.834335704540776,4.867333889007568,7088850,0.0,0.0
1995-10-30 00:00:00-05:00,4.916831893694967,5.065326818559792,4.916831893694967,5.0158281326293945,6464250,0.0,0.0
1995-10-31 00:00:00-05:00,5.015827724252064,5.081826344427925,4.900332121565289,4.9168314933776855,7340850,0.0,0.0
1995-11-01 00:00:00-05:00,4.916831893694967,5.032328072248316,4.916831893694967,5.0158281326293945,5579100,0.0,0.0
1995-11-02 00:00:00-05:00,5.032329990953734,5.329319953918457,5.032329990953734,5.329319953918457,14710050,0.0,0.0
1995-11-03 00:00:00-05:00,5.345816612243652,5.4118140964358945,5.31281730368442,5.345816612243652,11341350,0.0,0.0
1995-11-06 00:00:00-05:00,5.329316973816068,5.395314454697122,5.263318926471932,5.378815650939941,4972050,0.0,0.0
1995-11-07 00:00:00-05:00,5.378816547863686,5.411814727343613,5.345817235457403,5.362316608428955,5108850,0.0,0.0
1995-11-08 00:00:00-05:00,5.395314337719055,5.510810493219862,5.3788155343195925,5.4613118171691895,11232000,0.0,0.0
1995-11-09 00:00:00-05:00,5.510810493219862,5.510810493219862,5.444813013769727,5.4613118171691895,5694300,0.0,0.0
1995-11-10 00:00:00-05:00,5.461312499230385,5.494311809539795,5.428314321847259,5.494311809539795,3940650,0.0,0.0
1995-11-13 00:00:00-05:00,5.444814310556397,5.510811805725098,5.3788168153876965,5.510811805725098,5199750,0.0,0.0
1995-11-14 00:00:00-05:00,5.543810826819268,5.741804455020008,5.527312018676312,5.725305080413818,19959300,0.0,0.0
1995-11-15 00:00:00-05:00,5.741802990315053,5.791301101506902,5.692304312660114,5.774801731109619,12703050,0.0,0.0
1995-11-16 00:00:00-05:00,5.791302243880494,5.807801617532391,5.725304749272908,5.741804122924805,10342350,0.0,0.0
1995-11-17 00:00:00-05:00,5.791301894292857,5.890298696691568,5.774802521636933,5.8737993240356445,14705550,0.0,0.0
1995-11-20 00:00:00-05:00,5.8738003228877185,5.8738003228877185,5.807802254577745,5.8243021965026855,6810300,0.0,0.0
1995-11-21 00:00:00-05:00,5.840801239013671,5.857300615134987,5.824302429355642,5.840801239013672,5092200,0.0,0.0
1995-11-22 00:00:00-05:00,5.840799636192549,5.857299007786138,5.741803406631016,5.758302211761475,9983700,0.0,0.0
1995-11-24 00:00:00-05:00,5.758301942351374,5.791301250457764,5.758301942351374,5.791301250457764,1452600,0.0,0.0
1995-11-27 00:00:00-05:00,5.807803050076598,5.9232992605912,5.791303672354989,5.90679931640625,9267750,0.0,0.0
1995-11-28 00:00:00-05:00,5.89029836654663,5.923297110008934,5.824300879622022,5.890298366546631,10055250,0.0,0.0
1995-11-29 00:00:00-05:00,5.9232978665042,5.9232978665042,5.8243016234739615,5.8572998046875,6952050,0.0,0.0
1995-11-30 00:00:00-05:00,5.87379974498908,5.890299118827453,5.807801683172381,5.8572998046875,6968250,0.0,0.0
1995-12-01 00:00:00-05:00,5.873798671029083,5.873798671029083,5.7748018796361205,5.791301250457764,5200650,0.0,0.0
1995-12-04 00:00:00-05:00,5.7583035433536285,5.774803485225915,5.659307290899479,5.692306041717529,6155550,0.0,0.0
1995-12-05 00:00:00-05:00,5.692305071992239,5.840799991839542,5.675806265857166,5.807801246643066,5612400,0.0,0.0
1995-12-06 00:00:00-05:00,5.830929953741101,5.979593878992984,5.830929953741101,5.963075160980225,7897500,0.011111,0.0
1995-12-07 00:00:00-05:00,5.930036663862842,5.930036663862842,5.847445372805929,5.913517951965332,3954150,0.0,0.0
1995-12-08 00:00:00-05:00,5.897001393064511,5.913518973600323,5.797891940095338,5.830928802490234,3383550,0.0,0.0
1995-12-11 00:00:00-05:00,5.8309288024902335,5.847446383026046,5.764855077700442,5.830928802490234,4662900,0.0,0.0
1995-12-12 00:00:00-05:00,5.830929953741101,5.963075160980225,5.797893084823451,5.963075160980225,5831100,0.0,0.0
1995-12-13 00:00:00-05:00,5.913516382367106,5.96307137069116,5.847443820745048,5.9465532302856445,3750300,0.0,0.0
1995-12-14 00:00:00-05:00,5.9630730184973695,6.144773180275667,5.9630730184973695,6.045664310455322,13133700,0.0,0.0
1995-12-15 00:00:00-05:00,5.9465536305625735,5.996108055114746,5.863962355868072,5.996108055114746,16857000,0.0,0.0
1995-12-18 00:00:00-05:00,5.93003508988013,5.96307137069116,5.847443820745048,5.9465532302856445,7008750,0.0,0.0
1995-12-19 00:00:00-05:00,5.946556616567216,6.128257398712861,5.913519749835751,6.111738681793213,7625700,0.0,0.0
1995-12-20 00:00:00-05:00,6.095215185312578,6.260397105642457,6.095215185312578,6.210842132568359,10615950,0.0,0.0
1995-12-21 00:00:00-05:00,6.227363084297394,6.276918075270563,6.177808660431765,6.2438812255859375,9100800,0.0,0.0
1995-12-22 00:00:00-05:00,6.276917139499755,6.342989694803746,6.227362155914307,6.227362155914307,5506200,0.0,0.0
1995-12-26 00:00:00-05:00,6.210846153715598,6.34299245606504,6.210846153715598,6.309955596923828,5686200,0.0,0.0
1995-12-27 00:00:00-05:00,6.293437450907073,6.34299245606504,6.27691987199802,6.309955596923828,3694050,0.0,0.0
1995-12-28 00:00:00-05:00,6.227363084297394,6.276918075270563,6.177808660431765,6.2438812255859375,6258600,0.0,0.0
1995-12-29 00:00:00-05:00,6.260401158873564,6.326474310048284,6.243883012856808,6.309955596923828,3718350,0.0,0.0
1996-01-02 00:00:00-05:00,6.276917571817258,6.276917571817258,6.161289457856573,6.260398864746094,6835500,0.0,0.0
1996-01-03 00:00:00-05:00,6.144774436950684,6.194329449103075,6.07870184355787,6.144774436950684,11496150,0.0,0.0
1996-01-04 00:00:00-05:00,6.1447719882629155,6.1943269806676735,6.04566313766851,6.128254413604736,9165150,0.0,0.0
1996-01-05 00:00:00-05:00,6.0126261315240965,6.07869926398573,5.9300354248314795,5.97959041595459,9049050,0.0,0.0
1996-01-08 00:00:00-05:00,5.880481921955857,5.913517642700198,5.814408779144287,5.814408779144287,4271400,0.0,0.0
1996-01-09 00:00:00-05:00,5.79789026694823,5.814408409825017,5.6822632668107245,5.748335838317871,8620200,0.0,0.0
1996-01-10 00:00:00-05:00,5.632708628850822,5.814408779144287,5.632708628850822,5.814408779144287,9157950,0.0,0.0
1996-01-11 00:00:00-05:00,5.79789116943478,5.79789116943478,5.731818587642926,5.781373023986816,9985500,0.0,0.0
1996-01-12 00:00:00-05:00,5.781372124071444,5.79789026694823,5.6822632668107245,5.748335838317871,8393400,0.0,0.0
1996-01-15 00:00:00-05:00,5.748335838317871,5.781372124071444,5.731817695441084,5.748335838317871,4529700,0.0,0.0
1996-01-16 00:00:00-05:00,5.814406894369872,5.83092560004885,5.682261785797611,5.79788875579834,7642800,0.0,0.0
1996-01-17 00:00:00-05:00,5.764853053458781,5.7978899042532825,5.484044075012207,5.484044075012207,10347300,0.0,0.0
1996-01-18 00:00:00-05:00,5.533600273396379,5.649227291495278,5.517081560845997,5.616190433502197,7651800,0.0,0.0
1996-01-19 00:00:00-05:00,5.632706802975568,5.86396131008447,5.61618809729659,5.79788875579834,8244000,0.0,0.0
1996-01-22 00:00:00-05:00,5.797891525426688,5.897000971307494,5.781373378964506,5.847445964813232,5710500,0.0,0.0
1996-01-23 00:00:00-05:00,5.863963581569359,6.045664310455322,5.83092785873691,6.045664310455322,8209800,0.0,0.0
1996-01-24 00:00:00-05:00,6.0456634205102215,6.128254700310417,6.012626568325594,6.062180995941162,6056550,0.0,0.0
1996-01-25 00:00:00-05:00,6.062182396899119,6.062182396899119,5.996109811475788,6.029146671295166,3347100,0.0,0.0
1996-01-26 00:00:00-05:00,5.946557010075334,6.012629613694896,5.946557010075334,5.963075160980225,3405600,0.0,0.0
1996-01-29 00:00:00-05:00,5.946554497659797,5.996108929437752,5.814408779144287,5.814408779144287,5991300,0.0,0.0
1996-01-30 00:00:00-05:00,5.86396351759578,5.946554808652693,5.830927795123737,5.913517951965332,5202900,0.0,0.0
1996-01-31 00:00:00-05:00,5.930033880976633,6.0952158184651095,5.913515176831131,6.078697681427002,8037450,0.0,0.0
1996-02-01 00:00:00-05:00,6.078699562622915,6.128254556180586,6.012626426915209,6.095217704772949,4600800,0.0,0.0
1996-02-02 00:00:00-05:00,6.078696411545816,6.095214545133174,5.979587610021672,6.012623310089111,5634000,0.0,0.0
1996-02-05 00:00:00-05:00,5.963072140710025,6.062180995941162,5.913517145986875,6.062180995941162,3236400,0.0,0.0
1996-02-06 00:00:00-05:00,6.062184066409567,6.062184066409567,5.930038859170444,5.963075160980225,5702850,0.0,0.0
1996-02-07 00:00:00-05:00,6.062181888317714,6.095218745365495,6.012627453407542,6.045664310455322,4890600,0.0,0.0
1996-02-08 00:00:00-05:00,6.062183128101886,6.144774436950684,6.045665546861463,6.144774436950684,6691500,0.0,0.0
1996-02-09 00:00:00-05:00,6.078697049990324,6.260397105642457,6.078697049990324,6.210842132568359,9994950,0.0,0.0
1996-02-12 00:00:00-05:00,6.210844555325852,6.260399547730611,6.128254413604736,6.128254413604736,4348800,0.0,0.0
1996-02-13 00:00:00-05:00,6.062179633439418,6.260398433566302,6.062179633439418,6.227362155914307,6295950,0.0,0.0
1996-02-14 00:00:00-05:00,6.1943273812678346,6.227363666935829,6.144772385658251,6.177809238433838,5520150,0.0,0.0
1996-02-15 00:00:00-05:00,6.177808424716556,6.342990398406982,6.161289716950747,6.342990398406982,9328500,0.0,0.0
1996-02-16 00:00:00-05:00,6.342990131671942,6.342990131671942,6.227362584818751,6.260398864746094,8064450,0.0,0.0
1996-02-20 00:00:00-05:00,6.260400762173735,6.260400762173735,5.996109308437485,6.045664310455322,7265700,0.0,0.0
1996-02-21 00:00:00-05:00,6.062180712326688,6.128254413604736,5.9795905706055725,6.128254413604736,8152650,0.0,0.0
1996-02-22 00:00:00-05:00,6.177808660431765,6.260399366874481,6.111735528170054,6.2438812255859375,7456500,0.0,0.0
1996-02-23 00:00:00-05:00,6.2769186625454125,6.293436238271818,6.095217957156259,6.177809238433838,6509250,0.0,0.0
1996-02-26 00:00:00-05:00,6.0126258166558495,6.078698945657376,5.913516406707315,5.93003511428833,6311250,0.0,0.0
1996-02-27 00:00:00-05:00,5.946555835995219,5.979592698390114,5.8309288024902335,5.830928802490234,7910550,0.0,0.0
1996-02-28 00:00:00-05:00,5.897002662443784,5.963075267240743,5.682266129745787,5.731820583343506,8199000,0.0,0.0
1996-02-29 00:00:00-05:00,5.715299129486084,5.84744484293813,5.649226556313864,5.715299129486084,5979600,0.0,0.0
1996-03-01 00:00:00-05:00,5.814409671888869,5.880482824845313,5.715300226008063,5.847445964813232,5637600,0.0,0.0
1996-03-04 00:00:00-05:00,5.913514386940611,6.425579402260473,5.89699681921621,6.29343318939209,23203800,0.0,0.0
1996-03-05 00:00:00-05:00,6.243880779813894,6.475135875558482,6.194326359486125,6.425581455230713,13982850,0.0,0.0
1996-03-06 00:00:00-05:00,6.465262508884605,6.465262508884605,6.25030517578125,6.25030517578125,7738200,0.011111,0.0
1996-03-07 00:00:00-05:00,6.2172385967133925,6.399126350540403,6.184168870142196,6.366055488586426,6066450,0.0,0.0
1996-03-08 00:00:00-05:00,6.250307908978415,6.366053910199636,6.118026197034341,6.16763162612915,11778300,0.0,0.0
1996-03-11 00:00:00-05:00,6.167630156865103,6.349517822265625,6.118024739587386,6.349517822265625,6676200,0.0,0.0
1996-03-12 00:00:00-05:00,6.2833806283008276,6.432197527461005,6.266844912668436,6.415661811828613,11975850,0.0,0.0
1996-03-13 00:00:00-05:00,6.432197527461005,6.432197527461005,6.34952122006472,6.415661811828613,4668750,0.0,0.0
1996-03-14 00:00:00-05:00,6.415661811828613,6.465267255651534,6.382591515946667,6.415661811828613,7033050,0.0,0.0
1996-03-15 00:00:00-05:00,6.44872790978347,6.581010142582355,6.415657635429273,6.547939300537109,13860000,0.0,0.0
1996-03-18 00:00:00-05:00,6.56447927254517,6.614084720611573,6.5148732567873004,6.614084720611572,8010000,0.0,0.0
1996-03-19 00:00:00-05:00,6.614080668198786,6.6636860858722065,6.4321941367295725,6.531404972076416,15365250,0.0,0.0
1996-03-20 00:00:00-05:00,6.481803549923731,6.49833869934082,6.382592085729725,6.49833869934082,6569550,0.0,0.0
1996-03-21 00:00:00-05:00,6.498337498720333,6.514872077391057,6.399126052856445,6.399126052856445,3699900,0.0,0.0
1996-03-22 00:00:00-05:00,6.4652671082722195,6.547943413783852,6.448731960708174,6.5148725509643555,3930300,0.0,0.0
1996-03-25 00:00:00-05:00,6.547945458628384,6.547945458628384,6.432199389533961,6.481804847717285,3820500,0.0,0.0
1996-03-26 00:00:00-05:00,6.4487314919427074,6.4652666383047945,6.382590906494357,6.399126052856445,6291900,0.0,0.0
1996-03-27 00:00:00-05:00,6.432197527461005,6.514872699474453,6.3660558003142755,6.415661811828613,4497750,0.0,0.0
1996-03-28 00:00:00-05:00,6.399125758233545,6.498337199529628,6.366054899340625,6.432196617126465,6105150,0.0,0.0
1996-03-29 00:00:00-05:00,6.4983368937776484,6.4983368937776484,6.316449165344238,6.316449165344238,4644450,0.0,0.0
1996-04-01 00:00:00-05:00,6.349520022681147,6.366054599812635,6.299914020521439,6.316449165344238,3196800,0.0,0.0
1996-04-02 00:00:00-05:00,6.299910583184101,6.332981422477003,6.2337700399803,6.25030517578125,4626450,0.0,0.0
1996-04-03 00:00:00-05:00,6.21723747253418,6.2503083285084005,6.184167751942535,6.21723747253418,4727700,0.0,0.0
1996-04-04 00:00:00-05:00,6.184165000915527,6.200700137701335,6.118023886081262,6.184165000915527,5296950,0.0,0.0
1996-04-08 00:00:00-04:00,6.018815040588379,6.134562182373571,5.985745320736043,6.018815040588379,6001650,0.0,0.0
1996-04-09 00:00:00-04:00,6.118025447188111,6.118025447188111,6.018814033466936,6.068419456481934,5500350,0.0,0.0
1996-04-10 00:00:00-04:00,6.002281154300812,6.051887163700017,5.853464261485987,5.869999408721924,9544950,0.0,0.0
1996-04-11 00:00:00-04:00,5.869996596070115,6.068418835517282,5.621968370992813,5.8203911781311035,30580200,0.0,0.0
1996-04-12 00:00:00-04:00,5.936141014099121,5.969211311070941,5.820394407006315,5.936141014099121,17939250,0.0,0.0
1996-04-15 00:00:00-04:00,5.985744319148117,6.118025447188111,5.985744319148117,6.068419456481934,7732800,0.0,0.0
1996-04-16 00:00:00-04:00,6.101491635464553,6.16763221389405,6.084956490857179,6.1345624923706055,5431950,0.0,0.0
1996-04-17 00:00:00-04:00,6.15109832572959,6.184169189390802,6.051887437820214,6.101492881774902,7745850,0.0,0.0
1996-04-18 00:00:00-04:00,6.134563745436114,6.167633473714487,6.084957733790006,6.101492881774902,5339700,0.0,0.0
1996-04-19 00:00:00-04:00,6.1180260586788,6.184167197000718,6.101490916021129,6.151096343994141,6103800,0.0,0.0
1996-04-22 00:00:00-04:00,6.151097069286676,6.250308504622225,6.1345624923706055,6.1345624923706055,5534550,0.0,0.0
1996-04-23 00:00:00-04:00,6.1014928817749015,6.134563745436114,6.051887437820214,6.101492881774902,6219000,0.0,0.0
1996-04-24 00:00:00-04:00,6.118025497737338,6.118025497737338,6.035349792029247,6.084955215454102,4095450,0.0,0.0
1996-04-25 00:00:00-04:00,6.084955626890414,6.2503076171781125,6.068419916939543,6.20070219039917,5951250,0.0,0.0
1996-04-26 00:00:00-04:00,6.233773231506348,6.299913808572364,6.184167798706835,6.233773231506348,3343500,0.0,0.0
1996-04-29 00:00:00-04:00,6.200700856777232,6.283377117985013,6.1841657180738965,6.266841411590576,3682350,0.0,0.0
1996-04-30 00:00:00-04:00,6.25030627288724,6.316446827700584,6.233771134183904,6.266841411590576,3383100,0.0,0.0
1996-05-01 00:00:00-04:00,6.233771134183904,6.283377117985013,6.200700856777232,6.266841411590576,4891950,0.0,0.0
1996-05-02 00:00:00-04:00,6.233772765946812,6.266843052010017,6.134561907757194,6.16763162612915,5331600,0.0,0.0
1996-05-03 00:00:00-04:00,6.16763162612915,6.233772765946812,6.134561907757194,6.16763162612915,4986000,0.0,0.0
1996-05-06 00:00:00-04:00,6.23377262497373,6.23377262497373,6.1180260586788,6.151096343994141,3640050,0.0,0.0
1996-05-07 00:00:00-04:00,6.151096483097547,6.2007024798836055,6.118026197034341,6.16763162612915,4727700,0.0,0.0
1996-05-08 00:00:00-04:00,6.134561206570141,6.151095780020575,6.018814083196443,6.084955215454102,7648200,0.0,0.0
1996-05-09 00:00:00-04:00,6.118028578712383,6.299915790557861,6.08495827977529,6.299915790557861,6054750,0.0,0.0
1996-05-10 00:00:00-04:00,6.3825873610750765,6.547939300537109,6.366051656206929,6.547939300537109,13252950,0.0,0.0
1996-05-13 00:00:00-04:00,6.5810128745694865,6.895181179046631,6.564477162836841,6.895181179046631,19652850,0.0,0.0
1996-05-14 00:00:00-04:00,6.878647506190744,7.09360497465388,6.845576646072958,7.027464389801025,23334750,0.0,0.0
1996-05-15 00:00:00-04:00,7.010927884097188,7.027463596134253,6.7794352955651185,6.795970439910889,9742500,0.0,0.0
1996-05-16 00:00:00-04:00,6.76289731265058,7.010925529935633,6.7298276027546375,6.928249835968018,10876050,0.0,0.0
1996-05-17 00:00:00-04:00,6.961322442494049,7.01092844720695,6.845576422777073,6.862111568450928,6705000,0.0,0.0
1996-05-20 00:00:00-04:00,6.82904218200116,7.043999671936035,6.82904218200116,7.043999671936035,4572000,0.0,0.0
1996-05-21 00:00:00-04:00,7.010928357483323,7.027464070636897,6.944787775634354,6.977858066558838,4786650,0.0,0.0
1996-05-22 00:00:00-04:00,6.928249835968018,6.977855252348586,6.91171412948339,6.928249835968018,5073300,0.0,0.0
1996-05-23 00:00:00-04:00,6.862111568450928,6.961322442494049,6.82904127710322,6.862111568450928,5615100,0.0,0.0
1996-05-24 00:00:00-04:00,6.82904127710322,6.895181859798635,6.82904127710322,6.862111568450928,3809250,0.0,0.0
1996-05-28 00:00:00-04:00,6.895182020027725,6.91171716608582,6.729830559446779,6.812505722045898,3219750,0.0,0.0
1996-05-29 00:00:00-04:00,6.77943744694316,6.812507178437711,6.663690264409119,6.696761131286621,4587300,0.0,0.0
1996-05-30 00:00:00-04:00,6.614079430416219,6.89517788000874,6.564474022026132,6.845572471618652,6059700,0.0,0.0
1996-05-31 00:00:00-04:00,6.862113732853754,6.862113732853754,6.663690786799568,6.76290225982666,5694750,0.0,0.0
1996-06-03 00:00:00-04:00,6.729829514638442,6.878646373748779,6.680223516474153,6.878646373748779,3424050,0.0,0.0
1996-06-04 00:00:00-04:00,7.060534353985273,7.275492397429801,7.060534353985273,7.242422103881836,15159150,0.0,0.0
1996-06-05 00:00:00-04:00,7.275494445909656,7.457381679326801,7.1101417962305735,7.391241073608398,10741500,0.0,0.0
1996-06-06 00:00:00-04:00,7.540056161762773,7.540056161762773,7.275492668151855,7.2754926681518555,7301700,0.0,0.0
1996-06-07 00:00:00-04:00,7.084798022874662,7.250330617913354,7.03513841485644,7.217223644256592,6818400,0.013333,0.0
1996-06-10 00:00:00-04:00,7.2337847750099575,7.415870189666748,7.167571328641084,7.415870189666748,5232150,0.0,0.0
1996-06-11 00:00:00-04:00,7.432418367367864,7.564844023524593,7.366204970978071,7.51518440246582,9389700,0.0,0.0
1996-06-12 00:00:00-04:00,7.482078696357909,7.498631335374951,7.266885296153305,7.316545486450195,4382550,0.0,0.0
1996-06-13 00:00:00-04:00,7.316544502223763,7.399311096043803,7.200671498200253,7.233778476715088,5166000,0.0,0.0
1996-06-14 00:00:00-04:00,7.200671384239584,7.2668842035986145,7.167564974560069,7.184118747711182,3330450,0.0,0.0
1996-06-17 00:00:00-04:00,7.1841205535878805,7.233780180590124,7.151013567274887,7.167566776275635,2922300,0.0,0.0
1996-06-18 00:00:00-04:00,7.134458686073271,7.167565096315164,7.002032476794337,7.018585681915283,3290850,0.0,0.0
1996-06-19 00:00:00-04:00,7.018587689879875,7.134460727188258,7.018587689879875,7.035141468048096,5311350,0.0,0.0
1996-06-20 00:00:00-04:00,7.051690302650314,7.084797272802018,6.985477498969348,7.068243503570557,3550500,0.0,0.0
1996-06-21 00:00:00-04:00,7.1013533944686325,7.316545663250354,7.068246410700214,7.250332832336426,7465500,0.0,0.0
1996-06-24 00:00:00-04:00,7.299992455521871,7.3662052864358,7.217225848568007,7.250332832336426,3523500,0.0,0.0
1996-06-25 00:00:00-04:00,7.250327254314471,7.333093797592094,7.23377405932115,7.299986839294434,5431050,0.0,0.0
1996-06-26 00:00:00-04:00,7.2999913925244,7.316544597842466,6.985479354858399,6.985479354858398,6332850,0.0,0.0
1996-06-27 00:00:00-04:00,6.952372405130464,7.266883850097656,6.902712224715579,7.266883850097656,8827200,0.0,0.0
1996-06-28 00:00:00-04:00,7.266881473134505,7.266881473134505,7.117902117242958,7.1510090827941895,5350050,0.0,0.0
1996-07-01 00:00:00-04:00,7.167564974560069,7.200671384239584,7.084798950361281,7.184118747711182,4557150,0.0,0.0
1996-07-02 00:00:00-04:00,7.184116048345421,7.208945562119918,7.117902117242958,7.1510090827941895,5322150,0.0,0.0
1996-07-03 00:00:00-04:00,7.134455562590745,7.349647703262749,7.117901796405714,7.333095073699951,5975100,0.0,0.0
1996-07-05 00:00:00-04:00,7.117906580961894,7.2006731942771305,7.101353940272644,7.167566776275635,3195450,0.0,0.0
1996-07-08 00:00:00-04:00,7.11790147752487,7.11790147752487,6.7537300039913415,6.8530497550964355,14265450,0.0,0.0
1996-07-09 00:00:00-04:00,6.886160678029128,7.0516927445529864,6.81994671479675,6.952373504638672,9175500,0.0,0.0
1996-07-10 00:00:00-04:00,6.968923904707096,6.968923904707096,6.803391891348657,6.886158466339111,6192000,0.0,0.0
1996-07-11 00:00:00-04:00,6.9689241512482525,6.9689241512482525,6.588199938743643,6.654412746429443,8745750,0.0,0.0
1996-07-12 00:00:00-04:00,6.654412230982777,6.753731434818273,6.571645659475318,6.737178802490234,7969050,0.0,0.0
1996-07-15 00:00:00-04:00,6.770288143482163,6.786841921009963,6.406116404100675,6.488883018493652,7162200,0.0,0.0
1996-07-16 00:00:00-04:00,6.472327944893556,6.621307366318844,6.356455503582748,6.588201522827148,13343850,0.0,0.0
1996-07-17 00:00:00-04:00,6.75373020535132,6.9358165158580105,6.6378578219702895,6.869603157043457,6978600,0.0,0.0
1996-07-18 00:00:00-04:00,6.91926412697716,7.084797272802018,6.786838519615228,7.068243503570557,6797700,0.0,0.0
1996-07-19 00:00:00-04:00,7.101353225039774,7.101353225039774,6.960650678548925,6.968926429748535,7318350,0.0,0.0
1996-07-22 00:00:00-04:00,6.8199432406688105,6.952369963051611,6.720624051348402,6.935816764831543,3978450,0.0,0.0
1996-07-23 00:00:00-04:00,6.853052527106952,6.919265342418896,6.654413512859799,6.670966148376465,5088150,0.0,0.0
1996-07-24 00:00:00-04:00,6.389560541434747,6.670965549561697,6.389560541434747,6.6213059425354,8437050,0.0,0.0
1996-07-25 00:00:00-04:00,6.6709654257406035,6.704072398121566,6.571646213531494,6.571646213531494,3730500,0.0,0.0
1996-07-26 00:00:00-04:00,6.621307114597461,6.7040737092700455,6.588201272364345,6.687520503997803,3238200,0.0,0.0
1996-07-29 00:00:00-04:00,6.687517948002659,6.968922898388103,6.67096418074596,6.8364973068237305,4623300,0.0,0.0
1996-07-30 00:00:00-04:00,6.836500062992936,6.869606474231045,6.753733466586284,6.8199462890625,2552400,0.0,0.0
1996-07-31 00:00:00-04:00,6.7868397117950074,6.836499323278965,6.670966148376465,6.670966148376465,4645800,0.0,0.0
1996-08-01 00:00:00-04:00,6.687517414847874,6.886156922980426,6.654411019596151,6.869603157043457,4996350,0.0,0.0
1996-08-02 00:00:00-04:00,7.0185835551078455,7.217222524677957,7.002030355002935,7.117902755737305,6519150,0.0,0.0
1996-08-05 00:00:00-04:00,7.084799726169176,7.11790557116253,6.935820297986286,6.952373504638672,2473200,0.0,0.0
1996-08-06 00:00:00-04:00,6.902709800080279,7.018582755931884,6.886157170171338,6.935816764831543,3719700,0.0,0.0
1996-08-07 00:00:00-04:00,6.968925498241081,7.051692092157176,6.952372861431499,7.018585681915283,5161500,0.0,0.0
1996-08-08 00:00:00-04:00,7.002030065789121,7.117902461737464,6.919263500371993,7.101349830627441,4320900,0.0,0.0
1996-08-09 00:00:00-04:00,7.1344586777933126,7.266884318607193,7.0682452890750085,7.233778476715088,5474700,0.0,0.0
1996-08-12 00:00:00-04:00,7.217221551960317,7.366200901136664,7.200668354086402,7.333095073699951,5458500,0.0,0.0
1996-08-13 00:00:00-04:00,7.333097802858388,7.3993106189964655,7.151011421856023,7.266883850097656,8237700,0.0,0.0
1996-08-14 00:00:00-04:00,7.151011746656486,7.266884180161071,7.051691949626917,7.134458541870117,9849600,0.0,0.0
1996-08-15 00:00:00-04:00,7.0847991550781675,7.101352360396234,6.985479354858399,6.985479354858398,4743900,0.0,0.0
1996-08-16 00:00:00-04:00,7.002032560176465,7.134458771032366,6.968925581228961,6.985479354858398,6375150,0.0,0.0
1996-08-19 00:00:00-04:00,7.018583900809832,7.068243503570557,6.968923729737885,7.068243503570557,3303900,0.0,0.0
1996-08-20 00:00:00-04:00,7.0682446172445745,7.0682446172445745,7.0020318031311035,7.0020318031311035,2322900,0.0,0.0
1996-08-21 00:00:00-04:00,7.018583265210313,7.101349830627441,6.968923098635568,7.101349830627441,3136950,0.0,0.0
1996-08-22 00:00:00-04:00,7.117906580961894,7.2006731942771305,7.117906580961894,7.167566776275635,5374800,0.0,0.0
1996-08-23 00:00:00-04:00,7.167562924363227,7.167562924363227,7.084796923838677,7.117902755737305,2019600,0.0,0.0
1996-08-26 00:00:00-04:00,7.134458541870116,7.217224565801963,7.101352132297378,7.134458541870117,3420000,0.0,0.0
1996-08-27 00:00:00-04:00,7.167566776275635,7.1841205535878805,7.117906580961894,7.167566776275635,3008700,0.0,0.0
1996-08-28 00:00:00-04:00,7.184121795567302,7.299994278604384,7.1675680153932655,7.283441066741943,5456250,0.0,0.0
1996-08-29 00:00:00-04:00,7.283439807592367,7.299993016593114,7.13446035827414,7.167566776275635,6023700,0.0,0.0
1996-08-30 00:00:00-04:00,7.151013937044951,7.151013937044951,6.9854812701664875,7.035141468048096,3803400,0.0,0.0
1996-09-03 00:00:00-04:00,6.88615937843253,7.035138778499149,6.8696056065928515,7.0020318031311035,3717000,0.0,0.0
1996-09-04 00:00:00-04:00,7.002028451829413,7.1179008210693056,7.002028451829413,7.084794998168945,4416750,0.0,0.0
1996-09-05 00:00:00-04:00,7.084801097618177,7.134460727188258,7.002034480023181,7.035141468048096,4141350,0.0,0.0
1996-09-06 00:00:00-04:00,7.0185855626908955,7.250331567070212,7.0185855626908955,7.184118747711182,3410550,0.0,0.0
1996-09-09 00:00:00-04:00,7.217227650980586,7.299994278604384,7.200674439118146,7.283441066741943,3503700,0.0,0.0
1996-09-10 00:00:00-04:00,7.307962647974651,7.324533928632949,7.225105675751218,7.258248805999756,3190500,0.013333,0.0
1996-09-11 00:00:00-04:00,7.225104033698568,7.3079609870910645,7.191962048846108,7.3079609870910645,3411450,0.0,0.0
1996-09-12 00:00:00-04:00,7.307961875276454,7.440532675457574,7.258248038557989,7.407390117645264,5615100,0.0,0.0
1996-09-13 00:00:00-04:00,7.440535211196015,7.573105487625276,7.440535211196015,7.4902496337890625,8434350,0.0,0.0
1996-09-16 00:00:00-04:00,7.589674981162027,7.854816589441027,7.5731031328291785,7.722245216369629,11140650,0.0,0.0
1996-09-17 00:00:00-04:00,7.755389622892613,7.788532756091396,7.573104381561279,7.573104381561279,6004800,0.0,0.0
1996-09-18 00:00:00-04:00,7.573104130853134,7.606247262954711,7.440533878174719,7.4571051597595215,3311550,0.0,0.0
1996-09-19 00:00:00-04:00,7.457106961523683,7.639392240863682,7.390821819168856,7.556535243988037,4152150,0.0,0.0
1996-09-20 00:00:00-04:00,7.556532158103543,7.6228172733893125,7.539960879282101,7.606245994567871,4202100,0.0,0.0
1996-09-23 00:00:00-04:00,7.573105960644633,7.589677815165451,7.473678247112391,7.556535243988037,2524050,0.0,0.0
1996-09-24 00:00:00-04:00,7.556533663499666,7.58967622774514,7.457105401831251,7.506819248199463,3282750,0.0,0.0
1996-09-25 00:00:00-04:00,7.523390043249963,7.523390043249963,7.34110595170112,7.440533638000488,5793300,0.0,0.0
1996-09-26 00:00:00-04:00,7.4073915554630405,7.58967622774514,7.374248422285575,7.506819248199463,6974550,0.0,0.0
1996-09-27 00:00:00-04:00,7.473675727844237,7.490247576778924,7.4239613189040154,7.473675727844238,7625250,0.0,0.0
1996-09-30 00:00:00-04:00,7.473673759211828,7.556530706332326,7.457102483574082,7.53995943069458,6149700,0.0,0.0
1996-10-01 00:00:00-04:00,7.606246260562977,7.738817064702477,7.556532422360126,7.722245216369629,10060650,0.0,0.0
1996-10-02 00:00:00-04:00,7.755387538972094,7.821672649694457,7.655959303956711,7.738816261291504,6671250,0.0,0.0
1996-10-03 00:00:00-04:00,7.722244414679073,7.738816261291504,7.689102428249732,7.738816261291504,4389300,0.0,0.0
1996-10-04 00:00:00-04:00,7.755387330633497,7.887958117448717,7.755387330633497,7.821672439575195,5974650,0.0,0.0
1996-10-07 00:00:00-04:00,7.805104976913473,7.854819401848404,7.722247981309989,7.7553911209106445,3036150,0.0,0.0
1996-10-08 00:00:00-04:00,7.7222459243647465,7.755389055137192,7.672532081604004,7.672532081604004,4261050,0.0,0.0
1996-10-09 00:00:00-04:00,7.705672756003808,7.7388153072793,7.50681631048732,7.53995943069458,5481450,0.0,0.0
1996-10-10 00:00:00-04:00,7.506817202529691,7.672530547530796,7.473674647315837,7.639388561248779,6682950,0.0,0.0
1996-10-11 00:00:00-04:00,7.689103931456202,7.705675212376449,7.606246957923015,7.672532081604004,2974500,0.0,0.0
1996-10-14 00:00:00-04:00,7.672531754217958,7.755388724215647,7.672531754217958,7.689103603363037,1690200,0.0,0.0
1996-10-15 00:00:00-04:00,7.689102784967352,7.738816620315479,7.473675027261736,7.523388862609863,3918600,0.0,0.0
1996-10-16 00:00:00-04:00,7.539959430694581,7.539959430694581,7.457102483574082,7.53995943069458,3228750,0.0,0.0
1996-10-17 00:00:00-04:00,7.606247514760063,7.672532643293644,7.473676688760907,7.573104381561279,3406500,0.0,0.0
1996-10-18 00:00:00-04:00,7.589674159496162,7.639388561248779,7.556531604282308,7.639388561248779,3280950,0.0,0.0
1996-10-21 00:00:00-04:00,7.639390324183032,7.672532318113193,7.589675910957871,7.655961036682129,3141000,0.0,0.0
1996-10-22 00:00:00-04:00,7.67253110985364,7.705674236428403,7.589674715746428,7.606245994567871,3567600,0.0,0.0
1996-10-23 00:00:00-04:00,7.539962136615504,7.556533418200305,7.423962027657944,7.4571051597595215,3974850,0.0,0.0
1996-10-24 00:00:00-04:00,7.45710444784147,7.539961416787228,7.407390607833166,7.473675727844238,3792600,0.0,0.0
1996-10-25 00:00:00-04:00,7.440530566738195,7.473673115157582,7.307959804128931,7.324531078338623,4149450,0.0,0.0
1996-10-28 00:00:00-05:00,7.30796272555987,7.357676568062553,7.12567749851947,7.158820629119873,7226100,0.0,0.0
1996-10-29 00:00:00-05:00,7.142250211881656,7.2913923263549805,7.075964511597947,7.2913923263549805,7123500,0.0,0.0
1996-10-30 00:00:00-05:00,7.291393006145927,7.291393006145927,6.993108749389648,6.993108749389648,9774900,0.0,0.0
1996-10-31 00:00:00-05:00,7.026246836920035,7.274816513061523,7.0096755631060494,7.274816513061523,7985250,0.0,0.0
1996-11-01 00:00:00-05:00,7.258248971759667,7.274819683864457,7.109106873497017,7.125677585601807,4381200,0.0,0.0
1996-11-04 00:00:00-05:00,7.0925350189208975,7.158820137707714,7.075963170292286,7.092535018920898,3872250,0.0,0.0
1996-11-05 00:00:00-05:00,7.125678684342363,7.20853567123413,7.10910796968246,7.208535671234131,5773050,0.0,0.0
1996-11-06 00:00:00-05:00,7.208535343233349,7.324534892030827,7.175392777557502,7.2913923263549805,4858200,0.0,0.0
1996-11-07 00:00:00-05:00,7.274821525525892,7.324535950153561,7.009680392884084,7.225107669830322,10858500,0.0,0.0
1996-11-08 00:00:00-05:00,7.2251034867821025,7.589673257607818,7.2251034867821025,7.53995943069458,9346500,0.0,0.0
1996-11-11 00:00:00-05:00,7.539960709991105,7.539960709991105,7.407389913464233,7.523388862609863,4057650,0.0,0.0
1996-11-12 00:00:00-05:00,7.490247279689622,7.490247279689622,7.026249182288228,7.075963020324707,22914000,0.0,0.0
1996-11-13 00:00:00-05:00,7.10910678661719,7.158820629119873,6.959964690177192,7.158820629119873,13030200,0.0,0.0
1996-11-14 00:00:00-05:00,7.09253558320217,7.158820707262622,7.05939245223999,7.05939245223999,8071650,0.0,0.0
1996-11-15 00:00:00-05:00,7.158823277087377,7.158823277087377,7.026252412445149,7.0428242683410645,9160200,0.0,0.0
1996-11-18 00:00:00-05:00,7.059391724886039,7.092534852433365,6.9102496421847,7.009677886962891,7441650,0.0,0.0
1996-11-19 00:00:00-05:00,7.00968109627066,7.00968109627066,6.910252805970287,6.92682409286499,6793200,0.0,0.0
1996-11-20 00:00:00-05:00,6.943389155489592,6.976531127921737,6.777675310807672,6.794247150421143,12397050,0.0,0.0
1996-11-21 00:00:00-05:00,6.794253797707366,6.993109809375958,6.794253797707366,6.92682409286499,14017050,0.0,0.0
1996-11-22 00:00:00-05:00,6.926819338387452,6.943391182839615,6.727963463210914,6.761106014251709,13963500,0.0,0.0
1996-11-25 00:00:00-05:00,6.744534101916063,6.993103759216014,6.744534101916063,6.87710428237915,12676050,0.0,0.0
1996-11-26 00:00:00-05:00,7.026252746582031,7.05939532208566,6.943396307822958,7.026252746582031,7876350,0.0,0.0
1996-11-27 00:00:00-05:00,6.9931049633536055,7.0759613404100135,6.84396291572031,6.860534191131592,4264650,0.0,0.0
1996-11-29 00:00:00-05:00,6.860534924858008,6.926820033592252,6.843963647674448,6.910248756408691,1721700,0.0,0.0
1996-12-02 00:00:00-05:00,6.993106607655175,7.009677886962891,6.89367893180888,7.009677886962891,7881300,0.0,0.0
1996-12-03 00:00:00-05:00,7.067413377816269,7.117184275617411,6.96787272137074,6.984462261199951,6164100,0.013333,0.0
1996-12-04 00:00:00-05:00,6.901509333252465,6.967869742512851,6.868328559044137,6.951279640197754,5222250,0.0,0.0
1996-12-05 00:00:00-05:00,6.9180998250456245,6.967870708468786,6.768788313932567,6.851739406585693,7823250,0.0,0.0
1996-12-06 00:00:00-05:00,6.735608158420083,6.967870764038597,6.652657634683627,6.918099880218506,8635050,0.0,0.0
1996-12-09 00:00:00-05:00,6.93468904763139,7.0342302322387695,6.901509412199785,7.0342302322387695,5276700,0.0,0.0
1996-12-10 00:00:00-05:00,7.06741035640343,7.117181232926854,6.951279640197755,6.951279640197754,6294150,0.0,0.0
1996-12-11 00:00:00-05:00,6.901510851189891,6.9678712750457725,6.8185597517917795,6.83514928817749,6233850,0.0,0.0
1996-12-12 00:00:00-05:00,6.8351500950504605,6.8351500950504605,6.586297906636244,6.602888584136963,12677850,0.0,0.0
1996-12-13 00:00:00-05:00,6.586296111557772,6.702427404941554,6.586296111557772,6.619476318359375,9977850,0.0,0.0
1996-12-16 00:00:00-05:00,6.63606880510587,6.652659484043389,6.4038067044994875,6.436986923217773,12047400,0.0,0.0
1996-12-17 00:00:00-05:00,6.45357622639443,6.6360673904418945,6.45357622639443,6.6360673904418945,15609150,0.0,0.0
1996-12-18 00:00:00-05:00,6.6526575088500985,6.752198705029264,6.586296521537919,6.652657508850098,8948700,0.0,0.0
1996-12-19 00:00:00-05:00,6.719012288333275,6.768782559869093,6.669242016797456,6.735602378845215,6379200,0.0,0.0
1996-12-20 00:00:00-05:00,6.934690836311481,6.934690836311481,6.768789198893235,6.901511192321777,11123100,0.0,0.0
1996-12-23 00:00:00-05:00,6.868331954572676,6.868331954572676,6.735610500859661,6.7687907218933105,3458250,0.0,0.0
1996-12-24 00:00:00-05:00,6.801972476422159,6.818562589289992,6.7190213425045,6.78538179397583,1766700,0.0,0.0
1996-12-26 00:00:00-05:00,6.818558632259549,6.868328941979724,6.702427340000976,6.752198219299316,4099950,0.0,0.0
1996-12-27 00:00:00-05:00,6.768788864321609,6.85173996371972,6.702428440465727,6.83514928817749,2839050,0.0,0.0
1996-12-30 00:00:00-05:00,6.884918125974701,6.901508796577809,6.785376950246501,6.801967620849609,3654450,0.0,0.0
1996-12-31 00:00:00-05:00,6.768788239884551,6.785378344318044,6.6526575088500985,6.652657508850098,4994100,0.0,0.0
1997-01-02 00:00:00-05:00,6.669250032576013,6.6858395734492095,6.486757678451471,6.5199384689331055,6869250,0.0,0.0
1997-01-03 00:00:00-05:00,6.569707798713852,6.669249015826534,6.553117690791459,6.602888584136963,7190100,0.0,0.0
1997-01-06 00:00:00-05:00,6.6194800572258385,6.702431190661126,6.6194800572258385,6.669250965118408,10133550,0.0,0.0
1997-01-07 00:00:00-05:00,6.636066416511313,6.818558692932129,6.586296106348274,6.818558692932129,12679200,0.0,0.0
1997-01-08 00:00:00-05:00,6.901508796577809,6.901508796577809,6.752197317774555,6.801967620849609,15584850,0.0,0.0
1997-01-09 00:00:00-05:00,6.801968529019491,6.851738838739665,6.735607546481092,6.752198219299316,5883300,0.0,0.0
1997-01-10 00:00:00-05:00,6.685840547190339,6.78538179397583,6.636070208586841,6.78538179397583,7784100,0.0,0.0
1997-01-13 00:00:00-05:00,6.801971512505377,6.801971512505377,6.702430279826011,6.7687907218933105,5056200,0.0,0.0
1997-01-14 00:00:00-05:00,6.768786849221483,6.818557721874628,6.752197317774555,6.801967620849609,4694400,0.0,0.0
1997-01-15 00:00:00-05:00,6.768791641746561,6.785381754517919,6.669250965118408,6.669250965118408,7531650,0.0,0.0
1997-01-16 00:00:00-05:00,6.702428383310136,6.752199270355881,6.619477284619398,6.6360673904418945,9581850,0.0,0.0
1997-01-17 00:00:00-05:00,6.735607546481092,6.801968529019491,6.66924713352086,6.752198219299316,10371600,0.0,0.0
1997-01-20 00:00:00-05:00,6.801968153466674,7.050820827484132,6.78537748156446,7.050820827484131,9609750,0.0,0.0
1997-01-21 00:00:00-05:00,6.984460299207671,7.084001497269637,6.868329565976632,6.918099880218506,8390700,0.0,0.0
1997-01-22 00:00:00-05:00,6.951279099652863,6.951279099652863,6.801967620849609,6.801967620849609,8553600,0.0,0.0
1997-01-23 00:00:00-05:00,6.868329436063717,6.868329436063717,6.6526575088500985,6.652657508850098,8888850,0.0,0.0
1997-01-24 00:00:00-05:00,6.63606883287792,6.63606883287792,6.42039684072809,6.486757278442383,22484700,0.0,0.0
1997-01-27 00:00:00-05:00,6.470165168023416,6.519936050495162,6.33744376406243,6.370624542236328,13092300,0.0,0.0
1997-01-28 00:00:00-05:00,6.503345490607541,6.503345490607541,6.3540339928086755,6.403804302215576,12576150,0.0,0.0
1997-01-29 00:00:00-05:00,6.4038067044994875,6.47016714193606,6.387216025561968,6.436986923217773,6729750,0.0,0.0
1997-01-30 00:00:00-05:00,6.453577123854928,6.602888666599519,6.420396338017426,6.586297988891602,9546300,0.0,0.0
1997-01-31 00:00:00-05:00,6.636068302897911,6.719019412994385,6.55311776237977,6.569707870483398,16121700,0.0,0.0
1997-02-03 00:00:00-05:00,6.602890514032973,6.702431190661126,6.569709718911763,6.669250965118408,14645250,0.0,0.0
1997-02-04 00:00:00-05:00,6.652658065842646,6.685837707909385,6.619477284619398,6.6360673904418945,10887750,0.0,0.0
1997-02-05 00:00:00-05:00,6.65266085234705,6.851742775181847,6.636070169997198,6.669250965118408,18170100,0.0,0.0
1997-02-06 00:00:00-05:00,6.801971512505377,6.8517418440558515,6.752201180954901,6.7687907218933105,8929350,0.0,0.0
1997-02-07 00:00:00-05:00,6.967873587181559,7.001053810119629,6.85174223731987,7.001053810119629,14265900,0.0,0.0
1997-02-10 00:00:00-05:00,7.001048108523738,7.083998598314715,6.967867912607348,7.017638206481934,8917650,0.0,0.0
1997-02-11 00:00:00-05:00,6.934689929660608,6.967870708468786,6.785378418547549,6.851739406585693,12307050,0.0,0.0
1997-02-12 00:00:00-05:00,6.83514928817749,6.83514928817749,6.669248228537786,6.83514928817749,8904600,0.0,0.0
1997-02-13 00:00:00-05:00,6.818560088823511,6.901511192321777,6.752199661687527,6.901511192321777,10914300,0.0,0.0
1997-02-14 00:00:00-05:00,6.901508796577809,6.934688429049755,6.785376950246501,6.801967620849609,5404500,0.0,0.0
1997-02-18 00:00:00-05:00,6.8849191064828466,6.9015097794486975,6.801968589544449,6.818558692932129,7375950,0.0,0.0
1997-02-19 00:00:00-05:00,6.801971512505377,6.835151163960611,6.702430279826011,6.7687907218933105,12837600,0.0,0.0
1997-02-20 00:00:00-05:00,6.735610948335613,6.752201629533045,6.63606970904329,6.702430725097656,7717500,0.0,0.0
1997-02-21 00:00:00-05:00,6.702430279826011,6.835151163960611,6.669250058792361,6.7687907218933105,9213750,0.0,0.0
1997-02-24 00:00:00-05:00,6.835153030301984,6.934694290161133,6.785382685161696,6.934694290161133,9524250,0.0,0.0
1997-02-25 00:00:00-05:00,7.166953106315769,7.382625053128453,7.100592682551331,7.316264629364014,39573900,0.0,0.0
1997-02-26 00:00:00-05:00,7.3494459686355365,7.498757503016285,7.233314079077029,7.432395935058594,22858650,0.0,0.0
1997-02-27 00:00:00-05:00,7.548526202544943,7.548526202544943,7.33285371612979,7.349444389343262,11097900,0.0,0.0
1997-02-28 00:00:00-05:00,7.332857096330875,7.415808222323199,7.233315859055773,7.249906539916992,6610050,0.0,0.0
1997-03-03 00:00:00-05:00,7.18354642330559,7.432398693237578,7.18354642330559,7.399219036102295,6214050,0.0,0.0
1997-03-04 00:00:00-05:00,7.399216703532633,7.432396350208182,7.316265593319591,7.332855701446533,7098300,0.0,0.0
1997-03-05 00:00:00-05:00,7.382624560566545,7.448985549481698,7.29967403639538,7.415805339813232,6465150,0.0,0.0
1997-03-06 00:00:00-05:00,7.548527203031026,7.548527203031026,7.4489859984478475,7.4987568855285645,7613100,0.0,0.0
1997-03-07 00:00:00-05:00,7.498757466395813,7.531937111056021,7.465576682579007,7.515347003936768,6262200,0.0,0.0
1997-03-10 00:00:00-05:00,7.531937111056021,7.531937111056021,7.482166789698261,7.515347003936768,3059550,0.0,0.0
1997-03-11 00:00:00-05:00,7.47349739074707,7.506713378181303,7.390458277435392,7.47349739074707,5055750,0.013333,0.0
1997-03-12 00:00:00-05:00,7.423674317158953,7.506713431055526,7.40706660841616,7.490105152130127,3685500,0.0,0.0
1997-03-13 00:00:00-05:00,7.490101075645552,7.6229632434603225,7.456885676237433,7.5731401443481445,8323200,0.0,0.0
1997-03-14 00:00:00-05:00,7.706003724559123,7.722611427307128,7.589748664958289,7.722611427307129,8948700,0.0,0.0
1997-03-17 00:00:00-05:00,7.722608464609946,7.722608464609946,7.573138627038025,7.672784805297852,6259500,0.0,0.0
1997-03-18 00:00:00-05:00,7.7226091700998225,7.789039961675081,7.6727855062361465,7.755824565887451,8888850,0.0,0.0
1997-03-19 00:00:00-05:00,7.739221415353677,7.789045112163158,7.622967453224312,7.689398288726807,6233850,0.0,0.0
1997-03-20 00:00:00-05:00,7.7060010887915915,7.7060010887915915,7.589746068954728,7.656177997589111,6432300,0.0,0.0
1997-03-21 00:00:00-05:00,7.722610261264667,7.722610261264667,7.622963489639974,7.639571189880371,5601150,0.0,0.0
1997-03-24 00:00:00-05:00,7.656183441158169,7.70600656778504,7.589751465290456,7.689398288726807,3794850,0.0,0.0
1997-03-25 00:00:00-05:00,7.689398173065275,7.689398173065275,7.456889682121255,7.47349739074707,7936200,0.0,0.0
1997-03-26 00:00:00-05:00,7.440283107239161,7.539929951997142,7.324029120234703,7.407068252563477,9129600,0.0,0.0
1997-03-27 00:00:00-05:00,7.390454244274762,7.440277342962465,7.224376678466797,7.224376678466797,9031950,0.0,0.0
1997-03-31 00:00:00-05:00,7.2575946402515905,7.3406331608615645,7.074908754544755,7.108124732971191,7411950,0.0,0.0
1997-04-01 00:00:00-05:00,7.008478389438615,7.141340030971541,7.008478389438615,7.074909210205078,7233750,0.0,0.0
1997-04-02 00:00:00-05:00,7.091516286075191,7.20777135246466,7.008477767486188,7.0583014488220215,8977050,0.0,0.0
1997-04-03 00:00:00-05:00,7.074905198683445,7.1081211604154735,6.958651328258906,7.025082111358643,7277850,0.0,0.0
1997-04-04 00:00:00-05:00,7.008477885106023,7.257594585418701,6.991869610927062,7.257594585418701,5238000,0.0,0.0
1997-04-07 00:00:00-04:00,7.340636832663911,7.407068252563477,7.290813125193555,7.407068252563477,4480650,0.0,0.0
1997-04-08 00:00:00-04:00,7.407060689081209,7.456883775493589,7.324021641545094,7.423668384552002,4263300,0.0,0.0
1997-04-09 00:00:00-04:00,7.556534290313721,7.606357401595103,7.490102905089444,7.556534290313721,7798050,0.0,0.0
1997-04-10 00:00:00-04:00,7.556534290313721,7.589749127652207,7.4734952013289835,7.556534290313721,3741750,0.0,0.0
1997-04-11 00:00:00-04:00,7.473495307555897,7.506711285731378,7.257594585418701,7.257594585418701,4568400,0.0,0.0
1997-04-14 00:00:00-04:00,7.274203838963761,7.440280914306641,7.257596131429472,7.440280914306641,4890600,0.0,0.0
1997-04-15 00:00:00-04:00,7.4901029405760715,7.573142029954232,7.4901029405760715,7.539926052093506,5885550,0.0,0.0
1997-04-16 00:00:00-04:00,7.4734933759414925,7.589747273869908,7.456885676237433,7.5731401443481445,4031550,0.0,0.0
1997-04-17 00:00:00-04:00,7.573141994074182,7.639572809116023,7.523318312610365,7.556534290313721,5451300,0.0,0.0
1997-04-18 00:00:00-04:00,7.5565311747386295,7.622961962390907,7.523315210730292,7.589745998382568,3194100,0.0,0.0
1997-04-21 00:00:00-04:00,7.573142029954232,7.63957284531081,7.506711214597653,7.539926052093506,3424500,0.0,0.0
1997-04-22 00:00:00-04:00,7.523315210730292,7.656177926399244,7.4402761559827475,7.589745998382568,5808150,0.0,0.0
1997-04-23 00:00:00-04:00,7.5731389420694395,7.689392821541893,7.5731389420694395,7.656177997589111,5622300,0.0,0.0
1997-04-24 00:00:00-04:00,7.689395131066821,7.7060034033048455,7.556533514621625,7.606356620788574,9823500,0.0,0.0
1997-04-25 00:00:00-04:00,7.573144266026699,7.589751404586888,7.45688973464454,7.490105152130127,3173850,0.0,0.0
1997-04-28 00:00:00-04:00,7.456887532897782,7.589749163610939,7.456887532897782,7.539926052093506,2775150,0.0,0.0
1997-04-29 00:00:00-04:00,7.639572024899873,7.7060034033048455,7.589748348550549,7.606356620788574,5320350,0.0,0.0
1997-04-30 00:00:00-04:00,7.606353585313813,7.755823414347966,7.589745319703664,7.706000328063965,6540300,0.0,0.0
1997-05-01 00:00:00-04:00,7.706003945310002,7.706003945310002,7.57314174933751,7.622964859008789,6061500,0.0,0.0
1997-05-02 00:00:00-04:00,7.589747518976869,7.73921739132275,7.573140388918785,7.639571189880371,11986200,0.0,0.0
1997-05-05 00:00:00-04:00,7.656181911997539,7.872082654441642,7.622965930697873,7.855474948883057,7813800,0.0,0.0
1997-05-06 00:00:00-04:00,7.855477052332081,7.9717310223713245,7.838868772143827,7.8886919021606445,7953300,0.0,0.0
1997-05-07 00:00:00-04:00,7.888686468501836,8.054764594530022,7.8222556742363665,7.838863372802734,10234800,0.0,0.0
1997-05-08 00:00:00-04:00,7.70600256102427,7.772433361985857,7.639571189880371,7.639571189880371,10232100,0.0,0.0
1997-05-09 00:00:00-04:00,7.706003724559123,7.739218559872734,7.622964640636699,7.722611427307129,4142250,0.0,0.0
1997-05-12 00:00:00-04:00,7.739220214273684,7.78904390335083,7.689397095379058,7.78904390335083,3451500,0.0,0.0
1997-05-13 00:00:00-04:00,7.789042196280178,7.905296685071463,7.689395410147306,7.872081279754639,4275450,0.0,0.0
1997-05-14 00:00:00-04:00,7.872079021326385,7.938509812901644,7.739216297811405,7.755824565887451,4600350,0.0,0.0
1997-05-15 00:00:00-04:00,7.706002038838658,7.822255932643664,7.6727860704263815,7.8056488037109375,3458250,0.0,0.0
1997-05-16 00:00:00-04:00,7.8222568338765175,7.97172671331481,7.8222568338765175,7.921903610229492,9153900,0.0,0.0
1997-05-19 00:00:00-04:00,7.9385128021240225,7.96342407325389,7.838866007057212,7.938512802124023,4046400,0.0,0.0
1997-05-20 00:00:00-04:00,8.038157015674019,8.137803785806884,8.004942185872803,8.071372985839844,19209600,0.0,0.0
1997-05-21 00:00:00-04:00,8.137803367801817,8.20423473453886,8.054764872108358,8.087980270385742,11644650,0.0,0.0
1997-05-22 00:00:00-04:00,8.087979982057819,8.20423444206659,8.087979982057819,8.137803077697754,9601200,0.0,0.0
1997-05-23 00:00:00-04:00,8.171017381923225,8.187624506907559,8.021547555242812,8.104586601257324,7686450,0.0,0.0
1997-05-27 00:00:00-04:00,8.104588956005669,8.104588956005669,7.988333915698738,8.071372985839844,8203500,0.0,0.0
1997-05-28 00:00:00-04:00,8.071376660988868,8.204238891601562,8.021553538327568,8.204238891601562,11479950,0.0,0.0
1997-05-29 00:00:00-04:00,8.187631100789876,8.4533561480007,8.187631100789876,8.386924743652344,10994400,0.0,0.0
1997-05-30 00:00:00-04:00,8.320493909486586,8.403533022376381,8.27067021367967,8.386924743652344,7105950,0.0,0.0
1997-06-02 00:00:00-04:00,8.370315018077001,8.370315018077001,8.287275925197523,8.353707313537598,4398750,0.0,0.0
1997-06-03 00:00:00-04:00,8.303881386650925,8.370312182302477,8.28727311755577,8.337096214294434,6544800,0.0,0.0
1997-06-04 00:00:00-04:00,8.303883333823896,8.40353012084961,8.25406022540224,8.40353012084961,4084650,0.0,0.0
1997-06-05 00:00:00-04:00,8.403529760063797,8.586214483100065,8.403529760063797,8.56960678100586,10196550,0.0,0.0
1997-06-06 00:00:00-04:00,8.619430776687356,8.835331482090192,8.602823073978092,8.685861587524414,11239200,0.0,0.0
1997-06-09 00:00:00-04:00,8.619430776687356,8.702469860416077,8.619430776687356,8.685861587524414,5250150,0.0,0.0
1997-06-10 00:00:00-04:00,8.679213415729933,8.795600891113281,8.596078933904383,8.795600891113281,5583600,0.016667,0.0
1997-06-11 00:00:00-04:00,8.795598074077937,8.895359306149793,8.74571774346064,8.862106323242188,5661900,0.0,0.0
1997-06-12 00:00:00-04:00,8.9618731004542,9.011754035949707,8.928619524015627,9.011754035949707,7304850,0.0,0.0
1997-06-13 00:00:00-04:00,9.028376472057177,9.11151094917279,8.961869347034618,8.995122909545898,5811300,0.0,0.0
1997-06-16 00:00:00-04:00,8.961867987176335,9.011748894211824,8.845479965209961,8.845479965209961,4407750,0.0,0.0
1997-06-17 00:00:00-04:00,8.878732356097524,9.1115083694458,8.84547880300127,9.1115083694458,6487650,0.0,0.0
1997-06-18 00:00:00-04:00,9.01175015381464,9.02837636403394,8.928615677693722,8.961869239807129,8116650,0.0,0.0
1997-06-19 00:00:00-04:00,9.045002348413746,9.211271286010742,9.028375568821517,9.211271286010742,6063750,0.0,0.0
1997-06-20 00:00:00-04:00,9.211271324803807,9.211271324803807,9.09488272549333,9.1946439743042,5301450,0.0,0.0
1997-06-23 00:00:00-04:00,9.194645031751099,9.194645031751099,9.07825756072998,9.07825756072998,6543000,0.0,0.0
1997-06-24 00:00:00-04:00,9.094879615652953,9.311029389865539,9.078253412513106,9.286088943481445,8168400,0.0,0.0
1997-06-25 00:00:00-04:00,9.277779372134555,9.286093048216536,9.128137769358192,9.16970443725586,5258700,0.0,0.0
1997-06-26 00:00:00-04:00,9.153082021232464,9.227902853638076,8.9618731004542,9.011754035949707,6164100,0.0,0.0
1997-06-27 00:00:00-04:00,9.094880104064941,9.144760999511822,9.053313452308796,9.094880104064941,4057200,0.0,0.0
1997-06-30 00:00:00-04:00,9.111513334858662,9.24452761973118,9.061632978031469,9.178020477294922,8268300,0.0,0.0
1997-07-01 00:00:00-04:00,9.178015556748925,9.19464233344399,9.128135226663726,9.161389350891113,4716450,0.0,0.0
1997-07-02 00:00:00-04:00,9.169704507054826,9.178018183200091,9.028376579284668,9.028376579284668,5676300,0.0,0.0
1997-07-03 00:00:00-04:00,9.078256516668434,9.211271324803807,9.078256516668434,9.1946439743042,4300200,0.0,0.0
1997-07-07 00:00:00-04:00,9.227901458740234,9.327662172976032,9.153080637644605,9.227901458740234,4141500,0.0,1.5
1997-07-08 00:00:00-04:00,9.277776280387505,9.377537505939562,9.05331395102329,9.128134727478027,5406000,0.0,0.0
1997-07-09 00:00:00-04:00,9.053315670105917,9.165546856098965,8.803912844286698,8.87873363494873,7241400,0.0,0.0
1997-07-10 00:00:00-04:00,8.928614542614973,8.953554425610763,8.741562565959892,8.87873363494873,7968600,0.0,0.0
1997-07-11 00:00:00-04:00,8.87873052794006,9.028372056898808,8.866260590805874,8.953551292419434,5337600,0.0,0.0
1997-07-14 00:00:00-04:00,9.07825440012061,9.153075176575348,9.02837350192597,9.128134727478027,5108100,0.0,0.0
1997-07-15 00:00:00-04:00,9.178019553022514,9.202960014343262,9.103198739897772,9.202960014343262,5607300,0.0,0.0
1997-07-16 00:00:00-04:00,9.277779660705573,9.477301613667409,9.165548455132521,9.41495132446289,6804000,0.0,0.0
1997-07-17 00:00:00-04:00,9.37753803288652,9.452358813545622,9.302717252227417,9.390007972717285,5577600,0.0,0.0
1997-07-18 00:00:00-04:00,9.340127599017466,9.340127599017466,9.12813519785914,9.302717208862305,6501300,0.0,0.0
1997-07-21 00:00:00-04:00,9.252840366147256,9.277780827468003,9.178019553022514,9.202960014343262,3144300,0.0,0.0
1997-07-22 00:00:00-04:00,9.202958856990206,9.427421268136307,9.153078511459103,9.41495132446289,5906100,0.0,0.0
1997-07-23 00:00:00-04:00,9.577059879721064,9.577059879721064,9.252836308097256,9.302717208862305,4559400,0.0,0.0
1997-07-24 00:00:00-04:00,9.377537132159482,9.502238231001167,9.24036552384759,9.47729778289795,6554400,0.0,0.0
1997-07-25 00:00:00-04:00,9.46483325958252,9.5271841300961,9.37754249753353,9.46483325958252,4936800,0.0,0.0
1997-07-28 00:00:00-04:00,9.477297529916374,9.56458881052893,9.477297529916374,9.552118301391602,3559800,0.0,0.0
1997-07-29 00:00:00-04:00,9.527183865921947,9.764116253963737,9.489773458818638,9.651885032653809,5755200,0.0,0.0
1997-07-30 00:00:00-04:00,9.664351529998687,9.776582717895508,9.589530738067472,9.776582717895508,3977400,0.0,0.0
1997-07-31 00:00:00-04:00,9.888815755424273,9.963636561350182,9.826466606052545,9.938697814941406,7159800,0.0,0.0
1997-08-01 00:00:00-04:00,9.951159869699625,9.976100881115661,9.676817877515672,9.813987731933594,7388700,0.0,0.0
1997-08-04 00:00:00-04:00,9.764112023438651,9.976104999623276,9.739171001726033,9.901284217834473,4482300,0.0,0.0
1997-08-05 00:00:00-04:00,9.851402701788043,10.02598529642426,9.838933331938732,10.001044273376465,4446600,0.0,0.0
1997-08-06 00:00:00-04:00,10.001040605858423,10.038450985036631,9.901281116948757,9.976101875305176,3284400,0.0,0.0
1997-08-07 00:00:00-04:00,10.01351592657495,10.050926319472055,9.976105533677844,10.001044273376465,3984600,0.0,0.0
1997-08-08 00:00:00-04:00,9.826465206567699,9.963635142329599,9.427420204011566,9.676823616027832,6626400,0.0,0.0
1997-08-11 00:00:00-04:00,9.689289620546477,9.826461791992188,9.689289620546477,9.826461791992188,5817000,0.0,0.0
1997-08-12 00:00:00-04:00,9.8264614392004,9.938692589076998,9.776579405911743,9.789051055908203,4244700,0.0,0.0
1997-08-13 00:00:00-04:00,9.876344534920246,9.888813905792329,9.701761925964293,9.776582717895508,5752800,0.0,0.0
1997-08-14 00:00:00-04:00,9.80152602913757,9.80152602913757,9.639415036591622,9.689294815063477,5082000,0.0,0.0
1997-08-15 00:00:00-04:00,9.502242088317871,9.614473294085405,9.489772144622846,9.502242088317871,3852600,0.0,0.0
1997-08-18 00:00:00-04:00,9.52718510880203,9.714237739558257,9.39001340791583,9.577065467834473,6767400,0.0,0.0
1997-08-19 00:00:00-04:00,9.776582940954826,9.863875389099121,9.67682340500337,9.863875389099121,6684900,0.0,0.0
1997-08-20 00:00:00-04:00,9.826466895270386,10.100809097290039,9.789056491206347,10.100809097290039,10068900,0.0,0.0
1997-08-21 00:00:00-04:00,10.088337063915667,10.088337063915667,9.876344068995062,9.9137544631958,4700100,0.0,0.0
1997-08-22 00:00:00-04:00,9.701761925964293,9.813993113861114,9.614471763160997,9.776582717895508,3882000,0.0,0.0
1997-08-25 00:00:00-04:00,9.776579756912653,9.926221295453912,9.751641022721559,9.826461791992188,2658600,0.0,0.0
1997-08-26 00:00:00-04:00,9.764116253963737,9.813996035651467,9.57706421844719,9.651885032653809,3150600,0.0,0.0
1997-08-27 00:00:00-04:00,9.676822775313106,9.676822775313106,9.477299720532079,9.626940727233887,4234200,0.0,0.0
1997-08-28 00:00:00-04:00,9.577059356110686,9.651880132330302,9.427417803671457,9.514708518981934,4661400,0.0,0.0
1997-08-29 00:00:00-04:00,9.477301613667409,9.514712015525093,9.390010866278624,9.41495132446289,4555500,0.0,0.0
1997-09-02 00:00:00-04:00,9.464832306826658,9.72670513745032,9.45236236231421,9.701764106750488,4018200,0.0,0.0
1997-09-03 00:00:00-04:00,10.013514713155429,10.163156266610558,9.90128354806408,10.0758638381958,14181600,0.0,0.0
1997-09-04 00:00:00-04:00,10.05092510151921,10.100804858221288,9.938693936427864,10.0758638381958,8359200,0.0,0.0
1997-09-05 00:00:00-04:00,10.075859732102732,10.100800741964312,9.976100259352346,10.025979995727539,4684800,0.0,0.0
1997-09-08 00:00:00-04:00,10.075859732102732,10.100800741964312,10.001038985865959,10.025979995727539,4803000,0.0,0.0
1997-09-09 00:00:00-04:00,10.035972222190512,10.073419879735999,9.973558697740158,10.011006355285645,6635100,0.016667,0.0
1997-09-10 00:00:00-04:00,10.011003885788293,10.048451534096259,9.936108589172363,9.936108589172363,5656200,0.0,0.0
1997-09-11 00:00:00-04:00,9.973558928556328,10.235692537441246,9.886181820802584,10.1483154296875,6331800,0.0,0.0
1997-09-12 00:00:00-04:00,10.160798278366393,10.373002460000366,10.02349170697728,10.135834693908691,5996100,0.0,0.0
1997-09-15 00:00:00-04:00,10.148313288223871,10.410446841794231,10.148313288223871,10.37299919128418,6677700,0.0,0.0
1997-09-16 00:00:00-04:00,10.560238707693,10.685063462457904,10.422929877515172,10.672581672668457,9136500,0.0,0.0
1997-09-17 00:00:00-04:00,10.647614086278466,10.772441106488548,10.635132298506699,10.722509384155273,3923700,0.0,0.0
1997-09-18 00:00:00-04:00,10.77244408307593,10.859821192868106,10.710030555725098,10.710030555725098,4937700,0.0,0.0
1997-09-19 00:00:00-04:00,10.710031878180791,10.747479542090515,10.610170679213523,10.734997749328613,4301700,0.0,0.0
1997-09-22 00:00:00-04:00,10.734993795146776,10.747475583311072,10.56023733273074,10.70378589630127,6478500,0.0,0.0
1997-09-23 00:00:00-04:00,10.685063214761499,10.697547289885021,10.472861365142675,10.535272598266602,4106100,0.0,0.0
1997-09-24 00:00:00-04:00,10.522791554951826,10.759959286012156,10.460378031778653,10.585205078125,5340000,0.0,0.0
1997-09-25 00:00:00-04:00,10.585202323734038,10.635131757906215,10.472859382629395,10.472859382629395,3854400,0.0,0.0
1997-09-26 00:00:00-04:00,10.510314244373763,10.672586731041056,10.497830163043893,10.547761917114258,6495300,0.0,0.0
1997-09-29 00:00:00-04:00,10.385486426801428,10.572724777558813,10.385486426801428,10.49782943725586,4797900,0.0,0.0
1997-09-30 00:00:00-04:00,10.497822288965443,10.572717578269888,10.397963426974744,10.410445213317871,6344400,0.0,0.0
1997-10-01 00:00:00-04:00,10.497825488831072,10.635134322950249,10.497825488831072,10.61016845703125,5745900,0.0,0.0
1997-10-02 00:00:00-04:00,10.610170096851887,10.622654174552592,10.4978271112889,10.572722434997559,3476700,0.0,0.0
1997-10-03 00:00:00-04:00,10.610171959449968,10.672585502038409,10.385485948880739,10.510313034057617,5730900,0.0,0.0
1997-10-06 00:00:00-04:00,10.585206512698262,10.610170096851887,10.510311188989604,10.572722434997559,3486900,0.0,0.0
1997-10-07 00:00:00-04:00,10.535277107407335,10.610172447710289,10.4853476424135,10.49782943725586,4741200,0.0,0.0
1997-10-08 00:00:00-04:00,10.485343154642777,10.547756673390124,10.410447846395328,10.535272598266602,4295400,0.0,0.0
1997-10-09 00:00:00-04:00,10.385478331325354,10.822368237745215,10.385478331325354,10.797402381896973,6018900,0.0,0.0
1997-10-10 00:00:00-04:00,10.747476824009619,10.972162750643966,10.685063304736708,10.884785652160645,5667900,0.0,0.0
1997-10-13 00:00:00-04:00,10.97216685897971,10.97216685897971,10.83485797941578,10.922237396240234,5519100,0.0,0.0
1997-10-14 00:00:00-04:00,10.972161277742696,11.134433663320712,10.922231840400952,11.072022438049316,7633200,0.0,0.0
1997-10-15 00:00:00-04:00,11.059539895125871,11.134435204315489,10.997128661216822,11.04705810546875,2907000,0.0,0.0
1997-10-16 00:00:00-04:00,11.184367179870605,11.284226070568,11.096987793481011,11.184367179870605,5712900,0.0,0.0
1997-10-17 00:00:00-04:00,11.171885588039649,11.259264993855357,10.734997701457143,10.99713134765625,6903300,0.0,0.0
1997-10-20 00:00:00-04:00,10.997128615477818,11.009610405083023,10.809890343282529,10.884785652160645,3048300,0.0,0.0
1997-10-21 00:00:00-04:00,10.959682387646662,11.184368343528094,10.92223472833309,11.13443660736084,5613600,0.0,0.0
1997-10-22 00:00:00-04:00,11.184371842560438,11.309196650782557,11.109476500502275,11.196853637695312,6000600,0.0,0.0
1997-10-23 00:00:00-04:00,10.95968892188273,11.121961447114872,10.90975715594584,10.984652519226074,5985300,0.0,0.0
1997-10-24 00:00:00-04:00,11.084503277983682,11.10946913733093,10.92223090628391,10.972160339355469,5215200,0.0,0.0
1997-10-27 00:00:00-05:00,10.784924899830537,10.909749657629993,10.185762405395508,10.185762405395508,7981200,0.0,0.0
1997-10-28 00:00:00-05:00,10.285622970973769,10.734994815060631,10.023489395256432,10.647615432739258,12688800,0.0,0.0
1997-10-29 00:00:00-05:00,10.759958241968658,10.859819412231445,10.66009935732923,10.859819412231445,8438700,0.0,0.0
1997-10-30 00:00:00-05:00,10.685066326876827,11.034579390912482,10.610170996815484,10.834856986999512,7414500,0.0,0.0
1997-10-31 00:00:00-05:00,10.984645970106552,11.184368343528094,10.85982120093589,11.13443660736084,6741300,0.0,0.0
1997-11-03 00:00:00-05:00,11.48395538330078,11.48395538330078,11.246785231499672,11.483955383300781,7838700,0.0,0.0
1997-11-04 00:00:00-05:00,11.533881617527381,11.54636341151576,11.334161485592132,11.458986282348633,7467900,0.0,0.0
1997-11-05 00:00:00-05:00,11.384090947169883,11.48395215594963,11.346643279580508,11.458986282348633,4105500,0.0,0.0
1997-11-06 00:00:00-05:00,11.471466752011338,11.596293819981398,11.371607840384065,11.434019088745117,4925700,0.0,0.0
1997-11-07 00:00:00-05:00,11.209326937343684,11.35911750793457,11.184363365993685,11.35911750793457,4600200,0.0,0.0
1997-11-10 00:00:00-05:00,11.284229283054282,11.346642821726173,11.121956825256348,11.121956825256348,4838100,0.0,0.0
1997-11-11 00:00:00-05:00,11.12195187539106,11.15939952480315,11.034574788637226,11.072022438049316,3830400,0.0,0.0
1997-11-12 00:00:00-05:00,10.984642133033862,11.109469144224626,10.834851548103295,10.872299194335938,6325200,0.0,0.0
1997-11-13 00:00:00-05:00,10.909749231371057,10.984644540249173,10.71002916957056,10.884785652160645,4852200,0.0,0.0
1997-11-14 00:00:00-05:00,10.884795344665957,11.346649398803711,10.872311258320696,11.234306335449219,5085000,0.0,0.0
1997-11-17 00:00:00-05:00,11.371605337550008,11.583807192271369,11.334157682525829,11.558843612670898,5415300,0.0,0.0
1997-11-18 00:00:00-05:00,11.384087320788812,11.458982632109791,11.234296698146855,11.24677848815918,4791000,0.0,0.0
1997-11-19 00:00:00-05:00,11.20933336528621,11.384089893063171,11.184369779620951,11.309194564819336,5751300,0.0,0.0
1997-11-20 00:00:00-05:00,11.334155558985604,11.396566781917032,11.23429440242305,11.321671485900879,7750800,0.0,0.0
1997-11-21 00:00:00-05:00,11.409055503650288,11.458984959463924,11.246780772414006,11.434019088745117,4524300,0.0,0.0
1997-11-24 00:00:00-05:00,11.384085872399044,11.421533523295095,11.184365829494523,11.259261131286621,3514200,0.0,0.0
1997-11-25 00:00:00-05:00,11.296711448209564,11.359122690683234,11.184368469008442,11.28422737121582,3283800,0.0,0.0
1997-11-26 00:00:00-05:00,11.45898129571613,11.483947158452674,11.146918296813963,11.146918296813965,3276000,0.0,0.0
1997-11-28 00:00:00-05:00,11.196853637695312,11.38409199284072,11.17188776180111,11.196853637695312,1691400,0.0,0.0
1997-12-01 00:00:00-05:00,11.346643878863407,11.733602369183082,11.321678003943816,11.683672904968262,6206400,0.0,0.0
1997-12-02 00:00:00-05:00,11.79361728342,11.8560819475662,11.706163093487048,11.743642807006836,5034300,0.016667,0.0
1997-12-03 00:00:00-05:00,11.843578177343582,11.968509674072266,11.70615192963744,11.968509674072266,5250000,0.0,0.0
1997-12-04 00:00:00-05:00,12.018484838542092,12.093444198683564,11.768619542211141,11.793606758117676,5680500,0.0,0.0
1997-12-05 00:00:00-05:00,11.693663474534372,12.043473157827519,11.668676251592442,11.956021308898926,3949800,0.0,0.0
1997-12-08 00:00:00-05:00,12.043477948870533,12.043477948870533,11.856079421203567,11.981013298034668,4665300,0.0,0.0
1997-12-09 00:00:00-05:00,11.868568133380371,11.981007192683201,11.818593693082324,11.856073379516602,2741700,0.0,0.0
1997-12-10 00:00:00-05:00,11.856076165428124,11.906050617469045,11.693664915242772,11.768624305725098,3324000,0.0,0.0
1997-12-11 00:00:00-05:00,11.781117425995724,11.93103621524521,11.718652788861226,11.83109188079834,7337700,0.0,0.0
1997-12-12 00:00:00-05:00,11.981009777222019,11.981009777222019,11.768624079085852,11.943530082702637,5023500,0.0,0.0
1997-12-15 00:00:00-05:00,11.943523816069954,11.96850874092089,11.718645766944647,11.731138229370117,4491300,0.0,0.0
1997-12-16 00:00:00-05:00,11.818598678557557,11.943532544425388,11.756134033203125,11.756134033203125,5701200,0.0,0.0
1997-12-17 00:00:00-05:00,11.756126561288252,11.868565596558028,11.59371309640211,11.606207847595215,4071600,0.0,0.0
1997-12-18 00:00:00-05:00,11.743638203339716,11.743638203339716,11.443800612721857,11.531254768371582,4006200,0.0,0.0
1997-12-19 00:00:00-05:00,11.14396074430626,11.343853955580007,11.056508894110749,11.293879508972168,8848800,0.0,0.0
1997-12-22 00:00:00-05:00,11.343855133326255,11.393827297543519,11.168949127197266,11.168949127197266,2696400,0.0,0.0
1997-12-23 00:00:00-05:00,11.193936947246266,11.256401583938578,11.093990325927734,11.093990325927734,3522900,0.0,0.0
1997-12-24 00:00:00-05:00,11.118970303843506,11.118970303843506,10.806638173698532,10.881597518920898,3026400,0.0,0.0
1997-12-26 00:00:00-05:00,10.881603533659883,10.956562920315585,10.80664414700418,10.844123840332031,1081800,0.0,0.0
1997-12-29 00:00:00-05:00,10.89409732996518,10.94406948747306,10.581765054699417,10.869110107421875,6349500,0.0,0.0
1997-12-30 00:00:00-05:00,11.069001074474386,11.381333351135254,10.969056759012206,11.381333351135254,5320800,0.0,0.0
1997-12-31 00:00:00-05:00,11.368840127293009,11.781116774945799,11.331360432051847,11.768624305725098,5643900,0.0,0.0
1998-01-02 00:00:00-05:00,11.793616935121603,11.818601885010139,11.418819810992527,11.693670272827148,3489300,0.0,0.0
1998-01-05 00:00:00-05:00,11.73114573292373,11.768625431750962,11.506267539960335,11.531254768371582,4658400,0.0,0.0
1998-01-06 00:00:00-05:00,11.41880945547892,11.606207847595215,11.41880945547892,11.606207847595215,3665700,0.0,0.0
1998-01-07 00:00:00-05:00,11.593711992378715,11.81859004150402,11.53124739267356,11.731138229370117,5411400,0.0,0.0
1998-01-08 00:00:00-05:00,11.931030608824168,11.931030608824168,11.668672850920132,11.681167602539062,4797900,0.0,0.0
1998-01-09 00:00:00-05:00,11.618702888914873,11.618702888914873,11.193933868405454,11.268893241882324,4168200,0.0,0.0
1998-01-12 00:00:00-05:00,11.056507587432861,11.61870288848877,11.056507587432861,11.61870288848877,5052300,0.0,0.0
1998-01-13 00:00:00-05:00,11.718651562244984,11.83109064241286,11.618704950680558,11.818595886230469,4986600,0.0,0.0
1998-01-14 00:00:00-05:00,11.79361385163483,11.943532662089599,11.768626620699202,11.931037902832031,4104600,0.0,0.0
1998-01-15 00:00:00-05:00,11.881060599665625,11.968512438819431,11.68116970120899,11.856073379516602,3544800,0.0,0.0
1998-01-16 00:00:00-05:00,11.918540286099901,11.968512438819431,11.818593693082324,11.856073379516602,3624300,0.0,0.0
1998-01-20 00:00:00-05:00,11.918543939237242,12.193394294806453,11.806104845470852,12.14342212677002,4904700,0.0,0.0
1998-01-21 00:00:00-05:00,12.130928039550781,12.15591297644879,11.956022043370158,12.130928039550781,3760500,0.0,0.0
1998-01-22 00:00:00-05:00,11.968512151218663,12.018486590315835,11.868567848181245,11.893552780151367,3585000,0.0,0.0
1998-01-23 00:00:00-05:00,11.843578177343582,12.043469029625072,11.81859096296665,11.968509674072266,5545800,0.0,0.0
1998-01-26 00:00:00-05:00,12.018491948914292,12.018491948914292,11.7061595718242,11.756134033203125,3712500,0.0,0.0
1998-01-27 00:00:00-05:00,11.731141670708269,12.130925748956116,11.718649204618126,12.0559663772583,5146200,0.0,0.0
1998-01-28 00:00:00-05:00,12.143419555097172,12.23087140253562,12.068460175127436,12.105939865112305,5980800,0.0,0.0
1998-01-29 00:00:00-05:00,12.118432332581015,12.3183255375528,12.068460175127436,12.105939865112305,4806900,0.0,0.0
1998-01-30 00:00:00-05:00,12.130922592968291,12.255854084102909,12.018483564673769,12.093442916870117,2681100,0.0,0.0
1998-02-02 00:00:00-05:00,12.293336585970048,12.468242543825028,12.243364435545088,12.355803489685059,4069800,0.0,0.0
1998-02-03 00:00:00-05:00,12.318333648963003,12.605676603004879,12.28085393429839,12.543211936950684,4578900,0.0,0.0
1998-02-04 00:00:00-05:00,12.518209871791658,12.605661673240407,12.443250531242008,12.593169212341309,3787200,0.0,0.0
1998-02-05 00:00:00-05:00,12.593176553424971,12.668135937671549,12.46824500887363,12.605669021606445,5752800,0.0,0.0
1998-02-06 00:00:00-05:00,12.630656324212353,12.768082625379929,12.593176631855641,12.718108177185059,4665300,0.0,0.0
1998-02-09 00:00:00-05:00,12.593176553424971,12.680628405853023,12.555696861301682,12.605669021606445,4116600,0.0,0.0
1998-02-10 00:00:00-05:00,12.655647688282695,12.793071746826172,12.60567322373995,12.793071746826172,2555700,0.0,0.0
1998-02-11 00:00:00-05:00,12.768076614160268,12.793061538915904,12.655637590026503,12.780569076538086,5137200,0.0,0.0
1998-02-12 00:00:00-05:00,12.768080336398235,13.042930601881066,12.605666840249702,13.017943382263184,4116900,0.0,0.0
1998-02-13 00:00:00-05:00,12.942990989544187,13.13038951877301,12.930498516788832,13.092909812927246,3317400,0.0,0.0
1998-02-17 00:00:00-05:00,13.267807397949563,13.41772612561001,13.255314933170606,13.342766761779785,6400800,0.0,0.0
1998-02-18 00:00:00-05:00,13.342767717292702,13.392739867565416,13.305288032693564,13.367754936218262,4956000,0.0,0.0
1998-02-19 00:00:00-05:00,13.392738346960794,13.417725563049318,13.305286522018179,13.417725563049316,4454100,0.0,0.0
1998-02-20 00:00:00-05:00,13.405241685190548,13.417734157447482,13.267815340045834,13.392746925354004,4476600,0.0,0.0
1998-02-23 00:00:00-05:00,13.442722088259057,13.755052211553403,13.442722088259057,13.705080032348633,8059500,0.0,0.0
1998-02-24 00:00:00-05:00,13.392740238639076,13.45520714389455,13.017943382263184,13.017943382263184,11676900,0.0,0.0
1998-02-25 00:00:00-05:00,13.1428865276382,13.417736988336268,12.99296767860651,13.3052978515625,9941400,0.0,0.0
1998-02-26 00:00:00-05:00,13.092911075426587,13.292804384265414,13.017951656507007,13.055431365966797,7208700,0.0,0.0
1998-02-27 00:00:00-05:00,13.017940847556234,13.042928062308889,12.643144064156555,12.768077850341797,7974900,0.0,0.0
1998-03-02 00:00:00-05:00,12.718108899624614,13.005453986541394,12.718108899624614,12.918002128601074,6788700,0.0,0.0
1998-03-03 00:00:00-05:00,12.715454670794125,12.940506965852428,12.715454670794125,12.877991676330566,5668500,0.016667,0.0
1998-03-04 00:00:00-05:00,12.802975336973704,12.902999350872504,12.752964474699567,12.890497207641602,3950700,0.0,0.0
1998-03-05 00:00:00-05:00,12.802975617167398,13.028027936352082,12.690449457575056,12.865490913391113,5025000,0.0,0.0
1998-03-06 00:00:00-05:00,12.890490328720094,13.203062057495117,12.890490328720094,13.203062057495117,6800100,0.0,0.0
1998-03-09 00:00:00-05:00,13.1905642380125,13.340599083224586,13.065533674102392,13.278083801269531,4437000,0.0,0.0
1998-03-10 00:00:00-05:00,13.47812824968544,13.653169649331952,13.40311083402977,13.590654373168945,7468200,0.0,0.0
1998-03-11 00:00:00-05:00,13.69067864777936,13.97824617701373,13.653169939155307,13.903228759765625,7225800,0.0,0.0
1998-03-12 00:00:00-05:00,13.903228759765623,13.97824617701373,13.715685216645358,13.903228759765625,11112600,0.0,0.0
1998-03-13 00:00:00-05:00,13.890725837632257,13.978247693483365,13.790704130016906,13.853217124938965,6036000,0.0,0.0
1998-03-16 00:00:00-05:00,13.878222190899624,13.928233039281732,13.728187356403412,13.903228759765625,3664800,0.0,0.0
1998-03-17 00:00:00-05:00,13.990748316771784,14.09077230288589,13.853215622033625,13.903228759765625,4617000,0.0,0.0
1998-03-18 00:00:00-05:00,13.853217930410734,13.903231076476478,13.553148211417358,13.678178787231445,4917600,0.0,0.0
1998-03-19 00:00:00-05:00,13.72819255797331,13.72819255797331,13.553151088288425,13.615666389465332,3173700,0.0,0.0
1998-03-20 00:00:00-05:00,13.653167976203616,13.890722333552176,13.603157135011697,13.753191947937012,4380300,0.0,0.0
1998-03-23 00:00:00-05:00,13.62816431998236,13.64066874996169,13.340599060058592,13.340599060058594,4802700,0.0,0.0
1998-03-24 00:00:00-05:00,13.603160062345735,13.603160062345735,13.228072949315521,13.278083801269531,5374800,0.0,0.0
1998-03-25 00:00:00-05:00,13.303088545203579,13.353099390290334,12.890492777526068,13.078036308288574,9199500,0.0,0.0
1998-03-26 00:00:00-05:00,13.103041512651341,13.515637309502813,13.040528524210144,13.428117752075195,9316800,0.0,0.0
1998-03-27 00:00:00-05:00,13.553140376832754,13.553140376832754,13.090533923917599,13.253070831298828,5840100,0.0,0.0
1998-03-30 00:00:00-05:00,13.253075490788035,13.353099470915222,13.12804723264137,13.228071212768555,3912600,0.0,0.0
1998-03-31 00:00:00-05:00,13.603159394324937,13.703181093321113,13.290585289249538,13.528141975402832,12357900,0.0,0.0
1998-04-01 00:00:00-05:00,13.49063296490104,13.928233039281732,13.478128535793095,13.903228759765625,9633600,0.0,0.0
1998-04-02 00:00:00-05:00,13.903233323758405,14.003255053356597,13.753198440010475,13.80320930480957,7782300,0.0,0.0
1998-04-03 00:00:00-05:00,13.828206866483876,14.103269877575526,13.815702441423472,13.940732955932617,11280300,0.0,0.0
1998-04-06 00:00:00-04:00,14.30332070935432,14.30332070935432,13.890724897648427,14.03138256072998,10422900,0.0,0.0
1998-04-07 00:00:00-04:00,13.890725329828065,13.990749323136972,13.740690484539734,13.778199195861816,5143200,0.0,0.0
1998-04-08 00:00:00-04:00,13.803201995866281,13.878219398017729,13.590651926654038,13.640665054321289,6864300,0.0,0.0
1998-04-09 00:00:00-04:00,13.803205589936537,14.178292698358726,13.778199019591716,14.165790557861328,4850100,0.0,0.0
1998-04-13 00:00:00-04:00,14.203299268703548,14.240807979545766,14.040759995487248,14.165790557861328,4624800,0.0,0.0
1998-04-14 00:00:00-04:00,14.203307678152543,14.540886275604969,14.140792359951632,14.453364372253418,6484200,0.0,0.0
1998-04-15 00:00:00-04:00,14.40335349130352,14.5033775425547,14.30332944005234,14.453364372253418,2527200,0.0,0.0
1998-04-16 00:00:00-04:00,14.403347006822333,14.403347006822333,14.190796852111816,14.190796852111816,2921400,0.0,0.0
1998-04-17 00:00:00-04:00,14.203298607702804,14.203298607702804,14.01575506221971,14.078268051147461,4488000,0.0,0.0
1998-04-20 00:00:00-04:00,14.028260443857354,14.128284454345703,13.903232147759756,14.128284454345703,4368000,0.0,0.0
1998-04-21 00:00:00-04:00,14.103273742529561,14.290817276339794,14.028256329005469,14.228302001953125,4591200,0.0,0.0
1998-04-22 00:00:00-04:00,14.24080999989685,14.303323000602616,14.090775135242453,14.190796852111816,2660700,0.0,0.0
1998-04-23 00:00:00-04:00,14.053261756896973,14.20329657177719,14.003248625703838,14.053261756896973,2435100,0.0,0.0
1998-04-24 00:00:00-04:00,14.103282490714651,14.128289073850715,13.62817114723663,13.728195190429688,4485000,0.0,0.0
1998-04-27 00:00:00-04:00,13.503135616859694,13.528142186674241,13.115546376159084,13.353100776672363,7124700,0.0,0.0
1998-04-28 00:00:00-04:00,13.603159606767907,13.628163887232477,13.303089926393247,13.353100776672363,7084500,0.0,0.0
1998-04-29 00:00:00-04:00,13.403110488388599,13.47812790210971,13.228071382605863,13.465625762939453,4249200,0.0,0.0
1998-04-30 00:00:00-04:00,13.703176351974731,13.990743788126785,13.628158959008903,13.940732955932617,7477800,0.0,0.0
1998-05-01 00:00:00-04:00,14.128285174504255,14.128285174504255,13.828215417094256,13.878226280212402,4095000,0.0,0.0
1998-05-04 00:00:00-04:00,13.853215004841292,14.115775953511974,13.815706297888337,14.090771675109863,3320700,0.0,0.0
1998-05-05 00:00:00-04:00,14.103275552036276,14.190795115926901,13.953240705738017,14.14078426361084,3378300,0.0,0.0
1998-05-06 00:00:00-04:00,14.128285174504255,14.203302613856755,13.728191401507402,13.878226280212402,4766100,0.0,0.0
1998-05-07 00:00:00-04:00,13.865719214769323,13.890723492777186,13.54064299651931,13.57815170288086,5391900,0.0,0.0
1998-05-08 00:00:00-04:00,13.603160069258799,13.803205766526556,13.603160069258799,13.778199195861816,4082700,0.0,0.0
1998-05-11 00:00:00-04:00,13.990743788126785,14.128276438347186,13.903224259449704,13.940732955932617,4888800,0.0,0.0
1998-05-12 00:00:00-04:00,13.91573435801012,14.040762654713697,13.828214779252663,14.003253936767578,4336800,0.0,0.0
1998-05-13 00:00:00-04:00,14.128280730076574,14.240806853707229,14.053263314322804,14.215800285339355,4691100,0.0,0.0
1998-05-14 00:00:00-04:00,14.165794872515395,14.4783667949545,14.05326870571523,14.390847206115723,4153500,0.0,0.0
1998-05-15 00:00:00-04:00,14.440855722985933,14.590890587640333,14.178294709840735,14.190796852111816,5612700,0.0,0.0
1998-05-18 00:00:00-04:00,14.27831328472631,14.353330688517605,13.953237105180872,14.028254508972168,4012200,0.0,0.0
1998-05-19 00:00:00-04:00,14.390853195674028,14.72843183657675,14.37834875681355,14.603401184082031,8295000,0.0,0.0
1998-05-20 00:00:00-04:00,14.603389632326785,14.778431033744955,14.440852659877685,14.578385353088379,5157600,0.0,0.0
1998-05-21 00:00:00-04:00,14.603387222515225,15.24103515681935,14.478358978905423,14.915961265563965,7099800,0.0,0.0
1998-05-22 00:00:00-04:00,14.915967694931224,14.978480699006939,14.803441540374369,14.878458976745605,3873300,0.0,0.0
1998-05-26 00:00:00-04:00,15.128511801984763,15.278546637341138,14.8659508401111,14.903459548950195,5446800,0.0,0.0
1998-05-27 00:00:00-04:00,14.553381996925431,14.965977878281565,14.52837542281736,14.8534517288208,10254900,0.0,0.0
1998-05-28 00:00:00-04:00,15.091006495229935,15.603626394711462,14.878458623458666,15.403580665588379,17306400,0.0,0.0
1998-05-29 00:00:00-04:00,15.478587418264928,15.791159083564413,15.478587418264928,15.716141700744629,9912600,0.0,0.0
1998-06-01 00:00:00-04:00,15.903690237236646,15.916192375250024,15.67863801689839,15.816170692443848,8277900,0.0,0.0
1998-06-02 00:00:00-04:00,15.816166738006183,15.816166738006183,15.516097185913411,15.541101455688477,10028700,0.0,0.0
1998-06-03 00:00:00-04:00,15.566117677416482,15.578619820064668,15.3660719482934,15.403580665588379,7338900,0.0,0.0
1998-06-04 00:00:00-04:00,15.353569756077158,15.516109080966958,15.216039298832872,15.466095924377441,5559600,0.0,0.0
1998-06-05 00:00:00-04:00,15.528607221227361,15.803670354138822,15.428583223191302,15.791168212890625,5179200,0.0,0.0
1998-06-08 00:00:00-04:00,15.841187195153033,16.15376149088746,15.80367846281301,16.103748321533203,8262300,0.0,0.0
1998-06-09 00:00:00-04:00,16.103243887898643,16.253390684056207,15.978122321453437,16.16580581665039,5144100,0.02,0.0
1998-06-10 00:00:00-04:00,16.153285417555946,16.503629325310758,16.12826248918585,16.49111557006836,6677700,0.0,0.0
1998-06-11 00:00:00-04:00,16.641265547738435,16.666290772043048,16.21585048090675,16.403533935546875,7171500,0.0,0.0
1998-06-12 00:00:00-04:00,16.365991013866783,16.628747750327946,16.09072281554549,16.240869522094727,4386900,0.0,0.0
1998-06-15 00:00:00-04:00,16.01566257854242,16.078222230134166,15.752905626892433,15.765417098999023,4757100,0.0,0.0
1998-06-16 00:00:00-04:00,15.953097343444826,16.040682212232532,15.806077839534813,15.953097343444824,5690400,0.0,0.0
1998-06-17 00:00:00-04:00,16.015653570135154,16.603726794250292,16.015653570135154,16.478605270385742,7866300,0.0,0.0
1998-06-18 00:00:00-04:00,16.528652053929985,16.904018885518536,16.516140589896143,16.841459274291992,6768900,0.0,0.0
1998-06-19 00:00:00-04:00,16.778902720098625,16.86648757836689,16.21585229324968,16.441072463989258,7381800,0.0,0.0
1998-06-22 00:00:00-04:00,16.54116580902115,17.054165618153956,16.54116580902115,16.841459274291992,6365700,0.0,0.0
1998-06-23 00:00:00-04:00,17.191808354854068,17.329443683244246,16.853978059671345,16.991613388061523,10076100,0.0,0.0
1998-06-24 00:00:00-04:00,17.016629430096106,17.091702798598085,16.86648269309215,17.004117965698242,6948000,0.0,0.0
1998-06-25 00:00:00-04:00,17.16678312485813,17.216833584850004,16.94156292806965,16.991613388061523,5864400,0.0,0.0
1998-06-26 00:00:00-04:00,16.96658128144725,17.191801386953188,16.878996448547404,17.004117965698242,3717600,0.0,0.0
1998-06-29 00:00:00-04:00,17.02914789341074,17.104221282667424,16.803927725640683,16.941560745239258,5566500,0.0,0.0
1998-06-30 00:00:00-04:00,16.94155281859121,17.004114710719534,16.61623647806059,16.628747940063477,6534600,0.0,0.0
1998-07-01 00:00:00-04:00,16.66628853478324,17.104217300509173,16.66628853478324,17.016630172729492,6725700,0.0,0.0
1998-07-02 00:00:00-04:00,17.091708173380056,17.22934348926794,16.979098085214904,17.19180679321289,5508600,0.0,0.0
1998-07-06 00:00:00-04:00,17.967562675239186,18.49307632446289,17.567170559763802,18.49307632446289,11817150,0.0,2.0
1998-07-07 00:00:00-04:00,18.868443216765538,18.918491372053325,18.49307632446289,18.49307632446289,10783800,0.0,0.0
1998-07-08 00:00:00-04:00,18.818389693890232,19.168733596801758,18.693268180597443,19.168733596801758,8105250,0.0,0.0
1998-07-09 00:00:00-04:00,19.218795582336895,19.218795582336895,18.493086617002685,18.818403244018555,12196050,0.0,0.0
1998-07-10 00:00:00-04:00,18.843417844808435,19.41897964477539,18.418002800577003,19.41897964477539,8446500,0.0,0.0
1998-07-13 00:00:00-04:00,19.268835358350934,19.36893397202153,18.9184936470908,19.118688583374023,6149550,0.0,0.0
1998-07-14 00:00:00-04:00,19.318888871157817,19.569132008390152,19.293863641011253,19.49405860900879,5909100,0.0,0.0
1998-07-15 00:00:00-04:00,19.61918773575998,19.61918773575998,18.818403066670058,18.893476486206055,9025650,0.0,0.0
1998-07-16 00:00:00-04:00,18.893453919547188,18.99355245638879,18.618185807053045,18.943504333496094,6656100,0.0,0.0
1998-07-17 00:00:00-04:00,19.043623504749064,19.068648741849888,18.818403244018555,18.818403244018555,4589100,0.0,0.0
1998-07-20 00:00:00-04:00,18.96854267729543,19.06864129555128,18.8183958954407,18.868446350097656,3909300,0.0,0.0
1998-07-21 00:00:00-04:00,18.96854163204912,19.01859208394809,18.31790637688403,18.418004989624023,4768050,0.0,0.0
1998-07-22 00:00:00-04:00,18.44302587811741,18.593172635038467,18.067658985814766,18.49307632446289,4848000,0.0,0.0
1998-07-23 00:00:00-04:00,18.242826699221283,18.26785191654105,17.81741175112818,18.092679977416992,6187200,0.0,0.0
1998-07-24 00:00:00-04:00,17.417028125024107,18.24283549302094,16.81644094829914,18.117713928222656,11774100,0.0,0.0
1998-07-27 00:00:00-04:00,17.667269701495094,18.117709986028473,17.166778969086167,17.567171096801758,7437150,0.0,0.0
1998-07-28 00:00:00-04:00,17.517120618566384,17.81741410179291,17.166776694097134,17.366973876953125,6936750,0.0,0.0
1998-07-29 00:00:00-04:00,17.417026307550938,17.69229463780611,16.866487355982574,16.941560745239258,6174900,0.0,0.0
1998-07-30 00:00:00-04:00,17.066688869401972,17.39200544375143,16.866491587123818,16.916542053222656,6590250,0.0,0.0
1998-07-31 00:00:00-04:00,17.417027058751025,17.417027058751025,16.716341298448565,16.76639175415039,6415500,0.0,0.0
1998-08-03 00:00:00-04:00,16.641266732495005,16.96658550738453,16.365998409777998,16.391023635864258,6920850,0.0,0.0
1998-08-04 00:00:00-04:00,17.016636465439998,17.016636465439998,15.815462072795802,16.01565933227539,10553100,0.0,0.0
1998-08-05 00:00:00-04:00,16.215853398994017,16.315952023167704,15.515167611894626,16.265901565551758,8751450,0.0,0.0
1998-08-06 00:00:00-04:00,16.14077636173793,16.891510146004812,16.090728206472704,16.816436767578125,6565650,0.0,0.0
1998-08-07 00:00:00-04:00,17.141760401139873,17.667274200244297,17.041661770957678,17.617223739624023,7883100,0.0,0.0
1998-08-10 00:00:00-04:00,17.617220647465498,17.717319260078476,17.141757392434226,17.241853713989258,6125400,0.0,0.0
1998-08-11 00:00:00-04:00,16.666293943943998,16.816440736231783,16.315952192291913,16.74136734008789,7715550,0.0,0.0
1998-08-12 00:00:00-04:00,17.01663806884457,17.567177147700868,16.916541720731466,17.417030334472656,5414100,0.0,0.0
1998-08-13 00:00:00-04:00,17.56716671817876,17.742338659965988,17.417019994091763,17.442045211791992,5341350,0.0,0.0
1998-08-14 00:00:00-04:00,17.617218707110233,17.76736546396361,16.641264787563287,16.816436767578125,5010450,0.0,0.0
1998-08-17 00:00:00-04:00,16.666284985338866,17.617213394990852,16.616236845164657,17.14175033569336,6269400,0.0,0.0
1998-08-18 00:00:00-04:00,17.717317174169306,17.942537307739258,17.5171222635708,17.942537307739258,7772550,0.0,0.0
1998-08-19 00:00:00-04:00,18.21780714073281,18.21780714073281,17.41702513938937,17.542146682739258,6355950,0.0,0.0
1998-08-20 00:00:00-04:00,17.341950271780654,17.76736531562762,17.29190211693327,17.316925048828125,5609250,0.0,0.0
1998-08-21 00:00:00-04:00,17.066693630540303,17.241863437578004,16.91654677247414,17.166790008544922,6725400,0.0,0.0
1998-08-24 00:00:00-04:00,17.617223739624023,17.692297139496084,17.366980600756055,17.617223739624023,3895650,0.0,0.0
1998-08-25 00:00:00-04:00,18.017606498781316,18.267851797172323,17.942533138369726,18.167753219604492,6337950,0.0,0.0
1998-08-26 00:00:00-04:00,17.992586010013003,18.39297813444882,17.86746447346457,18.26785659790039,6696150,0.0,0.0
1998-08-27 00:00:00-04:00,18.017611359772083,18.317904882434952,17.216829396357024,17.992586135864258,8653200,0.0,0.0
1998-08-28 00:00:00-04:00,17.96756757414494,18.11771437200393,16.866489529140157,16.991613388061523,6569700,0.0,0.0
1998-08-31 00:00:00-04:00,17.091712694617573,17.116737928960184,14.339021686102612,15.264927864074707,14921100,0.0,0.0
1998-09-01 00:00:00-04:00,15.427214560267483,17.080130324122464,14.124916527488015,16.529157638549805,16743300,0.02,0.0
1998-09-02 00:00:00-04:00,17.004981477082218,17.030024102724546,15.70268469355323,15.877994537353516,9311550,0.0,0.0
1998-09-03 00:00:00-04:00,15.27694751020429,15.878007710043635,14.976417410284617,15.502345085144043,12531300,0.0,0.0
1998-09-04 00:00:00-04:00,15.627565511354852,15.77783056434865,14.85119530659932,15.352080345153809,7640100,0.0,0.0
1998-09-08 00:00:00-04:00,16.804631445839224,16.804631445839224,16.028263975137936,16.704456329345703,8627550,0.0,0.0
1998-09-09 00:00:00-04:00,16.729500296082378,16.879765275666536,16.253662722640296,16.428970336914062,4850100,0.0,0.0
1998-09-10 00:00:00-04:00,15.978178397610035,16.178533269907593,15.502340734842969,15.802870750427246,5792100,0.0,0.0
1998-09-11 00:00:00-04:00,15.527390102075596,16.278715466577047,15.452257565625452,16.128450393676758,5548650,0.0,0.0
1998-09-14 00:00:00-04:00,16.428971772680917,16.529149198778974,16.128441787248573,16.178531646728516,6198150,0.0,0.0
1998-09-15 00:00:00-04:00,16.4790694329905,16.82968715101569,16.35384701787493,16.57924461364746,4917300,0.0,0.0
1998-09-16 00:00:00-04:00,16.629328543961613,17.130211146531906,16.554196038932965,16.97994613647461,4496400,0.0,0.0
1998-09-17 00:00:00-04:00,16.05331689017822,16.629334496838855,16.028274241445438,16.57924461364746,5578800,0.0,0.0
1998-09-18 00:00:00-04:00,16.428971772680917,16.57923676539709,16.053309290890486,16.178531646728516,6053100,0.0,0.0
1998-09-21 00:00:00-04:00,15.677647506664101,16.60428243393097,15.62755993781738,16.27870750427246,6269700,0.0,0.0
1998-09-22 00:00:00-04:00,16.50409755241701,16.92984972042033,16.103392596822104,16.854717254638672,5167050,0.0,0.0
1998-09-23 00:00:00-04:00,17.05508029579624,17.881537931275354,16.77959518159064,17.85649299621582,10092600,0.0,0.0
1998-09-24 00:00:00-04:00,17.430732746381544,17.63108523205296,16.629320510834905,17.030025482177734,8883750,0.0,0.0
1998-09-25 00:00:00-04:00,16.629330439947264,17.230390548706055,16.479065412757567,17.230390548706055,4694550,0.0,0.0
1998-09-28 00:00:00-04:00,17.35560866161785,17.7813587591595,16.829681126417313,16.97994613647461,4770900,0.0,0.0
1998-09-29 00:00:00-04:00,17.23039475223227,17.305527284156447,16.454024491394804,16.57924461364746,6228900,0.0,0.0
1998-09-30 00:00:00-04:00,16.47906516145056,16.504107803692037,15.5273851418541,15.82791519165039,10480050,0.0,0.0
1998-10-01 00:00:00-04:00,15.226857789317476,15.77783040916313,14.275179894004737,14.475532531738281,18968250,0.0,0.0
1998-10-02 00:00:00-04:00,14.625791688876284,14.926321670790601,13.949599229569063,14.275174140930176,17319300,0.0,0.0
1998-10-05 00:00:00-04:00,13.824379058274289,14.275174027565843,13.223319099218886,14.074821472167969,11027700,0.0,0.0
1998-10-06 00:00:00-04:00,14.625795078587158,15.126680026438574,14.275177449381033,14.776060104370117,8412900,0.0,0.0
1998-10-07 00:00:00-04:00,14.826147260954107,15.126677257508165,14.099864907373862,14.425439834594727,5687400,0.0,0.0
1998-10-08 00:00:00-04:00,13.674111366271974,13.974641286409819,12.672344201525378,13.674111366271973,20465400,0.0,0.0
1998-10-09 00:00:00-04:00,13.699164586966035,14.575709953928456,13.248369433751753,14.525622367858887,8312100,0.0,0.0
1998-10-12 00:00:00-04:00,15.327035903930666,15.327035903930666,14.876240730285646,14.876240730285645,6631350,0.0,0.0
1998-10-13 00:00:00-04:00,15.076594304557018,15.15172683812269,14.826154054580089,15.126684188842773,4593150,0.0,0.0
1998-10-14 00:00:00-04:00,14.876238010836596,15.677650742082413,14.851193074813713,15.527385711669922,5310750,0.0,0.0
1998-10-15 00:00:00-04:00,15.226859039012272,17.130217278712397,15.176771448683791,16.57924461364746,8223600,0.0,0.0
1998-10-16 00:00:00-04:00,17.13021561074271,17.530923172942384,16.579242999325995,16.92986297607422,12842550,0.0,0.0
1998-10-19 00:00:00-04:00,17.180294280596364,17.68117904663086,17.080119161678667,17.68117904663086,8160900,0.0,0.0
1998-10-20 00:00:00-04:00,17.80640005603242,18.006752597579613,17.080120086669922,17.080120086669922,9418200,0.0,0.0
1998-10-21 00:00:00-04:00,17.430733301751598,17.63108579380655,17.230380809696644,17.380645751953125,4868700,0.0,0.0
1998-10-22 00:00:00-04:00,17.130213954418004,17.606053995217103,16.929861339121658,17.505876541137695,4278300,0.0,0.0
1998-10-23 00:00:00-04:00,17.505867066093973,17.505867066093973,16.979939729344366,17.105159759521484,3300150,0.0,0.0
1998-10-26 00:00:00-05:00,17.080121568445595,17.330561693890964,16.55419409500377,16.729501724243164,6323550,0.0,0.0
1998-10-27 00:00:00-05:00,17.180305854079084,17.430748405806515,16.278715419295988,16.37889289855957,8151450,0.0,0.0
1998-10-28 00:00:00-05:00,16.403929309073526,17.10516442058142,16.253664314770138,16.90481185913086,4401000,0.0,0.0
1998-10-29 00:00:00-05:00,16.829672996506318,17.080115323241326,16.704452979569307,17.030025482177734,3812400,0.0,0.0
1998-10-30 00:00:00-05:00,17.13021080508739,17.455785751342773,16.904813294494133,17.455785751342773,6172500,0.0,0.0
1998-11-02 00:00:00-05:00,17.581003047507327,18.056842925615978,17.530915484023875,17.98171043395996,5932650,0.0,0.0
1998-11-03 00:00:00-05:00,18.031801125740852,18.056846058258408,17.280476078834983,17.30552101135254,5840850,0.0,0.0
1998-11-04 00:00:00-05:00,17.681178817331762,17.956663830075044,17.53091384804243,17.831443786621094,5316900,0.0,0.0
1998-11-05 00:00:00-05:00,17.731268625457496,18.182063590511497,17.480826213918018,18.157018661499023,4924950,0.0,0.0
1998-11-06 00:00:00-05:00,18.056840315460917,18.382412870333646,17.981707834665464,18.1069278717041,5789700,0.0,0.0
1998-11-09 00:00:00-05:00,18.207108519523974,18.207108519523974,17.555958708093684,18.157018661499023,4695000,0.0,0.0
1998-11-10 00:00:00-05:00,18.382423547794335,18.707998584639206,18.307291023358033,18.5577335357666,7040850,0.0,0.0
1998-11-11 00:00:00-05:00,18.808171714199418,18.83321435466581,18.282244164335033,18.532684326171875,4797750,0.0,0.0
1998-11-12 00:00:00-05:00,18.432515645240034,18.657913245686462,18.282250578275747,18.407470703125,4657350,0.0,0.0
1998-11-13 00:00:00-05:00,18.532677060492137,18.657899385179682,18.38241210515609,18.632854461669922,3882750,0.0,0.0
1998-11-16 00:00:00-05:00,18.65790214201902,18.983474731445312,18.50763716448024,18.983474731445312,6045150,0.0,0.0
1998-11-17 00:00:00-05:00,18.98347730941137,19.40922966549637,18.783124743105546,19.1838321685791,8627100,0.0,0.0
1998-11-18 00:00:00-05:00,19.233921110494613,19.63462856458394,19.008523597481005,19.484363555908203,4718250,0.0,0.0
1998-11-19 00:00:00-05:00,19.484360811256366,19.784890786273884,19.309050894875565,19.68471336364746,5570400,0.0,0.0
1998-11-20 00:00:00-05:00,19.86002315564157,19.935155648925384,19.634625675790133,19.759845733642578,5002950,0.0,0.0
1998-11-23 00:00:00-05:00,19.935154800820897,20.2857723236084,19.834977383083768,20.2857723236084,5636100,0.0,0.0
1998-11-24 00:00:00-05:00,20.035332524236363,20.43603995429415,20.035332524236363,20.160554885864258,5040300,0.0,0.0
1998-11-25 00:00:00-05:00,20.235691768535695,20.561264476415232,20.210646832213257,20.335866928100586,5158050,0.0,0.0
1998-11-27 00:00:00-05:00,20.310820281874445,20.836747790961166,20.135510347891547,20.736570358276367,1995600,0.0,0.0
1998-11-30 00:00:00-05:00,20.711525427403924,20.73657035879124,19.935157775878906,19.935157775878906,4923750,0.0,0.0
1998-12-01 00:00:00-05:00,19.897066677109695,20.44837157752681,19.34576407093808,20.373193740844727,4816650,0.02,0.0
1998-12-02 00:00:00-05:00,19.846955202938467,20.222844506024423,19.846955202938467,20.07248878479004,3725100,0.0,0.0
1998-12-03 00:00:00-05:00,19.947181371655542,20.473426086159378,19.84694351843033,19.87200355529785,5119350,0.0,0.0
1998-12-04 00:00:00-05:00,20.348130500423007,20.54860622957663,20.298012715257173,20.398250579833984,4385400,0.0,0.0
1998-12-07 00:00:00-05:00,20.623786593670335,21.325444849361492,20.57366650808852,21.124971389770508,4064250,0.0,0.0
1998-12-08 00:00:00-05:00,21.074851684725907,22.002043358605036,21.074851684725907,21.90180778503418,6229500,0.0,0.0
1998-12-09 00:00:00-05:00,21.77650987670278,22.05216343963568,21.60109647583117,21.90180778503418,4441350,0.0,0.0
1998-12-10 00:00:00-05:00,21.77651122364037,21.85168905559108,20.849319492411862,21.099910736083984,4992450,0.0,0.0
1998-12-11 00:00:00-05:00,21.099911669343314,21.500860888896398,20.949555998791592,21.3254451751709,3426600,0.0,0.0
1998-12-14 00:00:00-05:00,20.899438290253183,21.049793961406085,20.348133397944057,20.423311233520508,3846000,0.0,0.0
1998-12-15 00:00:00-05:00,20.44837559824383,22.052170527560627,20.44837559824383,21.7514591217041,5815500,0.0,0.0
1998-12-16 00:00:00-05:00,21.851688694823935,21.95192656718509,21.200148260089712,21.35050392150879,3919050,0.0,0.0
1998-12-17 00:00:00-05:00,21.15002671703695,21.7765069989233,21.02472882526375,21.676271438598633,5496150,0.0,0.0
1998-12-18 00:00:00-05:00,21.826637832447297,23.355252676233075,21.776517733334092,22.95430564880371,12282300,0.0,0.0
1998-12-21 00:00:00-05:00,22.9543063482841,23.93161848557436,22.80395063485483,23.63090705871582,7012800,0.0,0.0
1998-12-22 00:00:00-05:00,23.83137098746964,24.031844426611627,23.555719721868755,23.756193161010742,6116100,0.0,0.0
1998-12-23 00:00:00-05:00,23.831370365619662,24.056903839111328,23.53065906763077,24.056903839111328,4172700,0.0,0.0
1998-12-24 00:00:00-05:00,24.056903839111328,24.257377273022215,23.856430405200445,24.056903839111328,1721700,0.0,0.0
1998-12-28 00:00:00-05:00,24.006774844137862,24.20724818443694,23.731121420202065,23.806299209594727,4029000,0.0,0.0
1998-12-29 00:00:00-05:00,23.80632076004824,24.758575150537546,23.731142902601515,24.68339729309082,4215750,0.0,0.0
1998-12-30 00:00:00-05:00,24.58314323425293,24.858794432376058,24.232314228073985,24.58314323425293,3496500,0.0,0.0
1998-12-31 00:00:00-05:00,24.50797332879092,24.608211203268585,24.081966377190252,24.53303337097168,3278700,0.0,0.0
1999-01-04 00:00:00-05:00,24.20727058134237,24.558099825018893,23.38031413291142,23.580787658691406,7312350,0.0,0.0
1999-01-05 00:00:00-05:00,23.65595236992475,23.83136804139203,23.38030113840038,23.40536117553711,5725050,0.0,0.0
1999-01-06 00:00:00-05:00,23.806299209594727,23.981714816258954,23.555708107781896,23.806299209594727,7089150,0.0,0.0
1999-01-07 00:00:00-05:00,23.405365988527667,23.65595723444594,23.17983249065399,23.430423736572266,8124150,0.0,0.0
1999-01-08 00:00:00-05:00,23.430425638010004,23.50560347673543,22.778885133804813,23.305130004882812,6262650,0.0,0.0
1999-01-11 00:00:00-05:00,22.9041785836763,23.0294764991055,22.052164688833546,22.653587341308594,7734300,0.0,0.0
1999-01-12 00:00:00-05:00,22.152406133348833,22.277704081953022,21.626161173099913,21.7514591217041,8447100,0.0,0.0
1999-01-13 00:00:00-05:00,20.849330022246782,22.052175940948587,20.799209912803192,21.663755416870117,17056050,0.0,0.0
1999-01-14 00:00:00-05:00,22.002039573171235,22.15239520190417,21.576032723176194,22.027099609375,7255200,0.0,0.0
1999-01-15 00:00:00-05:00,22.177448848036118,22.227566611758203,21.851677648232165,22.002033233642578,7641900,0.0,0.0
1999-01-19 00:00:00-05:00,22.528290456819978,22.578410542983395,21.901810027986343,22.22757911682129,6349650,0.0,0.0
1999-01-20 00:00:00-05:00,22.30275627139224,23.229950306182506,22.177460648297213,22.97935676574707,8279400,0.0,0.0
1999-01-21 00:00:00-05:00,22.854055357000643,23.079588798023675,22.653581951950656,22.728759765625,5766900,0.0,0.0
1999-01-22 00:00:00-05:00,22.75382196243116,22.828999790824923,22.102281547766946,22.42805290222168,5411400,0.0,0.0
1999-01-25 00:00:00-05:00,22.65358330052918,23.154767990112305,22.35287202793032,23.154767990112305,5601450,0.0,0.0
1999-01-26 00:00:00-05:00,23.154770854201733,23.78125351435603,22.879119584971548,23.38030433654785,7647750,0.0,0.0
1999-01-27 00:00:00-05:00,23.95667257779637,24.332561803882324,23.85643698033729,24.157148361206055,8454600,0.0,0.0
1999-01-28 00:00:00-05:00,24.056903839111328,24.357615137100222,23.95666597503332,24.056903839111328,4644000,0.0,0.0
1999-01-29 00:00:00-05:00,24.182203601800023,24.50797499532069,23.881492252164186,24.257381439208984,4339500,0.0,0.0
1999-02-01 00:00:00-05:00,24.207270157883944,24.257387964890682,23.655965103825245,23.706085205078125,5667000,0.0,0.0
1999-02-02 00:00:00-05:00,23.68101496728281,23.68101496728281,22.828998849214194,23.104652404785156,4793250,0.0,0.0
1999-02-03 00:00:00-05:00,23.104647467159495,23.605832097257505,22.854054004988157,23.50559425354004,4903050,0.0,0.0
1999-02-04 00:00:00-05:00,23.455481491403926,23.555719356542927,22.929236714353195,23.104652404785156,4723650,0.0,0.0
1999-02-05 00:00:00-05:00,23.17983647256456,23.330192163642284,22.102286588425603,22.402997970581055,6149400,0.0,0.0
1999-02-08 00:00:00-05:00,22.45311708698982,22.503237183120437,21.851694287389684,22.252643585205078,5163300,0.0,0.0
1999-02-09 00:00:00-05:00,22.10228833045473,22.202526230488893,21.57604337020581,21.7514591217041,4681050,0.0,0.0
1999-02-10 00:00:00-05:00,21.851691139679758,22.352878263315073,21.77651330055902,22.277700424194336,4185000,0.0,0.0
1999-02-11 00:00:00-05:00,22.22759082277918,23.4304368162418,22.177473004467124,23.35525894165039,5059050,0.0,0.0
1999-02-12 00:00:00-05:00,23.079591065137556,23.505597953057332,22.553346317723996,22.803939819335938,4346850,0.0,0.0
1999-02-16 00:00:00-05:00,23.054530174311758,23.355241447429933,22.879116794489452,23.28006362915039,3658200,0.0,0.0
1999-02-17 00:00:00-05:00,23.255006790161133,23.706073717378192,22.904175428384512,23.255006790161133,4417200,0.0,0.0
1999-02-18 00:00:00-05:00,23.455483778862245,23.455483778862245,23.004416783114895,23.430423736572266,3649950,0.0,0.0
1999-02-19 00:00:00-05:00,23.48054531548009,24.733508507547565,23.430425227710433,24.257381439208984,8700450,0.0,0.0
1999-02-22 00:00:00-05:00,24.1571404886114,24.6583251953125,23.981724808855756,24.6583251953125,6822450,0.0,0.0
1999-02-23 00:00:00-05:00,24.65833128937996,24.73350912867685,24.157146458815888,24.282442092895508,6781350,0.0,0.0
1999-02-24 00:00:00-05:00,24.282438596089683,24.63326769753864,23.90654945373535,23.90654945373535,7131450,0.0,0.0
1999-02-25 00:00:00-05:00,23.75620355875141,24.08197504740707,23.255018594412558,23.98173713684082,5896800,0.0,0.0
1999-02-26 00:00:00-05:00,24.23232529163584,24.382680976394187,23.55572471022327,23.93161392211914,4506600,0.0,0.0
1999-03-01 00:00:00-05:00,23.505604619140033,23.9817317189567,23.355248934381684,23.93161392211914,3791850,0.0,0.0
1999-03-02 00:00:00-05:00,23.918574039509423,24.470156176622798,23.61771147297471,23.642784118652344,4848600,0.02,0.0
1999-03-03 00:00:00-05:00,23.66784452018981,24.394930280618823,23.66784452018981,24.144210815429688,4661250,0.0,0.0
1999-03-04 00:00:00-05:00,24.244507493094712,24.445081757769028,23.717998039850453,24.31972312927246,3778350,0.0,0.0
1999-03-05 00:00:00-05:00,24.871303666460523,25.347670141472875,24.695802040455277,24.97159194946289,8659050,0.0,0.0
1999-03-08 00:00:00-05:00,25.02173306528639,25.372740881750623,24.62058455418291,25.322595596313477,5102550,0.0,0.0
1999-03-09 00:00:00-05:00,25.42288417358148,26.049681885794886,24.57043956041913,25.74881935119629,5516100,0.0,0.0
1999-03-10 00:00:00-05:00,25.82404327321048,26.099833253309136,25.4479649842579,26.04969024658203,4806900,0.0,0.0
1999-03-11 00:00:00-05:00,26.275332594935925,26.55112252648968,25.89925437218111,26.225187301635742,5578200,0.0,0.0
1999-03-12 00:00:00-05:00,26.47590181197243,26.60126043041889,26.07475101938535,26.175039291381836,4530600,0.0,0.0
1999-03-15 00:00:00-05:00,26.02461759551862,26.22519191782676,25.77389797108366,26.04969024658203,5186400,0.0,0.0
1999-03-16 00:00:00-05:00,26.04969476346438,26.04969476346438,25.573328083058357,25.673616409301758,3990750,0.0,0.0
1999-03-17 00:00:00-05:00,25.623458127340562,25.648530770059136,25.22230961623708,25.322595596313477,5569200,0.0,0.0
1999-03-18 00:00:00-05:00,25.29752504937791,26.175039992816362,25.272452406857177,26.124897003173828,5458650,0.0,0.0
1999-03-19 00:00:00-05:00,26.124898051019713,26.124898051019713,25.372741699218754,25.37274169921875,5549250,0.0,0.0
1999-03-22 00:00:00-05:00,25.272457643327964,25.372745938791766,25.021738052368164,25.021738052368164,3876750,0.0,0.0
1999-03-23 00:00:00-05:00,24.971590534148174,24.971590534148174,24.169291201798497,24.2445068359375,7035900,0.0,0.0
1999-03-24 00:00:00-05:00,24.269579537260608,24.420010820126684,23.893501330095415,24.11914825439453,4750800,0.0,0.0
1999-03-25 00:00:00-05:00,24.269575143967856,25.623456444682155,24.119143888332932,25.523170471191406,4751400,0.0,0.0
1999-03-26 00:00:00-05:00,25.42288719626034,25.573318481445312,24.996665986702666,25.573318481445312,3163950,0.0,0.0
1999-03-29 00:00:00-05:00,25.573321671513785,25.92432728226413,25.322602066463805,25.723752975463867,3768450,0.0,0.0
1999-03-30 00:00:00-05:00,25.473024368286133,25.748816524996446,25.272450132368498,25.473024368286133,3008550,0.0,0.0
1999-03-31 00:00:00-05:00,25.874179610286852,25.899252254887223,24.84623331725927,24.97159194946289,4034400,0.0,0.0
1999-04-01 00:00:00-05:00,25.071880890478816,25.27245516634852,24.445083122212115,24.695802688598633,4903650,0.0,0.0
1999-04-05 00:00:00-04:00,24.896374596893505,25.347668396232965,24.144218264661074,25.29752540588379,6201600,0.0,0.0
1999-04-06 00:00:00-04:00,25.29752714767125,25.573317056678864,24.871303666460523,24.97159194946289,4455900,0.0,0.0
1999-04-07 00:00:00-04:00,25.071890366759224,25.69868607653317,25.071890366759224,25.498111724853516,4482600,0.0,0.0
1999-04-08 00:00:00-04:00,25.598385188954865,26.751689910888672,25.548239908593416,26.751689910888672,5753250,0.0,0.0
1999-04-09 00:00:00-04:00,26.6514204445679,27.253145818327475,26.35055775768811,27.002426147460938,4824300,0.0,0.0
1999-04-12 00:00:00-04:00,26.826917648315426,27.152852936228896,26.57620031490484,26.82691764831543,3923700,0.0,0.0
1999-04-13 00:00:00-04:00,26.67647009367609,26.726615366157468,25.69866712046787,25.949386596679688,4268100,0.0,0.0
1999-04-14 00:00:00-04:00,25.97446340117831,26.225180622225672,25.272450132368498,25.473024368286133,4774800,0.0,0.0
1999-04-15 00:00:00-04:00,24.97160019193377,25.37275116095355,24.36987488610404,25.272462844848633,8155950,0.0,0.0
1999-04-16 00:00:00-04:00,25.37275106900613,25.673613720830712,25.071888417181555,25.3978214263916,7684200,0.0,0.0
1999-04-19 00:00:00-04:00,25.74881004069061,25.924311592147582,23.266695027759518,23.517412185668945,8089050,0.0,0.0
1999-04-20 00:00:00-04:00,23.868424758848015,25.046802069035113,23.76813649794323,24.269573211669922,8139300,0.0,0.0
1999-04-21 00:00:00-04:00,24.169295574823767,25.021738052368164,23.918575983863967,25.021738052368164,6017700,0.0,0.0
1999-04-22 00:00:00-04:00,24.8713004084382,25.02173166553641,24.59551053555775,24.946516036987305,3925650,0.0,0.0
1999-04-23 00:00:00-04:00,24.846232074872916,25.24738059602552,24.7208711535386,25.04680633544922,4039200,0.0,0.0
1999-04-26 00:00:00-04:00,25.096954440050503,25.17217009001609,24.36987058884967,24.394943237304688,4749900,0.0,0.0
1999-04-27 00:00:00-04:00,24.520315033155036,24.77103476590778,24.445099342869284,24.645673751831055,5089350,0.0,0.0
1999-04-28 00:00:00-04:00,24.670729338579267,25.172166161628734,24.670729338579267,24.74594497680664,4291200,0.0,0.0
1999-04-29 00:00:00-04:00,24.31972411348071,24.670729664715566,23.54249507639016,23.81828498840332,6648150,0.0,0.0
1999-04-30 00:00:00-04:00,23.8182919745527,24.269585942252014,22.69005705530442,23.96872329711914,6974550,0.0,0.0
1999-05-03 00:00:00-04:00,23.993781734314897,24.620579305464304,23.918566117592906,24.59550666809082,5405400,0.0,0.0
1999-05-04 00:00:00-04:00,24.59551475621477,24.771018684745908,23.717999704357506,23.768142700195312,5543550,0.0,0.0
1999-05-05 00:00:00-04:00,23.74308081090139,23.81829648643265,23.04106936954312,23.592649459838867,5607900,0.0,0.0
1999-05-06 00:00:00-04:00,23.46728972384804,23.51743274017587,22.740205657793823,22.865564346313477,7962150,0.0,0.0
1999-05-07 00:00:00-04:00,22.66497671797945,23.36698771722652,22.63990407679248,22.990909576416016,7410600,0.0,0.0
1999-05-10 00:00:00-04:00,23.015996303380604,23.19150030830013,22.16355123071458,22.614845275878906,5137500,0.0,0.0
1999-05-11 00:00:00-04:00,23.993789624564254,24.04393262040206,23.41713713853225,23.768142700195312,8307450,0.0,0.0
1999-05-12 00:00:00-04:00,23.818272155032115,24.169279812541923,23.266692628198836,23.6678409576416,5966850,0.0,0.0
1999-05-13 00:00:00-04:00,23.768142756242067,23.968717035465467,23.417137193751312,23.642784118652344,4442250,0.0,0.0
1999-05-14 00:00:00-04:00,22.990928590282675,23.341936675594336,22.965858223760918,23.316864013671875,5381550,0.0,0.0
1999-05-17 00:00:00-04:00,23.216547190599186,23.467266616160888,22.38917561118326,23.44219398498535,4657350,0.0,0.0
1999-05-18 00:00:00-04:00,24.47015291332039,24.47015291332039,23.26670280767183,23.71799659729004,9848100,0.0,0.0
1999-05-19 00:00:00-04:00,24.14421887927184,24.169291522784153,22.890625725439538,23.19148826599121,6540000,0.0,0.0
1999-05-20 00:00:00-04:00,23.291771089341005,23.54249060425296,23.166412479584384,23.266700744628906,4986600,0.0,0.0
1999-05-21 00:00:00-04:00,23.266720985227654,23.46729539440524,23.091216942571823,23.316864013671875,5669700,0.0,0.0
1999-05-24 00:00:00-04:00,23.366998784150663,23.417144090274093,22.389195154942428,23.015993118286133,9313050,0.0,0.0
1999-05-25 00:00:00-04:00,23.01599178154735,23.141350448775462,22.263835187379136,22.31397819519043,5795700,0.0,0.0
1999-05-26 00:00:00-04:00,22.639906066248393,23.141342866259322,22.339043527162037,23.09119987487793,6982800,0.0,0.0
1999-05-27 00:00:00-04:00,22.71512667967541,22.990916635818653,22.26383277213219,22.790342330932617,5383350,0.0,0.0
1999-05-28 00:00:00-04:00,22.765271504446314,22.915702819003005,22.51455417711829,22.69005584716797,4481250,0.0,0.0
1999-06-01 00:00:00-04:00,22.865561110119486,22.865561110119486,22.16354750388605,22.38919448852539,4282200,0.0,0.0
1999-06-02 00:00:00-04:00,22.639902244747805,22.915692093892034,22.113392890218783,22.740190505981445,5833650,0.0,0.0
1999-06-03 00:00:00-04:00,22.990902940501744,23.56755745356935,22.96583260194969,23.517412185668945,5415150,0.0,0.0
1999-06-04 00:00:00-04:00,23.467274010627495,24.269573211669922,23.467274010627495,24.269573211669922,5442750,0.0,0.0
1999-06-07 00:00:00-04:00,24.169293545616032,24.21943654143832,23.893501330095415,24.11914825439453,3347850,0.0,0.0
1999-06-08 00:00:00-04:00,24.00977008673298,24.03485943135865,23.131670587970575,23.4327335357666,4018050,0.026667,0.0
1999-06-09 00:00:00-04:00,23.332373876708143,24.00976537635451,23.20693177204578,23.834144592285156,3933600,0.0,0.0
1999-06-10 00:00:00-04:00,23.758885974569985,23.859241066464953,23.181849364262476,23.63344383239746,4436550,0.0,0.0
1999-06-11 00:00:00-04:00,24.08502776701919,24.210469854330004,23.708699208159516,24.059938430786133,5859450,0.0,0.0
1999-06-14 00:00:00-04:00,23.959603418982326,23.984690476862166,23.081501266893355,23.332387924194336,4168350,0.0,0.0
1999-06-15 00:00:00-04:00,23.282189380647306,23.282189380647306,22.88077156991876,22.905860900878906,4678350,0.0,0.0
1999-06-16 00:00:00-04:00,23.382539684704387,23.558160389351308,23.282186965128876,23.407629013061523,8167200,0.0,0.0
1999-06-17 00:00:00-04:00,23.48290207284371,24.41117995033999,23.457812736610652,24.059938430786133,5854050,0.0,0.0
1999-06-18 00:00:00-04:00,24.160290423837555,24.536618935112283,24.11011405464324,24.48644256591797,5500200,0.0,0.0
1999-06-21 00:00:00-04:00,24.73733528329282,24.837690353393555,24.310830254988236,24.837690353393555,3213150,0.0,0.0
1999-06-22 00:00:00-04:00,24.53662744001909,24.93804542349429,24.2104751848875,24.837690353393555,4410450,0.0,0.0
1999-06-23 00:00:00-04:00,24.687150339622175,24.712239672682806,24.26064545915313,24.48644256591797,3356400,0.0,0.0
1999-06-24 00:00:00-04:00,24.461356325878867,24.461356325878867,23.733788544392574,24.059938430786133,4945950,0.0,0.0
1999-06-25 00:00:00-04:00,24.08502209659364,24.536616260904772,24.059932766267455,24.18537712097168,3250650,0.0,0.0
1999-06-28 00:00:00-04:00,24.486451734923023,25.289285427289613,24.411186004484662,25.23910903930664,4873500,0.0,0.0
1999-06-29 00:00:00-04:00,25.264204495998726,25.690711975097656,24.93805442013316,25.690711975097656,3870900,0.0,0.0
1999-06-30 00:00:00-04:00,25.489987278037795,25.966670890953765,25.26419013985559,25.866315841674805,5510550,0.0,0.0
1999-07-01 00:00:00-04:00,25.615430657279514,25.765962076819008,25.389633527970275,25.540164947509766,4524900,0.0,0.0
1999-07-02 00:00:00-04:00,25.38964895311186,25.765977730594106,25.339470251495175,25.690711975097656,2808150,0.0,0.0
1999-07-06 00:00:00-04:00,25.69071046770647,26.24265777767612,25.565266017953736,25.916507720947266,4188000,0.0,0.0
1999-07-07 00:00:00-04:00,25.966681316704655,26.368099378064557,25.891415573757683,26.317920684814453,3936600,0.0,0.0
1999-07-08 00:00:00-04:00,26.0921099019253,26.393172717320315,25.941578494227798,26.29281997680664,3974400,0.0,0.0
1999-07-09 00:00:00-04:00,26.192461584368324,26.493524361200144,26.016840865574196,26.418258666992188,3934200,0.0,0.0
1999-07-12 00:00:00-04:00,26.142292508037787,26.44335536879474,26.016848118104164,26.242645263671875,2785800,0.0,0.0
1999-07-13 00:00:00-04:00,26.092115252579845,26.443356807187048,25.991762491487044,26.14229393005371,3448650,0.0,0.0
1999-07-14 00:00:00-04:00,26.192463658072732,26.694234226876276,26.11719795790586,26.493526458740234,3773700,0.0,0.0
1999-07-15 00:00:00-04:00,26.8949534800325,28.074115753173828,26.74442202827285,28.074115753173828,6462150,0.0,0.0
1999-07-16 00:00:00-04:00,28.04901261738385,28.074101945980438,27.54724212393791,27.948659896850586,4399950,0.0,0.0
1999-07-19 00:00:00-04:00,27.89847953550761,28.023923873901364,27.597416798444844,28.023923873901367,3018000,0.0,0.0
1999-07-20 00:00:00-04:00,27.547247608643524,27.747955386597866,26.167375605774055,26.29281997680664,6249000,0.0,0.0
1999-07-21 00:00:00-04:00,26.493524361200144,26.894942162618136,26.117195890160367,26.418258666992188,4691700,0.0,0.0
1999-07-22 00:00:00-04:00,26.368103774565704,26.61898809493482,25.43982535779997,25.690711975097656,4678500,0.0,0.0
1999-07-23 00:00:00-04:00,25.84123277299887,26.167382713651296,25.690701324412327,25.941585540771484,2601000,0.0,0.0
1999-07-26 00:00:00-04:00,25.489992144176732,25.96667584809348,25.41472641708081,25.615436553955078,2750400,0.0,0.0
1999-07-27 00:00:00-04:00,25.640514746054695,25.715780447165354,25.063478469848633,25.063478469848633,5705850,0.0,0.0
1999-07-28 00:00:00-04:00,25.36454739848344,26.34300174916678,25.31437101793704,26.14229393005371,5043150,0.0,0.0
1999-07-29 00:00:00-04:00,25.715785832190573,25.816140886995314,25.43981230263678,25.76596450805664,4085400,0.0,0.0
1999-07-30 00:00:00-04:00,26.016852233848194,26.09211796094412,25.515081485517943,25.615436553955078,4057200,0.0,0.0
1999-08-02 00:00:00-04:00,25.33946166261548,25.765968997148587,24.887867282705933,25.03839874267578,4064100,0.0,0.0
1999-08-03 00:00:00-04:00,24.988218650008726,25.188926467900448,24.285737841996514,24.33591651916504,5856750,0.0,0.0
1999-08-04 00:00:00-04:00,24.335924881805738,24.411190626494903,23.382557251124165,23.63344383239746,6196800,0.0,0.0
1999-08-05 00:00:00-04:00,23.683605542622775,23.733784205916358,22.37900164167238,23.106569290161133,11251800,0.0,0.0
1999-08-06 00:00:00-04:00,22.930946543111666,23.457806382809512,22.554618086184632,23.00621223449707,5043000,0.0,0.0
1999-08-09 00:00:00-04:00,23.081486007067827,23.232017442542023,22.077944635191457,22.454273223876953,7231200,0.0,0.0
1999-08-10 00:00:00-04:00,22.103030542276965,22.830600641018886,21.525994168212083,22.73024559020996,9127950,0.0,0.0
1999-08-11 00:00:00-04:00,23.181838989257812,23.232015364284795,22.680068348206323,23.181838989257812,6300150,0.0,0.0
1999-08-12 00:00:00-04:00,24.185386160423864,24.411183326972655,23.70870248762279,23.834144592285156,7158750,0.0,0.0
1999-08-13 00:00:00-04:00,24.46136291210468,25.489993817637743,24.335920791018555,25.439817428588867,6395850,0.0,0.0
1999-08-16 00:00:00-04:00,25.46491470860831,25.690711975097656,25.28929384680707,25.690711975097656,4901100,0.0,0.0
1999-08-17 00:00:00-04:00,25.81613402643923,25.941576088913777,25.013300692133917,25.314363479614258,4235550,0.0,0.0
1999-08-18 00:00:00-04:00,25.59034050581698,25.59034050581698,25.013304181622296,25.13874626159668,3033150,0.0,0.0
1999-08-19 00:00:00-04:00,24.787507908120283,24.86277361806708,24.285734977190195,24.687152862548828,5157150,0.0,0.0
1999-08-20 00:00:00-04:00,24.862782345338786,25.239111027170715,24.712250872606013,25.214021682739258,2943900,0.0,0.0
1999-08-23 00:00:00-04:00,25.339463179722813,25.891412664967476,25.314376132844373,25.791057586669922,3455700,0.0,0.0
1999-08-24 00:00:00-04:00,25.590347212613867,25.791055052560424,25.038397781601194,25.615436553955078,3537000,0.0,0.0
1999-08-25 00:00:00-04:00,25.665603331630912,26.44334965277716,25.36454053595196,26.368083953857422,5387400,0.0,0.0
1999-08-26 00:00:00-04:00,26.393180293453042,26.64406681060791,25.289283752441406,25.289283752441406,5149050,0.0,0.0
1999-08-27 00:00:00-04:00,25.339470251495175,25.740888379785765,25.214028091310617,25.690711975097656,6055050,0.0,0.0
1999-08-30 00:00:00-04:00,25.489992566728986,25.64052402341622,24.837690353393555,24.837690353393555,2949600,0.0,0.0
1999-08-31 00:00:00-04:00,25.1550172596443,25.1550172596443,24.2512441844475,24.7031307220459,4372950,0.026667,0.0
1999-09-01 00:00:00-04:00,24.602699279785156,24.77843361767932,24.37675611609811,24.602699279785156,3179250,0.0,0.0
1999-09-02 00:00:00-04:00,24.301450751140734,24.652919557426674,23.72404099569036,24.502290725708008,4335150,0.0,0.0
1999-09-03 00:00:00-04:00,25.255433615222906,25.606900105434182,25.1801192031481,25.531585693359375,4842900,0.0,0.0
1999-09-07 00:00:00-04:00,25.506479919498037,25.857948705315888,25.305642255040294,25.48137664794922,2579100,0.0,0.0
1999-09-08 00:00:00-04:00,25.280536690633994,26.083891945468405,25.12990786765422,25.95836639404297,4650750,0.0,0.0
1999-09-09 00:00:00-04:00,26.08389739769761,26.686412815558466,25.85795411599979,26.58599281311035,6742200,0.0,0.0
1999-09-10 00:00:00-04:00,27.238726332200688,27.414460821554012,26.93746852097482,27.213623046875,7224600,0.0,0.0
1999-09-13 00:00:00-04:00,26.98766705102795,27.51486797380255,26.96256147904367,27.464656829833984,3447450,0.0,0.0
1999-09-14 00:00:00-04:00,27.414453518094835,27.489767950836853,27.062986931436775,27.31403350830078,3920850,0.0,0.0
1999-09-15 00:00:00-04:00,27.3140304302251,27.61528812724381,26.46046848761464,26.510677337646484,5862300,0.0,0.0
1999-09-16 00:00:00-04:00,26.58599176190116,26.862143884697034,26.334942914914294,26.510677337646484,3658050,0.0,0.0
1999-09-17 00:00:00-04:00,26.912354568135516,27.16340111237083,26.510676879579712,26.987668991088867,4358700,0.0,0.0
1999-09-20 00:00:00-04:00,27.012759723233415,27.088074111214933,26.811922121420274,26.912342071533203,3324600,0.0,0.0
1999-09-21 00:00:00-04:00,26.71151570512184,26.73662127997339,26.134105870847232,26.385154724121094,4211550,0.0,0.0
1999-09-22 00:00:00-04:00,26.3349355715937,26.93745079762378,25.78263148000825,26.661298751831055,5818650,0.0,0.0
1999-09-23 00:00:00-04:00,27.06297633532217,27.4646516204001,26.61108991579961,26.661298751831055,6550050,0.0,0.0
1999-09-24 00:00:00-04:00,26.510673939143413,27.062980412346747,26.20941628074406,26.711511611938477,6453300,0.0,0.0
1999-09-27 00:00:00-04:00,26.912352894505815,27.138296149314872,26.460466384887695,26.460466384887695,4707450,0.0,0.0
1999-09-28 00:00:00-04:00,26.560892105102543,26.761732146802135,26.159216618532028,26.56089210510254,4033650,0.0,0.0
1999-09-29 00:00:00-04:00,26.66129334545724,27.414437225272415,26.636187783325827,26.912342071533203,4420050,0.0,0.0
1999-09-30 00:00:00-04:00,27.012770333070826,27.71570566312863,26.611094971678046,27.56507682800293,7181700,0.0,0.0
1999-10-01 00:00:00-04:00,27.464648914137932,28.0169552497144,26.937448143309975,27.941640853881836,5057100,0.0,0.0
1999-10-04 00:00:00-04:00,27.841225797319446,28.594369888305668,27.841225797319446,28.594369888305664,8603550,0.0,0.0
1999-10-05 00:00:00-04:00,28.418624004860323,29.121556616299486,28.11736651469718,28.393518447875977,7491900,0.0,0.0
1999-10-06 00:00:00-04:00,28.418634552655742,29.121567424993863,28.217794619062193,29.096464157104492,5533800,0.0,0.0
1999-10-07 00:00:00-04:00,29.09645925474822,29.19687690621289,28.770096141456257,29.02114486694336,3783450,0.0,0.0
1999-10-08 00:00:00-04:00,28.996048255355934,29.95003002922118,28.895628274480963,29.9249267578125,5166000,0.0,0.0
1999-10-11 00:00:00-04:00,29.824488002451222,30.150851011039613,29.724068084790492,29.975116729736328,4547400,0.0,0.0
1999-10-12 00:00:00-04:00,29.95002011172055,29.95002011172055,29.221981812092906,29.573448181152344,4732950,0.0,0.0
1999-10-13 00:00:00-04:00,29.22198576676218,29.49813778708018,28.368421842488857,28.619470596313477,6648900,0.0,0.0
1999-10-14 00:00:00-04:00,28.619480129550347,28.644585702819445,27.966755910277463,28.519060134887695,4576050,0.0,0.0
1999-10-15 00:00:00-04:00,28.092269757409486,28.092269757409486,27.489754588349765,27.514860153198242,5493450,0.0,0.0
1999-10-18 00:00:00-04:00,27.61528692789323,27.765915769860673,27.113191554139664,27.690601348876953,5749800,0.0,0.0
1999-10-19 00:00:00-04:00,28.167590453007328,28.66968577337587,28.01696162705542,28.293113708496094,4443750,0.0,0.0
1999-10-20 00:00:00-04:00,28.468846276634096,29.096467110598905,27.991854258947775,29.071361541748047,4770000,0.0,0.0
1999-10-21 00:00:00-04:00,28.92074566595338,28.97095452770754,28.393544573084437,28.87053680419922,3927150,0.0,0.0
1999-10-22 00:00:00-04:00,28.770089831671946,29.24708161596098,28.770089831671946,29.046241760253906,3619950,0.0,0.0
1999-10-25 00:00:00-04:00,28.719897779516828,29.1466786997666,28.519057806588126,28.8956298828125,3381750,0.0,0.0
1999-10-26 00:00:00-04:00,29.924911455676025,29.924911455676025,28.217784145810064,28.393518447875977,10908450,0.0,0.0
1999-10-27 00:00:00-04:00,28.31821497945647,28.569263750731206,27.740805333779022,27.991851806640625,7040550,0.0,0.0
1999-10-28 00:00:00-04:00,28.669684413315935,30.150869330519512,28.569266733054025,29.950029373168945,9653250,0.0,0.0
1999-10-29 00:00:00-04:00,30.52743717677094,31.53162763168745,30.27638841383528,30.427017211914062,11113500,0.0,0.0
1999-11-01 00:00:00-05:00,30.376801265770307,30.954210757063837,30.351695705831453,30.62784767150879,5404200,0.0,0.0
1999-11-02 00:00:00-05:00,30.929109573364258,31.12994948446742,30.42701439243204,30.929109573364258,5684100,0.0,0.0
1999-11-03 00:00:00-05:00,30.828692360747706,30.904006753894144,30.075548429283288,30.226177215576172,4579500,0.0,0.0
1999-11-04 00:00:00-05:00,30.652966188055185,30.90401499832123,30.40191737778914,30.527442932128906,3376050,0.0,0.0
1999-11-05 00:00:00-05:00,30.92912330796655,31.632058712152332,30.92912330796655,31.330801010131836,5556600,0.0,0.0
1999-11-08 00:00:00-05:00,31.3307865377851,31.90819610046886,31.155052193310564,31.782672882080078,5944950,0.0,0.0
1999-11-09 00:00:00-05:00,31.556749169391377,32.134159088134766,30.65297592348995,32.134159088134766,9564000,0.0,0.0
1999-11-10 00:00:00-05:00,31.23037015415314,31.330790119391438,30.90400928935152,31.004426956176758,6487050,0.0,0.0
1999-11-11 00:00:00-05:00,31.079742141544635,31.70736291793441,30.95421890563193,31.657154083251953,3725550,0.0,0.0
1999-11-12 00:00:00-05:00,31.90820925021495,32.38520135412683,31.657162709978174,32.30988693237305,4732650,0.0,0.0
1999-11-15 00:00:00-05:00,32.46050995872134,32.46050995872134,31.305688265977853,31.632051467895508,6705000,0.0,0.0
1999-11-16 00:00:00-05:00,31.632046953312162,32.28477096557617,31.280580531079696,32.28477096557617,6672150,0.0,0.0
1999-11-17 00:00:00-05:00,32.184361352383625,32.78687668317138,32.05883579286046,32.109046936035156,5999550,0.0,0.0
1999-11-18 00:00:00-05:00,32.234580413050374,33.54003147629021,32.15926597283297,33.33919143676758,10235700,0.0,0.0
1999-11-19 00:00:00-05:00,33.113228672116044,33.33917186009503,32.71155342576204,33.03791427612305,6281550,0.0,0.0
1999-11-22 00:00:00-05:00,33.28896251722845,33.28896251722845,32.30987538436879,32.736656188964844,5473950,0.0,0.0
1999-11-23 00:00:00-05:00,32.15923451268395,32.63622626690952,32.05881459115961,32.38517761230469,5240100,0.0,0.0
1999-11-24 00:00:00-05:00,32.30989318073921,32.43541647513237,31.75758654826372,31.933320999145508,4369050,0.0,0.0
1999-11-26 00:00:00-05:00,32.08394262458511,32.334991455078125,32.03373377785198,32.334991455078125,1854300,0.0,0.0
1999-11-29 00:00:00-05:00,32.25968468234167,32.385207978134346,31.95842693370786,32.134159088134766,4086300,0.0,0.0
1999-11-30 00:00:00-05:00,32.48486943420628,32.56024036096778,31.756284575557835,31.831655502319336,4603200,0.04,0.0
1999-12-01 00:00:00-05:00,32.032649449286716,32.710987908212786,31.907031982865107,32.68586349487305,5170050,0.0,0.0
1999-12-02 00:00:00-05:00,32.660748266923264,33.16322053867503,32.258769069438436,32.673309326171875,5392650,0.0,0.0
1999-12-03 00:00:00-05:00,33.36419810782706,33.91691903661804,33.28882717663458,33.86667251586914,7082700,0.0,0.0
1999-12-06 00:00:00-05:00,33.84156113614918,33.84156113614918,33.26371787455383,33.50239181518555,3955200,0.0,0.0
1999-12-07 00:00:00-05:00,33.540065911439086,33.71593219229426,33.21345776131902,33.46469497680664,4425000,0.0,0.0
1999-12-08 00:00:00-05:00,33.64056536757658,34.369150391323025,33.38932812139495,33.885520935058594,5699550,0.0,0.0
1999-12-09 00:00:00-05:00,33.464709471241655,35.12287075134822,33.464709471241655,35.07262420654297,9204150,0.0,0.0
1999-12-10 00:00:00-05:00,35.37408908351416,35.95193208902192,35.29871815670279,35.776065826416016,7871700,0.0,0.0
1999-12-13 00:00:00-05:00,36.15293210501831,37.38399173949696,36.02731461991845,36.624000549316406,9084600,0.0,0.0
1999-12-14 00:00:00-05:00,37.10763532948614,37.333748200890994,36.554914210450164,37.183006286621094,7555350,0.0,0.0
1999-12-15 00:00:00-05:00,36.58001697081251,37.68545625422384,36.429275145795614,37.5849609375,10210500,0.0,0.0
1999-12-16 00:00:00-05:00,37.63520178463043,38.891382627327836,37.434211193700044,38.86626052856445,7702800,0.0,0.0
1999-12-17 00:00:00-05:00,38.96677108120414,39.69535827636719,38.91652226076225,39.69535827636719,14521800,0.0,0.0
1999-12-20 00:00:00-05:00,39.5948532166613,39.7204729440906,38.489413876137995,39.58229446411133,7010550,0.0,0.0
1999-12-21 00:00:00-05:00,38.69040061190637,38.91651335171675,38.13768211468393,38.50825500488281,4963350,0.0,0.0
1999-12-22 00:00:00-05:00,38.765786067110476,39.06726983328445,38.213067362550596,38.71554183959961,3486150,0.0,0.0
1999-12-23 00:00:00-05:00,39.16776070827807,39.36874678408193,38.74065724671117,39.04214096069336,3618000,0.0,0.0
1999-12-27 00:00:00-05:00,39.393879087391,39.64511401795744,39.04214650437634,39.31850814819336,5921550,0.0,0.0
1999-12-28 00:00:00-05:00,39.318505984416454,40.82592468541291,39.19288622590782,40.047088623046875,4837200,0.0,0.0
1999-12-29 00:00:00-05:00,40.901293088761626,41.454011711489315,40.39881868610595,40.549560546875,3986100,0.0,0.0
1999-12-30 00:00:00-05:00,40.90127967742008,41.1776365980295,40.14757062071255,40.27318572998047,4208550,0.0,0.0
1999-12-31 00:00:00-05:00,40.66262275695801,42.05698516845703,40.54956634521484,41.454017639160156,3097800,0.0,1.5
2000-01-03 00:00:00-05:00,41.37864324436206,41.71781245128306,38.47686225181572,39.30594253540039,12030800,0.0,0.0
2000-01-04 00:00:00-05:00,38.5899307312753,38.778358127424106,36.931769645165815,37.233253479003906,8774500,0.0,0.0
2000-01-05 00:00:00-05:00,37.23323685782296,37.98694610595703,36.781011308942524,37.98694610595703,6931400,0.0,0.0
2000-01-06 00:00:00-05:00,37.15785753726959,37.38397026062012,36.178035736083984,36.178035736083984,6603400,0.0,0.0
2000-01-07 00:00:00-05:00,37.233236327884704,38.288429260253906,36.63026893795944,38.288429260253906,6201600,0.0,0.0
2000-01-10 00:00:00-05:00,37.383974763924954,38.32611122470935,37.383974763924954,38.099998474121094,5453000,0.0,0.0
2000-01-11 00:00:00-05:00,38.25074595727291,38.36380234926485,36.93175471736695,37.120182037353516,4371500,0.0,0.0
2000-01-12 00:00:00-05:00,37.120174907735084,37.42165856180806,36.59257851310738,36.81869125366211,4599400,0.0,0.0
2000-01-13 00:00:00-05:00,37.459354400634766,37.68546720385791,37.08249972859618,37.459354400634766,4538900,0.0,0.0
2000-01-14 00:00:00-05:00,37.61010033138826,37.64778580266219,36.89407637718347,37.3463020324707,4578000,0.0,0.0
2000-01-18 00:00:00-05:00,36.93175205514451,36.93175205514451,36.253413752090836,36.47952651977539,5322000,0.0,0.0
2000-01-19 00:00:00-05:00,36.25342344033597,37.6477858803489,36.25342344033597,37.308616638183594,5176400,0.0,0.0
2000-01-20 00:00:00-05:00,37.12017902244889,37.23323540525838,36.10267157716349,36.66795349121094,7213400,0.0,0.0
2000-01-21 00:00:00-05:00,37.082486629486084,37.082486629486084,35.8388666510582,36.178035736083984,6682900,0.0,0.0
2000-01-24 00:00:00-05:00,36.74334760369926,36.74334760369926,34.18073464262075,34.972129821777344,7339600,0.0,0.0
2000-01-25 00:00:00-05:00,34.36914932488864,34.44452026639059,33.087843319355514,33.841552734375,10252400,0.0,0.0
2000-01-26 00:00:00-05:00,33.728494831160006,34.78368796554267,33.200898263968675,34.59526062011719,8468400,0.0,0.0
2000-01-27 00:00:00-05:00,34.89673575208934,35.87655770625168,33.879228338151535,35.12284851074219,6915900,0.0,0.0
2000-01-28 00:00:00-05:00,34.369126497761584,34.6329246178102,33.46467580045207,33.54004669189453,7425100,0.0,0.0
2000-01-31 00:00:00-05:00,34.06768017362548,34.256107608214116,33.20091397451775,34.14305114746094,5958600,0.0,0.0
2000-02-01 00:00:00-05:00,34.33146075664028,37.38398361206055,34.256089821938545,37.38398361206055,10950500,0.0,0.0
2000-02-02 00:00:00-05:00,36.781002280152876,37.08248590540003,35.9519223107232,36.6302604675293,5862100,0.0,0.0
2000-02-03 00:00:00-05:00,36.47952651977539,36.554897442336916,35.57507544903716,36.47952651977539,4008800,0.0,0.0
2000-02-04 00:00:00-05:00,36.78103618972872,37.08252009292322,36.366495822836285,36.856407165527344,4063900,0.0,0.0
2000-02-07 00:00:00-05:00,36.78101581638142,36.78101581638142,35.57508087158203,35.57508087158203,3796600,0.0,0.0
2000-02-08 00:00:00-05:00,36.02731166902136,37.04481942536401,35.914255251649955,36.78102111816406,4501700,0.0,0.0
2000-02-09 00:00:00-05:00,36.969439474065254,36.969439474065254,35.42433547973633,35.42433547973633,5289700,0.0,0.0
2000-02-10 00:00:00-05:00,35.57508400179532,36.14036605690859,35.198229298386465,35.91425323486328,3644900,0.0,0.0
2000-02-11 00:00:00-05:00,35.87656716179029,36.47953467711449,35.688139813251475,36.215736389160156,4647100,0.0,0.0
2000-02-14 00:00:00-05:00,35.87656310086423,36.479530547937586,35.83887763542215,36.36647415161133,3173900,0.0,0.0
2000-02-15 00:00:00-05:00,36.21572526428989,36.29109618055272,35.61275793418725,36.02729797363281,3531100,0.0,0.0
2000-02-16 00:00:00-05:00,35.42435283744179,35.80120765486138,33.615449713827736,34.519901275634766,6829800,0.0,0.0
2000-02-17 00:00:00-05:00,34.519877267540046,34.63293363413679,32.29643539113736,32.861717224121094,10785700,0.0,0.0
2000-02-18 00:00:00-05:00,32.899411170427186,33.653120475591614,31.844218143196994,32.40950012207031,10402700,0.0,0.0
2000-02-22 00:00:00-05:00,32.63562075741641,33.50238666667805,32.03265316836484,32.334136962890625,8019200,0.0,0.0
2000-02-23 00:00:00-05:00,32.67330472852648,33.16321587209147,31.88190980430612,33.0501594543457,6533700,0.0,0.0
2000-02-24 00:00:00-05:00,33.12552279549858,33.27626465122326,31.731160630045284,31.994958877563477,7763600,0.0,0.0
2000-02-25 00:00:00-05:00,32.258761046067725,32.71098666820886,31.80653542392659,31.957277297973633,6155600,0.0,0.0
2000-02-28 00:00:00-05:00,32.40950405007541,34.29377754135887,31.91959294234172,34.2560920715332,8120100,0.0,0.0
2000-02-29 00:00:00-05:00,34.6329383186672,35.23590568874193,34.2560837123705,34.670623779296875,7119900,0.0,0.0
2000-03-01 00:00:00-05:00,34.85903729213757,35.160520857907414,32.74865233174871,33.54004669189453,6504000,0.0,0.0
2000-03-02 00:00:00-05:00,33.502380885775125,33.916921031718346,32.673300593888676,33.238582611083984,5352000,0.0,0.0
2000-03-03 00:00:00-05:00,33.46468451263708,33.65311179029832,32.7863463130566,32.861717224121094,5832800,0.0,0.0
2000-03-06 00:00:00-05:00,32.78636233159395,32.97478970131576,32.03265285270673,32.48487854003906,4821800,0.0,0.0
2000-03-07 00:00:00-05:00,33.187837259297154,33.187837259297154,30.774176367711906,31.603872299194336,8491900,0.04,0.0
2000-03-08 00:00:00-05:00,31.566169452667236,32.43357912699381,31.18903481165568,31.679309844970703,6631400,0.0,0.0
2000-03-09 00:00:00-05:00,32.169599125748974,33.489570953886385,31.22676210565082,33.37643051147461,5736400,0.0,0.0
2000-03-10 00:00:00-05:00,33.564976175254756,33.67811654438483,32.20729174569389,32.282718658447266,4456000,0.0,0.0
2000-03-13 00:00:00-05:00,31.754735384347303,32.094156546412776,31.264460372474957,31.981016159057617,4412500,0.0,0.0
2000-03-14 00:00:00-05:00,31.83016975977087,32.16959100128502,31.30218116185998,31.56617546081543,5094600,0.0,0.0
2000-03-15 00:00:00-05:00,31.754751565163595,34.54554920865778,31.302189785137507,34.39469528198242,8097100,0.0,0.0
2000-03-16 00:00:00-05:00,35.60150425608565,37.336323319411854,35.37522350869527,37.110042572021484,12165000,0.0,0.0
2000-03-17 00:00:00-05:00,37.11005508015347,38.958015140039166,37.11005508015347,38.128318786621094,13587500,0.0,0.0
2000-03-20 00:00:00-05:00,38.27915547638838,38.69400346677289,37.37403258827674,38.392295837402344,5350300,0.0,0.0
2000-03-21 00:00:00-05:00,38.392310022369145,39.03343897166215,37.298619461810496,38.3168830871582,5552300,0.0,0.0
2000-03-22 00:00:00-05:00,37.63803129319039,38.58086774843063,36.88376212899819,38.052879333496094,4746500,0.0,0.0
2000-03-23 00:00:00-05:00,38.05289784556012,38.80716737669114,37.5249091737684,38.694026947021484,5540300,0.0,0.0
2000-03-24 00:00:00-05:00,38.61858692354369,39.41056966318667,38.31687921320351,38.84486770629883,5903600,0.0,0.0
2000-03-27 00:00:00-05:00,38.84486770629883,38.99572156146892,38.01517150286332,38.84486770629883,3828000,0.0,0.0
2000-03-28 00:00:00-05:00,38.05288552865386,39.674564495682716,38.01517206430435,38.618587493896484,4848400,0.0,0.0
2000-03-29 00:00:00-05:00,39.146580313244,41.37167495532627,39.146580313244,41.333961486816406,6944300,0.0,0.0
2000-03-30 00:00:00-05:00,41.03226391237174,41.97510085888763,39.78771914297076,40.42884826660156,7934300,0.0,0.0
2000-03-31 00:00:00-05:00,40.42883430894955,40.61740163315174,38.76944185597028,38.92029571533203,5169700,0.0,0.0
2000-04-03 00:00:00-04:00,39.523721891291,41.0699743698625,39.48600841620389,41.03226089477539,5898500,0.0,0.0
2000-04-04 00:00:00-04:00,40.88138902025942,41.40937743934026,38.27916038336099,38.9957160949707,8188500,0.0,0.0
2000-04-05 00:00:00-04:00,38.31687977910042,38.99572213739157,38.01517206430435,38.618587493896484,5348300,0.0,0.0
2000-04-06 00:00:00-04:00,38.58086992236675,40.42882947876555,38.16602185868539,39.78770065307617,4234800,0.0,0.0
2000-04-07 00:00:00-04:00,39.90085819683112,40.61741425140559,38.694026947021484,38.694026947021484,3425100,0.0,0.0
2000-04-10 00:00:00-04:00,39.29742459526884,40.57968221162118,38.76943616500611,40.24026107788086,3992300,0.0,0.0
2000-04-11 00:00:00-04:00,39.63684971655455,40.655113220214844,39.59913625345602,40.655113220214844,3714600,0.0,0.0
2000-04-12 00:00:00-04:00,41.14541534582774,42.23910649617513,39.825443267822266,39.825443267822266,7081600,0.0,0.0
2000-04-13 00:00:00-04:00,40.01399620437623,40.01399620437623,36.20493530273438,37.71347427368164,7953100,0.0,0.0
2000-04-14 00:00:00-04:00,36.20493908640755,36.35579299926758,34.35697865387216,36.35579299926758,7695600,0.0,0.0
2000-04-17 00:00:00-04:00,34.017543742750405,35.11123417350402,33.37641486955001,34.5455322265625,8667000,0.0,0.0
2000-04-18 00:00:00-04:00,34.394668773894615,35.79006652020393,33.82896698485029,35.450645446777344,7233700,0.0,0.0
2000-04-19 00:00:00-04:00,35.412931994174386,36.20491449883643,34.77180329992416,35.450645446777344,5078400,0.0,0.0
2000-04-20 00:00:00-04:00,35.073528737147484,35.67694428531346,34.54554013250225,35.37523651123047,4111100,0.0,0.0
2000-04-24 00:00:00-04:00,34.99810771802039,37.2609164066855,34.922680761731556,35.94094467163086,4850200,0.0,0.0
2000-04-25 00:00:00-04:00,36.35579393677792,36.39350741596545,35.4129569570897,35.601524353027344,5227700,0.0,0.0
2000-04-26 00:00:00-04:00,35.903214572874965,36.73291070796241,35.86550111218917,36.506629943847656,4469400,0.0,0.0
2000-04-27 00:00:00-04:00,36.20494424980075,36.20494424980075,35.14896670918156,35.48838806152344,4940000,0.0,0.0
2000-04-28 00:00:00-04:00,35.14894487161552,35.5260794732423,33.48955262445771,34.09296798706055,6475300,0.0,0.0
2000-05-01 00:00:00-04:00,34.092980059855236,34.92267647724109,33.86669921875,33.86669921875,4360000,0.0,0.0
2000-05-02 00:00:00-04:00,34.545518797485215,34.96036673064279,33.82896327657668,34.281524658203125,3961700,0.0,0.0
2000-05-03 00:00:00-04:00,33.48956945207384,33.527282931186534,31.717035933777137,32.58444595336914,6666000,0.0,0.0
2000-05-04 00:00:00-04:00,32.43357912699381,32.47129259109497,31.264461739857992,31.679309844970703,6863800,0.0,0.0
2000-05-05 00:00:00-04:00,31.26446300654171,32.28272657852799,30.887328350250495,32.169586181640625,6345700,0.0,0.0
2000-05-08 00:00:00-04:00,32.05643657208046,32.65985184873138,31.377594385848163,32.320430755615234,5133800,0.0,0.0
2000-05-09 00:00:00-04:00,32.32043873469035,32.961567624409994,31.226748275756837,31.679309844970703,4821700,0.0,0.0
2000-05-10 00:00:00-04:00,31.67932245466444,32.735299869819926,31.189047226199396,32.58444595336914,6547300,0.0,0.0
2000-05-11 00:00:00-04:00,32.886141146418666,33.3387027218281,32.01873146021725,32.50900650024414,4413300,0.0,0.0
2000-05-12 00:00:00-04:00,32.433592036918355,33.33871553562305,32.35816507869296,32.58444595336914,3683400,0.0,0.0
2000-05-15 00:00:00-04:00,32.282721899252024,34.319248748036614,32.282721899252024,34.09296798706055,5611300,0.0,0.0
2000-05-16 00:00:00-04:00,34.09298616822003,34.09298616822003,31.377615588450293,32.245025634765625,13052500,0.0,0.0
2000-05-17 00:00:00-04:00,31.830165370229327,32.24501349709251,31.07589604865991,31.528457641601562,7027500,0.0,0.0
2000-05-18 00:00:00-04:00,31.302179943010646,32.24501668828205,30.96275871471294,31.075899124145508,6951400,0.0,0.0
2000-05-19 00:00:00-04:00,30.88732473200018,31.528453572591147,30.81189780957771,31.113605499267578,5682600,0.0,0.0
2000-05-22 00:00:00-04:00,31.189043357413695,31.377610729586692,30.170779547679512,30.39706039428711,5313500,0.0,0.0
2000-05-23 00:00:00-04:00,30.547910838869946,30.849618600241502,29.077085502183614,30.019922256469727,6293100,0.0,0.0
2000-05-24 00:00:00-04:00,28.963946174172793,28.963946174172793,26.625710936153634,28.20967674255371,17769300,0.0,0.0
2000-05-25 00:00:00-04:00,28.96394594254032,30.057636609641452,27.945682217997888,28.058822631835938,8621100,0.0,0.0
2000-05-26 00:00:00-04:00,29.26565702311198,29.41651092529297,27.907971903483077,28.285106658935547,4711400,0.0,0.0
2000-05-30 00:00:00-04:00,28.66223310036634,28.850800423395068,28.134244595885907,28.51137924194336,4767600,0.0,0.0
2000-05-31 00:00:00-04:00,28.209693227495464,29.642805985042024,28.13426624025617,29.567378997802734,6583700,0.0,0.0
2000-06-01 00:00:00-04:00,29.567357916581003,30.208486850996664,29.26565018273834,30.095346450805664,6049000,0.0,0.0
2000-06-02 00:00:00-04:00,31.83016951767715,32.58443893752732,31.377607865767047,32.358158111572266,8388800,0.0,0.0
2000-06-05 00:00:00-04:00,32.28271442495269,32.35814132781473,31.528445396332295,31.603872299194336,3858000,0.0,0.0
2000-06-06 00:00:00-04:00,31.41532420402129,31.41532420402129,30.20849302211411,30.39706039428711,6753000,0.0,0.0
2000-06-07 00:00:00-04:00,30.925054514805964,31.26447584484652,30.09535793026239,30.51020622253418,4581800,0.0,0.0
2000-06-08 00:00:00-04:00,31.038183119063987,31.07589658579432,29.869065650423668,30.095346450805664,5036400,0.0,0.0
2000-06-09 00:00:00-04:00,30.397054956735495,30.9250435043711,28.737662378452168,29.077083587646484,5466100,0.0,0.0
2000-06-12 00:00:00-04:00,28.699939344240274,28.699939344240274,27.15368768443232,27.757102966308594,12584100,0.0,0.0
2000-06-13 00:00:00-04:00,27.85677940272078,30.008319275288642,27.74354046205931,29.81958770751953,9177000,0.04,0.0
2000-06-14 00:00:00-04:00,30.046040619120877,30.800966262817383,29.6308315150878,30.800966262817383,8827700,0.0,0.0
2000-06-15 00:00:00-04:00,30.763223505137304,30.951954937684157,30.34801435353422,30.72547721862793,5048400,0.0,0.0
2000-06-16 00:00:00-04:00,30.725480581017926,30.80097316229807,29.932808477576433,30.08379364013672,7158700,0.0,0.0
2000-06-19 00:00:00-04:00,29.819570016860965,30.1970329284668,29.44210710525513,30.197032928466797,5058600,0.0,0.0
2000-06-20 00:00:00-04:00,29.66858043329185,30.046043288677247,29.21562500682938,29.517595291137695,5080900,0.0,0.0
2000-06-21 00:00:00-04:00,29.517590727738586,29.517590727738586,28.800411413381767,29.328859329223633,3773900,0.0,0.0
2000-06-22 00:00:00-04:00,28.76268246902187,29.10239919109693,28.34747314204124,28.913667678833008,5537600,0.0,0.0
2000-06-23 00:00:00-04:00,29.026882012685142,29.06462828318278,28.4229416847229,28.9891357421875,3631600,0.0,0.0
2000-06-26 00:00:00-04:00,28.762686711723674,29.21564240797129,28.42296993953796,28.460716247558594,3663400,0.0,0.0
2000-06-27 00:00:00-04:00,28.762678432584863,30.27253031880979,28.687185838273617,29.93281364440918,6641200,0.0,0.0
2000-06-28 00:00:00-04:00,30.08377988988703,30.159272436662153,29.06463050842285,29.06463050842285,5233400,0.0,0.0
2000-06-29 00:00:00-04:00,29.064652888644144,29.140145493549714,28.460712049399593,28.913667678833008,5339200,0.0,0.0
2000-06-30 00:00:00-04:00,29.02690694806573,30.22535206588249,28.762682827602195,30.1592960357666,5055500,0.0,0.0
2000-07-03 00:00:00-04:00,30.00830841064453,30.12154731030734,29.366621312555274,30.00830841064453,1885300,0.0,0.0
2000-07-05 00:00:00-04:00,30.15927202310135,30.725466116150816,29.97054065875153,30.348003387451172,4063400,0.0,0.0
2000-07-06 00:00:00-04:00,30.423500270378298,31.480396061408808,30.197022600871758,30.951948165893555,4646900,0.0,0.0
2000-07-07 00:00:00-04:00,32.00886288204709,33.745192708195866,31.631399876362572,33.518714904785156,10254800,0.0,0.0
2000-07-10 00:00:00-04:00,33.40547997018565,35.10406369748323,33.06576322472614,34.726600646972656,9340900,0.0,0.0
2000-07-11 00:00:00-04:00,34.651100688280614,35.368280332155706,34.46236920305033,34.802085876464844,7711000,0.0,0.0
2000-07-12 00:00:00-04:00,34.8398354765117,35.066313280259344,34.04716316339497,34.65110397338867,5062400,0.0,0.0
2000-07-13 00:00:00-04:00,34.80207492883532,34.839821214007586,33.66968637366714,33.93391036987305,3751500,0.0,0.0
2000-07-14 00:00:00-04:00,34.235873567701574,34.235873567701574,33.44320174309106,34.08488845825195,3456600,0.0,0.0
2000-07-17 00:00:00-04:00,34.34912872314453,34.42462131374485,33.59420281714136,34.34912872314453,3686600,0.0,0.0
2000-07-18 00:00:00-04:00,34.34913356839182,35.14180588150855,34.27364096714261,34.65110397338867,4019800,0.0,0.0
2000-07-19 00:00:00-04:00,34.764326980390486,34.80207326375682,34.31137157999452,34.50010299682617,2794900,0.0,0.0
2000-07-20 00:00:00-04:00,34.50011641191333,35.33053496887405,34.42462381582599,35.06631088256836,4664500,0.0,0.0
2000-07-21 00:00:00-04:00,35.25502866415278,35.481506364350764,34.50010299682617,34.50010299682617,3611700,0.0,0.0
2000-07-24 00:00:00-04:00,34.12263751029968,34.235876351594925,33.1034879386425,33.8206672668457,3839900,0.0,0.0
2000-07-25 00:00:00-04:00,33.66968746185302,33.707433748245236,32.68828401565552,33.216732025146484,4115200,0.0,0.0
2000-07-26 00:00:00-04:00,32.91474674184793,33.745164664234,32.34855270385742,32.34855270385742,5031400,0.0,0.0
2000-07-27 00:00:00-04:00,32.80153365984355,33.10350405026789,32.46181697061617,33.065757751464844,3319300,0.0,0.0
2000-07-28 00:00:00-04:00,33.10349162815587,33.17898419743331,31.55589395796843,31.820117950439453,3639900,0.0,0.0
2000-07-31 00:00:00-04:00,31.93336043150529,31.97110672043142,31.027449497278187,31.25392723083496,3888800,0.0,0.0
2000-08-01 00:00:00-04:00,31.36716856406285,31.706885191110462,30.800974185650162,31.40491485595703,3623600,0.0,0.0
2000-08-02 00:00:00-04:00,31.631391287410963,32.31082451315487,31.329420964858112,32.084346771240234,3331100,0.0,0.0
2000-08-03 00:00:00-04:00,32.12209187613593,32.53730105432336,31.065195786204317,31.25392723083496,3913800,0.0,0.0
2000-08-04 00:00:00-04:00,31.29167288321036,32.61279296875,31.178434018735533,32.61279296875,4235200,0.0,0.0
2000-08-07 00:00:00-04:00,31.78237314224243,33.51870231628418,31.78237314224243,33.216732025146484,4122900,0.0,0.0
2000-08-08 00:00:00-04:00,33.216754846405564,35.292802024305914,33.179008534080104,34.42463684082031,6870100,0.0,0.0
2000-08-09 00:00:00-04:00,34.61335517620218,35.028564453125,33.66969772865032,35.028564453125,4782800,0.0,0.0
2000-08-10 00:00:00-04:00,34.651099146628866,34.68884544199556,33.292232513427734,33.292232513427734,4227000,0.0,0.0
2000-08-11 00:00:00-04:00,33.21673038418732,34.12264121284698,33.21673038418732,33.78292465209961,2719500,0.0,0.0
2000-08-14 00:00:00-04:00,34.3113684533006,36.2364287295584,34.3113684533006,35.63248825073242,5011300,0.0,0.0
2000-08-15 00:00:00-04:00,33.82068498557973,33.85843128578685,32.008862575637956,32.31083297729492,16307100,0.0,0.0
2000-08-16 00:00:00-04:00,31.518145624329062,31.555891906513885,30.046040619120877,30.800966262817383,20874900,0.0,0.0
2000-08-17 00:00:00-04:00,30.876451959273123,31.102929602006174,30.461242947595853,30.98969078063965,6989900,0.0,0.0
2000-08-18 00:00:00-04:00,30.876467298707244,31.480407979366554,30.649989543460002,31.02745246887207,6392800,0.0,0.0
2000-08-21 00:00:00-04:00,30.876462364665414,31.06519379721227,30.15928292098737,30.72547721862793,5822700,0.0,0.0
2000-08-22 00:00:00-04:00,30.76321472615113,31.404901413690478,30.536737071725476,30.914199829101562,4724000,0.0,0.0
2000-08-23 00:00:00-04:00,30.933086737519055,31.02745246887207,30.499004373295175,31.02745246887207,5202900,0.0,0.0
2000-08-24 00:00:00-04:00,30.574496811650498,30.76322827345081,30.12154130332975,30.461257934570312,5200800,0.0,0.0
2000-08-25 00:00:00-04:00,30.46124854654369,30.61223366945097,30.27251714290959,30.498994827270508,3784300,0.0,0.0
2000-08-28 00:00:00-04:00,30.574495840072633,30.687734713554384,30.1970329284668,30.197032928466797,4950400,0.0,0.0
2000-08-29 00:00:00-04:00,30.183447121674156,30.410106299058445,29.65457570777749,30.03234100341797,5433100,0.04,0.0
2000-08-30 00:00:00-04:00,29.767906080536754,29.80568261109581,29.012375469355618,29.23903465270996,8329200,0.0,0.0
2000-08-31 00:00:00-04:00,29.125695324068104,29.84344916473904,29.012365770277956,29.050142288208008,8541200,0.0,0.0
2000-09-01 00:00:00-04:00,29.61678389815597,29.61678389815597,29.05013624704329,29.35234832763672,5517300,0.0,0.0
2000-09-05 00:00:00-04:00,29.578999431353257,30.825623928460097,29.390116931791614,30.2967529296875,5492500,0.0,0.0
2000-09-06 00:00:00-04:00,30.598979949951172,30.901192097605012,30.523426913037714,30.598979949951172,5266700,0.0,0.0
2000-09-07 00:00:00-04:00,30.598971442420883,30.82563049014252,30.25898287083843,30.523418426513672,5109900,0.0,0.0
2000-09-08 00:00:00-04:00,30.750081099473036,32.29891810816885,30.674528074658603,31.996706008911133,7810500,0.0,0.0
2000-09-11 00:00:00-04:00,32.03448212091824,33.1677774789696,31.996705608983195,32.79001235961914,5222000,0.0,0.0
2000-09-12 00:00:00-04:00,33.0544552813707,33.80998568780203,32.790019639119734,33.77220916748047,6328100,0.0,0.0
2000-09-13 00:00:00-04:00,33.39444776212788,33.923319106776965,32.563364220536464,33.09223556518555,7056100,0.0,0.0
2000-09-14 00:00:00-04:00,33.77218738762108,33.96106986741762,33.09221046035354,33.545528411865234,5346800,0.0,0.0
2000-09-15 00:00:00-04:00,33.80997818186536,33.80997818186536,32.79001235961914,32.79001235961914,6577700,0.0,0.0
2000-09-18 00:00:00-04:00,33.0166619048622,33.73441542453311,32.45001438933252,33.281097412109375,4399500,0.0,0.0
2000-09-19 00:00:00-04:00,33.24332543139188,33.318878443735954,31.883371209198575,32.03447723388672,4102400,0.0,0.0
2000-09-20 00:00:00-04:00,32.33668928326301,32.52557181412319,31.77004169068247,32.03447723388672,3739300,0.0,0.0
2000-09-21 00:00:00-04:00,32.11004018783569,33.84776000976563,32.034487152099615,33.24333572387695,5001200,0.0,0.0
2000-09-22 00:00:00-04:00,33.092217284474295,33.80997085571289,32.79000525447909,33.80997085571289,5557600,0.0,0.0
2000-09-25 00:00:00-04:00,33.80998476146288,33.80998476146288,32.450030067147054,33.01667785644531,4601800,0.0,0.0
2000-09-26 00:00:00-04:00,32.9033590267637,32.941135558367336,31.54340388903294,32.26115798950195,5580200,0.0,0.0
2000-09-27 00:00:00-04:00,33.205565139038924,33.205565139038924,32.412258122065296,33.09223556518555,5173100,0.0,0.0
2000-09-28 00:00:00-04:00,32.790017509460455,33.24333572387695,32.52558188438416,33.24333572387695,3416400,0.0,0.0
2000-09-29 00:00:00-04:00,32.71445974464822,33.092224868720365,31.958929496503917,31.996706008911133,4396400,0.0,0.0
2000-10-02 00:00:00-04:00,32.60112361703843,32.60112361703843,31.77004051208496,31.77004051208496,3095900,0.0,0.0
2000-10-03 00:00:00-04:00,31.99670636556982,33.09222523759051,31.88337682708492,32.525577545166016,4093700,0.0,0.0
2000-10-04 00:00:00-04:00,32.525578236016706,34.338850890289415,32.525578236016706,33.58332061767578,5747000,0.0,0.0
2000-10-05 00:00:00-04:00,32.638906647438226,33.6966489924941,32.1100354749103,32.48780059814453,7223900,0.0,0.0
2000-10-06 00:00:00-04:00,30.976746231135127,31.241181869693598,30.29676887484192,30.86341667175293,9449800,0.0,0.0
2000-10-09 00:00:00-04:00,30.863411556590687,31.316729718988594,30.598975961858578,30.75008201599121,2754300,0.0,0.0
2000-10-10 00:00:00-04:00,30.90118868224571,31.127847767934554,30.372317482305075,30.63675308227539,3018200,0.0,0.0
2000-10-11 00:00:00-04:00,30.334528541808538,30.976729021523038,29.578998565673828,29.578998565673828,5142600,0.0,0.0
2000-10-12 00:00:00-04:00,22.514793546396344,22.968111537263386,20.965957077600624,21.079286575317383,66652300,0.0,0.0
2000-10-13 00:00:00-04:00,21.419275812355867,22.023699821170144,21.079287307397838,21.94814682006836,43718200,0.0,0.0
2000-10-16 00:00:00-04:00,22.32592332185204,22.77924156188965,22.28814680184891,22.77924156188965,16537300,0.0,0.0
2000-10-17 00:00:00-04:00,22.665913673482333,22.741466719060607,21.19262928470598,21.230405807495117,13126400,0.0,0.0
2000-10-18 00:00:00-04:00,21.30595128830165,22.0992579852065,21.00373921329028,22.061481475830078,13906400,0.0,0.0
2000-10-19 00:00:00-04:00,22.741471281329403,23.421448827947227,22.401482508020493,23.345895767211914,12302400,0.0,0.0
2000-10-20 00:00:00-04:00,23.345887995748626,24.554736565107778,23.119228888993785,23.83698272705078,9776600,0.0,0.0
2000-10-23 00:00:00-04:00,24.554734751696945,25.159158991738718,24.21474611667345,24.516958236694336,7514900,0.0,0.0
2000-10-24 00:00:00-04:00,24.970280920623974,24.970280920623974,23.421443526152594,23.723655700683594,11845200,0.0,0.0
2000-10-25 00:00:00-04:00,23.42143751510968,23.685873099957693,23.157001930261668,23.194778442382812,6196400,0.0,0.0
2000-10-26 00:00:00-04:00,23.270335336749476,23.72365355759524,23.23255881834566,23.534770965576172,6469300,0.0,0.0
2000-10-27 00:00:00-04:00,23.42143497769795,24.063635614183212,23.119222913469585,23.7992000579834,5017600,0.0,0.0
2000-10-30 00:00:00-05:00,24.02586605858257,25.42359726010388,24.02586605858257,24.743619918823242,8475400,0.0,0.0
2000-10-31 00:00:00-05:00,25.688026117724043,26.368003279663796,25.38581404575082,25.990238189697266,7567900,0.0,0.0
2000-11-01 00:00:00-05:00,25.990239872492797,26.783546612786907,25.72580429239476,26.6324405670166,6781100,0.0,0.0
2000-11-02 00:00:00-05:00,26.44356426439787,26.481340784775583,25.46137473457738,25.839139938354492,8273900,0.0,0.0
2000-11-03 00:00:00-05:00,25.68802920254794,25.763582229614258,24.668063337152656,24.932498931884766,5857800,0.0,0.0
2000-11-06 00:00:00-05:00,25.196934964040043,25.385817534984874,24.592510737016596,24.97027587890625,6531600,0.0,0.0
2000-11-07 00:00:00-05:00,25.385816038195102,25.4613690621183,24.743615334847906,25.0080509185791,3723100,0.0,0.0
2000-11-08 00:00:00-05:00,25.34804058074951,25.7258057160811,24.932498931884766,24.932498931884766,5220600,0.0,0.0
2000-11-09 00:00:00-05:00,24.176972860683374,24.25252590087301,23.345889418597384,23.459218978881836,7868600,0.0,0.0
2000-11-10 00:00:00-05:00,22.363695657664334,22.665907761146283,21.872600989506164,21.910377502441406,12460000,0.0,0.0
2000-11-13 00:00:00-05:00,21.45706133379984,23.081451540407926,21.419284817367092,22.590356826782227,16025400,0.0,0.0
2000-11-14 00:00:00-05:00,24.17696379398425,24.630281865121454,23.610316205062745,23.685869216918945,11823600,0.0,0.0
2000-11-15 00:00:00-05:00,24.176974612455638,24.403633749447412,23.157008495992667,23.950315475463867,10061600,0.0,0.0
2000-11-16 00:00:00-05:00,23.988081264343748,24.13918728805615,23.685869216918945,23.685869216918945,5515400,0.0,0.0
2000-11-17 00:00:00-05:00,23.799207659735195,24.025866780304103,23.157006818123296,23.459218978881836,7022900,0.0,0.0
2000-11-20 00:00:00-05:00,23.45921559655781,23.7236511990955,23.15700347937188,23.496992111206055,5796900,0.0,0.0
2000-11-21 00:00:00-05:00,23.572540731991037,24.025858822990866,22.590351534824745,23.11922264099121,7188100,0.0,0.0
2000-11-22 00:00:00-05:00,23.11922754560198,23.15700406119937,22.17481465566726,22.21259117126465,5832700,0.0,0.0
2000-11-24 00:00:00-05:00,23.270336964925132,23.270336964925132,22.590359586079916,22.665912628173828,3615300,0.0,0.0
2000-11-27 00:00:00-05:00,23.836985686517533,23.836985686517533,23.119231759348224,23.421443939208984,7418800,0.0,0.0
2000-11-28 00:00:00-05:00,23.596898806603598,24.504471837626813,23.445636634766398,23.937238693237305,7382700,0.04,0.0
2000-11-29 00:00:00-05:00,24.277584993839262,24.428847205638885,23.975060570240018,24.201953887939453,7667000,0.0,0.0
2000-11-30 00:00:00-05:00,24.050684185119337,24.201946349805624,23.445635526374197,23.710344314575195,7619600,0.0,0.0
2000-12-01 00:00:00-05:00,23.74816165881211,24.239763731367134,23.559083938598636,23.559083938598633,5532200,0.0,0.0
2000-12-04 00:00:00-05:00,23.596894293475003,24.76917590100341,23.445632150568112,24.655729293823242,8811100,0.0,0.0
2000-12-05 00:00:00-05:00,24.580110474066302,26.622150421142578,24.12632381916046,26.622150421142578,12795600,0.0,0.0
2000-12-06 00:00:00-05:00,27.680962508329905,27.718778030882266,26.773389967073186,27.264991760253906,18096600,0.0,0.0
2000-12-07 00:00:00-05:00,27.265009833642274,27.870058595553893,26.962485452686465,27.18937873840332,10976300,0.0,0.0
2000-12-08 00:00:00-05:00,27.794418599870472,28.701991452111137,27.378447709260165,28.588544845581055,10211000,0.0,0.0
2000-12-11 00:00:00-05:00,27.7944280566271,28.47510792740164,27.151563734228922,27.302825927734375,9399800,0.0,0.0
2000-12-12 00:00:00-05:00,26.92467700110541,27.52972592247857,26.84904588593377,27.227201461791992,6589300,0.0,0.0
2000-12-13 00:00:00-05:00,27.302825473980622,27.454087664972203,26.697776710014292,27.340641021728516,6351200,0.0,0.0
2000-12-14 00:00:00-05:00,27.00029526408921,27.189372962017007,26.470877709891383,26.5465087890625,5402100,0.0,0.0
2000-12-15 00:00:00-05:00,25.563303303611974,25.865827603063003,25.03388577957267,25.374225616455078,11467700,0.0,0.0
2000-12-18 00:00:00-05:00,26.206170927701525,27.000297319450056,26.16835538523731,26.697772979736328,7372200,0.0,0.0
2000-12-19 00:00:00-05:00,26.92468145376077,27.038128145279423,25.676767847055565,25.79021453857422,7366700,0.0,0.0
2000-12-20 00:00:00-05:00,24.958268139500024,25.41205483294548,24.315403657118964,24.88263702392578,7784300,0.0,0.0
2000-12-21 00:00:00-05:00,24.84480354876282,26.69776454402823,24.806988018247196,25.94145393371582,10168700,0.0,0.0
2000-12-22 00:00:00-05:00,25.941472749452334,26.77341502421611,24.20195708403716,25.185161590576172,10621200,0.0,0.0
2000-12-26 00:00:00-05:00,24.958263696064048,25.374234757665114,24.201952674971196,24.617923736572266,6407000,0.0,0.0
2000-12-27 00:00:00-05:00,24.6557358189633,26.130542102612946,24.58010472749409,25.865833282470703,7302000,0.0,0.0
2000-12-28 00:00:00-05:00,26.017087351626856,26.88684463227717,25.903640749802904,26.39524269104004,4983300,0.0,0.0
2000-12-29 00:00:00-05:00,26.4330625808027,28.399470669789455,26.39524704062988,27.643159866333008,7949100,0.0,0.0
2001-01-02 00:00:00-05:00,27.64316649888278,28.02132199134356,27.000302161699462,27.567535400390625,6497200,0.0,0.0
2001-01-03 00:00:00-05:00,27.567531284411075,31.16000792641252,27.265006935610952,31.1221923828125,17594900,0.0,0.0
2001-01-04 00:00:00-05:00,30.138986516027668,31.765054797319,30.025539891751528,31.273452758789062,15560100,0.0,0.0
2001-01-05 00:00:00-05:00,30.252448997305866,30.592789048525557,29.836477823592908,30.101186752319336,8803200,0.0,0.0
2001-01-08 00:00:00-05:00,29.949914774763474,29.949914774763474,28.43729281644209,28.85326385498047,7037800,0.0,0.0
2001-01-09 00:00:00-05:00,28.777626661253887,28.8910732840972,27.189373941447496,27.756607055664062,8026000,0.0,0.0
2001-01-10 00:00:00-05:00,27.718802827777285,28.777638406464547,27.22720059481534,28.702007293701172,7515900,0.0,0.0
2001-01-11 00:00:00-05:00,28.928905644993872,29.94992584422895,28.73982783032071,29.685216903686523,6131600,0.0,0.0
2001-01-12 00:00:00-05:00,29.685195481200864,30.40369065845286,29.685195481200864,29.723011016845703,8391900,0.0,0.0
2001-01-16 00:00:00-05:00,29.496125272472803,29.723018543799515,28.81544545849266,29.57175636291504,5983700,0.0,0.0
2001-01-17 00:00:00-05:00,28.966708550877325,29.42049510781013,27.870057704956384,28.05913543701172,8951500,0.0,0.0
2001-01-18 00:00:00-05:00,28.134754633499405,28.512909937713108,26.69776447748734,26.773395538330078,12073100,0.0,0.0
2001-01-19 00:00:00-05:00,25.26077606619858,26.01708672686321,24.806989669799805,24.806989669799805,34361100,0.0,0.0
2001-01-22 00:00:00-05:00,25.412052612304688,26.58433480126517,24.769188186100553,26.470888137817383,15010000,0.0,0.0
2001-01-23 00:00:00-05:00,26.395236830471617,27.151547341373384,25.865819472840382,27.075916290283203,8310800,0.0,0.0
2001-01-24 00:00:00-05:00,27.113729670044457,27.454069373015724,26.84902101217791,27.264991760253906,7287500,0.0,0.0
2001-01-25 00:00:00-05:00,27.454091253487963,27.870062333086263,26.735595752363622,27.832246780395508,9890400,0.0,0.0
2001-01-26 00:00:00-05:00,27.68096469900462,27.68096469900462,26.69776103483232,27.075916290283203,7185400,0.0,0.0
2001-01-29 00:00:00-05:00,27.408700590369072,27.814084344759713,26.92466218130929,27.52971076965332,5499900,0.0,0.0
2001-01-30 00:00:00-05:00,27.68098456963249,28.068215459893313,27.48736912450208,27.832246780395508,9632700,0.0,0.0
2001-01-31 00:00:00-05:00,28.225529622852438,29.647393489419873,27.98955863384485,29.163354873657227,14702100,0.0,0.0
2001-02-01 00:00:00-05:00,28.751921148310505,29.58688919361386,28.473599235902103,29.435626983642578,8844000,0.0,0.0
2001-02-02 00:00:00-05:00,29.43562422679322,29.43562422679322,28.177121649822098,28.370737075805664,5833100,0.0,0.0
2001-02-05 00:00:00-05:00,28.358630378725593,28.38283287934649,27.89274262812198,28.201318740844727,4199700,0.0,0.0
2001-02-06 00:00:00-05:00,28.503846371180657,28.679311058860513,27.566021290386388,27.62047576904297,4063200,0.0,0.0
2001-02-07 00:00:00-05:00,27.77173469901812,28.286025142005403,27.269543198245426,27.699127197265625,5983400,0.0,0.0
2001-02-08 00:00:00-05:00,27.832237529283372,27.983499689768607,26.368020923663444,26.616090774536133,7761100,0.0,0.0
2001-02-09 00:00:00-05:00,26.924656445430255,27.680967019740095,26.65238417706337,26.88230323791504,5922700,0.0,0.0
2001-02-12 00:00:00-05:00,26.96702211043684,27.765686261207033,26.888365128111328,27.66887855529785,5510200,0.0,0.0
2001-02-13 00:00:00-05:00,27.826194298705392,28.2194746193174,27.136436753423045,28.01980972290039,6083500,0.0,0.0
2001-02-14 00:00:00-05:00,28.286025943278155,28.35863113900988,27.311897193907075,27.662826538085938,6110300,0.0,0.0
2001-02-15 00:00:00-05:00,27.469211399769748,27.469211399769748,26.622142312063954,26.991222381591797,6318000,0.0,0.0
2001-02-16 00:00:00-05:00,27.22718904184741,27.22718904184741,25.714567428411442,26.017091751098633,7435300,0.0,0.0
2001-02-20 00:00:00-05:00,26.91257007019232,27.59022407295974,26.501136705778322,26.67660140991211,8286100,0.0,0.0
2001-02-21 00:00:00-05:00,26.10785446019135,26.31357112731322,24.68598851423559,24.77674674987793,8240700,0.0,0.0
2001-02-22 00:00:00-05:00,25.10952715873718,25.10952715873718,24.141449926450875,24.201953887939453,12723600,0.0,0.0
2001-02-23 00:00:00-05:00,24.171700638697278,24.85540644641351,23.972033421722514,24.2080020904541,10725900,0.0,0.0
2001-02-26 00:00:00-05:00,24.80700374058315,26.543493356162053,24.80700374058315,26.470888137817383,10543400,0.0,0.0
2001-02-27 00:00:00-05:00,26.924681643830084,27.203003641715018,26.349884607795467,26.985185623168945,8935800,0.0,0.0
2001-02-28 00:00:00-05:00,26.985188420389107,27.184855727446333,25.533071993023796,25.71458625793457,7979800,0.0,0.0
2001-03-01 00:00:00-05:00,25.65406663676882,25.70852111386123,24.655735326100544,25.109521865844727,7726600,0.0,0.0
2001-03-02 00:00:00-05:00,24.53472186835575,25.65406323619717,24.395560958249984,25.1397705078125,6377600,0.0,0.0
2001-03-05 00:00:00-05:00,25.291038498753736,25.381796738828335,24.83725191453658,25.067171096801758,4188300,0.0,0.0
2001-03-06 00:00:00-05:00,25.43660288670017,25.64857365329944,24.909702473790503,25.04899787902832,6202900,0.04,0.0
2001-03-07 00:00:00-05:00,25.10349837571892,26.58730028261662,25.079272491533516,26.46617317199707,8762300,0.0,0.0
2001-03-08 00:00:00-05:00,26.587307937297272,27.55632048062455,26.526743209396727,27.083927154541016,8456500,0.0,0.0
2001-03-09 00:00:00-05:00,27.241401442341367,27.301966193843775,26.405626354080486,26.962810516357422,7067500,0.0,0.0
2001-03-12 00:00:00-05:00,26.37533879974271,26.6357613928929,25.19435299760022,25.472946166992188,8396100,0.0,0.0
2001-03-13 00:00:00-05:00,25.472946749935936,25.921114262142385,24.988438084414263,25.860551834106445,10060000,0.0,0.0
2001-03-14 00:00:00-05:00,25.01266034617576,25.921110496596008,24.528154061346605,25.206462860107422,7025300,0.0,0.0
2001-03-15 00:00:00-05:00,26.193643710019078,26.49646040030832,25.78787045397934,26.163362503051758,7711500,0.0,0.0
2001-03-16 00:00:00-05:00,25.76969317964311,26.526734708482845,25.376032970830888,25.594058990478516,9820300,0.0,0.0
2001-03-19 00:00:00-05:00,25.442667976348073,26.10280873056104,24.830979021857768,25.739429473876953,8090000,0.0,0.0
2001-03-20 00:00:00-05:00,26.04225275010569,26.732674895226406,25.40633773803711,25.40633773803711,8313400,0.0,0.0
2001-03-21 00:00:00-05:00,25.406324586685162,26.04223926957831,24.994493641318325,25.1337890625,7536100,0.0,0.0
2001-03-22 00:00:00-05:00,25.012661984291803,25.049000824399453,23.08069203624815,24.685619354248047,14021200,0.0,0.0
2001-03-23 00:00:00-05:00,24.588719620392688,24.588719620392688,23.20182063615469,24.025480270385742,10532600,0.0,0.0
2001-03-26 00:00:00-05:00,25.19435424625377,25.442663904318703,24.830975047727538,25.042945861816406,8100700,0.0,0.0
2001-03-27 00:00:00-05:00,25.406331255569746,26.472245428463463,25.19435809875916,26.320837020874023,8471200,0.0,0.0
2001-03-28 00:00:00-05:00,26.278429330015044,26.314768160849596,25.26702279668484,26.181528091430664,8035200,0.0,0.0
2001-03-29 00:00:00-05:00,26.284502254394248,26.720556926651216,25.588022608385554,25.836332321166992,7181800,0.0,0.0
2001-03-30 00:00:00-05:00,26.34505659470902,26.49646496594298,25.842379693264242,26.102802276611328,7060200,0.0,0.0
2001-04-02 00:00:00-04:00,26.10279118778223,26.357158344756943,25.49715796012782,25.76969337463379,7320100,0.0,0.0
2001-04-03 00:00:00-04:00,26.13309195104191,26.22393560898256,25.012668353968966,25.799991607666016,7647300,0.0,0.0
2001-04-04 00:00:00-04:00,25.436617451058922,26.042251199893656,25.31549023923009,25.61830711364746,7249300,0.0,0.0
2001-04-05 00:00:00-04:00,26.10278942805974,26.647860220325672,25.939270500687226,26.623634338378906,6122500,0.0,0.0
2001-04-06 00:00:00-04:00,26.133078227771605,26.702372706963015,25.618288528537114,26.514625549316406,6806900,0.0,0.0
2001-04-09 00:00:00-04:00,26.223929331773775,26.254210543838926,25.29125321419337,25.55167579650879,6231900,0.0,0.0
2001-04-10 00:00:00-04:00,26.096745853073728,26.27843542879806,25.739422019682276,26.048294067382812,5711500,0.0,0.0
2001-04-11 00:00:00-04:00,25.46688700970038,25.73942253388554,24.273790642080534,25.1337890625,11755200,0.0,0.0
2001-04-12 00:00:00-04:00,24.92181744488506,25.224634170532227,24.255619262276333,25.224634170532227,6806100,0.0,0.0
2001-04-16 00:00:00-04:00,24.709845170468448,25.376043375177556,24.528155591114455,25.1337890625,5037600,0.0,0.0
2001-04-17 00:00:00-04:00,25.13378196151534,25.618288139675784,24.673501669839844,25.382091522216797,5187700,0.0,0.0
2001-04-18 00:00:00-04:00,25.89082814977232,27.871249667939246,25.75153274339648,27.622940063476562,14545300,0.0,0.0
2001-04-19 00:00:00-04:00,27.253507484852967,27.913648091898413,26.84773414902655,27.9075927734375,7419700,0.0,0.0
2001-04-20 00:00:00-04:00,27.76224812385188,28.010557841493835,27.42915006023108,27.986331939697266,5638400,0.0,0.0
2001-04-23 00:00:00-04:00,27.986325594636412,28.91294649064388,27.744073562521564,27.974212646484375,6682900,0.0,0.0
2001-04-24 00:00:00-04:00,27.556330778988798,27.82280875041503,27.192951517015842,27.265626907348633,6692400,0.0,0.0
2001-04-25 00:00:00-04:00,27.586609258519548,28.004497909613345,27.441258492293787,27.871257781982422,4606800,0.0,0.0
2001-04-26 00:00:00-04:00,28.161964568316996,28.707035774408027,27.949993716119938,28.64647102355957,4794700,0.0,0.0
2001-04-27 00:00:00-04:00,29.05829843434693,29.31266573530866,28.77364991692299,29.13097381591797,7059000,0.0,0.0
2001-04-30 00:00:00-04:00,29.130970725466767,29.373225052081555,28.440548898015653,28.52533721923828,6381300,0.0,0.0
2001-05-01 00:00:00-04:00,28.47082561338171,30.13026217482205,28.313361943174492,29.82139015197754,7525100,0.0,0.0
2001-05-02 00:00:00-04:00,29.494347728200513,30.130262350932437,29.373220583321068,29.54885482788086,7186700,0.0,0.0
2001-05-03 00:00:00-04:00,29.39744112371383,29.506455303232784,29.009836178894304,29.379270553588867,5144400,0.0,0.0
2001-05-04 00:00:00-04:00,28.91900319437625,30.12421502466725,28.83421486356046,30.033369064331055,5701500,0.0,0.0
2001-05-07 00:00:00-04:00,30.033357904098686,30.402794617065727,29.554907003360785,29.730541229248047,4870800,0.0,0.0
2001-05-08 00:00:00-04:00,29.972815099962595,30.396756873828608,29.318729545467498,30.287742614746094,6602000,0.0,0.0
2001-05-09 00:00:00-04:00,29.74265192208795,30.03941094720578,29.082511528471038,29.379270553588867,6166200,0.0,0.0
2001-05-10 00:00:00-04:00,29.98490965680921,30.433079404879344,29.663924682981733,29.82744598388672,6788400,0.0,0.0
2001-05-11 00:00:00-04:00,29.79716302483146,30.34223168552658,29.736598300104433,30.208993911743164,4914500,0.0,0.0
2001-05-14 00:00:00-04:00,30.209007588471145,30.209007588471145,29.312670049478378,29.766895294189453,5068600,0.0,0.0
2001-05-15 00:00:00-04:00,30.433079595678624,30.790403408716827,29.972799209374102,30.342233657836914,11519500,0.0,0.0
2001-05-16 00:00:00-04:00,30.281670442628545,31.093219302903314,29.924346638993203,31.01448631286621,10689200,0.0,0.0
2001-05-17 00:00:00-04:00,31.18406695636552,31.916882866975914,31.099276333796013,31.492938995361328,6027400,0.0,0.0
2001-05-18 00:00:00-04:00,31.45054919105263,31.916887283325195,31.129564161560673,31.916887283325195,5857900,0.0,0.0
2001-05-21 00:00:00-04:00,31.916900385289154,32.54070243386344,31.420280874913793,32.328731536865234,6873300,0.0,0.0
2001-05-22 00:00:00-04:00,32.03803740685382,32.46197933058884,31.49296591875134,32.09254455566406,5401600,0.0,0.0
2001-05-23 00:00:00-04:00,32.00773416856196,32.219707310327934,31.311256929267795,31.868438720703125,4794300,0.0,0.0
2001-05-24 00:00:00-04:00,31.795756757777145,32.37110900878906,31.371812872278454,32.37110900878906,5039200,0.0,0.0
2001-05-25 00:00:00-04:00,32.068291248166574,32.21969960881863,31.66251564025879,31.66251564025879,3354500,0.0,0.0
2001-05-29 00:00:00-04:00,31.583779375280592,31.710961821281174,30.39673628168502,30.60870933532715,7858700,0.0,0.0
2001-05-30 00:00:00-04:00,31.03872256216701,31.39604648505114,29.978863742971065,30.275625228881836,7964800,0.0,0.0
2001-05-31 00:00:00-04:00,30.34223473918591,30.493643100779266,29.312659728597666,29.851673126220703,8098300,0.0,0.0
2001-06-01 00:00:00-04:00,29.67604572928519,29.85168002378976,29.433791370636897,29.83350944519043,5124600,0.0,0.0
2001-06-04 00:00:00-04:00,29.978864250183104,30.311962279790023,29.59125910225441,30.281681060791016,4721900,0.0,0.0
2001-06-05 00:00:00-04:00,30.493642807006836,30.826743047549776,29.97885530667212,30.493642807006836,7372100,0.0,0.0
2001-06-06 00:00:00-04:00,30.25139116042557,30.427025414649812,29.966742700842023,29.98491096496582,4114200,0.0,0.0
2001-06-07 00:00:00-04:00,29.88801924495077,30.82675323629959,29.70632961479935,30.711681365966797,5732200,0.0,0.0
2001-06-08 00:00:00-04:00,30.717721040133885,31.002367113868235,30.493635060637676,30.766170501708984,3235400,0.0,0.0
2001-06-11 00:00:00-04:00,30.766185288054896,30.947874899320606,30.614776893615346,30.723791122436523,3974500,0.0,0.0
2001-06-12 00:00:00-04:00,30.778335631923653,31.038963714489217,29.899475966482736,30.97835350036621,4186000,0.04,0.0
2001-06-13 00:00:00-04:00,30.97836292713423,31.18444095484639,30.5783293806497,30.614694595336914,3952400,0.0,0.0
2001-06-14 00:00:00-04:00,30.341938570742617,30.66923698089622,29.796437366933976,30.008575439453125,3411400,0.0,0.0
2001-06-15 00:00:00-04:00,29.6691524575909,29.935840631921696,29.15395639828161,29.63884735107422,7731100,0.0,0.0
2001-06-18 00:00:00-04:00,29.94190648758436,30.42679518406866,29.69946098327637,29.699460983276367,4486800,0.0,0.0
2001-06-19 00:00:00-04:00,30.244961743850943,30.360122084942663,29.729765633202245,29.996456146240234,3572300,0.0,0.0
2001-06-20 00:00:00-04:00,29.996450852482248,30.8510677385291,29.166076662507344,29.84492301940918,7581600,0.0,0.0
2001-06-21 00:00:00-04:00,30.14798335268992,30.978355359081416,29.850987736551804,30.778337478637695,6567200,0.0,0.0
2001-06-22 00:00:00-04:00,30.790466269666588,30.935934058967344,30.1722322113695,30.735916137695312,5113500,0.0,0.0
2001-06-25 00:00:00-04:00,30.15404456975509,30.275267321909084,29.117594547495212,29.699460983276367,7937800,0.0,0.0
2001-06-26 00:00:00-04:00,29.153957594057854,29.366097972638606,28.244790488478525,28.578153610229492,9434900,0.0,0.0
2001-06-27 00:00:00-04:00,28.42661821812548,29.244867471224477,28.305395507113914,28.396310806274414,5776800,0.0,0.0
2001-06-28 00:00:00-04:00,28.60845493539416,29.420644201476378,28.40237699289177,28.487232208251953,7310500,0.0,0.0
2001-06-29 00:00:00-04:00,28.638760062333635,28.935755628465937,28.214481673058007,28.632699966430664,7624000,0.0,0.0
2001-07-02 00:00:00-04:00,28.481170105670614,29.2448693022359,28.30539727930531,28.911508560180664,4711300,0.0,0.0
2001-07-03 00:00:00-04:00,29.123659656008428,29.202454805286713,28.69938110652885,29.026681900024414,2435000,0.0,0.0
2001-07-05 00:00:00-04:00,28.578157911827265,28.723623375821838,28.038716739129452,28.28116226196289,6393100,0.0,0.0
2001-07-06 00:00:00-04:00,28.275101842768454,28.275101842768454,27.19016172423261,27.49321746826172,6077400,0.0,0.0
2001-07-09 00:00:00-04:00,27.547752822806256,27.947786097930514,27.275002337010037,27.87505340576172,4042700,0.0,0.0
2001-07-10 00:00:00-04:00,28.487241744995117,28.62664711863181,27.250773676045355,27.2750186920166,6766600,0.0,0.0
2001-07-11 00:00:00-04:00,27.547770518963386,27.911436525549984,27.03257431214494,27.705358505249023,5902300,0.0,0.0
2001-07-12 00:00:00-04:00,27.70535005550361,29.17214076726729,27.662922444746073,29.093345642089844,6943400,0.0,0.0
2001-07-13 00:00:00-04:00,29.093349243832233,29.69946068641207,28.626643155589957,29.517627716064453,5827400,0.0,0.0
2001-07-16 00:00:00-04:00,29.63885036239845,29.990393795545543,29.172144275803383,29.76007080078125,4835000,0.0,0.0
2001-07-17 00:00:00-04:00,29.760059545648073,30.24495036432215,29.426698841907726,30.01462745666504,4311200,0.0,0.0
2001-07-18 00:00:00-04:00,29.69945528232129,30.24495640623683,29.37821701608838,29.84492301940918,5055400,0.0,0.0
2001-07-19 00:00:00-04:00,29.99645409912688,30.287387292660366,29.54793064734724,30.18434715270996,4354400,0.0,0.0
2001-07-20 00:00:00-04:00,30.18434531778509,30.366178263673348,29.760066902624924,29.94190216064453,4102500,0.0,0.0
2001-07-23 00:00:00-04:00,30.093442009531074,30.232847400745413,29.07517433166504,29.07517433166504,3717500,0.0,0.0
2001-07-24 00:00:00-04:00,29.335791784274583,29.335791784274583,28.220546750026177,28.57209014892578,4062200,0.0,0.0
2001-07-25 00:00:00-04:00,28.850913493989783,29.881303757089228,28.39632975839877,29.826753616333008,5720200,0.0,0.0
2001-07-26 00:00:00-04:00,29.699461965849906,30.07525042904132,29.517628987669017,30.002517700195312,6060400,0.0,0.0
2001-07-27 00:00:00-04:00,30.057069672100273,30.12374230769489,29.34185791011932,30.09343719482422,3601600,0.0,0.0
2001-07-30 00:00:00-04:00,30.093438009484792,30.275271003763127,29.614609351917345,30.032825469970703,4135400,0.0,0.0
2001-07-31 00:00:00-04:00,30.24496014348869,30.851071550675787,29.869169406297992,30.529830932617188,7001100,0.0,0.0
2001-08-01 00:00:00-04:00,30.529835644766287,30.729853549833066,29.996459188851976,30.172229766845703,4751900,0.0,0.0
2001-08-02 00:00:00-04:00,30.390430277052417,30.48740802468519,29.911601636557897,30.172229766845703,4275400,0.0,0.0
2001-08-03 00:00:00-04:00,30.275286046435177,30.275286046435177,29.45703369742535,29.778274536132812,3937400,0.0,0.0
2001-08-06 00:00:00-04:00,29.972195575425836,30.093418262778112,29.069088982388344,29.263044357299805,4571800,0.0,0.0
2001-08-07 00:00:00-04:00,29.547939263465224,29.996462846033413,29.32367862824721,29.69340705871582,4658200,0.0,0.0
2001-08-08 00:00:00-04:00,29.69339669975071,29.972207371904094,28.941817592064027,29.020612716674805,5792900,0.0,0.0
2001-08-09 00:00:00-04:00,29.335789639092567,29.54792768221494,29.06303907498433,29.38427734375,6216500,0.0,0.0
2001-08-10 00:00:00-04:00,29.608531514401825,29.626716422846805,28.681182108284514,29.372148513793945,3746500,0.0,0.0
2001-08-13 00:00:00-04:00,29.372163605395716,29.481263863598947,28.729686876123314,29.153963088989258,5452200,0.0,0.0
2001-08-14 00:00:00-04:00,29.699455589301483,30.275261823357052,29.699455589301483,29.881288528442383,6750600,0.0,0.0
2001-08-15 00:00:00-04:00,30.002487560356396,30.17219786122043,29.669127049889436,29.814592361450195,6004400,0.0,0.0
2001-08-16 00:00:00-04:00,29.547923243687055,30.287379703718653,29.547923243687055,30.238889694213867,5875600,0.0,0.0
2001-08-17 00:00:00-04:00,30.208595551623954,30.208595551623954,29.63885160607023,29.8388671875,4452300,0.0,0.0
2001-08-20 00:00:00-04:00,29.71158100223448,30.305569894715116,29.632785873111402,30.18434715270996,5670100,0.0,0.0
2001-08-21 00:00:00-04:00,30.281330882334657,30.281330882334657,29.15396308898926,29.153963088989258,5261900,0.0,0.0
2001-08-22 00:00:00-04:00,29.172142845181043,29.69945912510755,28.881209645492916,29.60854148864746,5007100,0.0,0.0
2001-08-23 00:00:00-04:00,29.51762258261409,29.602477799876915,28.820593620015877,29.087284088134766,4275500,0.0,0.0
2001-08-24 00:00:00-04:00,29.25092845269672,30.275257964046908,29.032730340821,30.269195556640625,6012100,0.0,0.0
2001-08-27 00:00:00-04:00,29.96615541759592,30.051012980235864,29.305493708758284,29.69340705871582,5885100,0.0,0.0
2001-08-28 00:00:00-04:00,29.45074269435404,29.6933862000416,29.0261177164108,29.05644989013672,5532800,0.04,0.0
2001-08-29 00:00:00-04:00,28.904806630496132,28.965466367437486,28.267867822508748,28.51051139831543,6540600,0.0,0.0
2001-08-30 00:00:00-04:00,28.207208579022762,28.607568866293224,27.461082694292383,27.794715881347656,8332600,0.0,0.0
2001-08-31 00:00:00-04:00,27.812920771733324,28.58937904696023,27.806855721920723,27.87358283996582,5730000,0.0,0.0
2001-09-04 00:00:00-04:00,27.794722265096993,29.117125220656852,27.78865721551202,28.401329040527344,6475000,0.0,0.0
2001-09-05 00:00:00-04:00,28.401315042653305,28.401315042653305,27.175969682525245,27.8978328704834,6845700,0.0,0.0
2001-09-06 00:00:00-04:00,27.455025604563787,28.055567417176615,26.326738783024076,26.417728424072266,7881900,0.0,0.0
2001-09-07 00:00:00-04:00,25.598806020096095,26.381329304582184,24.264270670418824,24.840547561645508,19099700,0.0,0.0
2001-09-10 00:00:00-04:00,24.312787398590682,25.05284568711277,24.30065499202213,24.597890853881836,11048500,0.0,0.0
2001-09-17 00:00:00-04:00,21.534534759215152,22.596096331852518,21.231231452747334,21.95915985107422,25283900,0.0,0.0
2001-09-18 00:00:00-04:00,22.438373402504375,23.160234238485565,21.38287717079832,22.256389617919922,17420200,0.0,0.0
2001-09-19 00:00:00-04:00,22.62643102939192,22.85694223943671,20.636761654747207,21.413217544555664,15368500,0.0,0.0
2001-09-20 00:00:00-04:00,20.200009073939057,21.049259649741135,19.654064258656284,19.896705627441406,15620100,0.0,0.0
2001-09-21 00:00:00-04:00,18.683481518137878,20.33345209590239,18.380178239226485,20.08474349975586,18367700,0.0,0.0
2001-09-24 00:00:00-04:00,20.090806380397513,22.15326938016917,20.078673972867076,21.84389877319336,12591500,0.0,0.0
2001-09-25 00:00:00-04:00,22.286729576811485,22.590032905045593,21.45567679135508,22.019821166992188,11481000,0.0,0.0
2001-09-26 00:00:00-04:00,22.5657689676542,22.65675858127738,21.56486701965332,21.56486701965332,8373400,0.0,0.0
2001-09-27 00:00:00-04:00,21.898501831621584,22.505108556198593,21.534538722483784,22.3837890625,7937500,0.0,0.0
2001-09-28 00:00:00-04:00,22.596100461153863,23.536340420223176,22.050153484135027,23.27549934387207,9380100,0.0,0.0
2001-10-01 00:00:00-04:00,23.123839783952132,23.275491413227304,22.505100858827017,22.941858291625977,8279300,0.0,0.0
2001-10-02 00:00:00-04:00,23.202697838458654,23.876031400876744,22.99645154288933,23.6879825592041,6284500,0.0,0.0
2001-10-03 00:00:00-04:00,23.56667206852233,24.919407200791774,23.427152789225463,24.76775550842285,8645800,0.0,0.0
2001-10-04 00:00:00-04:00,24.749555980067818,24.84054792201039,23.772918701171875,23.772918701171875,8620400,0.0,0.0
2001-10-05 00:00:00-04:00,23.778992796143676,23.967039468826194,22.990404227485264,23.90637969970703,6713400,0.0,0.0
2001-10-08 00:00:00-04:00,23.90637089197805,23.90637089197805,23.142047438172696,23.27549934387207,5532700,0.0,0.0
2001-10-09 00:00:00-04:00,23.778982830448783,23.778982830448783,22.778080861304367,22.990394592285156,8105400,0.0,0.0
2001-10-10 00:00:00-04:00,23.154174928397964,24.440182704080307,22.996458216145996,24.391653060913086,7337700,0.0,0.0
2001-10-11 00:00:00-04:00,24.870875502261114,26.156881099818005,24.870875502261114,26.14474868774414,12261600,0.0,0.0
2001-10-12 00:00:00-04:00,25.707984547487094,25.720116955372237,24.379514809316444,25.28335952758789,9989600,0.0,0.0
2001-10-15 00:00:00-04:00,24.719226063006957,25.010397037109524,24.264270982092718,24.84661293029785,6194600,0.0,0.0
2001-10-16 00:00:00-04:00,24.998254912589516,25.356152863099688,24.506905097055764,25.246963500976562,4728200,0.0,0.0
2001-10-17 00:00:00-04:00,25.4774859872726,25.78078939188299,24.506916018127896,24.573640823364258,6201900,0.0,0.0
2001-10-18 00:00:00-04:00,24.44625443245042,25.350099614240907,24.14295102183932,24.68889808654785,7382200,0.0,0.0
2001-10-19 00:00:00-04:00,24.93152764653115,25.00432209677799,24.264261384077145,24.512969970703125,7786800,0.0,0.0
2001-10-22 00:00:00-04:00,24.361325069267785,24.731355527875564,23.524207172255185,24.233938217163086,8669800,0.0,0.0
2001-10-23 00:00:00-04:00,24.77381217877014,24.88906659294071,24.233932706782102,24.476573944091797,7189900,0.0,0.0
2001-10-24 00:00:00-04:00,24.47050842468505,24.749546883518907,24.173270195739175,24.385583877563477,5536400,0.0,0.0
2001-10-25 00:00:00-04:00,24.08229532616605,24.537250518798828,23.506018286026844,24.537250518798828,8327300,0.0,0.0
2001-10-26 00:00:00-04:00,24.385590848971994,24.65249697537502,24.070155073756954,24.440185546875,5901300,0.0,0.0
2001-10-29 00:00:00-05:00,24.112609110765593,24.32492046663594,23.366483370680935,23.427143096923828,5679200,0.0,0.0
2001-10-30 00:00:00-05:00,23.202705919091485,23.251235565077128,22.535439484935118,22.80841064453125,8989900,0.0,0.0
2001-10-31 00:00:00-05:00,23.04499032893436,23.66372714747823,22.65676008405407,23.190574645996094,9468300,0.0,0.0
2001-11-01 00:00:00-05:00,23.190563524120257,23.621253533737956,22.7295436558289,23.29368782043457,7256600,0.0,0.0
2001-11-02 00:00:00-05:00,23.536326354574822,24.822331192547338,23.29368519847754,24.4583683013916,11010100,0.0,0.0
2001-11-05 00:00:00-05:00,24.9618646480937,25.568471299915945,24.87693777306117,25.204505920410156,8191800,0.0,0.0
2001-11-06 00:00:00-05:00,25.20450858968666,25.90210723876953,24.992197164672387,25.90210723876953,7596400,0.0,0.0
2001-11-07 00:00:00-05:00,25.750462250314136,26.053765687151706,25.29550709505778,25.447158813476562,5923000,0.0,0.0
2001-11-08 00:00:00-05:00,25.8960361836316,26.44804812398663,25.168110079354683,25.410751342773438,7273600,0.0,0.0
2001-11-09 00:00:00-05:00,25.410746722488238,25.65945530283313,24.9921890572308,25.544200897216797,3969500,0.0,0.0
2001-11-12 00:00:00-05:00,24.567563443695782,25.234829673348585,24.264260191304476,24.94365882873535,6561800,0.0,0.0
2001-11-13 00:00:00-05:00,26.084086244756524,27.072855743355664,25.75045304629053,26.690692901611328,11132500,0.0,0.0
2001-11-14 00:00:00-05:00,27.29729500581611,28.098015474198423,26.690688450131308,28.043420791625977,12221500,0.0,0.0
2001-11-15 00:00:00-05:00,27.74010404431456,28.352777663918165,27.552055270313794,28.201126098632812,7493400,0.0,0.0
2001-11-16 00:00:00-05:00,28.201151037388616,28.207216087194986,27.327635767908305,27.782590866088867,9341800,0.0,0.0
2001-11-19 00:00:00-05:00,27.90391322945449,28.650039327255165,27.721931649457964,28.552982330322266,8395600,0.0,0.0
2001-11-20 00:00:00-05:00,28.21327677199931,28.358863399062102,27.843248626505712,28.013097763061523,5799600,0.0,0.0
2001-11-21 00:00:00-05:00,27.752257512374943,28.16475026817236,27.661265578529246,28.13442039489746,4381100,0.0,0.0
2001-11-23 00:00:00-05:00,27.812923703084916,28.304276094458555,27.80685865263309,28.255748748779297,2671900,0.0,0.0
2001-11-26 00:00:00-05:00,27.903904743188836,27.97669689024529,27.17597633056239,27.612733840942383,7722300,0.0,0.0
2001-11-27 00:00:00-05:00,27.20586482533407,27.327320044400086,26.058117754119767,26.3253173828125,12722800,0.05,0.0
2001-11-28 00:00:00-05:00,25.990937176202525,26.91505966522088,25.930140590036505,26.629310607910156,10684400,0.05,0.0
2001-11-29 00:00:00-05:00,26.896818691197304,27.048812461940585,26.477314399631677,26.763063430786133,7297700,0.0,0.0
2001-11-30 00:00:00-05:00,27.358879715444036,28.574829925019326,27.358879715444036,28.36203956604004,14775400,0.0,0.0
2001-12-03 00:00:00-05:00,28.368102439452638,28.514017403504322,28.118832878595757,28.203948974609375,9213300,0.0,0.0
2001-12-04 00:00:00-05:00,28.696428219841014,29.298322333744604,28.52619359674687,29.000415802001953,10860900,0.0,0.0
2001-12-05 00:00:00-05:00,29.146317134529315,30.641937215985084,29.06728206395618,30.337949752807617,14671400,0.0,0.0
2001-12-06 00:00:00-05:00,29.851570754693125,30.192037580294613,29.584062596946563,29.88197135925293,7409000,0.0,0.0
2001-12-07 00:00:00-05:00,29.705638249686555,30.18593872288394,29.547563560645887,30.040023803710938,4819800,0.0,0.0
2001-12-10 00:00:00-05:00,29.973176095381643,29.97925714599433,29.18280882034554,29.34088134765625,5626600,0.0,0.0
2001-12-11 00:00:00-05:00,29.182804550726168,29.334798324427865,28.787619811405378,29.164566040039062,5020400,0.0,0.0
2001-12-12 00:00:00-05:00,29.152403115690056,29.72997985731191,29.01864786710123,29.395591735839844,6814400,0.0,0.0
2001-12-13 00:00:00-05:00,29.03079895178477,29.395582932383455,28.666014971186087,29.18279266357422,6056100,0.0,0.0
2001-12-14 00:00:00-05:00,29.182790776076054,30.459536944833445,28.93959992524615,30.283226013183594,9046900,0.0,0.0
2001-12-17 00:00:00-05:00,30.28324158924501,30.690583806774082,29.888056833194714,30.39875602722168,7298000,0.0,0.0
2001-12-18 00:00:00-05:00,30.641940101983074,31.037122449789692,30.386589402858956,30.49602508544922,6992000,0.0,0.0
2001-12-19 00:00:00-05:00,30.429144981365567,30.763530731201172,30.192035128195602,30.763530731201172,6364800,0.0,0.0
2001-12-20 00:00:00-05:00,30.672339181811118,30.982405411021407,30.4291482543689,30.587223052978516,4591100,0.0,0.0
2001-12-21 00:00:00-05:00,30.915539432318994,31.310724258422848,30.36836311837686,31.31072425842285,10996500,0.0,0.0
2001-12-24 00:00:00-05:00,31.219513378533637,31.371507119070294,31.14655703246336,31.201274871826172,2519700,0.0,0.0
2001-12-26 00:00:00-05:00,31.24382923107643,31.639013837336424,31.24382923107643,31.383663177490234,3828900,0.0,0.0
2001-12-27 00:00:00-05:00,31.31070074151517,31.572130078876704,30.891198983982328,31.274221420288086,4287400,0.0,0.0
2001-12-28 00:00:00-05:00,31.578232523956242,31.60863314076534,31.17089023421848,31.31072425842285,3679900,0.0,0.0
2001-12-31 00:00:00-05:00,31.018881264760715,31.225592834115854,31.0067214878292,31.012800216674805,3972200,0.0,0.0
2002-01-02 00:00:00-05:00,31.012798508219724,31.012798508219724,30.033960871178895,30.635854721069336,7291300,0.0,0.0
2002-01-03 00:00:00-05:00,30.48994087727191,30.635853548345878,30.094756281236407,30.429141998291016,5186600,0.0,0.0
2002-01-04 00:00:00-05:00,30.696667502574833,30.988495307280587,30.459555236962757,30.976335525512695,5523200,0.0,0.0
2002-01-07 00:00:00-05:00,31.0675162804794,31.341105447726243,30.720970775046794,30.757450103759766,6288800,0.0,0.0
2002-01-08 00:00:00-05:00,31.067523956298828,31.183040699477075,30.76961748221342,31.067523956298828,5172400,0.0,0.0
2002-01-09 00:00:00-05:00,31.249895750279943,31.40188940214076,30.435209683536392,30.55680274963379,6352600,0.0,0.0
2002-01-10 00:00:00-05:00,30.55681905694608,31.06751809251366,30.24675286214162,30.581138610839844,6625400,0.0,0.0
2002-01-11 00:00:00-05:00,30.733138868765778,31.091844247514484,30.61154339272132,30.678421020507812,6278400,0.0,0.0
2002-01-14 00:00:00-05:00,30.678406143725486,30.73312396544931,30.040033103107305,30.11298942565918,7568100,0.0,0.0
2002-01-15 00:00:00-05:00,30.113006930526808,30.502110635977978,29.88197805494082,30.21636390686035,6201800,0.0,0.0
2002-01-16 00:00:00-05:00,30.185962086089855,30.36835413679393,29.845495223999027,29.845495223999023,4163900,0.0,0.0
2002-01-17 00:00:00-05:00,29.760369232222125,29.815087061235925,29.03079895178477,29.18279266357422,8933200,0.0,0.0
2002-01-18 00:00:00-05:00,29.182792742227768,29.79076759102418,29.030799030028664,29.486780166625977,5394500,0.0,0.0
2002-01-22 00:00:00-05:00,29.76036931243236,30.08867628740002,29.371265780281053,29.486780166625977,4901000,0.0,0.0
2002-01-23 00:00:00-05:00,29.577984542580992,29.79077486391272,29.334793615995686,29.498947143554688,4568300,0.0,0.0
2002-01-24 00:00:00-05:00,29.608392948569016,29.930619065075067,29.122013248397234,29.17673110961914,6254900,0.0,0.0
2002-01-25 00:00:00-05:00,28.878807006998265,28.884885735376187,28.520101732457523,28.574819564819336,7529800,0.0,0.0
2002-01-28 00:00:00-05:00,28.87880339488909,29.109834471435356,28.69641141624302,29.061195373535156,4683700,0.0,0.0
2002-01-29 00:00:00-05:00,29.164555944803297,29.51718017172599,28.5140230040796,28.574819564819336,5715100,0.0,0.0
2002-01-30 00:00:00-05:00,28.5748258664929,30.00356623212129,28.5748258664929,29.83333396911621,7776900,0.0,0.0
2002-01-31 00:00:00-05:00,30.094764859212997,30.520347856423754,29.815096893906777,30.45347023010254,7555000,0.0,0.0
2002-02-01 00:00:00-05:00,30.39875786047691,30.48995506175481,29.79686143437335,30.033973693847656,5025800,0.0,0.0
2002-02-04 00:00:00-05:00,30.09476473892996,30.483868396799224,29.669181743420175,29.784698486328125,6246900,0.0,0.0
2002-02-05 00:00:00-05:00,29.784687218486404,30.04003552764704,29.395581388578982,29.8515625,7221600,0.0,0.0
2002-02-06 00:00:00-05:00,29.82116384673032,30.003555825148887,29.486778166422976,29.736047744750977,4306900,0.0,0.0
2002-02-07 00:00:00-05:00,29.742127754973403,30.106914046781576,29.49285816589579,29.699569702148438,4905900,0.0,0.0
2002-02-08 00:00:00-05:00,29.790780859307752,30.246762198991036,29.52327264162033,30.21636390686035,4789000,0.0,0.0
2002-02-11 00:00:00-05:00,30.106920710220212,30.854729642962468,30.094760932544673,30.702735900878906,5716600,0.0,0.0
2002-02-12 00:00:00-05:00,30.702737467931254,30.94592839537347,30.520345431969876,30.587223052978516,4844800,0.0,0.0
2002-02-13 00:00:00-05:00,31.006730066774324,31.450551610989827,30.702742517100063,31.152645111083984,6119500,0.0,0.0
2002-02-14 00:00:00-05:00,31.304612258038063,31.553881743971257,30.915506577268143,31.341089248657227,5358500,0.0,0.0
2002-02-15 00:00:00-05:00,31.34110482239962,31.34110482239962,30.520339656275414,30.71489143371582,5937600,0.0,0.0
2002-02-19 00:00:00-05:00,30.84864050239394,31.19518593184687,30.58113012229718,30.611528396606445,5684900,0.0,0.0
2002-02-20 00:00:00-05:00,30.872971850596326,31.48702794099541,30.708818311160154,31.43838882446289,8007300,0.0,0.0
2002-02-21 00:00:00-05:00,31.237752724846608,31.675493099774304,30.86080659631735,31.18911361694336,7551200,0.0,0.0
2002-02-22 00:00:00-05:00,30.98848870947989,31.031046776985807,30.27715670257677,31.00672721862793,8604300,0.0,0.0
2002-02-25 00:00:00-05:00,31.15871214918448,31.68764963774439,31.055357534315107,31.657251358032227,8632400,0.0,0.0
2002-02-26 00:00:00-05:00,31.675487234707806,31.979474645095557,30.74528650107805,31.316781997680664,12242200,0.0,0.0
2002-02-27 00:00:00-05:00,31.705895354372327,31.766691923179845,30.666256401536437,30.958084106445312,8919700,0.0,0.0
2002-02-28 00:00:00-05:00,30.952013294147473,31.006731147766114,30.216363954906555,30.39875602722168,9268900,0.0,0.0
2002-03-01 00:00:00-05:00,30.568986470528856,30.702741731118536,30.216362127939092,30.5750675201416,8664600,0.0,0.0
2002-03-04 00:00:00-05:00,29.790771391392056,30.48994348439635,29.584059823661764,30.337949752807617,12373700,0.0,0.0
2002-03-05 00:00:00-05:00,29.90021691013581,29.90021691013581,28.635627533639415,28.87881851196289,14541800,0.0,0.0
2002-03-06 00:00:00-05:00,29.030812071096243,29.77254246198086,29.00041377884906,29.608388900756836,9741600,0.0,0.0
2002-03-07 00:00:00-05:00,30.131245874835226,30.155563115472777,29.18280391274432,29.425994873046875,8833800,0.0,0.0
2002-03-08 00:00:00-05:00,29.729981923581782,30.033969459327032,29.517189257015602,29.75429916381836,6996700,0.0,0.0
2002-03-11 00:00:00-05:00,29.73605088588609,29.73605088588609,29.237511676567443,29.383426666259766,6442900,0.0,0.0
2002-03-12 00:00:00-05:00,29.273898939441537,29.64514835289083,29.07306050103159,29.426050186157227,7512700,0.05,0.0
2002-03-13 00:00:00-05:00,29.15215318085393,29.645121284236666,28.939140236965613,29.517314910888672,6465400,0.0,0.0
2002-03-14 00:00:00-05:00,29.365190616128466,29.815559327930174,29.33476083111408,29.426050186157227,4748700,0.0,0.0
2002-03-15 00:00:00-05:00,29.4260389721264,29.809460617791242,29.060877047826576,29.7729434967041,10340300,0.0,0.0
2002-03-18 00:00:00-05:00,30.083314608733087,30.083314608733087,29.36516125652105,29.645118713378906,5762200,0.0,0.0
2002-03-19 00:00:00-05:00,29.967683211463736,30.302415184269194,29.779015002015512,30.125919342041016,6070900,0.0,0.0
2002-03-20 00:00:00-05:00,30.004208286451895,30.582383158756883,29.83988475506148,30.21113395690918,7084700,0.0,0.0
2002-03-21 00:00:00-05:00,30.138095644163638,30.211127535377475,29.52949113355042,29.85205078125,7946500,0.0,0.0
2002-03-22 00:00:00-05:00,29.815555890331876,30.2780946054957,29.54168321349115,30.040739059448242,5208600,0.0,0.0
2002-03-25 00:00:00-05:00,29.91290863573862,30.125919257386716,29.213012613223484,29.48688507080078,5216600,0.0,0.0
2002-03-26 00:00:00-05:00,29.334743426912684,29.955520423805122,29.30431365995218,29.821626663208008,7481600,0.0,0.0
2002-03-27 00:00:00-05:00,29.882485567926054,30.065068809129446,29.395602341882498,29.979862213134766,6815400,0.0,0.0
2002-03-28 00:00:00-05:00,29.821622058539635,29.88248158306351,29.401685767383988,29.584266662597656,5981500,0.0,0.0
2002-04-01 00:00:00-05:00,29.30431025091601,29.699901818667357,29.24953574810218,29.346912384033203,6961800,0.0,0.0
2002-04-02 00:00:00-05:00,29.34691743887897,29.34691743887897,28.75657017593937,28.914806365966797,6247500,0.0,0.0
2002-04-03 00:00:00-05:00,29.006088947935826,29.395595437281216,27.995805620580548,28.5739803314209,7151300,0.0,0.0
2002-04-04 00:00:00-05:00,28.75655733763136,29.38341911444704,28.695697827478156,29.304302215576172,5382900,0.0,0.0
2002-04-05 00:00:00-05:00,29.426023646456688,29.876391952065564,29.273872536967993,29.681638717651367,5547500,0.0,0.0
2002-04-08 00:00:00-04:00,29.39559356032987,30.125919342041016,29.39559356032987,30.125919342041016,4669400,0.0,0.0
2002-04-09 00:00:00-04:00,30.12593799345066,30.351121122331534,29.821635589476408,29.870325088500977,5068700,0.0,0.0
2002-04-10 00:00:00-04:00,29.918996201570966,30.27807293832837,29.78510247278764,30.271987915039062,4372900,0.0,0.0
2002-04-11 00:00:00-04:00,30.271994457892742,30.606726530556703,29.925087692735076,30.0224666595459,6956500,0.0,0.0
2002-04-12 00:00:00-04:00,30.278071514892314,30.710180119016357,30.119835378748913,30.649320602416992,5825500,0.0,0.0
2002-04-15 00:00:00-04:00,30.521530564086117,30.576305087005444,29.833806514464072,29.943355560302734,4793800,0.0,0.0
2002-04-16 00:00:00-04:00,30.138115192065815,30.338953603580286,29.80338295844605,30.332868576049805,6424500,0.0,0.0
2002-04-17 00:00:00-04:00,30.186787021226447,30.37545528170444,29.888572069421876,30.04680824279785,3836200,0.0,0.0
2002-04-18 00:00:00-04:00,30.186777278360193,30.284153889388136,29.57817287902518,30.138090133666992,5226400,0.0,0.0
2002-04-19 00:00:00-04:00,30.278087657782162,30.36937930299548,29.88249362404842,29.912925720214844,6608500,0.0,0.0
2002-04-22 00:00:00-04:00,29.8277111976585,30.132013505546492,29.523408889770508,29.523408889770508,7705400,0.0,0.0
2002-04-23 00:00:00-04:00,29.529503501337057,29.94335492761802,29.21302874467262,29.73642921447754,6304900,0.0,0.0
2002-04-24 00:00:00-04:00,29.74251203458104,29.93726535936906,29.249543696930072,29.31648826599121,5576800,0.0,0.0
2002-04-25 00:00:00-04:00,29.316490010620303,29.760773525977793,29.15216876938637,29.620792388916016,5848800,0.0,0.0
2002-04-26 00:00:00-04:00,29.882485192595553,30.00420657798818,29.24953816751006,29.26779556274414,4548200,0.0,0.0
2002-04-29 00:00:00-04:00,29.030429218925462,29.340816429370616,28.580060958862305,28.580060958862305,7133700,0.0,0.0
2002-04-30 00:00:00-04:00,28.427916765719264,28.73221902779284,27.99580811076887,28.220991134643555,9027400,0.0,0.0
2002-05-01 00:00:00-04:00,28.263601028508702,28.58616309361845,27.63065391399777,28.324462890625,9459700,0.0,0.0
2002-05-02 00:00:00-04:00,28.32445655567932,28.908716371466422,28.25142233747433,28.48269271850586,6820500,0.0,0.0
2002-05-03 00:00:00-04:00,28.48269651187174,28.58616050728722,27.98972824236559,28.30011558532715,5299900,0.0,0.0
2002-05-06 00:00:00-04:00,28.300115883161713,28.300115883161713,27.11942371221464,27.204627990722656,6536300,0.0,0.0
2002-05-07 00:00:00-04:00,27.508929526647332,27.819316864013672,27.387208137264345,27.819316864013672,9049300,0.0,0.0
2002-05-08 00:00:00-04:00,28.452266942564897,28.54355856729428,27.90452183747351,28.208824157714844,6929300,0.0,0.0
2002-05-09 00:00:00-04:00,28.11753838357534,28.3488088260447,27.78280625362714,28.087108612060547,5696300,0.0,0.0
2002-05-10 00:00:00-04:00,28.026241311854953,28.14187767148398,27.423724059131608,27.691509246826172,4959100,0.0,0.0
2002-05-13 00:00:00-04:00,27.691517332247177,27.77672162949891,27.326355394984624,27.764549255371094,5896300,0.0,0.0
2002-05-14 00:00:00-04:00,28.60441728113532,29.20084953308105,28.482695892206262,29.200849533081055,8185400,0.0,0.0
2002-05-15 00:00:00-04:00,29.200850063686765,29.63904614313682,28.470524038484154,28.60441780090332,8454500,0.0,0.0
2002-05-16 00:00:00-04:00,28.756568959418765,28.786998726793367,28.373147389899966,28.60441780090332,5240900,0.0,0.0
2002-05-17 00:00:00-04:00,28.72613783547138,29.27388058727473,28.695708069533804,29.26779556274414,5530900,0.0,0.0
2002-05-20 00:00:00-04:00,29.81553210367565,30.125919342041016,29.37124882588978,29.517314910888672,10370800,0.0,0.0
2002-05-21 00:00:00-04:00,29.00000392136734,29.00608894454436,27.23505002988038,27.32634162902832,22179600,0.0,0.0
2002-05-22 00:00:00-04:00,27.253311474657604,27.253311474657604,25.871778843807004,26.93075180053711,19553900,0.0,0.0
2002-05-23 00:00:00-04:00,26.784699390482004,26.839473921818097,25.926566613978796,26.109149932861328,16275300,0.0,0.0
2002-05-24 00:00:00-04:00,26.17000055876268,26.559507172360526,26.109141021003975,26.425613403320312,10466600,0.0,0.0
2002-05-28 00:00:00-04:00,26.01784796622643,26.425611954466646,24.660659918164225,25.281436920166016,19734700,0.0,0.0
2002-05-29 00:00:00-04:00,24.952791142673682,25.555310779592666,24.648488811665466,24.922361373901367,14882000,0.0,0.0
2002-05-30 00:00:00-04:00,24.800638144671936,24.861497677719704,24.25289306067254,24.435476303100586,16635500,0.0,0.0
2002-05-31 00:00:00-04:00,24.800640782692824,25.725720177601424,24.739781243171482,25.37272834777832,16912200,0.0,0.0
2002-06-03 00:00:00-04:00,25.044075544492166,25.591818189277443,24.526760338057223,24.660654067993164,8726800,0.0,0.0
2002-06-04 00:00:00-04:00,24.654570432421277,24.891928168012694,24.009451065614176,24.40504264831543,11057900,0.0,0.0
2002-06-05 00:00:00-04:00,24.526758770692194,25.07450370211609,24.41112476145458,24.67282485961914,9548100,0.0,0.0
2002-06-06 00:00:00-04:00,24.672831521311267,24.709346312170748,23.644288241445416,23.74166488647461,10427300,0.0,0.0
2002-06-07 00:00:00-04:00,23.43127947966078,23.796441348089385,23.285213339303812,23.63212013244629,10797100,0.0,0.0
2002-06-10 00:00:00-04:00,23.63211109549784,24.46589851327543,23.583421626783583,24.31374740600586,8409600,0.0,0.0
2002-06-11 00:00:00-04:00,24.40515221113987,24.923115647684295,23.765317212633036,23.862815856933594,8343200,0.05,0.0
2002-06-12 00:00:00-04:00,23.807972256407282,23.856722739875142,23.15594964960614,23.19251251220703,12306500,0.0,0.0
2002-06-13 00:00:00-04:00,22.85736699572273,23.430173760359768,22.85736699572273,23.095022201538086,8931200,0.0,0.0
2002-06-14 00:00:00-04:00,22.3028407308415,22.851272193301376,22.24190493481334,22.534400939941406,11835300,0.0,0.0
2002-06-17 00:00:00-04:00,22.66846480848916,23.704389719208237,22.43690457561034,23.460641860961914,10391800,0.0,0.0
2002-06-18 00:00:00-04:00,23.369232066926568,23.46063808017642,22.912206649780273,22.912206649780273,9382500,0.0,0.0
2002-06-19 00:00:00-04:00,22.92439585289738,23.637356761542303,22.705023265622017,22.942678451538086,10567000,0.0,0.0
2002-06-20 00:00:00-04:00,22.912203751108972,23.308293325679557,22.24190082058311,22.24799346923828,8264100,0.0,0.0
2002-06-21 00:00:00-04:00,21.998159807435027,22.241907670632582,21.632540337190594,21.73613166809082,12176300,0.0,0.0
2002-06-24 00:00:00-04:00,21.754405020493248,22.69892352088149,21.266911825894567,22.345489501953125,10618500,0.0,0.0
2002-06-25 00:00:00-04:00,22.85127527949466,23.247364980826674,21.876288464056994,22.02253532409668,9570300,0.0,0.0
2002-06-26 00:00:00-04:00,21.63253674125475,22.424713678136875,21.510662829914843,22.266279220581055,12075600,0.0,0.0
2002-06-27 00:00:00-04:00,22.820802649583268,22.906113687691196,21.93721972358417,22.668460845947266,10905000,0.0,0.0
2002-06-28 00:00:00-04:00,22.607530111460626,23.155961713441975,22.248003244506673,22.382064819335938,10237200,0.0,0.0
2002-07-01 00:00:00-04:00,22.39424504081297,22.83908282662308,21.614255753315945,21.66300392150879,8997300,0.0,0.0
2002-07-02 00:00:00-04:00,21.492383453701148,21.91894099891565,20.566144943237305,20.566144943237305,10936300,0.0,0.0
2002-07-03 00:00:00-04:00,20.718487234894056,22.455183029174805,20.669736737380095,22.455183029174805,12426000,0.0,0.0
2002-07-05 00:00:00-04:00,22.66846721875582,23.460644355458275,22.564873554393195,23.14986801147461,5060400,0.0,0.0
2002-07-08 00:00:00-04:00,22.997515664933214,23.23516846498255,22.485647201538086,22.485647201538086,9799200,0.0,0.0
2002-07-09 00:00:00-04:00,22.577054793706775,22.637992909783435,21.419258482867534,21.54113006591797,13496200,0.0,0.0
2002-07-10 00:00:00-04:00,21.510661642629078,21.784877346870594,20.261459350585938,20.261459350585938,15367000,0.0,0.0
2002-07-11 00:00:00-04:00,20.352864051495427,20.809889420994114,19.13412857055664,19.13412857055664,23426500,0.0,0.0
2002-07-12 00:00:00-04:00,17.891021350927193,18.232266657242022,17.306028234968934,17.726491928100586,46589100,0.0,0.0
2002-07-15 00:00:00-04:00,18.037272520459737,18.433361037572226,17.062284596761067,18.28101921081543,25172800,0.0,0.0
2002-07-16 00:00:00-04:00,18.555231855521033,19.286471804091008,18.25054825304795,18.610074996948242,21221300,0.0,0.0
2002-07-17 00:00:00-04:00,19.347408816163394,19.645999770302083,18.220079251112907,18.817258834838867,16941800,0.0,0.0
2002-07-18 00:00:00-04:00,18.890383626356016,19.13413027940224,18.037269759556374,18.043363571166992,11875800,0.0,0.0
2002-07-19 00:00:00-04:00,17.854455619751086,18.22007611332553,17.48883628845215,17.48883628845215,13688300,0.0,0.0
2002-07-22 00:00:00-04:00,17.61070952335468,17.976330027556703,17.07446696952711,17.11102867126465,17756300,0.0,0.0
2002-07-23 00:00:00-04:00,17.2329087429765,17.854462544620194,16.909943635306263,17.153690338134766,16434900,0.0,0.0
2002-07-24 00:00:00-04:00,16.757600539223365,18.890386062397248,16.605258716139517,18.719762802124023,20872500,0.0,0.0
2002-07-25 00:00:00-04:00,18.433353917492397,18.524758745785203,17.092745894946408,17.58024024963379,18263000,0.0,0.0
2002-07-26 00:00:00-04:00,17.823993769414432,18.037272559794232,17.11103397214682,17.854461669921875,12349300,0.0,0.0
2002-07-29 00:00:00-04:00,18.256645544953383,18.87820053100586,18.110397518048565,18.87820053100586,13384200,0.0,0.0
2002-07-30 00:00:00-04:00,18.86600626965509,19.225532978536783,18.220077420764085,18.640541076660156,11618500,0.0,0.0
2002-07-31 00:00:00-04:00,18.744135420896267,18.97569444808211,18.128674402546803,18.817258834838867,11424700,0.0,0.0
2002-08-01 00:00:00-04:00,18.73805129409714,18.76851920527458,17.824000011458256,18.055559158325195,12578600,0.0,0.0
2002-08-02 00:00:00-04:00,17.976335023267907,18.037271984615515,17.037908840432017,17.324312210083008,10777300,0.0,0.0
2002-08-05 00:00:00-04:00,17.32430826955483,17.574148708203882,16.696659686306262,16.74540901184082,11214000,0.0,0.0
2002-08-06 00:00:00-04:00,17.00134800373731,17.452279681281492,16.861193799015997,17.08056640625,13750000,0.0,0.0
2002-08-07 00:00:00-04:00,17.385249743507458,17.592434721541405,16.76978862196849,17.220720291137695,16987100,0.0,0.0
2002-08-08 00:00:00-04:00,17.220720910654805,17.2268147234369,15.904487568896878,16.53822898864746,32287500,0.0,0.0
2002-08-09 00:00:00-04:00,16.361516572546613,17.397440559655955,16.270111685783466,17.23900604248047,18477700,0.0,0.0
2002-08-12 00:00:00-04:00,16.75760064121202,16.87338075289764,16.178701245059795,16.27010726928711,19157200,0.0,0.0
2002-08-13 00:00:00-04:00,16.28838359624629,17.111029478963655,16.093386294740817,16.142135620117188,18725700,0.0,0.0
2002-08-14 00:00:00-04:00,16.3310419233491,17.366966718857963,16.14823221227144,17.232906341552734,16914500,0.0,0.0
2002-08-15 00:00:00-04:00,17.397433791888314,17.76305435898722,17.068376095092322,17.62899398803711,16689800,0.0,0.0
2002-08-16 00:00:00-04:00,17.12322235107422,17.44618629486416,16.928224989780077,17.12322235107422,14096400,0.0,0.0
2002-08-19 00:00:00-04:00,17.66555662136149,18.220080731634322,17.312123659184564,17.689931869506836,23581300,0.0,0.0
2002-08-20 00:00:00-04:00,18.610076204915472,18.890384579492995,18.220080378088085,18.433359146118164,24616600,0.0,0.0
2002-08-21 00:00:00-04:00,19.134134805959082,19.920218093281118,19.030542308623122,19.914125442504883,23847400,0.0,0.0
2002-08-22 00:00:00-04:00,20.084737886369272,20.828166448854162,19.98723924903936,20.633169174194336,17985800,0.0,0.0
2002-08-23 00:00:00-04:00,20.633181216345132,21.01098836592941,20.38334066708827,20.43208885192871,15096700,0.0,0.0
2002-08-26 00:00:00-04:00,20.505212539272254,20.815988869242638,20.322400472116975,20.67583465576172,10490400,0.0,0.0
2002-08-27 00:00:00-04:00,20.90129544169816,20.96223355918885,20.078650614261576,20.145681381225586,13413200,0.0,0.0
2002-08-28 00:00:00-04:00,20.109125070621477,20.133500325569315,19.79834870596941,19.926315307617188,9624100,0.0,0.0
2002-08-29 00:00:00-04:00,19.798340043159683,20.340676443411166,19.560684898233188,20.13349151611328,7669500,0.0,0.0
2002-08-30 00:00:00-04:00,20.048177480217337,20.444264679947537,19.950678842255194,20.066457748413086,9025700,0.0,0.0
2002-09-03 00:00:00-04:00,19.913900353585383,20.048163494187268,19.346326562600392,19.443973541259766,11832300,0.05,0.0
2002-09-04 00:00:00-04:00,19.37682984612572,19.99932985598578,19.346315619071913,19.889476776123047,8564700,0.0,0.0
2002-09-05 00:00:00-04:00,19.529398958171665,19.919986564841373,19.462266276759227,19.59042739868164,10244000,0.0,0.0
2002-09-06 00:00:00-04:00,19.88337676431651,20.62793375362832,19.88337676431651,20.292272567749023,10088400,0.0,0.0
2002-09-09 00:00:00-04:00,20.017641420540667,20.475361890498547,19.926098723401108,20.298376083374023,7028300,0.0,0.0
2002-09-10 00:00:00-04:00,20.438744989622634,20.444846904639043,20.048154914060653,20.139699935913086,7552500,0.0,0.0
2002-09-11 00:00:00-04:00,20.444837473575213,20.695057779382115,20.20071907996995,20.280057907104492,5840000,0.0,0.0
2002-09-12 00:00:00-04:00,20.04814611007924,20.231236073381627,19.761309668537645,19.822338104248047,8007800,0.0,0.0
2002-09-13 00:00:00-04:00,19.822332643450785,20.55468531064983,19.773510373949488,20.414318084716797,7750800,0.0,0.0
2002-09-16 00:00:00-04:00,20.35940176778488,20.902562883354925,20.261754851818203,20.762195587158203,6461500,0.0,0.0
2002-09-17 00:00:00-04:00,21.05514259386761,21.299261120393552,20.188526248065454,20.237348556518555,8904600,0.0,0.0
2002-09-18 00:00:00-04:00,20.078672117439957,20.566906817444632,19.871172078927135,20.249553680419922,8176100,0.0,0.0
2002-09-19 00:00:00-04:00,19.95661110759261,20.44484576471477,19.52940490957829,19.65756607055664,9377600,0.0,0.0
2002-09-20 00:00:00-04:00,19.755213453061565,19.834552314182528,18.858081813598734,19.059478759765625,13707600,0.0,0.0
2002-09-23 00:00:00-04:00,18.919116031974262,18.919116031974262,17.735145218879808,18.235586166381836,11466300,0.0,0.0
2002-09-24 00:00:00-04:00,17.851096443496356,18.23558108548495,17.271316777150123,17.338449478149414,13977700,0.0,0.0
2002-09-25 00:00:00-04:00,17.545948183419764,17.63749202808985,16.62440433044889,16.8441104888916,22796100,0.0,0.0
2002-09-26 00:00:00-04:00,16.905138702174593,17.295726361139184,16.85631524480402,17.253005981445312,18345000,0.0,0.0
2002-09-27 00:00:00-04:00,17.149264688333755,17.393382099020048,16.331470489501953,16.331470489501953,11593900,0.0,0.0
2002-09-30 00:00:00-04:00,16.020210897946836,16.215504711217793,15.104770275207018,15.928667068481445,17984100,0.0,0.0
2002-10-01 00:00:00-04:00,15.837123009589403,16.233813707554688,14.952196621476673,16.09954833984375,22640600,0.0,0.0
2002-10-02 00:00:00-04:00,15.946976174823106,16.111755777021237,14.952197812152694,15.22683048248291,18694400,0.0,0.0
2002-10-03 00:00:00-04:00,15.257343445338106,15.806607576561692,14.921682355157838,15.232931137084961,17840600,0.0,0.0
2002-10-04 00:00:00-04:00,15.550288713527328,15.983597999558139,15.013230579169868,15.745582580566406,19569600,0.0,0.0
2002-10-07 00:00:00-04:00,15.501463233861069,15.739478621945866,14.659258250606804,14.775213241577148,16780400,0.0,0.0
2002-10-08 00:00:00-04:00,15.190219220365305,15.776102140217779,14.738601742585052,15.40992546081543,19936200,0.0,0.0
2002-10-09 00:00:00-04:00,15.116978848865317,15.40991961565393,14.402935002291112,14.439552307128906,16369500,0.0,0.0
2002-10-10 00:00:00-04:00,14.634855956554526,15.135297059442554,14.146621018137894,15.013238906860352,17775400,0.0,0.0
2002-10-11 00:00:00-04:00,15.409918526155783,16.105653089100326,15.129183935509054,15.995800018310547,13474900,0.0,0.0
2002-10-14 00:00:00-04:00,15.867643075936329,16.770877863965374,15.715069584821556,16.203304290771484,10646600,0.0,0.0
2002-10-15 00:00:00-04:00,17.082126004569925,18.003669926956977,16.93565560925614,17.94264030456543,16979200,0.0,0.0
2002-10-16 00:00:00-04:00,17.698524751350796,17.698524751350796,17.027201165904685,17.362863540649414,12188300,0.0,0.0
2002-10-17 00:00:00-04:00,18.24778615984543,18.491903470751232,17.698521919296578,17.79006576538086,14699900,0.0,0.0
2002-10-18 00:00:00-04:00,17.79006767720764,18.681097412823142,17.60697996536338,18.559038162231445,12708400,0.0,0.0
2002-10-21 00:00:00-04:00,18.54072292054766,18.552929074462213,17.88160574171949,18.217267990112305,11724300,0.0,0.0
2002-10-22 00:00:00-04:00,18.00366253513147,18.41866240015422,17.79616260262009,18.046382904052734,9207000,0.0,0.0
2002-10-23 00:00:00-04:00,18.058596749486224,18.613964110140735,17.99756712615252,18.577346801757812,9160600,0.0,0.0
2002-10-24 00:00:00-04:00,18.583457148063644,19.11441240141192,18.125736540121622,18.24169158935547,12091200,0.0,0.0
2002-10-25 00:00:00-04:00,18.308821699515,18.772645322254604,18.125733948137263,18.662792205810547,8379300,0.0,0.0
2002-10-28 00:00:00-05:00,18.98014368946724,19.035070242754678,18.241687341960258,18.40036392211914,7662100,0.0,0.0
2002-10-29 00:00:00-05:00,18.308818849853505,18.485804657476233,17.637495259216873,18.272201538085938,10166900,0.0,0.0
2002-10-30 00:00:00-05:00,18.205069209870647,18.30271615265161,17.72903949078093,17.985363006591797,8647300,0.0,0.0
2002-10-31 00:00:00-05:00,18.034181082012648,18.15624030598945,17.34454960945988,17.62528419494629,11774400,0.0,0.0
2002-11-01 00:00:00-05:00,17.58256636024908,17.58256636024908,17.08822864328611,17.332345962524414,11772400,0.0,0.0
2002-11-04 00:00:00-05:00,17.33234831697544,17.4544075751969,16.502349318816954,16.606098175048828,17446500,0.0,0.0
2002-11-05 00:00:00-05:00,16.630508286815857,17.31403794693005,16.624405208309824,17.259111404418945,11308300,0.0,0.0
2002-11-06 00:00:00-05:00,17.362863460019973,17.4299950034225,16.96617145861442,17.271318435668945,11065800,0.0,0.0
2002-11-07 00:00:00-05:00,17.277425604370226,17.277425604370226,16.40470485717897,16.593896865844727,11832600,0.0,0.0
2002-11-08 00:00:00-05:00,16.691538003143105,16.82580223891291,16.13617066039803,16.264331817626953,11611300,0.0,0.0
2002-11-11 00:00:00-05:00,16.264330951825702,16.282640186473692,15.989699416364704,16.014110565185547,7481900,0.0,0.0
2002-11-12 00:00:00-05:00,16.294842004822673,16.819693787195522,15.95917977656315,16.435209274291992,10490200,0.0,0.0
2002-11-13 00:00:00-05:00,16.239923879676926,16.74646785832984,16.020217664921248,16.447423934936523,9382700,0.0,0.0
2002-11-14 00:00:00-05:00,16.93564926722598,17.161458436301157,16.838002373583418,16.990575790405273,10308500,0.0,0.0
2002-11-15 00:00:00-05:00,17.08823157798887,17.576466300314053,16.953967320360295,17.283525466918945,12346800,0.0,0.0
2002-11-18 00:00:00-05:00,17.820589173433472,17.851103414507467,17.362868573061487,17.45441246032715,13255200,0.0,0.0
2002-11-19 00:00:00-05:00,15.885953868646132,16.3253651470052,15.01323322781161,15.202424049377441,54316300,0.0,0.0
2002-11-20 00:00:00-05:00,15.409920936540583,15.409920936540583,14.524994318131851,15.074259757995605,53474800,0.0,0.0
2002-11-21 00:00:00-05:00,15.226843435541207,15.391622013868934,15.013240195138286,15.24515151977539,34273000,0.0,0.0
2002-11-22 00:00:00-05:00,15.245134618717037,15.550281434131113,15.159693882894766,15.348884582519531,20748200,0.0,0.0
2002-11-25 00:00:00-05:00,15.409923158958954,15.702863993105382,15.385510840758386,15.531982421875,15416600,0.0,0.0
2002-11-26 00:00:00-05:00,15.409924347556421,15.495365139761827,15.21463044306207,15.269556999206543,13789800,0.0,0.0
2002-11-27 00:00:00-05:00,15.422121955418707,15.97748912486766,15.39770964887276,15.922562599182129,18651100,0.0,0.0
2002-11-29 00:00:00-05:00,16.166685731477887,16.264332665133818,16.026318409852895,16.111759185791016,7173400,0.0,0.0
2002-12-02 00:00:00-05:00,16.770880952469827,16.783087113377288,16.026322597768413,16.154483795166016,16330500,0.0,0.0
2002-12-03 00:00:00-05:00,16.11777871063952,16.191179705008835,15.811938511829235,15.903690338134766,12795900,0.06,0.0
2002-12-04 00:00:00-05:00,15.561152365236715,16.093313750946116,15.475516301236416,15.909810066223145,16843900,0.0,0.0
2002-12-05 00:00:00-05:00,15.830282704802062,16.026021344394653,15.689596541987353,15.885334014892578,12711400,0.0,0.0
2002-12-06 00:00:00-05:00,15.567264184001003,16.044374073844097,15.567264184001003,15.964856147766113,12104800,0.0,0.0
2002-12-09 00:00:00-05:00,15.873110000855483,15.946511010096005,15.74465648465256,15.750773429870605,12105700,0.0,0.0
2002-12-10 00:00:00-05:00,15.805827246279673,16.478676158728728,15.805827246279673,16.454208374023438,16030200,0.0,0.0
2002-12-11 00:00:00-05:00,16.38080413980056,16.533724264145153,16.02602949798862,16.37468719482422,13328000,0.0,0.0
2002-12-12 00:00:00-05:00,16.631588386908128,16.900726890273088,16.42361698277944,16.69275665283203,14487400,0.0,0.0
2002-12-13 00:00:00-05:00,16.69886350806927,16.69886350806927,16.136117862252902,16.142234802246094,15097800,0.0,0.0
2002-12-16 00:00:00-05:00,16.148367244703227,16.53984361327639,16.06273233596291,16.337987899780273,13254700,0.0,0.0
2002-12-17 00:00:00-05:00,16.17895044456629,16.26458534521118,15.689605321781727,15.720190048217773,13069800,0.0,0.0
2002-12-18 00:00:00-05:00,15.744657086523734,15.811942319806331,15.353181911108011,15.579503059387207,13252700,0.0,0.0
2002-12-19 00:00:00-05:00,15.42657597263037,15.714066445898009,15.230838473113058,15.255306243896484,11451400,0.0,0.0
2002-12-20 00:00:00-05:00,15.2858875341391,15.353172727173154,14.924996135172117,15.188018798828125,25290000,0.0,0.0
2002-12-23 00:00:00-05:00,14.894411510892791,15.139083331396082,14.863826804150337,14.95557975769043,11977800,0.0,0.0
2002-12-24 00:00:00-05:00,14.833242573360016,14.894410817309252,14.64973900819952,14.802659034729004,7312200,0.0,0.0
2002-12-26 00:00:00-05:00,14.741493714881033,15.041216886329009,14.668091574244563,14.796545028686523,8403800,0.0,0.0
2002-12-27 00:00:00-05:00,14.655863645435877,14.827134598729208,14.521294360719065,14.539645195007324,8281400,0.0,0.0
2002-12-30 00:00:00-05:00,14.539644725818833,14.619162671792774,14.074767439042269,14.484593391418457,18383800,0.0,0.0
2002-12-31 00:00:00-05:00,14.405073465713892,14.784315840546178,14.264387248714744,14.692564010620117,11774200,0.0,0.0
2003-01-02 00:00:00-05:00,14.808781986139387,15.236958734611468,14.772081488657939,15.218607902526855,12884400,0.0,0.0
2003-01-03 00:00:00-05:00,13.775042809509866,13.854560747714125,12.998208425931486,13.077726364135742,65004600,0.0,0.0
2003-01-06 00:00:00-05:00,13.206181334377398,13.426386675145745,13.089961719339893,13.346867561340332,23925400,0.0,0.0
2003-01-07 00:00:00-05:00,13.304046283425263,13.456966355648541,13.08995794897516,13.12665843963623,19715600,0.0,0.0
2003-01-08 00:00:00-05:00,13.102191344181982,13.230643640029957,12.881986075085429,12.943154335021973,19973300,0.0,0.0
2003-01-09 00:00:00-05:00,13.028790557645815,13.206178413292177,12.961506514717575,13.132776260375977,21948100,0.0,0.0
2003-01-10 00:00:00-05:00,12.992097896656853,13.45697536753804,12.924812646478893,13.200069427490234,16412600,0.0,0.0
2003-01-13 00:00:00-05:00,13.40803708605931,13.50590587622348,13.181714779624663,13.432503700256348,17696200,0.0,0.0
2003-01-14 00:00:00-05:00,13.438616219635465,13.622121015774253,12.998206808940099,13.48143482208252,14524700,0.0,0.0
2003-01-15 00:00:00-05:00,13.60377300883806,13.60377300883806,13.322400563071856,13.37745189666748,13219100,0.0,0.0
2003-01-16 00:00:00-05:00,13.505899916897581,13.652703037368616,13.420265054961352,13.560951232910156,15111400,0.0,0.0
2003-01-17 00:00:00-05:00,13.76281103898202,13.885147603781485,13.475321628397614,13.719993591308594,23525200,0.0,0.0
2003-01-21 00:00:00-05:00,13.750576734973187,13.860679406638631,13.27958249137675,13.334633827209473,15390300,0.0,0.0
2003-01-22 00:00:00-05:00,13.242886889716813,13.54872723897904,13.16948585923935,13.200069427490234,12664500,0.0,0.0
2003-01-23 00:00:00-05:00,13.334634910092179,13.499788931002218,12.924808913771717,13.432503700256348,11995700,0.0,0.0
2003-01-24 00:00:00-05:00,13.365221328326193,13.408038783607998,12.85140953156824,13.004329681396484,13705600,0.0,0.0
2003-01-27 00:00:00-05:00,12.857520323137026,13.089958326273559,12.533329340671834,12.600614547729492,16422300,0.0,0.0
2003-01-28 00:00:00-05:00,12.710717512461368,12.771884611317493,12.466044450286361,12.5577974319458,13693000,0.0,0.0
2003-01-29 00:00:00-05:00,12.294777290470446,12.888106907548329,12.294777290470446,12.82693862915039,15072300,0.0,0.0
2003-01-30 00:00:00-05:00,12.826936081114077,13.053258316221779,12.582264182813615,12.674015998840332,16044200,0.0,0.0
2003-01-31 00:00:00-05:00,12.631194800912226,12.869750851565028,12.612845143183982,12.784114837646484,14137800,0.0,0.0
2003-02-03 00:00:00-05:00,12.84528832680288,13.145011581092415,12.814704773652267,13.077726364135742,12549800,0.0,0.0
2003-02-04 00:00:00-05:00,12.937042335050476,13.083845514972891,12.722953926822301,12.912575721740723,11141500,0.0,0.0
2003-02-05 00:00:00-05:00,13.010450253632627,13.077734344962364,12.814712593967062,13.034916877746582,11048800,0.0,0.0
2003-02-06 00:00:00-05:00,13.010437300505824,13.481431304337093,13.010437300505824,13.23064136505127,17750200,0.0,0.0
2003-02-07 00:00:00-05:00,13.395808625263143,13.438626092478925,13.028799930045972,13.034916877746582,11844100,0.0,0.0
2003-02-10 00:00:00-05:00,13.120551450024927,13.273471624656041,12.85141161600143,13.200069427490234,8863200,0.0,0.0
2003-02-11 00:00:00-05:00,13.169479703988236,13.279581198244358,12.937040493842668,13.016559600830078,10129700,0.0,0.0
2003-02-12 00:00:00-05:00,12.985972419179301,13.138892493357167,12.937038042109888,12.967622756958008,7826100,0.0,0.0
2003-02-13 00:00:00-05:00,12.967623381468542,12.97985610130933,12.343709168770616,12.661783218383789,12944200,0.0,0.0
2003-02-14 00:00:00-05:00,12.612854911889684,13.059381484985352,12.521101885436217,13.059381484985352,10711900,0.0,0.0
2003-02-18 00:00:00-05:00,13.151129598942058,13.560955544739393,13.120546043294082,13.395801544189453,12041300,0.0,0.0
2003-02-19 00:00:00-05:00,13.334632565214454,13.530371277810405,13.200063294074553,13.359100341796875,8619900,0.0,0.0
2003-02-20 00:00:00-05:00,13.44473434436399,13.44473434436399,13.20006242803149,13.242879867553711,7732900,0.0,0.0
2003-02-21 00:00:00-05:00,13.304053598880069,13.756697121552024,13.26123614178367,13.707762718200684,13246100,0.0,0.0
2003-02-24 00:00:00-05:00,13.983015770235465,13.983015770235465,13.493670699377747,13.567072868347168,15189600,0.0,0.0
2003-02-25 00:00:00-05:00,13.70164441224878,14.068652984307464,13.224534318591775,13.970784187316895,20170600,0.0,0.0
2003-02-26 00:00:00-05:00,13.915729897665907,14.12981828327526,13.830095010097303,13.995247840881348,13479300,0.0,0.0
2003-02-27 00:00:00-05:00,14.06865435608374,14.190990947594534,13.82398233975036,14.135939598083496,14378200,0.0,0.0
2003-02-28 00:00:00-05:00,13.903497599625167,14.429543207302409,13.903497599625167,14.343908309936523,11461300,0.0,0.0
2003-03-03 00:00:00-05:00,14.368371091662276,14.539642007407005,14.068647864124745,14.123699188232422,10208200,0.0,0.0
2003-03-04 00:00:00-05:00,14.001364871834015,14.007481816225011,13.487553209868743,13.51813793182373,11893200,0.0,0.0
2003-03-05 00:00:00-05:00,13.456967587730933,13.756690816727875,13.310164444958207,13.54871940612793,11008300,0.0,0.0
2003-03-06 00:00:00-05:00,13.438618821428616,13.726109374366237,13.310166489281222,13.51813793182373,8971100,0.0,0.0
2003-03-07 00:00:00-05:00,13.193950269357297,13.817864757296988,13.157249760269123,13.775047302246094,10939100,0.0,0.0
2003-03-10 00:00:00-05:00,13.671059998697176,13.830097075567457,13.359102790223323,13.408037185668945,7610700,0.0,0.0
2003-03-11 00:00:00-05:00,13.487771783072997,13.634977884688475,13.34056568145752,13.34056568145752,7190100,0.06,0.0
2003-03-12 00:00:00-05:00,13.340562237680416,13.604306873699684,13.285359817588485,13.598173141479492,10365400,0.0,0.0
2003-03-13 00:00:00-05:00,13.80058686193523,14.229938921151534,13.659514477009106,14.199270248413086,11208700,0.0,0.0
2003-03-14 00:00:00-05:00,14.236072001827205,14.401679330946894,13.861923539978259,14.101133346557617,9413500,0.0,0.0
2003-03-17 00:00:00-05:00,14.058196516955615,14.70835710816341,13.855787975830067,14.65928840637207,14499500,0.0,0.0
2003-03-18 00:00:00-05:00,14.68995922771744,14.775829175956575,14.309675855719275,14.683825492858887,11698400,0.0,0.0
2003-03-19 00:00:00-05:00,14.647017422095413,15.149972957073176,14.597948732084149,15.057968139648438,11782400,0.0,0.0
2003-03-20 00:00:00-05:00,14.91076446412222,15.352383915032751,14.542748644993457,15.284914016723633,12848600,0.0,0.0
2003-03-21 00:00:00-05:00,15.64066453489512,15.824671884996627,15.389187277140962,15.812405586242676,15717600,0.0,0.0
2003-03-24 00:00:00-05:00,15.0273008254251,15.640660042789388,14.781957372457356,14.953697204589844,12019100,0.0,0.0
2003-03-25 00:00:00-05:00,14.935293317344009,15.462781312443125,14.916892124417812,15.401446342468262,13468600,0.0,0.0
2003-03-26 00:00:00-05:00,15.425991165245218,15.763339591615754,15.333987474377036,15.591598510742188,11527200,0.0,0.0
2003-03-27 00:00:00-05:00,15.346249089917476,15.51185637222859,15.149974312314656,15.370782852172852,7644700,0.0,0.0
2003-03-28 00:00:00-05:00,15.370785115217156,15.370785115217156,14.978235502216343,15.107040405273438,7364200,0.0,0.0
2003-03-31 00:00:00-05:00,14.720627927967994,15.217448792967602,14.616356766682605,14.941437721252441,11630500,0.0,0.0
2003-04-01 00:00:00-05:00,15.094769607886052,15.205174446105955,14.708352674116389,15.205174446105957,10403600,0.0,0.0
2003-04-02 00:00:00-05:00,15.395319704934915,16.027079077921808,15.395319704934915,15.873739242553711,13033900,0.0,0.0
2003-04-03 00:00:00-05:00,15.978007452999652,16.119080964834577,15.855336309091316,15.965741157531738,11812400,0.0,0.0
2003-04-04 00:00:00-05:00,15.978010967042684,16.303091851180078,15.959610934849152,16.211088180541992,10454500,0.0,0.0
2003-04-07 00:00:00-04:00,16.714044286853355,16.867384142696046,16.088417394241514,16.14975357055664,13721300,0.0,0.0
2003-04-08 00:00:00-04:00,16.25402314884709,16.376695489624634,15.935075998737586,16.211088180541992,11268600,0.0,0.0
2003-04-09 00:00:00-04:00,16.211088037734584,16.315359175509904,15.732667316784854,15.7940034866333,12678400,0.0,0.0
2003-04-10 00:00:00-04:00,15.947342360073641,16.070014692337924,15.628395232098553,15.867606163024902,15850300,0.0,0.0
2003-04-11 00:00:00-04:00,15.95346859390771,16.247880649070023,15.720391506153744,15.885998725891113,10657800,0.0,0.0
2003-04-14 00:00:00-04:00,15.855332570269573,16.33988563874208,15.793996427834044,16.284683227539062,7930700,0.0,0.0
2003-04-15 00:00:00-04:00,16.438034198877922,16.683378935787776,16.321496735725194,16.658843994140625,12137100,0.0,0.0
2003-04-16 00:00:00-04:00,16.695638140204906,16.806042990908445,16.309222332632437,16.346023559570312,10259000,0.0,0.0
2003-04-17 00:00:00-04:00,16.352154034668644,16.861242057132458,16.315352815062376,16.787639617919922,9513700,0.0,0.0
2003-04-21 00:00:00-04:00,16.78763925319062,16.928711566857768,16.622032013725885,16.848974227905273,7764100,0.0,0.0
2003-04-22 00:00:00-04:00,16.69564022414288,17.020721084025226,16.609770293939647,16.95938491821289,9557200,0.0,0.0
2003-04-23 00:00:00-04:00,16.898045837106693,17.174057950698867,16.72017227381718,17.100454330444336,8650600,0.0,0.0
2003-04-24 00:00:00-04:00,16.818312555767555,17.088190983407802,16.818312555767555,16.95938491821289,7917700,0.0,0.0
2003-04-25 00:00:00-04:00,16.959379054215095,17.069783880524916,16.806039277649155,16.848974227905273,6889100,0.0,0.0
2003-04-28 00:00:00-04:00,16.86737547459905,17.17405502868267,16.86737547459905,17.118852615356445,6979700,0.0,0.0
2003-04-29 00:00:00-04:00,17.296725094615095,17.64020582346196,17.247656419065542,17.327392578125,10936400,0.0,0.0
2003-04-30 00:00:00-04:00,17.20473073318336,17.290601844864124,17.039124584000184,17.253799438476562,11720600,0.0,0.0
2003-05-01 00:00:00-04:00,17.23539594292908,17.23539594292908,16.77537648450512,16.867380142211914,10986700,0.0,0.0
2003-05-02 00:00:00-04:00,17.051395358663328,17.542083710284533,16.977792866348985,17.486881256103516,10056600,0.0,0.0
2003-05-05 00:00:00-04:00,17.486874590878152,17.977561585580595,17.229263626186853,17.738351821899414,14546000,0.0,0.0
2003-05-06 00:00:00-04:00,17.885559972687208,18.204507140788184,17.885559972687208,18.08183479309082,13626200,0.0,0.0
2003-05-07 00:00:00-04:00,18.094097197557613,18.33944065439398,17.891688699431377,18.14929962158203,9649300,0.0,0.0
2003-05-08 00:00:00-04:00,18.0020933060674,18.278104252598226,17.793551078080625,17.928489685058594,7776400,0.0,0.0
2003-05-09 00:00:00-04:00,18.063433707798705,18.241307314720835,17.879425196969787,18.2229061126709,7550100,0.0,0.0
2003-05-12 00:00:00-04:00,18.094103559773284,18.449851989746094,18.04503485115256,18.449851989746094,11137400,0.0,0.0
2003-05-13 00:00:00-04:00,18.124770573792475,18.554122640030272,18.124770573792475,18.370115280151367,8392400,0.0,0.0
2003-05-14 00:00:00-04:00,18.431442673241044,18.523447485065667,18.05729437338739,18.155431747436523,8791100,0.0,0.0
2003-05-15 00:00:00-04:00,18.314904359788073,18.339438117132524,17.572739189410512,18.014358520507812,12929500,0.0,0.0
2003-05-16 00:00:00-04:00,17.842613602885837,17.903949737548828,17.55433529082609,17.903949737548828,11254400,0.0,0.0
2003-05-19 00:00:00-04:00,17.32740585838028,17.848761666858298,17.082062292593683,17.21700096130371,16506600,0.0,0.0
2003-05-20 00:00:00-04:00,18.73812770164288,19.259483383874883,18.64612403298785,18.811731338500977,39383700,0.0,0.0
2003-05-21 00:00:00-04:00,18.55412149872749,18.922137365738138,18.431449153093876,18.781064987182617,13235900,0.0,0.0
2003-05-22 00:00:00-04:00,18.781067426446334,19.03254471475565,18.664528799947515,18.916006088256836,10599200,0.0,0.0
2003-05-23 00:00:00-04:00,18.86693134018774,18.903732568925054,18.70745778913943,18.731992721557617,5588700,0.0,0.0
2003-05-27 00:00:00-04:00,18.49278192837673,19.369885879810113,18.474381898835315,19.290149688720703,10011600,0.0,0.0
2003-05-28 00:00:00-04:00,19.376018342401334,19.762435315892017,19.32081591761695,19.480289459228516,10287200,0.0,0.0
2003-05-29 00:00:00-04:00,19.615232156360154,19.977114274276225,19.014140261136568,19.934179306030273,10262200,0.0,0.0
2003-05-30 00:00:00-04:00,19.81150550493908,19.93417783650436,19.65816567542751,19.92804527282715,8428600,0.0,0.0
2003-06-02 00:00:00-04:00,20.08751804209257,20.29606030772382,19.866708309097106,20.020048141479492,9925600,0.0,0.0
2003-06-03 00:00:00-04:00,20.013914432590894,20.16725425619994,19.71950225203513,20.05071449279785,7732600,0.0,0.0
2003-06-04 00:00:00-04:00,20.050715264612315,20.093650229693147,19.854440470019913,19.92804527282715,7596500,0.0,0.0
2003-06-05 00:00:00-04:00,19.903508925960494,20.167253601184246,19.688831776012357,20.130451202392578,9686300,0.0,0.0
2003-06-06 00:00:00-04:00,20.283792228976676,20.48620192471498,20.026182441433477,20.154987335205078,9614400,0.0,0.0
2003-06-09 00:00:00-04:00,20.154995593394812,20.240865557759733,19.780845885992466,19.964853286743164,6521700,0.0,0.0
2003-06-10 00:00:00-04:00,19.946405774827483,20.063160731740275,19.786638918131665,20.007856369018555,6170200,0.06,0.0
2003-06-11 00:00:00-04:00,19.946408226367133,20.216786185838043,19.860379728026672,20.21063995361328,6152500,0.0,0.0
2003-06-12 00:00:00-04:00,20.40113498503017,20.46258324773981,20.001714245114584,20.23522186279297,6578100,0.0,0.0
2003-06-13 00:00:00-04:00,20.370412855022504,20.683802776193087,20.210643605718918,20.62235450744629,10376400,0.0,0.0
2003-06-16 00:00:00-04:00,20.775977530385575,21.33516521493337,20.634644636939562,21.175395965576172,9995700,0.0,0.0
2003-06-17 00:00:00-04:00,21.138523300639303,21.32287041056625,21.09550905312637,21.163101196289062,7510800,0.0,0.0
2003-06-18 00:00:00-04:00,21.156959098457683,21.16310298686478,20.425714484767745,20.54246711730957,12015900,0.0,0.0
2003-06-19 00:00:00-04:00,20.585486767912972,20.80055808008639,20.19835606189932,20.229080200195312,7886000,0.0,0.0
2003-06-20 00:00:00-04:00,20.290533413679814,20.333547681611,19.94027303532483,19.964853286743164,13732900,0.0,0.0
2003-06-23 00:00:00-04:00,19.884964634677193,20.087745807761653,19.40566037706206,19.614587783813477,7418800,0.0,0.0
2003-06-24 00:00:00-04:00,19.725196101766134,19.909545612929566,19.565429182072755,19.79893684387207,9835400,0.0,0.0
2003-06-25 00:00:00-04:00,19.878811246772965,20.376550510104305,19.854233353254507,19.940261840820312,8650500,0.0,0.0
2003-06-26 00:00:00-04:00,20.093893334925482,20.468733913294383,19.657603308488618,19.952560424804688,7609800,0.0,0.0
2003-06-27 00:00:00-04:00,20.186065748951318,20.259806493093755,19.93412406671834,19.952560424804688,7092500,0.0,0.0
2003-06-30 00:00:00-04:00,20.216793524642412,20.923458120462655,20.18606704056628,20.351980209350586,10783600,0.0,0.0
2003-07-01 00:00:00-04:00,20.351977470568347,20.41342808634953,19.780499636360513,20.33968734741211,8807900,0.0,0.0
2003-07-02 00:00:00-04:00,20.40113203310274,20.61620326556788,20.376551793935118,20.548608779907227,7589800,0.0,0.0
2003-07-03 00:00:00-04:00,20.493309928192947,20.62235504649626,20.18606388822543,20.524036407470703,4153900,0.0,0.0
2003-07-07 00:00:00-04:00,20.677659692359324,20.83742660378468,20.640789323214417,20.75139808654785,6669400,0.0,0.0
2003-07-08 00:00:00-04:00,20.73910823858696,21.32287619856745,20.677659966631673,21.230701446533203,7614300,0.0,0.0
2003-07-09 00:00:00-04:00,21.027916951617158,21.19383007260554,20.4810194476745,20.57933807373047,13723000,0.0,0.0
2003-07-10 00:00:00-04:00,20.57934293967078,20.57934293967078,19.66374861345225,19.927980422973633,11537900,0.0,0.0
2003-07-11 00:00:00-04:00,20.524037119879342,20.58548539236527,20.253659095098048,20.382701873779297,10669200,0.0,0.0
2003-07-14 00:00:00-04:00,20.708380797325265,20.892727927868624,20.431858929459757,20.511743545532227,7455500,0.0,0.0
2003-07-15 00:00:00-04:00,20.616209528608234,21.23070162987287,20.327399835002765,20.382701873779297,10319000,0.0,0.0
2003-07-16 00:00:00-04:00,20.3704122724611,20.66536817339261,20.026295882657102,20.58548355102539,10460600,0.0,0.0
2003-07-17 00:00:00-04:00,20.585485122334234,21.003339933241065,20.222934693579816,20.33968734741211,7127000,0.0,0.0
2003-07-18 00:00:00-04:00,20.58548190648134,20.59162579504901,20.069308535062248,20.327396392822266,6285600,0.0,0.0
2003-07-21 00:00:00-04:00,20.401126747752077,20.425706980551663,19.755910873413086,19.755910873413086,7447300,0.0,0.0
2003-07-22 00:00:00-04:00,19.860382998569257,19.860382998569257,19.295050261983967,19.516267776489258,12416400,0.0,0.0
2003-07-23 00:00:00-04:00,19.682181502043573,19.872674899718643,19.467110201524438,19.737485885620117,8026100,0.0,0.0
2003-07-24 00:00:00-04:00,19.762062508715054,19.95255587145857,19.331917642452847,19.344207763671875,7095400,0.0,0.0
2003-07-25 00:00:00-04:00,19.479396841853713,19.68832421532852,18.99394759994152,19.66374397277832,10019400,0.0,0.0
2003-07-28 00:00:00-04:00,19.786649989574233,19.891112541999412,19.325780823718166,19.510128021240234,9533700,0.0,0.0
2003-07-29 00:00:00-04:00,19.577722270935464,19.76821335664011,19.331924448224086,19.399518966674805,9160000,0.0,0.0
2003-07-30 00:00:00-04:00,19.405654962857653,19.442524150218212,18.778872917476452,19.233596801757812,13376600,0.0,0.0
2003-07-31 00:00:00-04:00,19.387220906982165,19.577714258829886,19.159859537687066,19.172149658203125,8446200,0.0,0.0
2003-08-01 00:00:00-04:00,19.202877263350977,19.202877263350977,18.834181785484514,18.926355361938477,8249800,0.0,0.0
2003-08-04 00:00:00-04:00,18.926357042626577,19.12913939765291,18.496213256960488,19.018531799316406,7036200,0.0,0.0
2003-08-05 00:00:00-04:00,18.834176788068827,19.02466895180236,18.60681543794662,18.619104385375977,8585900,0.0,0.0
2003-08-06 00:00:00-04:00,18.864903402312635,19.34420637494059,18.73585948287792,19.245887756347656,10176400,0.0,0.0
2003-08-07 00:00:00-04:00,19.233597472341366,19.69446643259284,19.22745358427568,19.639162063598633,10281900,0.0,0.0
2003-08-08 00:00:00-04:00,19.848079136634084,20.136890952212294,19.848079136634084,20.10616683959961,8409000,0.0,0.0
2003-08-11 00:00:00-04:00,20.069311653835307,20.321253318078472,19.983283135913442,20.087745666503906,6665400,0.0,0.0
2003-08-12 00:00:00-04:00,20.167634164827135,20.35812759399414,20.032445128379468,20.35812759399414,5552400,0.0,0.0
2003-08-13 00:00:00-04:00,20.358125120445532,20.487167906411145,20.278240486423332,20.38884925842285,6164300,0.0,0.0
2003-08-14 00:00:00-04:00,20.351974291193883,20.42571501861157,20.173773393520165,20.327396392822266,6313600,0.0,0.0
2003-08-15 00:00:00-04:00,20.431854626372363,20.610057830810547,20.284375546537206,20.610057830810547,5241800,0.0,0.0
2003-08-18 00:00:00-04:00,20.917306344427164,21.034058969956014,20.72066910979924,20.83127784729004,11878700,0.0,0.0
2003-08-19 00:00:00-04:00,20.837427064911576,20.892731447802163,19.676037368310553,19.762065887451172,32574000,0.0,0.0
2003-08-20 00:00:00-04:00,19.811230169742316,20.063171885739983,19.72519929004647,20.01401138305664,12612000,0.0,0.0
2003-08-21 00:00:00-04:00,20.11233189676377,20.19221654893107,19.94027480972836,20.130765914916992,10810700,0.0,0.0
2003-08-22 00:00:00-04:00,20.247511114209978,20.33968350431421,19.915684883992675,20.155336380004883,11956300,0.0,0.0
2003-08-25 00:00:00-04:00,20.001718256093643,20.351978580799045,19.73748645407358,19.958703994750977,7901100,0.0,0.0
2003-08-26 00:00:00-04:00,19.786645645080203,19.90954453114431,19.559283057476797,19.81122589111328,10068300,0.0,0.0
2003-08-27 00:00:00-04:00,19.755921989035063,20.03858779297147,19.74977575532699,19.946413040161133,7076500,0.0,0.0
2003-08-28 00:00:00-04:00,19.805075207975968,20.186059559488328,19.68832258170142,19.823509216308594,6342200,0.0,0.0
2003-08-29 00:00:00-04:00,19.72519551749033,19.81122638073229,19.583863787509795,19.762065887451172,6875600,0.0,0.0
2003-09-02 00:00:00-04:00,19.66352726182412,19.90986114324335,19.645051868335578,19.866750717163086,9068300,0.07,0.0
2003-09-03 00:00:00-04:00,19.792851867025753,20.23625192228663,19.768218008574806,20.193143844604492,11368700,0.0,0.0
2003-09-04 00:00:00-04:00,20.23009438819051,21.092260729977493,20.23009438819051,21.086103439331055,18824400,0.0,0.0
2003-09-05 00:00:00-04:00,20.839770272006245,20.999885675890035,20.488745962263682,20.790502548217773,11734600,0.0,0.0
2003-09-08 00:00:00-04:00,20.78434181213379,20.790499101979528,20.538007932452537,20.78434181213379,8739200,0.0,0.0
2003-09-09 00:00:00-04:00,20.31630854748012,20.322465836806902,19.669683929726673,19.799009323120117,19824300,0.0,0.0
2003-09-10 00:00:00-04:00,19.70664173965562,19.94681605998331,19.5218924431893,19.565000534057617,11832300,0.0,0.0
2003-09-11 00:00:00-04:00,19.614268640910737,19.860601447194757,19.54652667870483,19.5588436126709,9628500,0.0,0.0
2003-09-12 00:00:00-04:00,19.565003123305818,19.565003123305818,19.158553677604164,19.454153060913086,12207400,0.0,0.0
2003-09-15 00:00:00-04:00,19.700474315237507,20.260882765526734,19.6758416350594,20.186981201171875,15480000,0.0,0.0
2003-09-16 00:00:00-04:00,20.20546837926351,20.51954197048272,20.039193295953957,20.507225036621094,12875500,0.0,0.0
2003-09-17 00:00:00-04:00,20.402528583097922,20.507218966109082,20.279361630156266,20.32246971130371,8335500,0.0,0.0
2003-09-18 00:00:00-04:00,20.260894337638494,20.48875175150699,20.020717640127607,20.433326721191406,9354600,0.0,0.0
2003-09-19 00:00:00-04:00,20.34710764248396,20.51954000157146,20.22394066490087,20.384056091308594,8032300,0.0,0.0
2003-09-22 00:00:00-04:00,20.236252744767356,20.316311613379817,20.051503497304402,20.162353515625,5602900,0.0,0.0
2003-09-23 00:00:00-04:00,20.384052013167423,20.42716009431487,20.205462398076964,20.32246971130371,6493000,0.0,0.0
2003-09-24 00:00:00-04:00,20.32246900146536,20.32246900146536,19.940653574975368,19.952970504760742,5628700,0.0,0.0
2003-09-25 00:00:00-04:00,19.940650469774027,20.23009005240863,19.786692395252764,19.799009323120117,6490300,0.0,0.0
2003-09-26 00:00:00-04:00,19.768227569987552,19.977610769666097,19.645061741981554,19.69432830810547,6719800,0.0,0.0
2003-09-29 00:00:00-04:00,19.632733146124608,19.829800468181613,19.515725855205407,19.799009323120117,7399900,0.0,0.0
2003-09-30 00:00:00-04:00,19.79902359868825,19.903714037224397,19.491106053022936,19.614273071289062,9819300,0.0,0.0
2003-10-01 00:00:00-04:00,19.780539994948196,20.32247327335099,19.743591547039475,20.26089096069336,9912200,0.0,0.0
2003-10-02 00:00:00-04:00,20.365575162487286,20.611909036559606,20.260884792995604,20.476425170898438,9057300,0.0,0.0
2003-10-03 00:00:00-04:00,20.747405311087878,20.87673197903638,20.64887216121296,20.71045684814453,8669200,0.0,0.0
2003-10-06 00:00:00-04:00,20.704296151228807,21.030689102317428,20.6488711104187,20.95063018798828,5318200,0.0,0.0
2003-10-07 00:00:00-04:00,20.722762640967613,21.23390234692635,20.661177987155856,21.227745056152344,7272100,0.0,0.0
2003-10-08 00:00:00-04:00,21.227740230771023,21.233897520145387,21.024514443209974,21.1784725189209,5623600,0.0,0.0
2003-10-09 00:00:00-04:00,21.498716031176503,21.855900067782322,21.350915173115318,21.628040313720703,12209100,0.0,0.0
2003-10-10 00:00:00-04:00,21.566450294075146,21.708091459993526,21.424809128156767,21.504865646362305,6918100,0.0,0.0
2003-10-13 00:00:00-04:00,21.615720873032483,21.8620548248291,21.615720873032483,21.8620548248291,5948200,0.0,0.0
2003-10-14 00:00:00-04:00,21.862056591403512,21.86821388354937,21.67114764587391,21.757366180419922,6939600,0.0,0.0
2003-10-15 00:00:00-04:00,22.065272318533438,22.416296539717717,21.843572315845726,22.348554611206055,12786800,0.0,0.0
2003-10-16 00:00:00-04:00,22.34857059081926,22.50868606879361,22.126870429612115,22.36088752746582,7833800,0.0,0.0
2003-10-17 00:00:00-04:00,22.42861513558643,22.5640990168766,22.182283582311992,22.26234245300293,7276900,0.0,0.0
2003-10-20 00:00:00-04:00,22.34240216103173,22.385510247733336,22.04680284541447,22.231552124023438,6973800,0.0,0.0
2003-10-21 00:00:00-04:00,22.237708592911225,22.47788285576984,22.13917550175861,22.26234245300293,4898100,0.0,0.0
2003-10-22 00:00:00-04:00,22.26234373020967,22.354717187031792,22.04680096586272,22.206918716430664,5297400,0.0,0.0
2003-10-23 00:00:00-04:00,22.07759321942094,22.274659422862143,21.985219757991008,22.071435928344727,7017700,0.0,0.0
2003-10-24 00:00:00-04:00,21.862051272105155,22.009852089007477,21.621877000201383,21.923633575439453,6866000,0.0,0.0
2003-10-27 00:00:00-05:00,22.00984657126355,22.243861144639194,21.972895788997754,22.16996192932129,5430100,0.0,0.0
2003-10-28 00:00:00-05:00,22.403989568709513,23.093721389770508,22.34240490214123,23.093721389770508,12889600,0.0,0.0
2003-10-29 00:00:00-05:00,22.9212890732932,23.303104610014863,22.816596314499378,22.927446365356445,7415600,0.0,0.0
2003-10-30 00:00:00-05:00,23.10603050694708,23.118347436094258,22.564097370541447,22.8227481842041,5883300,0.0,0.0
2003-10-31 00:00:00-05:00,23.032142455385596,23.087567488830487,22.7858084513605,22.828916549682617,4915200,0.0,0.0
2003-11-03 00:00:00-05:00,23.0506064091064,23.333888743017106,22.97054754110064,23.10603141784668,6959300,0.0,0.0
2003-11-04 00:00:00-05:00,23.062924071907794,23.15529752326872,22.853540959923148,22.95207405090332,5221100,0.0,0.0
2003-11-05 00:00:00-05:00,22.87817318191129,22.915121620124502,22.514831994459197,22.847379684448242,4584400,0.0,0.0
2003-11-06 00:00:00-05:00,22.662631258339758,23.01365552923589,22.533307021528362,22.982864379882812,5826300,0.0,0.0
2003-11-07 00:00:00-05:00,23.025979271485085,23.22920514592896,22.822755746256014,23.013662338256836,5057200,0.0,0.0
2003-11-10 00:00:00-05:00,23.01365471295027,23.081396648652728,22.55178044139427,22.8227481842041,5932100,0.0,0.0
2003-11-11 00:00:00-05:00,22.822753739071626,22.902810274192323,22.484043978120212,22.742694854736328,5175900,0.0,0.0
2003-11-12 00:00:00-05:00,22.724222166731757,22.77964719052241,22.557947095359797,22.74885368347168,4472700,0.0,0.0
2003-11-13 00:00:00-05:00,22.748842622506732,22.748842622506732,22.231543435053947,22.367027282714844,7777000,0.0,0.0
2003-11-14 00:00:00-05:00,22.36703473809999,22.576417868270454,22.016010424169266,22.286975860595703,6387600,0.0,0.0
2003-11-17 00:00:00-05:00,21.689618328091964,22.120699137631444,21.449444063001618,21.843576431274414,9816200,0.0,0.0
2003-11-18 00:00:00-05:00,22.5394741361522,22.63184997369005,21.523351669311523,21.523351669311523,18409200,0.0,0.0
2003-11-19 00:00:00-05:00,21.597245214900692,22.016011495621704,21.492554819327694,21.837419509887695,9175600,0.0,0.0
2003-11-20 00:00:00-05:00,21.757354005471708,22.139169333660398,21.72040322562885,21.745037078857422,6770300,0.0,0.0
2003-11-21 00:00:00-05:00,21.892850302322948,22.040651172414172,21.738892139368197,21.96059226989746,6219300,0.0,0.0
2003-11-24 00:00:00-05:00,22.046798525411088,22.533306664816056,22.040641235323587,22.465564727783203,6957300,0.0,0.0
2003-11-25 00:00:00-05:00,22.465574045160015,22.631849137052324,22.35472398389847,22.551790237426758,5727300,0.0,0.0
2003-11-26 00:00:00-05:00,22.55178270331383,22.644158506575835,22.126859176579988,22.50867462158203,5825600,0.0,0.0
2003-11-28 00:00:00-05:00,22.613372785512762,22.718063195082998,22.576421985491887,22.638004302978516,3237500,0.0,0.0
2003-12-01 00:00:00-05:00,22.711895522774117,22.77347781211517,22.336237449837917,22.644153594970703,7125300,0.0,0.0
2003-12-02 00:00:00-05:00,22.459053392769224,22.570114829450304,22.119697695302218,22.132038116455078,8624500,0.07,0.0
2003-12-03 00:00:00-05:00,22.181414125337447,22.354175425653622,21.848229600130946,21.922269821166992,6877700,0.0,0.0
2003-12-04 00:00:00-05:00,21.903751419842113,22.045662766315974,20.712927562805785,21.508867263793945,15138600,0.0,0.0
2003-12-05 00:00:00-05:00,21.305252506669643,21.718648450663515,21.144831710625585,21.4224853515625,5612500,0.0,0.0
2003-12-08 00:00:00-05:00,21.274398713114994,21.656942351564428,21.169508664546058,21.410140991210938,5338800,0.0,0.0
2003-12-09 00:00:00-05:00,21.502692392730996,21.521204202713403,20.99057782131822,21.002918243408203,7784300,0.0,0.0
2003-12-10 00:00:00-05:00,21.015259620556822,21.046109500336367,19.701034029432606,20.410593032836914,14876200,0.0,0.0
2003-12-11 00:00:00-05:00,20.669742986834045,21.40398077097614,20.657402559323774,21.305259704589844,13795700,0.0,0.0
2003-12-12 00:00:00-05:00,21.440991287297884,21.49035297255289,21.286739551418044,21.379291534423828,7409200,0.0,0.0
2003-12-15 00:00:00-05:00,21.86674055705101,21.88525237884363,21.08931229895503,21.194202423095703,11036400,0.0,0.0
2003-12-16 00:00:00-05:00,21.101642122791574,21.274403348046977,20.85483835497371,21.200363159179688,12630300,0.0,0.0
2003-12-17 00:00:00-05:00,21.03993567744537,21.749494598740306,20.996745380012953,21.681623458862305,9428900,0.0,0.0
2003-12-18 00:00:00-05:00,21.68163149639582,21.89141402756173,21.410149189938107,21.798864364624023,9953200,0.0,0.0
2003-12-19 00:00:00-05:00,21.891410949228835,21.9160917973532,21.626097716129973,21.903751373291016,16135100,0.0,0.0
2003-12-22 00:00:00-05:00,21.76800579981663,21.879067246035685,21.28674110199731,21.490354537963867,9432000,0.0,0.0
2003-12-23 00:00:00-05:00,21.31759981556159,21.59525354618022,21.22505014115261,21.34844970703125,6813200,0.0,0.0
2003-12-24 00:00:00-05:00,21.37929984924757,21.50269940298816,21.231217089585,21.40397834777832,4408200,0.0,0.0
2003-12-26 00:00:00-05:00,21.403974956793764,21.675459580881828,21.403974956793764,21.521207809448242,2436000,0.0,0.0
2003-12-29 00:00:00-05:00,21.5952520637747,21.965455443389708,21.51504046850303,21.95311737060547,8173700,0.0,0.0
2003-12-30 00:00:00-05:00,21.87906952782253,22.00247140912393,21.70630830621764,21.774179458618164,4995500,0.0,0.0
2003-12-31 00:00:00-05:00,21.706302396789123,21.94076567206086,21.69396197664909,21.89757537841797,5012400,0.0,0.0
2004-01-02 00:00:00-05:00,22.05799685042389,22.175227315026174,21.478011207141385,21.607582092285156,7177600,0.0,0.0
2004-01-05 00:00:00-05:00,21.63842747903063,21.749488887175563,21.478006752651318,21.613746643066406,11405100,0.0,0.0
2004-01-06 00:00:00-05:00,21.65078630638183,21.934609100218843,21.49653448098831,21.848228454589844,8845200,0.0,0.0
2004-01-07 00:00:00-05:00,21.86672585140551,22.26778131754984,21.817366518444764,22.150550842285156,9236900,0.0,0.0
2004-01-08 00:00:00-05:00,22.14438674404723,22.199917482966786,21.700140832690803,21.9654541015625,10918400,0.0,0.0
2004-01-09 00:00:00-05:00,21.842052470568962,22.255446101374048,21.835881081446168,22.02098274230957,8280000,0.0,0.0
2004-01-12 00:00:00-05:00,21.983954411141294,22.088844444372747,21.49034940891677,21.71864128112793,10170700,0.0,0.0
2004-01-13 00:00:00-05:00,21.866726168685076,21.872897556453943,21.440992206730485,21.64460563659668,8871800,0.0,0.0
2004-01-14 00:00:00-05:00,21.64460818478013,21.965449775689333,21.48418503563045,21.88524055480957,9344700,0.0,0.0
2004-01-15 00:00:00-05:00,21.92226878925385,21.990139969382177,21.58291524230829,21.86056900024414,9006100,0.0,0.0
2004-01-16 00:00:00-05:00,22.0888559836383,22.125877260780502,21.44099893267081,21.558229446411133,18627300,0.0,0.0
2004-01-20 00:00:00-05:00,21.570573371108217,21.69397529457049,21.471852303077586,21.601423263549805,10340800,0.0,0.0
2004-01-21 00:00:00-05:00,21.68779923496829,22.051833496773543,21.60141626892869,21.990131378173828,8554800,0.0,0.0
2004-01-22 00:00:00-05:00,21.990129066182728,22.298632565660476,21.780346592390064,22.1690616607666,7968800,0.0,0.0
2004-01-23 00:00:00-05:00,22.24310487512615,22.34182591427483,22.070343645039767,22.162893295288086,6773100,0.0,0.0
2004-01-26 00:00:00-05:00,22.144383230319658,22.428205915897543,22.064171652675412,22.397356033325195,6377700,0.0,0.0
2004-01-27 00:00:00-05:00,22.162897229343653,22.459062753056195,22.162897229343653,22.17523765563965,6164400,0.0,0.0
2004-01-28 00:00:00-05:00,22.28628316122951,22.30479496424993,21.410134705599106,21.49651527404785,11054400,0.0,0.0
2004-01-29 00:00:00-05:00,21.62610063202991,21.99630634272545,21.533550969627683,21.9654541015625,8789700,0.0,0.0
2004-01-30 00:00:00-05:00,21.87290013151382,22.10119207824751,21.79268855693898,21.88524055480957,5811100,0.0,0.0
2004-02-02 00:00:00-05:00,21.885240916419914,22.10736383202341,21.626096730317464,21.774179458618164,7547200,0.0,0.0
2004-02-03 00:00:00-05:00,21.626094818115234,21.916088860477675,21.60758536134994,21.626094818115234,7144400,0.0,0.0
2004-02-04 00:00:00-05:00,21.626099361052773,22.1073665213031,21.601418511051136,21.879072189331055,7859100,0.0,0.0
2004-02-05 00:00:00-05:00,21.903751373291016,22.119702910141147,21.80503033448878,21.903751373291016,5996600,0.0,0.0
2004-02-06 00:00:00-05:00,21.96545524925113,22.465231925640296,21.953117176575937,22.41587257385254,7356200,0.0,0.0
2004-02-09 00:00:00-05:00,22.415873531149746,22.631825117623038,22.280131188968955,22.317150115966797,5684900,0.0,0.0
2004-02-10 00:00:00-05:00,22.397362467608446,22.428212359043307,22.107370663685714,22.24311065673828,7258100,0.0,0.0
2004-02-11 00:00:00-05:00,22.273953735197633,22.835430060877385,22.175232700584548,22.7243709564209,9489400,0.0,0.0
2004-02-12 00:00:00-05:00,22.68734572305081,22.742876442427175,22.434372968935097,22.56394386291504,4933200,0.0,0.0
2004-02-13 00:00:00-05:00,22.582463410031565,22.693524898416616,22.19991959098069,22.317150115966797,6144800,0.0,0.0
2004-02-17 00:00:00-05:00,22.372675185789248,22.514588882273358,22.2862945731086,22.397356033325195,6118000,0.0,0.0
2004-02-18 00:00:00-05:00,22.55159926281692,22.55159926281692,22.02714439653752,22.14437484741211,6156400,0.0,0.0
2004-02-19 00:00:00-05:00,22.39735499262922,22.403526381074037,21.92225929126588,21.940771102905273,7672200,0.0,0.0
2004-02-20 00:00:00-05:00,22.05801053818111,22.15056257282671,21.693976144242313,22.02716064453125,7681800,0.0,0.0
2004-02-23 00:00:00-05:00,22.08268280212368,22.150553953962064,21.693967703037107,21.829710006713867,8243100,0.0,0.0
2004-02-24 00:00:00-05:00,22.08269659913911,22.280138789467596,21.879083016408533,22.206098556518555,11990400,0.0,0.0
2004-02-25 00:00:00-05:00,22.459065719354776,22.52076550528814,22.280133044973674,22.465234756469727,9190500,0.0,0.0
2004-02-26 00:00:00-05:00,22.47140079942328,22.816925674220776,22.335660817717116,22.730545043945312,8174400,0.0,0.0
2004-02-27 00:00:00-05:00,22.829273918471383,22.878635640501834,22.37885879657755,22.403539657592773,10312900,0.0,0.0
2004-03-01 00:00:00-05:00,22.570124209675978,22.76139493280146,22.45906272683734,22.730545043945312,6856800,0.0,0.0
2004-03-02 00:00:00-05:00,22.687346102944293,23.020530424781548,22.681174715302074,22.847766876220703,8727000,0.0,0.0
2004-03-03 00:00:00-05:00,22.773728724114562,22.989680236887235,22.7675596896189,22.860109329223633,5706200,0.0,0.0
2004-03-04 00:00:00-05:00,22.921811019003727,22.946489510225224,22.662666854771174,22.890958786010742,5845800,0.0,0.0
2004-03-05 00:00:00-05:00,22.73671263119402,23.174789498336313,22.61948211953369,23.106918334960938,9249200,0.0,0.0
2004-03-08 00:00:00-05:00,23.10691531136628,23.230317196474488,22.890961424003116,22.965003967285156,6794900,0.0,0.0
2004-03-09 00:00:00-05:00,22.84136748026369,22.977363190453893,22.686825078310793,22.853731155395508,7330100,0.07,0.0
2004-03-10 00:00:00-05:00,22.76718253500219,22.90317821381693,22.439551114921326,22.50136947631836,6455800,0.0,0.0
2004-03-11 00:00:00-05:00,22.383933151120587,22.711564825626002,22.254118028572073,22.30975341796875,8674800,0.0,0.0
2004-03-12 00:00:00-05:00,22.285026054207737,22.859924291929676,21.982124101594533,22.30975341796875,6765300,0.0,0.0
2004-03-15 00:00:00-05:00,22.223208988624677,22.27884437548204,21.710126825592162,21.88939666748047,7237200,0.0,0.0
2004-03-16 00:00:00-05:00,21.994485211658738,22.315931470440372,21.889395107028225,22.167572021484375,5786400,0.0,0.0
2004-03-17 00:00:00-05:00,22.371558925916148,22.6126470717686,22.25410754060092,22.56319236755371,5748500,0.0,0.0
2004-03-18 00:00:00-05:00,22.56318668286048,22.96499779991664,22.501370676296222,22.866090774536133,8353600,0.0,0.0
2004-03-19 00:00:00-05:00,22.872281222225666,22.97736894999271,22.587923697306074,22.674467086791992,7530600,0.0,0.0
2004-03-22 00:00:00-05:00,22.4395600479725,22.495195416313244,22.210837915074013,22.291200637817383,6640400,0.0,0.0
2004-03-23 00:00:00-05:00,22.377740011127425,22.52609939470398,22.272649952808305,22.383920669555664,7240500,0.0,0.0
2004-03-24 00:00:00-05:00,22.346843340722245,22.445750432665193,22.11811877462267,22.247936248779297,6452000,0.0,0.0
2004-03-25 00:00:00-05:00,22.285015921816598,23.033000649514896,22.198472546133175,22.965003967285156,7944900,0.0,0.0
2004-03-26 00:00:00-05:00,22.847550530642515,23.014456625200392,22.810461859494204,22.82900619506836,6852100,0.0,0.0
2004-03-29 00:00:00-05:00,22.82900570012104,23.076274507022916,22.78573401263273,23.057727813720703,5376700,0.0,0.0
2004-03-30 00:00:00-05:00,23.057725758736257,23.187540809631624,22.971182391472677,23.12572479248047,5044600,0.0,0.0
2004-03-31 00:00:00-05:00,23.070090763696513,23.175180828667404,22.884640343422625,23.094818115234375,6272500,0.0,0.0
2004-04-01 00:00:00-05:00,23.057727669480737,23.08245502164226,22.87227724452949,22.92173194885254,5471600,0.0,0.0
2004-04-02 00:00:00-05:00,23.05773167942842,23.1133670524023,22.532288324332196,22.674467086791992,12430300,0.0,0.0
2004-04-05 00:00:00-04:00,22.58173529314892,23.045362504641197,22.575554634572864,23.02063751220703,6466300,0.0,0.0
2004-04-06 00:00:00-04:00,23.39153963246593,23.39153963246593,22.71773462015517,22.835186004638672,5716000,0.0,0.0
2004-04-07 00:00:00-04:00,22.946457756754935,23.002093122026608,22.51373851110083,22.5570125579834,7767000,0.0,0.0
2004-04-08 00:00:00-04:00,22.717731745225016,22.773367100967086,22.291195589955674,22.37773895263672,9025200,0.0,0.0
2004-04-12 00:00:00-04:00,22.414831094813454,22.557012193422192,22.377742423985207,22.53846549987793,3910700,0.0,0.0
2004-04-13 00:00:00-04:00,22.538473002005293,22.575564043309754,22.081028616571558,22.167572021484375,8008400,0.0,0.0
2004-04-14 00:00:00-04:00,21.94502719808886,22.27883944536324,21.91411918070358,22.142841339111328,6885600,0.0,0.0
2004-04-15 00:00:00-04:00,22.149027679897607,22.340658831310016,22.111936638593146,22.167572021484375,6164600,0.0,0.0
2004-04-16 00:00:00-04:00,22.346830945697743,22.408646959575698,22.006835794979672,22.37773895263672,7030600,0.0,0.0
2004-04-19 00:00:00-04:00,22.28501262126277,22.315920628267726,22.01919951638653,22.254104614257812,4980300,0.0,0.0
2004-04-20 00:00:00-04:00,22.346840889369332,22.581743733134072,22.037755966186523,22.037755966186523,4915800,0.0,0.0
2004-04-21 00:00:00-04:00,22.07483907347507,22.22938149604176,21.883207978695715,21.969751358032227,6626300,0.0,0.0
2004-04-22 00:00:00-04:00,21.926479000751744,22.563193007738327,21.883207312401016,22.47046661376953,6015100,0.0,0.0
2004-04-23 00:00:00-04:00,22.315924403052698,22.71773563647369,22.297380067338864,22.5570125579834,4680400,0.0,0.0
2004-04-26 00:00:00-04:00,22.625009031630753,22.773370790354793,22.445741619090654,22.47046661376953,4549700,0.0,0.0
2004-04-27 00:00:00-04:00,22.482832363432475,22.791917227657233,22.47665170372534,22.58173942565918,5152000,0.0,0.0
2004-04-28 00:00:00-04:00,22.427203731710772,22.513747142394468,22.149029156836345,22.247936248779297,5011200,0.0,0.0
2004-04-29 00:00:00-04:00,22.19229980818509,22.371567282602502,21.883214865776555,22.087209701538086,6266500,0.0,0.0
2004-04-30 00:00:00-04:00,22.087207348760646,22.179933764858173,21.753395080566406,21.753395080566406,6377800,0.0,0.0
2004-05-03 00:00:00-04:00,21.790479902024106,21.94502231267676,21.51230309122332,21.77811622619629,8375300,0.0,0.0
2004-05-04 00:00:00-04:00,21.77192947564649,22.09955853995917,21.69774744143543,21.85847282409668,5134500,0.0,0.0
2004-05-05 00:00:00-04:00,21.77812275875976,21.883212855754003,21.654488321526255,21.796667098999023,4653800,0.0,0.0
2004-05-06 00:00:00-04:00,21.635935002711143,21.648298677116838,21.110491810182925,21.240306854248047,10876800,0.0,0.0
2004-05-07 00:00:00-04:00,20.708681973544035,21.17230918190696,20.325417474907063,20.39959716796875,15928600,0.0,0.0
2004-05-10 00:00:00-04:00,20.152328240951494,20.69013749678837,20.121420232233604,20.67159080505371,10169800,0.0,0.0
2004-05-11 00:00:00-04:00,20.677775851691848,20.72104753977102,20.473778729492768,20.702503204345703,7538100,0.0,0.0
2004-05-12 00:00:00-04:00,20.615959333153576,20.838500810889396,19.99160895006617,20.727230072021484,10560700,0.0,0.0
2004-05-13 00:00:00-04:00,20.554144065453507,21.054862408907304,20.473781338154158,20.844684600830078,8983200,0.0,0.0
2004-05-14 00:00:00-04:00,20.75813690172128,21.079583027886333,20.523231786634554,20.894132614135742,6948300,0.0,0.0
2004-05-17 00:00:00-04:00,20.55413979263639,20.863224601548218,20.44286907277774,20.69013786315918,8121900,0.0,0.0
2004-05-18 00:00:00-04:00,21.295941893102075,21.475211632122242,21.110491496035923,21.401029586791992,14104700,0.0,0.0
2004-05-19 00:00:00-04:00,21.543221659019135,21.60504006845244,20.993050784784355,21.030141830444336,7603400,0.0,0.0
2004-05-20 00:00:00-04:00,21.030133678805868,21.227947796053908,20.875591252322693,21.079586029052734,6761300,0.0,0.0
2004-05-21 00:00:00-04:00,21.172313366468558,21.524669925814827,21.091950640859466,21.308311462402344,8684700,0.0,0.0
2004-05-24 00:00:00-04:00,21.38866247055537,21.49993316251454,21.23412010484867,21.419572830200195,6276400,0.0,0.0
2004-05-25 00:00:00-04:00,21.425763790173527,21.827575077480088,21.209405317396453,21.821392059326172,7517900,0.0,0.0
2004-05-26 00:00:00-04:00,21.790482547920927,21.969752331996943,21.598849086515838,21.920297622680664,6813900,0.0,0.0
2004-05-27 00:00:00-04:00,21.945023177159584,22.26647168695557,21.89556847190014,22.155200958251953,8433900,0.0,0.0
2004-05-28 00:00:00-04:00,22.15520424648322,22.439561769538397,22.111932552023976,22.20465660095215,7014700,0.0,0.0
2004-06-01 00:00:00-04:00,22.111918793101445,22.204642784333032,21.951193435293597,22.105735778808594,6297800,0.0,0.0
2004-06-02 00:00:00-04:00,21.635939209101032,22.087202801058083,21.54321281209565,22.050111770629883,11178600,0.0,0.0
2004-06-03 00:00:00-04:00,21.94501519159124,22.247919255756283,21.771928502427944,21.93265151977539,7191900,0.0,0.0
2004-06-04 00:00:00-04:00,21.988296621450868,22.1119310363443,21.821390515064284,21.839937210083008,8056300,0.0,0.0
2004-06-07 00:00:00-04:00,21.99447788241903,22.223199998918624,21.796661419511388,22.155200958251953,7311300,0.0,0.0
2004-06-08 00:00:00-04:00,22.15210608871544,22.276034427693308,21.87326791694935,22.263641357421875,7613500,0.085,0.0
2004-06-09 00:00:00-04:00,21.984798571253577,22.14590608723079,21.885656393627585,21.960012435913086,8780500,0.0,0.0
2004-06-10 00:00:00-04:00,22.08393512172722,22.201668052727328,21.860864687974765,22.152095794677734,8184600,0.0,0.0
2004-06-14 00:00:00-04:00,21.99718828545195,22.1149188647673,21.736940995259413,22.00338363647461,5682500,0.0,0.0
2004-06-15 00:00:00-04:00,22.183093433324434,22.29462873144834,22.096344282280747,22.164505004882812,7589900,0.0,0.0
2004-06-16 00:00:00-04:00,22.17068548221141,22.35038138235298,21.997187296549477,22.3070068359375,5333100,0.0,0.0
2004-06-17 00:00:00-04:00,22.276032034529514,22.282227387131417,21.99719389271963,22.10253143310547,5880500,0.0,0.0
2004-06-18 00:00:00-04:00,22.10872834397064,22.10872834397064,21.81130179145478,21.91663932800293,13836700,0.0,0.0
2004-06-21 00:00:00-04:00,21.842288851921403,22.25125076140791,21.842288851921403,22.133520126342773,7814000,0.0,0.0
2004-06-22 00:00:00-04:00,21.90424484293406,21.941424045995152,21.544855334954033,21.712158203125,10313400,0.0,0.0
2004-06-23 00:00:00-04:00,21.62540906376034,21.99719163892382,21.532462238101488,21.960012435913086,7715000,0.0,0.0
2004-06-24 00:00:00-04:00,21.99719514697252,22.375175498118313,21.904248306490775,21.935232162475586,8889700,0.0,0.0
2004-06-25 00:00:00-04:00,22.02817262490387,22.387564487953863,21.842281341552734,21.842281341552734,12481000,0.0,0.0
2004-06-28 00:00:00-04:00,21.997190614166275,22.152100407223784,21.904243792837427,21.97240447998047,6621300,0.0,0.0
2004-06-29 00:00:00-04:00,21.891853890958927,21.898049242864268,21.61301578049975,21.792709350585938,7898200,0.0,0.0
2004-06-30 00:00:00-04:00,21.73073891877573,21.848469474460572,21.594417586283186,21.81129264831543,6443600,0.0,0.0
2004-07-01 00:00:00-04:00,21.8175019170533,21.904251051715676,21.464307660935543,21.681182861328125,7660100,0.0,0.0
2004-07-02 00:00:00-04:00,21.68117677894214,21.805102728701566,21.371357177071634,21.495283126831055,6150600,0.0,0.0
2004-07-06 00:00:00-04:00,21.31558678487955,21.66258318110197,21.191658487484826,21.482887268066406,6617700,0.0,0.0
2004-07-07 00:00:00-04:00,21.4085378578758,21.76173207828355,21.4085378578758,21.687376022338867,5049600,0.0,0.0
2004-07-08 00:00:00-04:00,21.563445784076997,21.68117875631634,21.21644931112616,21.2474308013916,7180500,0.0,0.0
2004-07-09 00:00:00-04:00,21.25362632554073,21.377554651339214,21.148288785040553,21.297000885009766,5737500,0.0,0.0
2004-07-12 00:00:00-04:00,21.297001958474453,21.575840114641686,21.16687827350852,21.47669792175293,5761400,0.0,0.0
2004-07-13 00:00:00-04:00,21.501480002946316,21.668782865071677,21.43951466675032,21.600622177124023,4922700,0.0,0.0
2004-07-14 00:00:00-04:00,21.544858455054175,21.668786786135666,21.290806440018457,21.383750915527344,5486800,0.0,0.0
2004-07-15 00:00:00-04:00,21.476692670882592,21.476692670882592,21.2598199156296,21.272212982177734,5370700,0.0,0.0
2004-07-16 00:00:00-04:00,21.464306676158444,21.464306676158444,20.98098874022163,21.018165588378906,6820400,0.0,0.0
2004-07-19 00:00:00-04:00,21.03674939905378,21.10491008305102,20.410912540293435,20.615394592285156,10107400,0.0,0.0
2004-07-20 00:00:00-04:00,20.6649694706823,21.17927121833201,20.6649694706823,21.061540603637695,5870600,0.0,0.0
2004-07-21 00:00:00-04:00,21.204059083608207,21.235040578025156,20.7765064239502,20.776506423950195,5192200,0.0,0.0
2004-07-22 00:00:00-04:00,20.66496568380408,20.98098298893372,20.541039738934924,20.943803787231445,5672600,0.0,0.0
2004-07-23 00:00:00-04:00,20.881843270922467,20.906629408306,20.392327694410405,20.448095321655273,7399700,0.0,0.0
2004-07-26 00:00:00-04:00,20.479078697880947,20.61540010231103,20.181652113090536,20.373741149902344,6551000,0.0,0.0
2004-07-27 00:00:00-04:00,20.435698580751836,20.94380248712927,20.41711016292253,20.714536666870117,7403500,0.0,0.0
2004-07-28 00:00:00-04:00,20.689758601257882,20.869454589460407,20.47288576290081,20.757919311523438,5647200,0.0,0.0
2004-07-29 00:00:00-04:00,20.85085915053228,21.073927267633493,20.61539560256694,20.89423370361328,4196000,0.0,0.0
2004-07-30 00:00:00-04:00,20.819875300843684,20.993375876903553,20.69594935703274,20.89423370361328,4397600,0.0,0.0
2004-08-02 00:00:00-04:00,20.89423802093363,21.20405767194991,20.795095827157876,21.08632469177246,5040500,0.0,0.0
2004-08-03 00:00:00-04:00,20.98718611048627,21.00577690008797,20.584421913079783,20.770313262939453,6156100,0.0,0.0
2004-08-04 00:00:00-04:00,20.6153962955578,20.98098351505544,20.516254118934846,20.81368064880371,5037500,0.0,0.0
2004-08-05 00:00:00-04:00,20.813683618561743,20.838469757188026,20.32416801750589,20.43570327758789,5542800,0.0,0.0
2004-08-06 00:00:00-04:00,20.169258028403767,20.60300599579943,20.070115838462154,20.386133193969727,7796500,0.0,0.0
2004-08-09 00:00:00-04:00,20.386131002909593,20.596808429359374,20.367540219224963,20.39232635498047,4149700,0.0,0.0
2004-08-10 00:00:00-04:00,20.44809090799972,20.677356719970703,20.392323292792113,20.677356719970703,4364600,0.0,0.0
2004-08-11 00:00:00-04:00,20.522454619791752,20.534847690445954,20.262207227263065,20.50386619567871,5863900,0.0,0.0
2004-08-12 00:00:00-04:00,20.534846785583504,20.683561263144355,20.373741601650973,20.417116165161133,5226300,0.0,0.0
2004-08-13 00:00:00-04:00,20.541044976586793,20.739329375419985,20.410918919316615,20.534847259521484,6774800,0.0,0.0
2004-08-16 00:00:00-04:00,20.726924281970394,21.278402594063024,20.695942805824707,21.05533218383789,9742200,0.0,0.0
2004-08-17 00:00:00-04:00,22.170689168043076,22.21406372166949,21.705959781700734,21.74933433532715,14737400,0.0,0.0
2004-08-18 00:00:00-04:00,21.68737575499881,22.362782694489656,21.68737575499881,22.325603485107422,12812900,0.0,0.0
2004-08-19 00:00:00-04:00,22.32560248573903,22.796529661888243,22.307014063748177,22.45572853088379,9857400,0.0,0.0
2004-08-20 00:00:00-04:00,22.45573426135667,22.61064412077522,22.33180590107446,22.53009033203125,5818000,0.0,0.0
2004-08-23 00:00:00-04:00,22.47430967085529,22.48050502159943,22.090134103860084,22.3070068359375,5654200,0.0,0.0
2004-08-24 00:00:00-04:00,22.424747907729504,22.554873971627785,22.350391845313776,22.511499404907227,7265700,0.0,0.0
2004-08-25 00:00:00-04:00,22.443343093179447,22.78414434006845,22.362789297600827,22.678804397583008,5550000,0.0,0.0
2004-08-26 00:00:00-04:00,22.635421610498387,22.846099055300886,22.598244767362555,22.660207748413086,3941200,0.0,0.0
2004-08-27 00:00:00-04:00,22.66641016063229,22.796533866038274,22.517695666070665,22.672605514526367,3429100,0.0,0.0
2004-08-30 00:00:00-04:00,22.647812913572096,22.80272271785609,22.604438357471462,22.635419845581055,3540200,0.0,0.0
2004-08-31 00:00:00-04:00,22.781369960047645,22.82484566701638,22.470827842129054,22.70684051513672,5879100,0.085,0.0
2004-09-01 00:00:00-04:00,22.700631097465198,22.949065769611323,22.582625931282532,22.905590057373047,5789800,0.0,0.0
2004-09-02 00:00:00-04:00,22.924225962139804,23.601208078097294,22.924225962139804,23.532888412475586,10186800,0.0,0.0
2004-09-03 00:00:00-04:00,23.45214305660198,23.526674881419936,23.2099205490653,23.278240203857422,6655700,0.0,0.0
2004-09-07 00:00:00-04:00,23.43351266224992,23.59499592293081,23.29687334463514,23.377614974975586,6950800,0.0,0.0
2004-09-08 00:00:00-04:00,23.29066483099929,23.377616267288523,22.99875440695777,23.147815704345703,6507800,0.0,0.0
2004-09-09 00:00:00-04:00,23.135395153592338,23.19750264925805,22.787587017816712,22.9863338470459,5785900,0.0,0.0
2004-09-10 00:00:00-04:00,22.980131158922074,23.408678697874738,22.973921355132827,23.31551742553711,5502800,0.0,0.0
2004-09-13 00:00:00-04:00,23.414873950849838,23.470771621559553,23.197493067312905,23.247180938720703,5861900,0.0,0.0
2004-09-14 00:00:00-04:00,23.383837428008544,23.725433503007704,23.29067378516793,23.688167572021484,6788100,0.0,0.0
2004-09-15 00:00:00-04:00,23.66953426658941,23.942810635136926,23.5639486535542,23.84343719482422,9079300,0.0,0.0
2004-09-16 00:00:00-04:00,23.849645811219833,24.278193264431444,23.849645811219833,24.03597068786621,7300600,0.0,0.0
2004-09-17 00:00:00-04:00,24.191223177879294,24.191223177879294,23.775095650319876,23.793729782104492,11139500,0.0,0.0
2004-09-20 00:00:00-04:00,23.787537958283686,23.96765304766908,23.638478992016122,23.886911392211914,4644200,0.0,0.0
2004-09-21 00:00:00-04:00,24.05460533412238,24.278196160468926,23.942809920949106,24.09187126159668,5712700,0.0,0.0
2004-09-22 00:00:00-04:00,23.942800272394805,24.10428352379206,23.681945992943568,23.7564754486084,6069800,0.0,0.0
2004-09-23 00:00:00-04:00,23.756476375817655,23.924169434545046,23.669524945940218,23.700578689575195,3818000,0.0,0.0
2004-09-24 00:00:00-04:00,23.70058350328264,24.104289360278308,23.663317581802513,23.868276596069336,5289200,0.0,0.0
2004-09-27 00:00:00-04:00,23.849627438963296,24.011108242528987,23.762673685545973,23.793729782104492,4492300,0.0,0.0
2004-09-28 00:00:00-04:00,23.76890439296366,24.22229579925518,23.520469642194627,24.11671257019043,7447000,0.0,0.0
2004-09-29 00:00:00-04:00,24.07944535775639,24.46451706850993,24.07944535775639,24.45830726623535,5908200,0.0,0.0
2004-09-30 00:00:00-04:00,24.389981832171884,24.675680054283458,24.25955469197947,24.346506118774414,9433100,0.0,0.0
2004-10-01 00:00:00-04:00,24.58873227405937,24.625998192176127,24.346509729423055,24.3775634765625,6472800,0.0,0.0
2004-10-04 00:00:00-04:00,24.383772572758758,24.781268580089026,24.383772572758758,24.61978530883789,7468200,0.0,0.0
2004-10-05 00:00:00-04:00,24.53282659039974,24.644621939085727,24.34650179900585,24.55145835876465,5888800,0.0,0.0
2004-10-06 00:00:00-04:00,24.59494555335532,24.719162928725677,24.445886598310395,24.663265228271484,4025000,0.0,0.0
2004-10-07 00:00:00-04:00,24.688110737484173,24.812328120705068,24.383778267055458,24.40241241455078,5069600,0.0,0.0
2004-10-08 00:00:00-04:00,24.28440576374275,24.594948049055315,24.04218316027889,24.23472023010254,6016000,0.0,0.0
2004-10-11 00:00:00-04:00,24.42104269748237,24.973807531257247,24.41483289486384,24.886856079101562,8886700,0.0,0.0
2004-10-12 00:00:00-04:00,24.6881137379076,24.843384893491923,24.303041935448423,24.750221252441406,5636500,0.0,0.0
2004-10-13 00:00:00-04:00,24.84337499556598,24.862006768653018,24.58873049663138,24.712947845458984,5368700,0.0,0.0
2004-10-14 00:00:00-04:00,24.6570595024792,24.762642748989112,24.284407314753587,24.414836883544922,3965200,0.0,0.0
2004-10-15 00:00:00-04:00,24.53904508776881,24.76884803554637,24.31545668039602,24.725372314453125,7371900,0.0,0.0
2004-10-18 00:00:00-04:00,24.72537290838313,25.011071187929836,24.619787319442462,24.95517349243164,7005600,0.0,0.0
2004-10-19 00:00:00-04:00,24.98001259005604,25.129071502949945,24.57630682657504,24.68189239501953,5545500,0.0,0.0
2004-10-20 00:00:00-04:00,24.681897639823422,24.72537336275995,24.445884880132827,24.520414352416992,5560000,0.0,0.0
2004-10-21 00:00:00-04:00,24.47072923803455,24.799903251293003,24.47072923803455,24.67568588256836,4912000,0.0,0.0
2004-10-22 00:00:00-04:00,24.67567552045795,24.806102636686123,24.296813771106184,24.32786750793457,4380200,0.0,0.0
2004-10-25 00:00:00-04:00,24.160175896017858,24.160175896017858,23.79373612979528,24.017324447631836,6264900,0.0,0.0
2004-10-26 00:00:00-04:00,24.004914164054036,24.669474314527026,23.96143844349966,24.638418197631836,6137100,0.0,0.0
2004-10-27 00:00:00-04:00,24.539051690317823,25.371305155422807,24.532841886740435,25.334041595458984,8385400,0.0,0.0
2004-10-28 00:00:00-04:00,25.197391474123172,25.737734186316146,25.184969503018323,25.563831329345703,7369600,0.0,0.0
2004-10-29 00:00:00-04:00,25.50793463439158,25.775001100393393,25.34645374225619,25.51414680480957,8337000,0.0,0.0
2004-11-01 00:00:00-05:00,25.4768808900481,25.886796475428984,25.43961497528663,25.51414680480957,7110800,0.0,0.0
2004-11-02 00:00:00-05:00,25.37751159785063,25.812271196838495,25.37751159785063,25.551414489746094,5946600,0.0,0.0
2004-11-03 00:00:00-05:00,26.017222409705568,26.017222409705568,25.34024038989919,25.594884872436523,7181700,0.0,0.0
2004-11-04 00:00:00-05:00,25.594893104649017,26.079340652772142,25.49551967387367,26.04828453063965,6686900,0.0,0.0
2004-11-05 00:00:00-05:00,26.048280266529254,26.520305762378577,26.023438689839097,26.265661239624023,7846500,0.0,0.0
2004-11-08 00:00:00-05:00,26.209762998390353,26.557568757278144,26.14765313483965,26.365034103393555,5877800,0.0,0.0
2004-11-09 00:00:00-05:00,26.271873127439196,26.42714424801419,25.986174834201034,26.122814178466797,4926300,0.0,0.0
2004-11-10 00:00:00-05:00,26.20355604276912,26.36503935089233,26.091760635375977,26.091760635375977,5292700,0.0,0.0
2004-11-11 00:00:00-05:00,26.32155729621346,26.62588732266868,26.14765205470439,26.563779830932617,5803900,0.0,0.0
2004-11-12 00:00:00-05:00,26.60725471494898,26.861899213882886,26.557566827718528,26.8432674407959,6469000,0.0,0.0
2004-11-15 00:00:00-05:00,26.781158823358854,27.32150396042107,26.625887722438467,27.19728660583496,9986300,0.0,0.0
2004-11-16 00:00:00-05:00,27.495404296235833,27.514036068466062,26.48924831857466,26.706626892089844,16544900,0.0,0.0
2004-11-17 00:00:00-05:00,26.61346307540956,26.892951502827543,26.197337704002905,26.259445190429688,11830900,0.0,0.0
2004-11-18 00:00:00-05:00,26.259433529650327,26.638295188662877,26.122796646336717,26.58860969543457,9321300,0.0,0.0
2004-11-19 00:00:00-05:00,26.688002552764903,26.694212355488226,26.495465498850063,26.520309448242188,8913000,0.0,0.0
2004-11-22 00:00:00-05:00,26.53893368913022,26.961271231863176,26.42713831786275,26.849475860595703,6973200,0.0,0.0
2004-11-23 00:00:00-05:00,26.84327198340586,27.060650603703284,26.706632639647893,27.03580665588379,6060100,0.0,0.0
2004-11-24 00:00:00-05:00,27.00476095850659,27.20350786183001,26.905387506844882,26.97370719909668,4722400,0.0,0.0
2004-11-26 00:00:00-05:00,26.868106508775472,27.135172954603746,26.86189670807538,26.936426162719727,2106000,0.0,0.0
2004-11-29 00:00:00-05:00,26.899168855730405,27.004752076848586,26.458197087841988,26.725263595581055,7299300,0.0,0.0
2004-11-30 00:00:00-05:00,26.448327367177264,26.69725375079646,25.981592178344727,25.981592178344727,9843800,0.085,0.0
2004-12-01 00:00:00-05:00,26.106063847395255,26.491897730750026,26.07494863282351,26.311426162719727,8646500,0.0,0.0
2004-12-02 00:00:00-05:00,26.311423136905752,26.560349572730566,25.81979710575631,26.23052406311035,8408100,0.0,0.0
2004-12-03 00:00:00-05:00,26.043818460524367,26.305191359302643,25.931801843039043,26.006481170654297,6244100,0.0,0.0
2004-12-06 00:00:00-05:00,25.882020425840718,26.24918551226784,25.882020425840718,26.137168884277344,5012800,0.0,0.0
2004-12-07 00:00:00-05:00,26.012719636301433,26.36743835699207,25.969157854738654,25.994050979614258,6350400,0.0,0.0
2004-12-08 00:00:00-05:00,26.13717923402925,26.57902145609731,26.112286112632503,26.485675811767578,5893900,0.0,0.0
2004-12-09 00:00:00-05:00,26.485668244318774,26.75326328803014,26.261634963635952,26.691030502319336,5861300,0.0,0.0
2004-12-10 00:00:00-05:00,26.728381489601073,26.778165365308418,26.46700842683562,26.535463333129883,4620400,0.0,0.0
2004-12-13 00:00:00-05:00,26.603917752679322,26.678594751843573,26.274092163593135,26.610139846801758,4595500,0.0,0.0
2004-12-14 00:00:00-05:00,26.57279459151399,26.635025009893535,26.354983379308997,26.54167938232422,5186000,0.0,0.0
2004-12-15 00:00:00-05:00,26.603908659506097,26.603908659506097,26.336313598863846,26.442108154296875,4959200,0.0,0.0
2004-12-16 00:00:00-05:00,26.442116412388984,26.54168653298466,26.17452126817455,26.50434684753418,7310000,0.0,0.0
2004-12-17 00:00:00-05:00,26.448331122092203,26.54167912268666,26.12472772701989,26.143396377563477,8841600,0.0,0.0
2004-12-20 00:00:00-05:00,26.479449534623335,26.479449534623335,25.95670589071385,25.969152450561523,5614900,0.0,0.0
2004-12-21 00:00:00-05:00,25.91936185372092,26.236740738626747,25.83846042269083,26.205625534057617,5506300,0.0,0.0
2004-12-22 00:00:00-05:00,26.261637100115568,26.5416787237515,26.16206700881593,26.460777282714844,5144700,0.0,0.0
2004-12-23 00:00:00-05:00,26.460777282714844,26.65991746531412,26.41721551614239,26.460777282714844,3565700,0.0,0.0
2004-12-27 00:00:00-05:00,26.46077931597924,26.678588165578084,26.218077348158126,26.28030776977539,4526800,0.0,0.0
2004-12-28 00:00:00-05:00,26.36120943939775,26.759489838560125,26.342540787542777,26.65991973876953,4482100,0.0,0.0
2004-12-29 00:00:00-05:00,26.51056371208458,26.728374940005896,26.504341619372983,26.635026931762695,4837100,0.0,0.0
2004-12-30 00:00:00-05:00,26.72215000457788,26.815498011183507,26.635026464513118,26.70970344543457,3358100,0.0,0.0
2004-12-31 00:00:00-05:00,26.6661297145117,26.74080903587473,26.560337570153447,26.59767723083496,3616200,0.0,0.0
2005-01-03 00:00:00-05:00,26.753271413822315,26.89640330352367,26.71593173105462,26.82172393798828,7294600,0.0,0.0
2005-01-04 00:00:00-05:00,26.90885018127737,26.927518835911645,26.467005572109596,26.47945213317871,6899600,0.0,0.0
2005-01-05 00:00:00-05:00,26.448336435489317,26.915071784350893,26.21185652736327,26.23674964904785,6868300,0.0,0.0
2005-01-06 00:00:00-05:00,26.236733175670167,26.342527689434586,25.62686632095025,25.844675064086914,8912200,0.0,0.0
2005-01-07 00:00:00-05:00,25.906915610119853,25.925584258299303,25.521079472199467,25.776227951049805,7015500,0.0,0.0
2005-01-10 00:00:00-05:00,25.670436650060566,26.16828706788019,25.670436650060566,26.01270866394043,6102200,0.0,0.0
2005-01-11 00:00:00-05:00,25.87580411636277,26.037604629645855,25.87580411636277,25.956703186035156,4569700,0.0,0.0
2005-01-12 00:00:00-05:00,25.919362815819092,26.292750032384248,25.70777609338203,26.261634826660156,6468700,0.0,0.0
2005-01-13 00:00:00-05:00,26.16829266024718,26.26164067213545,25.763790147921306,25.969152450561523,8269600,0.0,0.0
2005-01-14 00:00:00-05:00,26.012703140361808,26.13716631187252,25.96914138642369,26.074935913085938,4186200,0.0,0.0
2005-01-18 00:00:00-05:00,25.83224473045899,26.286535892417017,25.826022637007213,26.23674964904785,7041700,0.0,0.0
2005-01-19 00:00:00-05:00,26.1247253046921,26.274081617007013,26.000262106752682,26.01270866394043,4310700,0.0,0.0
2005-01-20 00:00:00-05:00,26.018926865808876,26.018926865808876,25.427728598372926,25.608200073242188,6664100,0.0,0.0
2005-01-21 00:00:00-05:00,25.60820941997506,25.757563376909708,25.427737879235547,25.4526309967041,6068200,0.0,0.0
2005-01-24 00:00:00-05:00,25.577092251064315,25.583316717501592,25.091688322245304,25.135250091552734,6174100,0.0,0.0
2005-01-25 00:00:00-05:00,25.19748861832359,25.440190637944543,25.185042056555986,25.247272491455078,5137100,0.0,0.0
2005-01-26 00:00:00-05:00,25.40284250509882,25.40284250509882,25.216148888546314,25.346834182739258,5664000,0.0,0.0
2005-01-27 00:00:00-05:00,25.216156321565432,25.552206354780992,25.209931853947275,25.303279876708984,5813200,0.0,0.0
2005-01-28 00:00:00-05:00,25.359288056278164,25.402849833576294,25.06679980247171,25.147701263427734,5598400,0.0,0.0
2005-01-31 00:00:00-05:00,25.265931740708243,25.726444858906245,25.265931740708243,25.676658630371094,6341200,0.0,0.0
2005-02-01 00:00:00-05:00,25.639317968503587,25.70777283678772,25.50240823193532,25.601978302001953,5558000,0.0,0.0
2005-02-02 00:00:00-05:00,25.564645955607602,25.732668552529137,25.527306281881604,25.701553344726562,3586000,0.0,0.0
2005-02-03 00:00:00-05:00,25.63932959093974,25.90070025311863,25.60821437505256,25.869585037231445,4831700,0.0,0.0
2005-02-04 00:00:00-05:00,25.794903539477104,26.404770685325744,25.794903539477104,26.39854621887207,7180200,0.0,0.0
2005-02-07 00:00:00-05:00,26.30519886668802,26.460777282714844,26.298974400641537,26.460777282714844,5391700,0.0,0.0
2005-02-08 00:00:00-05:00,26.323867601094438,26.51056122613574,26.14339606818127,26.168289184570312,5564200,0.0,0.0
2005-02-09 00:00:00-05:00,26.230503064790497,26.311402073823768,25.98157682823875,26.050031661987305,4155100,0.0,0.0
2005-02-10 00:00:00-05:00,26.137174338331874,26.41721596674451,25.938034152335835,26.367429733276367,4434300,0.0,0.0
2005-02-11 00:00:00-05:00,26.286541397586564,26.753276844196176,26.13718501013822,26.641260147094727,6385200,0.0,0.0
2005-02-14 00:00:00-05:00,26.622572696759143,26.697252031398044,26.479440866274583,26.52300262451172,3449000,0.0,0.0
2005-02-15 00:00:00-05:00,26.38610648822497,26.666145803517153,26.37365992715484,26.591468811035156,5477900,0.0,0.0
2005-02-16 00:00:00-05:00,26.466999826274385,26.591463036006477,26.236744431329893,26.367429733276367,5560500,0.0,0.0
2005-02-17 00:00:00-05:00,26.298979273509257,26.4172204109187,25.83224393894864,26.018939971923828,6916600,0.0,0.0
2005-02-18 00:00:00-05:00,26.02516254523189,26.280311104540488,25.975378676408578,26.149625778198242,5879400,0.0,0.0
2005-02-22 00:00:00-05:00,25.732668867436676,25.794901657741594,24.954776793161827,25.06679344177246,14330000,0.0,0.0
2005-02-23 00:00:00-05:00,25.141483531907895,25.26594441781756,24.66230152455014,24.73697853088379,12444500,0.0,0.0
2005-02-24 00:00:00-05:00,24.680952373932545,24.755629326382504,24.19554862210152,24.65605926513672,15068200,0.0,0.0
2005-02-25 00:00:00-05:00,24.74319291166329,25.272161007625144,24.656069369112473,25.25349235534668,9844600,0.0,0.0
2005-02-28 00:00:00-05:00,25.048126833058767,25.29705326668937,24.90499496459961,24.90499496459961,8184700,0.0,0.0
2005-03-01 00:00:00-05:00,24.923667907714844,25.004569368665535,24.79298257582906,24.923667907714844,9299200,0.0,0.0
2005-03-02 00:00:00-05:00,24.79919500612054,25.01078171650934,24.75563324579972,24.880096435546875,7257100,0.0,0.0
2005-03-03 00:00:00-05:00,24.886322922089818,24.985893007187535,24.70585140099455,24.718297958374023,6993800,0.0,0.0
2005-03-04 00:00:00-05:00,24.861431459168895,24.98589466729512,24.70585304249567,24.94855499267578,5639700,0.0,0.0
2005-03-07 00:00:00-05:00,24.89877399288456,25.060576909636634,24.76186657171597,24.817874908447266,6808200,0.0,0.0
2005-03-08 00:00:00-05:00,24.923933055098292,25.04246904914634,24.861543810936436,24.936410903930664,5578000,0.1,0.0
2005-03-09 00:00:00-05:00,24.855296321544056,24.892729853349675,24.63069989052111,24.636940002441406,7951000,0.0,0.0
2005-03-10 00:00:00-05:00,24.587028751910257,24.886489868164066,24.587028751910257,24.886489868164062,5574900,0.0,0.0
2005-03-11 00:00:00-05:00,24.830347503390396,24.955123597358394,24.555842000585628,24.593273162841797,5837300,0.0,0.0
2005-03-14 00:00:00-05:00,24.70557028419666,24.74924155811053,24.181512617324323,24.624467849731445,8673000,0.0,0.0
2005-03-15 00:00:00-05:00,24.736772428464473,24.948891118919516,24.67438317838561,24.805397033691406,7213700,0.0,0.0
2005-03-16 00:00:00-05:00,24.61822812501932,24.85530245851298,24.119126143905802,24.256380081176758,9594200,0.0,0.0
2005-03-17 00:00:00-05:00,24.20023218732186,24.337483751650108,24.03178481391774,24.275096893310547,6771300,0.0,0.0
2005-03-18 00:00:00-05:00,24.281333395302955,24.39363163854174,24.137841724476942,24.256380081176758,11023500,0.0,0.0
2005-03-21 00:00:00-05:00,24.106647307788773,24.125362887592008,23.401664449694415,23.701128005981445,11310900,0.0,0.0
2005-03-22 00:00:00-05:00,23.70736621880789,23.94444054736963,23.595067977905273,23.595067977905273,7509000,0.0,0.0
2005-03-23 00:00:00-05:00,23.420384144544958,23.68865191449386,23.35799490740216,23.520204544067383,13465500,0.0,0.0
2005-03-24 00:00:00-05:00,23.513963212656343,23.91324716997394,23.457814092088707,23.72608184814453,7585400,0.0,0.0
2005-03-28 00:00:00-05:00,23.894527608207504,24.20022888411937,23.832140758383417,24.07545280456543,6300500,0.0,0.0
2005-03-29 00:00:00-05:00,23.95692088289104,24.112890413691357,23.49525002456339,23.513965606689453,8156400,0.0,0.0
2005-03-30 00:00:00-05:00,23.613781881180746,23.969392158817122,23.601306415216094,23.800947189331055,6376800,0.0,0.0
2005-03-31 00:00:00-05:00,23.81966218169427,24.106645489930177,23.769750799441574,23.85709571838379,6665400,0.0,0.0
2005-04-01 00:00:00-05:00,23.95691759696842,24.17527395817671,23.05853169964095,23.457813262939453,12149300,0.0,0.0
2005-04-04 00:00:00-04:00,23.42662003076881,23.738559052163616,23.276890633246584,23.651216506958008,7878700,0.0,0.0
2005-04-05 00:00:00-04:00,23.520202186957224,23.925721478168498,23.376710525768083,23.85085678100586,7168400,0.0,0.0
2005-04-06 00:00:00-04:00,23.794699822780114,23.900760290393816,23.52019443702971,23.576343536376953,5966400,0.0,0.0
2005-04-07 00:00:00-04:00,23.46404254960938,23.52019164228481,23.226968338323704,23.33302879333496,9925200,0.0,0.0
2005-04-08 00:00:00-04:00,23.401671136298337,23.570118542375884,23.270657280429095,23.38295555114746,8287200,0.0,0.0
2005-04-11 00:00:00-04:00,23.426623830431716,23.701131736922495,23.30808783984195,23.545162200927734,6325500,0.0,0.0
2005-04-12 00:00:00-04:00,23.60130837332889,24.16903731805299,23.476532284178397,24.050498962402344,7174900,0.0,0.0
2005-04-13 00:00:00-04:00,23.956918507601088,24.05673890222001,23.56387466258023,23.64497947692871,6411800,0.0,0.0
2005-04-14 00:00:00-04:00,23.56388404001064,23.56388404001064,23.13340886313796,23.177080154418945,9794500,0.0,0.0
2005-04-15 00:00:00-04:00,22.815219716178614,23.052294037583618,22.30363991413498,22.528236389160156,12597700,0.0,0.0
2005-04-18 00:00:00-04:00,22.528233486832328,22.97742637901285,22.47832210774314,22.915037155151367,8421300,0.0,0.0
2005-04-19 00:00:00-04:00,22.89632909656954,22.92128479430901,22.59686786341491,22.746597290039062,6016300,0.0,0.0
2005-04-20 00:00:00-04:00,22.465855841573795,22.51576724638666,22.010424982236895,22.210065841674805,11172100,0.0,0.0
2005-04-21 00:00:00-04:00,22.397232669606502,22.877616882324222,22.397232669606502,22.87761688232422,8073600,0.0,0.0
2005-04-22 00:00:00-04:00,22.87761105205219,22.87761105205219,22.25373289021943,22.472091674804688,7728700,0.0,0.0
2005-04-25 00:00:00-04:00,22.472094275090786,22.827704678091266,22.459616424821537,22.584392547607422,6150500,0.0,0.0
2005-04-26 00:00:00-04:00,22.49704997562928,22.9400029506079,22.465854160002866,22.584392547607422,5496000,0.0,0.0
2005-04-27 00:00:00-04:00,22.465847043819902,22.82769744729016,22.384744612619333,22.47832489013672,7256500,0.0,0.0
2005-04-28 00:00:00-04:00,22.303633607841512,22.372260553573543,21.767098264742174,21.891874313354492,11298200,0.0,0.0
2005-04-29 00:00:00-04:00,21.9917055677002,22.141437376171,21.561230485694487,22.066570281982422,10155600,0.0,0.0
2005-05-02 00:00:00-04:00,22.253732249745294,22.70916538909316,22.172629804573756,22.6218204498291,8223300,0.0,0.0
2005-05-03 00:00:00-04:00,22.272443647890984,23.13963363150259,22.25996580310237,22.927515029907227,9662900,0.0,0.0
2005-05-04 00:00:00-04:00,22.97118893613642,23.208263254549188,22.871368546263547,23.1458740234375,7092700,0.0,0.0
2005-05-05 00:00:00-04:00,23.071014956016672,23.35176061476492,22.871374127552677,22.989910125732422,5553100,0.0,0.0
2005-05-06 00:00:00-04:00,23.14587410889985,23.382948428187973,23.108442950000452,23.183307647705078,7768300,0.0,0.0
2005-05-09 00:00:00-04:00,23.08349235585872,23.29561102946016,23.07101450683436,23.23946189880371,5995300,0.0,0.0
2005-05-10 00:00:00-04:00,22.88385124769981,23.01486509097252,22.609345712284647,22.746597290039062,7924800,0.0,0.0
2005-05-11 00:00:00-04:00,22.721645473996844,22.858899455105643,22.366035050130165,22.784034729003906,7089800,0.0,0.0
2005-05-12 00:00:00-04:00,22.702916377002506,23.052288857411206,22.571902589313737,22.60309600830078,6003300,0.0,0.0
2005-05-13 00:00:00-04:00,22.727875987468646,22.989903608077718,22.540713061332777,22.640533447265625,7355400,0.0,0.0
2005-05-16 00:00:00-04:00,22.73410731506726,23.314313888549805,22.72786958391269,23.314313888549805,10428200,0.0,0.0
2005-05-17 00:00:00-04:00,24.300049416209976,24.55583930985826,24.081690680716314,24.243900299072266,17725400,0.0,0.0
2005-05-18 00:00:00-04:00,24.39364129901154,24.88026800573085,24.28758312723219,24.83035659790039,12155700,0.0,0.0
2005-05-19 00:00:00-04:00,24.83035035452795,25.111096003215977,24.817872505707783,25.042469024658203,7771100,0.0,0.0
2005-05-20 00:00:00-04:00,25.048711624268584,25.048711624268584,24.49969812124147,24.724294662475586,7891900,0.0,0.0
2005-05-23 00:00:00-04:00,24.942661265793905,25.167257898667597,24.91146781787423,24.93018341064453,7297200,0.0,0.0
2005-05-24 00:00:00-04:00,24.8365903377932,24.942648482345348,24.70557411582614,24.861543655395508,6790300,0.0,0.0
2005-05-25 00:00:00-04:00,24.724297703496436,24.867789426954754,24.412358553393954,24.562088012695312,5611200,0.0,0.0
2005-05-26 00:00:00-04:00,24.65565503941643,25.023743097789726,24.63069935209155,24.90520477294922,5342200,0.0,0.0
2005-05-27 00:00:00-04:00,24.830350378808667,24.980082184890804,24.7991569466809,24.936410903930664,4346800,0.0,0.0
2005-05-31 00:00:00-04:00,24.83034234462264,24.923924990632358,24.537121321609572,24.549596786499023,7188900,0.0,0.0
2005-06-01 00:00:00-04:00,24.45602743521382,24.986322986193716,24.437309469714645,24.917695999145508,6970600,0.0,0.0
2005-06-02 00:00:00-04:00,24.898979944215974,25.26083045822883,24.849070923607705,25.167247772216797,5728000,0.0,0.0
2005-06-03 00:00:00-04:00,25.16723732863802,25.24834213086551,24.736762387410106,24.780433654785156,4474500,0.0,0.0
2005-06-06 00:00:00-04:00,24.78044133761126,24.967604310089524,24.78044133761126,24.923933029174805,3935000,0.0,0.0
2005-06-07 00:00:00-04:00,25.06777878651774,25.518096522946507,24.99272384221476,25.017742156982422,8725200,0.1,0.0
2005-06-08 00:00:00-04:00,25.017751276726443,25.280436519910303,24.767572809607707,24.81135368347168,7032700,0.0,0.0
2005-06-09 00:00:00-04:00,24.71753243139257,24.986473381938616,24.673751568362107,24.767566680908203,6792400,0.0,0.0
2005-06-10 00:00:00-04:00,24.75506135756209,24.842623088750518,24.17339855937812,24.70502471923828,5273800,0.0,0.0
2005-06-13 00:00:00-04:00,24.56118477911915,24.99274025582878,24.56118477911915,24.867650985717773,4747200,0.0,0.0
2005-06-14 00:00:00-04:00,24.77381959758047,25.136575618857535,24.76756382593831,25.0365047454834,5474500,0.0,0.0
2005-06-15 00:00:00-04:00,25.21788394906084,25.255411421280325,24.717529582190153,25.0365047454834,6016400,0.0,0.0
2005-06-16 00:00:00-04:00,24.96146017017596,25.23665456349893,24.89266097537557,25.142839431762695,5554700,0.0,0.0
2005-06-17 00:00:00-04:00,25.361743791692493,25.599413086672403,24.84888010338961,25.142839431762695,11352600,0.0,0.0
2005-06-20 00:00:00-04:00,25.01774478730461,25.08654396721019,24.773822157368883,24.986473083496094,4614300,0.0,0.0
2005-06-21 00:00:00-04:00,24.923928339543274,25.21788761665366,24.742551495464898,24.817604064941406,4172600,0.0,0.0
2005-06-22 00:00:00-04:00,24.9989863634316,25.01149552419283,24.736298759202644,24.830116271972656,4490500,0.0,0.0
2005-06-23 00:00:00-04:00,24.855133679229862,25.030257151688495,24.45484770722983,24.47986602783203,8723600,0.0,0.0
2005-06-24 00:00:00-04:00,24.392303539358565,24.429831019104533,23.860677365287966,23.916967391967773,13323400,0.0,0.0
2005-06-27 00:00:00-04:00,23.98575705928946,24.254697952789794,23.98575705928946,24.06081199645996,5528000,0.0,0.0
2005-06-28 00:00:00-04:00,24.204670162347167,24.59870033689586,24.117108431531506,24.586191177368164,4777700,0.0,0.0
2005-06-29 00:00:00-04:00,24.548663948956992,24.623716521009804,24.235942115212318,24.267213821411133,4861100,0.0,0.0
2005-06-30 00:00:00-04:00,24.95520913384665,25.02400594925092,24.2922378320665,24.32976531982422,7645900,0.0,0.0
2005-07-01 00:00:00-04:00,24.50488970423996,24.69877815246582,24.442346274943304,24.69877815246582,8116900,0.0,0.0
2005-07-05 00:00:00-04:00,24.74880763205697,25.149091228246,24.648736733009713,25.067785263061523,8604100,0.0,0.0
2005-07-06 00:00:00-04:00,25.042776051888833,25.099066102197508,24.386060388873844,24.56118392944336,6355500,0.0,0.0
2005-07-07 00:00:00-04:00,24.386054346708473,24.85513718776237,24.148385039195126,24.617467880249023,6532900,0.0,0.0
2005-07-08 00:00:00-04:00,24.705026762841197,25.12407290701458,24.64248334564107,25.067785263061523,6062100,0.0,0.0
2005-07-11 00:00:00-04:00,24.892655766627275,25.317957621964506,24.861384062592084,25.20537757873535,5353900,0.0,0.0
2005-07-12 00:00:00-04:00,25.361743003917578,25.95591502997216,25.336724681880256,25.830825805664062,12055000,0.0,0.0
2005-07-13 00:00:00-04:00,25.774543343463414,26.0059593114529,25.586910644836724,25.630691528320312,7801200,0.0,0.0
2005-07-14 00:00:00-04:00,25.62441868893244,26.049720422133777,25.62441868893244,25.66819953918457,6442000,0.0,0.0
2005-07-15 00:00:00-04:00,25.661960656462526,26.268641960459163,25.649451493033023,26.02471923828125,7591100,0.0,0.0
2005-07-18 00:00:00-04:00,25.930894766026928,26.58135677501455,25.930894766026928,26.550085067749023,8828000,0.0,0.0
2005-07-19 00:00:00-04:00,26.58135027211948,27.050432923980413,26.5500785725043,27.019161224365234,10756300,0.0,0.0
2005-07-20 00:00:00-04:00,27.0254157249909,27.507007553743666,26.92534485056681,27.488245010375977,10919500,0.0,0.0
2005-07-21 00:00:00-04:00,27.33189043226345,27.47574219835324,26.91909768169497,27.11298370361328,9706500,0.0,0.0
2005-07-22 00:00:00-04:00,27.031682639501373,27.244333633544738,26.756485831987124,27.18804359436035,5249800,0.0,0.0
2005-07-25 00:00:00-04:00,27.100476376222957,27.369414969336976,26.89407881220997,26.93160629272461,5009400,0.0,0.0
2005-07-26 00:00:00-04:00,26.94412099744314,27.456984740621614,26.931611834697463,27.325639724731445,7092300,0.0,0.0
2005-07-27 00:00:00-04:00,27.375671300817803,27.375671300817803,26.90658852126824,27.11298370361328,5181800,0.0,0.0
2005-07-28 00:00:00-04:00,27.05669796746139,27.456984006991117,27.05669796746139,27.43821907043457,5530400,0.0,0.0
2005-07-29 00:00:00-04:00,27.381922825087496,27.4569777825413,27.050438446907012,27.21305274963379,5782400,0.0,0.0
2005-08-01 00:00:00-04:00,27.025411367516288,27.137991381326145,26.506294535728564,26.806507110595703,7171500,0.0,0.0
2005-08-02 00:00:00-04:00,26.725210084220333,26.768990954102144,26.43750654331743,26.525068283081055,7466400,0.0,0.0
2005-08-03 00:00:00-04:00,26.331178681397905,26.54382963374883,26.23110778534326,26.412487030029297,6690600,0.0,0.0
2005-08-04 00:00:00-04:00,25.95591005021206,26.268631858045943,25.705731649593737,25.81831169128418,9947700,0.0,0.0
2005-08-05 00:00:00-04:00,25.780799084120293,25.868360850969854,25.45556796019392,25.611928939819336,6879800,0.0,0.0
2005-08-08 00:00:00-04:00,25.674468108430545,25.699486433621832,25.22415018438145,25.386764526367188,6408200,0.0,0.0
2005-08-09 00:00:00-04:00,25.605657732508902,25.974669517463816,25.53686094707474,25.868345260620117,6648600,0.0,0.0
2005-08-10 00:00:00-04:00,26.08099709018955,26.59386062168554,25.962161286094084,26.055978775024414,8320600,0.0,0.0
2005-08-11 00:00:00-04:00,26.03721997940388,26.306160941445977,25.64944319616101,25.95591163635254,6887100,0.0,0.0
2005-08-12 00:00:00-04:00,25.768277442687342,25.9183825743559,25.486827338461243,25.81831169128418,5832900,0.0,0.0
2005-08-15 00:00:00-04:00,26.268641960459163,26.431256313284784,25.718250698955814,26.02471923828125,8448800,0.0,0.0
2005-08-16 00:00:00-04:00,25.862092311858955,25.862092311858955,25.33046619786002,25.436790466308594,11346500,0.0,0.0
2005-08-17 00:00:00-04:00,25.342987492982555,25.630691118670455,25.230407398430042,25.40553092956543,8325900,0.0,0.0
2005-08-18 00:00:00-04:00,25.24916121298781,25.580647992604504,25.080291129608366,25.45555877685547,8504100,0.0,0.0
2005-08-19 00:00:00-04:00,25.474318949436025,25.636935630514092,25.22414292713779,25.24915885925293,7647700,0.0,0.0
2005-08-22 00:00:00-04:00,25.324211974974183,25.611915453378206,25.111561059223828,25.349227905273438,7165800,0.0,0.0
2005-08-23 00:00:00-04:00,25.474319809602715,25.474319809602715,25.161597981761957,25.41802978515625,6296000,0.0,0.0
2005-08-24 00:00:00-04:00,25.299197559917115,25.58064769561524,24.955204010009766,24.955204010009766,7920500,0.0,0.0
2005-08-25 00:00:00-04:00,24.923931557027664,25.180363389564054,24.867641526184144,25.130329132080078,7926500,0.0,0.0
2005-08-26 00:00:00-04:00,25.049023325441997,25.142840848342612,24.73630143027823,24.89891815185547,6208700,0.0,0.0
2005-08-29 00:00:00-04:00,24.923930149432326,25.661953896198824,24.923930149432326,25.355487823486328,11979500,0.0,0.0
2005-08-30 00:00:00-04:00,25.299050400054462,25.48714934958624,24.54039292843828,24.9228572845459,13065400,0.1,0.0
2005-08-31 00:00:00-04:00,25.142298629292323,25.39309559184858,24.77864566454056,25.280237197875977,11258800,0.0,0.0
2005-09-01 00:00:00-04:00,25.518501586036166,25.70032931783255,25.173657454828476,25.462072372436523,11009100,0.0,0.0
2005-09-02 00:00:00-04:00,25.643906219044844,25.650175070149484,25.17366345751061,25.286521911621094,7324800,0.0,0.0
2005-09-06 00:00:00-04:00,25.518510371235074,26.220738966402536,25.518510371235074,26.151769638061523,10523000,0.0,0.0
2005-09-07 00:00:00-04:00,26.208199665061592,26.35867842161695,26.045183204590426,26.289709091186523,10186400,0.0,0.0
2005-09-08 00:00:00-04:00,26.20819515502952,26.20819515502952,25.75049250394791,25.819461822509766,8893900,0.0,0.0
2005-09-09 00:00:00-04:00,25.82573974362511,25.95740957611334,25.706612400856745,25.84455108642578,6108400,0.0,0.0
2005-09-12 00:00:00-04:00,25.838265009744752,25.93231449442396,25.5811991289697,25.91350555419922,5892400,0.0,0.0
2005-09-13 00:00:00-04:00,25.61254855918875,25.756758409085563,25.39937179680023,25.455801010131836,9501200,0.0,0.0
2005-09-14 00:00:00-04:00,25.556112680821297,25.70659134105332,25.204999793241857,25.29277801513672,6779200,0.0,0.0
2005-09-15 00:00:00-04:00,25.449525523313874,25.462065610981305,25.03571219739727,25.29277801513672,6481600,0.0,0.0
2005-09-16 00:00:00-04:00,25.54985517535847,25.54985517535847,24.966753994738095,25.01691436767578,14306000,0.0,0.0
2005-09-19 00:00:00-04:00,25.041995238955177,25.04826648223197,24.559212353118607,24.784929275512695,7714700,0.0,0.0
2005-09-20 00:00:00-04:00,24.778649129290585,24.866427360926004,24.183008053764972,24.27078628540039,8016100,0.0,0.0
2005-09-21 00:00:00-04:00,24.07642397810662,24.48396616189173,23.850707129596604,24.045072555541992,11245900,0.0,0.0
2005-09-22 00:00:00-04:00,24.101503899702127,24.402458927078893,23.825629055884576,24.29587173461914,15575600,0.0,0.0
2005-09-23 00:00:00-04:00,24.33976386175342,24.45889116068461,23.919681498329023,24.157936096191406,13810300,0.0,0.0
2005-09-26 00:00:00-04:00,24.38365196650262,24.43381233769665,23.88832906396319,24.08269691467285,10384600,0.0,0.0
2005-09-27 00:00:00-04:00,24.170474445002657,24.208094722265887,23.894599587073174,24.07015609741211,8057800,0.0,0.0
2005-09-28 00:00:00-04:00,24.013734553870112,24.107784081203942,23.505873803248175,23.73158836364746,13690600,0.0,0.0
2005-09-29 00:00:00-04:00,23.637533850691202,23.97610917328721,23.286418435579264,23.863250732421875,9330700,0.0,0.0
2005-09-30 00:00:00-04:00,23.863248398689908,24.051344984477666,23.68142066265801,23.913406372070312,7024700,0.0,0.0
2005-10-03 00:00:00-04:00,23.91967497821164,24.095231453367585,23.85697452867195,23.900863647460938,7330200,0.0,0.0
2005-10-04 00:00:00-04:00,23.97610855102539,24.295872530659484,23.93848827445396,23.97610855102539,8222300,0.0,0.0
2005-10-05 00:00:00-04:00,23.951035316219972,23.982384359903318,23.593650956316655,23.625,7894900,0.0,0.0
2005-10-06 00:00:00-04:00,23.70650571240583,24.10777914894568,23.49959775131465,23.77547264099121,11939900,0.0,0.0
2005-10-07 00:00:00-04:00,23.919675730046897,24.070152030116688,23.624989587391862,23.700227737426758,6964300,0.0,0.0
2005-10-10 00:00:00-04:00,23.888332807221843,24.21436809573777,23.79428568416323,23.83817481994629,8386100,0.0,0.0
2005-10-11 00:00:00-04:00,23.83816601530569,24.076422944255164,23.831894774350957,23.969833374023438,8306200,0.0,0.0
2005-10-12 00:00:00-04:00,23.982373035973737,24.063882424486536,23.562290787056984,23.900863647460938,8938900,0.0,0.0
2005-10-13 00:00:00-04:00,23.744116830012008,23.95102473208969,23.63752965023453,23.79427719116211,7965600,0.0,0.0
2005-10-14 00:00:00-04:00,24.396192059301125,24.396192059301125,23.781741862843088,24.08269691467285,7870500,0.0,0.0
2005-10-17 00:00:00-04:00,24.139126282550645,24.170475318847675,23.82563113602401,24.114046096801758,5450900,0.0,0.0
2005-10-18 00:00:00-04:00,24.01372735358977,24.03880753892925,23.80682180398431,23.925949096679688,7092000,0.0,0.0
2005-10-19 00:00:00-04:00,23.825630141667524,24.766115541996506,23.54348404321322,24.615636825561523,23767700,0.0,0.0
2005-10-20 00:00:00-04:00,24.92913248014687,25.236358769725896,24.766116059731004,24.81000518798828,14543400,0.0,0.0
2005-10-21 00:00:00-04:00,24.954219404057294,25.079617972274416,24.822551983729756,24.860172271728516,10900900,0.0,0.0
2005-10-24 00:00:00-04:00,25.079611869093775,25.493425369262695,24.860166221950475,25.493425369262695,10548300,0.0,0.0
2005-10-25 00:00:00-04:00,25.455806991341838,25.49342727299493,24.99183547651211,25.15485191345215,11884800,0.0,0.0
2005-10-26 00:00:00-04:00,25.04826074513617,25.44953411891576,24.973022585496985,25.242626190185547,13506600,0.0,0.0
2005-10-27 00:00:00-04:00,25.11096668687188,25.18620487010336,24.584294620694084,24.697153091430664,8507500,0.0,0.0
2005-10-28 00:00:00-04:00,24.92286820136367,25.443271377269742,24.841358780315304,25.405651092529297,9281600,0.0,0.0
2005-10-31 00:00:00-05:00,25.4557951335963,26.001278200468207,25.424446109377477,25.731672286987305,12744700,0.0,0.0
2005-11-01 00:00:00-05:00,25.706610913255105,25.819469396411712,25.543594433017216,25.69407081604004,11443400,0.0,0.0
2005-11-02 00:00:00-05:00,25.63135910231015,25.99501216120108,25.61254777059361,25.869613647460938,11835600,0.0,0.0
2005-11-03 00:00:00-05:00,25.919772380974916,25.98247043801644,25.29905109244255,25.574928283691406,14353300,0.0,0.0
2005-11-04 00:00:00-05:00,25.66270795353163,25.982471889146428,25.449531199195864,25.932313919067383,6370400,0.0,0.0
2005-11-07 00:00:00-05:00,25.91977367914073,26.063981130980768,25.79437516699966,26.020092010498047,7188600,0.0,0.0
2005-11-08 00:00:00-05:00,25.832004895393425,25.832004895393425,25.361762096539582,25.437000274658203,9728500,0.0,0.0
2005-11-09 00:00:00-05:00,25.512236167190142,25.75676440978137,25.512236167190142,25.58747673034668,10352300,0.0,0.0
2005-11-10 00:00:00-05:00,25.65644746032662,26.295977991243976,25.581209277800667,26.170581817626953,8757400,0.0,0.0
2005-11-11 00:00:00-05:00,25.831998151854453,26.333589861333795,25.831998151854453,26.27716064453125,7537600,0.0,0.0
2005-11-14 00:00:00-05:00,26.58439559194058,27.085987465192932,26.57185549613693,26.690982818603516,12409700,0.0,0.0
2005-11-15 00:00:00-05:00,27.092247383355936,27.12986765836134,26.43390811731782,26.584386825561523,14159500,0.0,0.0
2005-11-16 00:00:00-05:00,26.584389965143814,26.634547945963355,26.026366582995756,26.477800369262695,10368300,0.0,0.0
2005-11-17 00:00:00-05:00,26.584389628343178,26.70351692408629,26.339861402694403,26.653356552124023,6763500,0.0,0.0
2005-11-18 00:00:00-05:00,27.085980503686866,27.098520596267523,26.484070410484026,26.609466552734375,7892400,0.0,0.0
2005-11-21 00:00:00-05:00,26.408836897817043,26.584395848986897,26.26462938234881,26.5091552734375,6505200,0.0,0.0
2005-11-22 00:00:00-05:00,26.364934304094692,26.603191221529165,26.270887220317743,26.571842193603516,7796100,0.0,0.0
2005-11-23 00:00:00-05:00,26.521682866765975,26.847718031780783,26.484064988503473,26.64708137512207,6192400,0.0,0.0
2005-11-25 00:00:00-05:00,26.69723881521367,26.96057350135987,26.540491294856928,26.5969181060791,2216100,0.0,0.0
2005-11-28 00:00:00-05:00,26.603191087029423,26.60945993587185,26.082788137340103,26.114139556884766,11974800,0.0,0.0
2005-11-29 00:00:00-05:00,26.252410506079155,26.566660089732196,26.202129421878322,26.39696502685547,7815300,0.1,0.0
2005-11-30 00:00:00-05:00,26.39697194471775,26.5101020162836,26.21470656302447,26.25870132446289,7001300,0.0,0.0
2005-12-01 00:00:00-05:00,26.2964079478228,26.42839221105949,25.82503352409094,26.107858657836914,7757900,0.0,0.0
2005-12-02 00:00:00-05:00,25.98845363766423,26.334130284306127,25.98845363766423,26.189573287963867,5565900,0.0,0.0
2005-12-05 00:00:00-05:00,26.01985902536088,26.145556904756152,25.806169273842197,26.013572692871094,6490400,0.0,0.0
2005-12-06 00:00:00-05:00,26.082709034771042,26.239833787992556,25.90673007837366,26.02614402770996,6645000,0.0,0.0
2005-12-07 00:00:00-05:00,25.98844121125136,26.22727158086083,25.906738040689177,26.095287322998047,5880400,0.0,0.0
2005-12-08 00:00:00-05:00,26.06387843555597,26.177008552130992,25.80619370280967,25.906753540039062,6492600,0.0,0.0
2005-12-09 00:00:00-05:00,25.95701921900556,26.026154521904928,25.718188826498952,25.78104019165039,5963000,0.0,0.0
2005-12-12 00:00:00-05:00,25.862737912000938,26.095281898591995,25.83759737357658,25.969581604003906,4643300,0.0,0.0
2005-12-13 00:00:00-05:00,25.862754533273495,26.598097773267842,25.787332869529013,26.566673278808594,9021100,0.0,0.0
2005-12-14 00:00:00-05:00,26.56666987645773,26.8934898515561,26.522675110342078,26.698654174804688,7486500,0.0,0.0
2005-12-15 00:00:00-05:00,26.698648040942512,26.89348367293155,26.422109232100922,26.761499404907227,5405500,0.0,0.0
2005-12-16 00:00:00-05:00,26.8809091249664,26.887193061596275,26.648365109117,26.711214065551758,8577900,0.0,0.0
2005-12-19 00:00:00-05:00,26.58552148090814,26.67979734049087,26.145571465413244,26.283842086791992,5646100,0.0,0.0
2005-12-20 00:00:00-05:00,26.283849923636623,26.283849923636623,25.92560538646288,26.051305770874023,5798200,0.0,0.0
2005-12-21 00:00:00-05:00,26.233559763566166,26.378114303437265,26.070148615861886,26.11414337158203,4887100,0.0,0.0
2005-12-22 00:00:00-05:00,26.082715835164564,26.120426648881892,25.913020769737717,26.038721084594727,4550300,0.0,0.0
2005-12-23 00:00:00-05:00,26.038737649002158,26.246141262550974,25.856472196388978,26.139297485351562,3910000,0.0,0.0
2005-12-27 00:00:00-05:00,26.208419884542455,26.371828638867335,25.78104019165039,25.78104019165039,4424300,0.0,0.0
2005-12-28 00:00:00-05:00,25.894166573597545,25.988440011633248,25.718185173702874,25.825031280517578,4379100,0.0,0.0
2005-12-29 00:00:00-05:00,25.875314977458736,25.894171586743813,25.561065328099065,25.60506248474121,4537800,0.0,0.0
2005-12-30 00:00:00-05:00,25.548498429562333,25.74961802104555,25.403941475495035,25.441652297973633,5154000,0.0,0.0
2006-01-03 00:00:00-05:00,25.38510063788023,26.05131113413936,24.99543152376515,25.919326782226562,8959200,0.0,0.0
2006-01-04 00:00:00-05:00,25.730761411038927,25.79361278183659,25.284527467281453,25.441652297973633,9449800,0.0,0.0
2006-01-05 00:00:00-05:00,25.202822088152462,25.36623325601535,25.020559105199553,25.19025421142578,9492400,0.0,0.0
2006-01-06 00:00:00-05:00,25.2970976701345,25.460506438678514,25.196537874676345,25.378803253173828,9170200,0.0,0.0
2006-01-09 00:00:00-05:00,25.64276229585094,25.831311542633582,25.297088277160466,25.655332565307617,8242300,0.0,0.0
2006-01-10 00:00:00-05:00,25.793601093914855,26.70492517848577,25.78103082545132,26.271259307861328,15087800,0.0,0.0
2006-01-11 00:00:00-05:00,26.396968581372285,27.151168163204083,26.34040355279654,26.994043350219727,12113400,0.0,0.0
2006-01-12 00:00:00-05:00,26.83692111954769,26.99404594765097,26.704936839349237,26.742645263671875,8515200,0.0,0.0
2006-01-13 00:00:00-05:00,26.340402603149414,26.767782270861357,26.07014774275703,26.340402603149414,8372500,0.0,0.0
2006-01-17 00:00:00-05:00,26.082725661322787,26.321556109772406,25.994736127034766,26.126720428466797,6372700,0.0,0.0
2006-01-18 00:00:00-05:00,26.126710106714167,26.466100231345315,26.007296128433154,26.334115982055664,7066400,0.0,0.0
2006-01-19 00:00:00-05:00,25.95701683559677,26.39068282395139,25.850173120951506,25.944446563720703,12264400,0.0,0.0
2006-01-20 00:00:00-05:00,25.86901638450326,25.93815165180256,25.215376908715783,25.246801376342773,15030200,0.0,0.0
2006-01-23 00:00:00-05:00,25.39138112691273,25.50451123035471,24.920006495082927,24.945144653320312,9305100,0.0,0.0
2006-01-24 00:00:00-05:00,25.13369658549562,25.422805786132812,24.96400142924282,25.422805786132812,10890900,0.0,0.0
2006-01-25 00:00:00-05:00,25.403951746735572,25.55479270010282,25.007998739525835,25.127412796020508,8095800,0.0,0.0
2006-01-26 00:00:00-05:00,25.20281718625414,25.491928642964254,25.16510876833897,25.391368865966797,7279800,0.0,0.0
2006-01-27 00:00:00-05:00,25.27823371456034,25.5484885102258,24.995408649615822,25.139963150024414,8192700,0.0,0.0
2006-01-30 00:00:00-05:00,24.963984175185033,25.322228458270185,24.963984175185033,25.139963150024414,5657800,0.0,0.0
2006-01-31 00:00:00-05:00,25.139971170107373,25.6804809338702,25.026841108039132,25.485645294189453,10809700,0.0,0.0
2006-02-01 00:00:00-05:00,25.422795521879607,25.50450109691009,25.083405346400117,25.28452491760254,6937400,0.0,0.0
2006-02-02 00:00:00-05:00,25.114837646484375,25.29081912420893,25.02056416675512,25.114837646484375,7343300,0.0,0.0
2006-02-03 00:00:00-05:00,25.045692511665354,25.114827808238825,24.762869785732736,25.026838302612305,7560400,0.0,0.0
2006-02-06 00:00:00-05:00,24.995421816564086,25.15254666902109,24.68745605083297,24.819442749023438,7603800,0.0,0.0
2006-02-07 00:00:00-05:00,24.725158886493595,24.788007848147405,24.197219456985273,24.341773986816406,11150100,0.0,0.0
2006-02-08 00:00:00-05:00,24.511481976357036,24.737742193590623,24.42349242466297,24.681177139282227,7242700,0.0,0.0
2006-02-09 00:00:00-05:00,24.649734731878976,24.825713707404212,24.4800396922509,24.542888641357422,6989600,0.0,0.0
2006-02-10 00:00:00-05:00,24.480047035930557,24.712591094425196,24.322922218495233,24.649742126464844,6237300,0.0,0.0
2006-02-13 00:00:00-05:00,24.524043912850296,25.095978201851086,24.524043912850296,24.95142364501953,6469100,0.0,0.0
2006-02-14 00:00:00-05:00,25.10855207896695,25.90046028601199,25.03313282056623,25.850181579589844,12911900,0.0,0.0
2006-02-15 00:00:00-05:00,25.831320953497034,26.25241674234113,25.64277163802213,26.10157585144043,10143400,0.0,0.0
2006-02-16 00:00:00-05:00,26.151858013564983,26.365547885822682,25.982162903460214,26.308982849121094,7780200,0.0,0.0
2006-02-17 00:00:00-05:00,26.302696513079404,26.352977611274028,25.994733178008868,26.308982849121094,8572700,0.0,0.0
2006-02-21 00:00:00-05:00,27.025474470636716,27.025474470636716,26.21470966110922,26.315269470214844,15235900,0.0,0.0
2006-02-22 00:00:00-05:00,26.47868094457984,26.522675711692987,25.86275180746076,26.321556091308594,10013900,0.0,0.0
2006-02-23 00:00:00-05:00,26.359264826962246,26.629519769521657,26.057585392891628,26.133007049560547,8311300,0.0,0.0
2006-02-24 00:00:00-05:00,26.271272450025613,26.315267212889513,25.80618427188302,26.1644287109375,7274700,0.0,0.0
2006-02-27 00:00:00-05:00,26.283839102777506,26.849489400985977,26.23984434597623,26.679794311523438,9702400,0.0,0.0
2006-02-28 00:00:00-05:00,26.510101389427614,26.660939882925575,26.208422004897063,26.491247177124023,12243100,0.0,0.0
2006-03-01 00:00:00-05:00,26.491245301792677,26.83063308690494,26.082719815547428,26.767784118652344,9634900,0.0,0.0
2006-03-02 00:00:00-05:00,26.510101675015488,26.704937328545128,26.27127126061378,26.57923698425293,11570100,0.0,0.0
2006-03-03 00:00:00-05:00,26.39697420387857,26.8997732330169,26.34040916325458,26.522674560546875,6157100,0.0,0.0
2006-03-06 00:00:00-05:00,26.497519345137807,26.51008961360134,26.107850612902514,26.271259307861328,8198200,0.0,0.0
2006-03-07 00:00:00-05:00,26.271271208280023,26.27757777747578,26.02527169860178,26.094655990600586,5710600,0.15,0.0
2006-03-08 00:00:00-05:00,25.924342098189577,26.044188533064954,25.79819150214785,25.962188720703125,8533800,0.0,0.0
2006-03-09 00:00:00-05:00,25.905421549328853,25.987421366626457,25.40711848399743,25.634193420410156,9795500,0.0,0.0
2006-03-10 00:00:00-05:00,25.63420096444474,26.069428856044333,25.627894394874406,26.018966674804688,6776000,0.0,0.0
2006-03-13 00:00:00-05:00,25.911738148924304,26.195579496804964,25.766660580944947,26.018966674804688,5190900,0.0,0.0
2006-03-14 00:00:00-05:00,25.930662072481017,26.731731209266037,25.930662072481017,26.580347061157227,9242200,0.0,0.0
2006-03-15 00:00:00-05:00,26.504652747329025,26.712803217000065,26.34065307433333,26.656034469604492,6063400,0.0,0.0
2006-03-16 00:00:00-05:00,26.788497957716864,27.040801644109443,26.687576001925986,26.965110778808594,8699300,0.0,0.0
2006-03-17 00:00:00-05:00,27.10386463757155,27.129093308178884,26.933558478590502,27.059711456298828,13093100,0.0,0.0
2006-03-20 00:00:00-05:00,26.946179853324814,27.116486049192947,26.933564312204755,27.02817726135254,7354600,0.0,0.0
2006-03-21 00:00:00-05:00,27.02187697343267,27.230027434864176,26.93987714018074,27.122798919677734,10821900,0.0,0.0
2006-03-22 00:00:00-05:00,26.97771973608849,27.406638544999954,26.97771973608849,27.356176376342773,9505900,0.0,0.0
2006-03-23 00:00:00-05:00,27.280482932734987,27.722017241781717,27.27417636533747,27.633710861206055,10267800,0.0,0.0
2006-03-24 00:00:00-05:00,27.576951184835753,27.65894861876932,26.996648140817324,27.1984920501709,7884800,0.0,0.0
2006-03-27 00:00:00-05:00,27.091264041754474,27.211108113286723,26.965110994464652,27.11649513244629,6646600,0.0,0.0
2006-03-28 00:00:00-05:00,27.05972638147433,27.469720777454704,27.009264200090705,27.11649513244629,7215400,0.0,0.0
2006-03-29 00:00:00-05:00,27.154338819153704,27.343567183218735,26.952494909995114,27.06603240966797,7367300,0.0,0.0
2006-03-30 00:00:00-05:00,27.002953864435067,27.14172003154801,26.649725862521663,26.731725692749023,7492200,0.0,0.0
2006-03-31 00:00:00-05:00,26.870485544912118,27.084944923142633,26.63079749160675,26.681257247924805,9198200,0.0,0.0
2006-04-03 00:00:00-04:00,26.731725692749023,26.90203192191251,26.611879231762366,26.731725692749023,6977700,0.0,0.0
2006-04-04 00:00:00-04:00,26.681262339578474,26.933568387821996,26.5298806355674,26.838953018188477,6306000,0.0,0.0
2006-04-05 00:00:00-04:00,26.92725007922516,27.078634136929626,26.851559253456912,26.902021408081055,6680000,0.0,0.0
2006-04-06 00:00:00-04:00,26.87049740501559,26.889421927385072,26.529887282567227,26.580347061157227,7130000,0.0,0.0
2006-04-07 00:00:00-04:00,26.73803078670863,26.889414895227254,26.39111177880739,26.55510902404785,8844700,0.0,0.0
2006-04-10 00:00:00-04:00,26.542488481815184,26.624485878473273,26.208182703909063,26.365873336791992,6960400,0.0,0.0
2006-04-11 00:00:00-04:00,26.428958943342664,26.54880299398027,26.037884324310596,26.13249969482422,7065300,0.0,0.0
2006-04-12 00:00:00-04:00,26.06942463315143,26.11357783149928,25.735118752014905,25.854965209960938,7047400,0.0,0.0
2006-04-13 00:00:00-04:00,25.798199761079193,26.100965619608665,25.621584538976805,25.936965942382812,5386000,0.0,0.0
2006-04-17 00:00:00-04:00,25.88019585177998,25.962195686141673,25.29989525455945,25.47020149230957,6777600,0.0,0.0
2006-04-18 00:00:00-04:00,25.489114618403388,26.138799276692122,25.38188613957321,26.063108444213867,9382700,0.0,0.0
2006-04-19 00:00:00-04:00,25.987429303283665,26.145120012155324,25.67204788554034,25.69727897644043,6692800,0.0,0.0
2006-04-20 00:00:00-04:00,25.766657056243613,25.974809916129406,25.46389122872975,25.74142837524414,5348100,0.0,0.0
2006-04-21 00:00:00-04:00,25.924335220524732,25.949566295506685,25.23049750169521,25.4071102142334,9110200,0.0,0.0
2006-04-24 00:00:00-04:00,25.526970534216684,25.526970534216684,25.198973599135744,25.280973434448242,6571700,0.0,0.0
2006-04-25 00:00:00-04:00,25.280975483651833,25.444972761400923,24.91513188581034,25.20528221130371,10603000,0.0,0.0
2006-04-26 00:00:00-04:00,25.34404630206395,25.55219674862018,25.211586708240095,25.274662017822266,7964900,0.0,0.0
2006-04-27 00:00:00-04:00,25.085453102397363,25.646831973234914,25.085453102397363,25.36929702758789,8777700,0.0,0.0
2006-04-28 00:00:00-04:00,25.38820139127062,25.50173888191144,25.186357498168945,25.186357498168945,9010100,0.0,0.0
2006-05-01 00:00:00-04:00,25.32512225130063,25.72250100234526,25.287275624747917,25.57111930847168,10232800,0.0,0.0
2006-05-02 00:00:00-04:00,25.79819715158507,25.829734807501797,25.31250955072694,25.35666275024414,8125600,0.0,0.0
2006-05-03 00:00:00-04:00,25.3566520727429,25.596342487882186,25.26203673866563,25.46388053894043,6072600,0.0,0.0
2006-05-04 00:00:00-04:00,25.49543222489196,25.54589440584003,25.287281743904224,25.39451026916504,9261500,0.0,0.0
2006-05-05 00:00:00-04:00,25.646808324283853,26.16403348606571,25.526964291343145,26.044189453125,11264000,0.0,0.0
2006-05-08 00:00:00-04:00,25.95588539601839,26.145113719889522,25.785579182683772,25.867576599121094,7029300,0.0,0.0
2006-05-09 00:00:00-04:00,25.92432976846082,26.246019891407737,25.880176599611985,26.088329315185547,8358200,0.0,0.0
2006-05-10 00:00:00-04:00,26.05049546182041,26.088342084859036,25.766651804451755,25.99372673034668,7472100,0.0,0.0
2006-05-11 00:00:00-04:00,25.892808491436078,26.050499167274506,25.577427139759223,25.68465805053711,9089700,0.0,0.0
2006-05-12 00:00:00-04:00,25.564814208625464,25.621582953973483,25.016051274373964,25.230510711669922,11666600,0.0,0.0
2006-05-15 00:00:00-04:00,25.198977428877026,25.545896530151367,25.0728243721856,25.545896530151367,9653300,0.0,0.0
2006-05-16 00:00:00-04:00,24.97819450618843,24.97819450618843,24.082512894343754,24.252819061279297,30901200,0.0,0.0
2006-05-17 00:00:00-04:00,24.13929187604281,24.18975164722801,23.527451209552293,23.975292205810547,29136400,0.0,0.0
2006-05-18 00:00:00-04:00,24.284365024718067,24.656515130434524,24.11405879944082,24.227596282958984,16002800,0.0,0.0
2006-05-19 00:00:00-04:00,24.341129417623435,24.675432833716645,24.303282794489544,24.5618953704834,11992600,0.0,0.0
2006-05-22 00:00:00-04:00,24.28436175875673,24.39789922700544,24.006827062020182,24.27805519104004,10881400,0.0,0.0
2006-05-23 00:00:00-04:00,24.328513667388382,24.410513480389184,23.811288519848066,23.868057250976562,10796100,0.0,0.0
2006-05-24 00:00:00-04:00,23.84283259950921,24.082523129603803,23.704066424123123,23.975292205810547,14849400,0.0,0.0
2006-05-25 00:00:00-04:00,24.196051879424306,24.221282958984375,23.92482378957402,24.221282958984375,9405700,0.0,0.0
2006-05-26 00:00:00-04:00,24.28436732152799,24.656517462442327,24.28436732152799,24.3915958404541,9235100,0.0,0.0
2006-05-30 00:00:00-04:00,24.132982151862297,24.189750896539582,23.779756546020508,23.779756546020508,11519200,0.0,0.0
2006-05-31 00:00:00-04:00,23.823907932835397,24.05728946266427,23.722985995111927,24.044673919677734,12052000,0.0,0.0
2006-06-01 00:00:00-04:00,23.93743101391266,24.353734057364736,23.905893378502284,24.315887451171875,11641400,0.0,0.0
2006-06-02 00:00:00-04:00,24.22760302003965,24.44206250341315,23.84283726403105,23.968990325927734,12508100,0.0,0.0
2006-06-05 00:00:00-04:00,23.811292046447655,24.032058030106157,23.615754742229583,23.62837028503418,11632400,0.0,0.0
2006-06-06 00:00:00-04:00,23.79303788823838,23.83736861500565,23.178737223258434,23.470056533813477,17697300,0.15,0.0
2006-06-07 00:00:00-04:00,23.40037524003461,23.672693732231636,23.210386212321733,23.248382568359375,11670600,0.0,0.0
2006-06-08 00:00:00-04:00,23.159740093437993,23.68537932900585,23.134407558167453,23.590383529663086,13226800,0.0,0.0
2006-06-09 00:00:00-04:00,23.495382078299112,23.679039291064885,23.280060411984092,23.400388717651367,10768700,0.0,0.0
2006-06-12 00:00:00-04:00,23.368718732485476,23.406715101413262,22.925409240203074,22.96340560913086,11108500,0.0,0.0
2006-06-13 00:00:00-04:00,22.862078336896875,23.36871914609677,22.82408196729658,22.982406616210938,12581800,0.0,0.0
2006-06-14 00:00:00-04:00,22.881073520337683,23.311716656695353,22.874739183009037,23.273717880249023,11091600,0.0,0.0
2006-06-15 00:00:00-04:00,23.451048749501112,23.748699894582874,23.229395183488744,23.666370391845703,20366900,0.0,0.0
2006-06-16 00:00:00-04:00,23.62204720623165,23.862701451621493,23.343396575041563,23.37506103515625,15064900,0.0,0.0
2006-06-19 00:00:00-04:00,23.37505205170524,23.5777074175673,23.29272255437299,23.343387603759766,9870000,0.0,0.0
2006-06-20 00:00:00-04:00,23.248398366431974,23.30539535506137,22.950749573227956,23.064741134643555,13114000,0.0,0.0
2006-06-21 00:00:00-04:00,23.001410354006346,23.3497241825393,23.001410354006346,23.216732025146484,8614100,0.0,0.0
2006-06-22 00:00:00-04:00,23.394050400539655,23.40038473967846,23.026738453292637,23.102733612060547,10054400,0.0,0.0
2006-06-23 00:00:00-04:00,23.020406131849604,24.57198838642276,23.007742284147106,23.05840492248535,8122000,0.0,0.0
2006-06-26 00:00:00-04:00,22.963401688692322,23.305383445711655,22.957069766899505,23.204055786132812,7495100,0.0,0.0
2006-06-27 00:00:00-04:00,23.147073136819696,23.248400859042267,22.98874841985671,23.033079147338867,10033000,0.0,0.0
2006-06-28 00:00:00-04:00,22.969739140852223,23.083733075315394,22.79874823915747,22.900075912475586,26954100,0.0,0.0
2006-06-29 00:00:00-04:00,22.925414120450075,23.15340204591923,22.703758119202668,23.090070724487305,20206500,0.0,0.0
2006-06-30 00:00:00-04:00,23.090065104614634,23.115397627021743,22.56442855179981,22.665756225585938,24057400,0.0,0.0
2006-07-03 00:00:00-04:00,22.71009222614353,22.786087395238845,22.608764528735488,22.653095245361328,7944800,0.0,0.0
2006-07-05 00:00:00-04:00,22.65942520462237,22.65942520462237,22.412439114597667,22.501100540161133,14000400,0.0,0.0
2006-07-06 00:00:00-04:00,22.4504398912162,22.62776275804079,22.41877543868936,22.463106155395508,10733200,0.0,0.0
2006-07-07 00:00:00-04:00,22.488435983683317,22.608764283944513,22.34277757122652,22.3997745513916,14575700,0.0,0.0
2006-07-10 00:00:00-04:00,22.418775315004833,22.5264349361707,22.076793431578803,22.165454864501953,12949100,0.0,0.0
2006-07-11 00:00:00-04:00,22.10211978760655,22.121117970543875,21.462486915838586,21.772804260253906,21508600,0.0,0.0
2006-07-12 00:00:00-04:00,21.696814249389323,21.810808218378448,21.259838978826362,21.285171508789062,25645000,0.0,0.0
2006-07-13 00:00:00-04:00,21.21550839602895,21.582822835326052,21.057183706506347,21.576488494873047,20904600,0.0,0.0
2006-07-14 00:00:00-04:00,21.506819433785996,21.76647175781105,21.29149781758163,21.430824279785156,16324500,0.0,0.0
2006-07-17 00:00:00-04:00,21.48782502667527,21.82980690356096,21.152177489644583,21.27883529663086,14148200,0.0,0.0
2006-07-18 00:00:00-04:00,21.183833594025682,21.25982873144057,20.803853075267522,20.981178283691406,24942100,0.0,0.0
2006-07-19 00:00:00-04:00,21.006514487984607,21.842470905760774,20.936853667692272,21.753807067871094,19621300,0.0,0.0
2006-07-20 00:00:00-04:00,21.861473099854578,22.260451988059756,21.50682493080075,21.51949119567871,17558600,0.0,0.0
2006-07-21 00:00:00-04:00,21.57016081540311,21.57016081540311,21.16484750114894,21.437166213989258,14074700,0.0,0.0
2006-07-24 00:00:00-04:00,21.620822956502103,22.05780072135005,21.563825961776,21.918474197387695,9545700,0.0,0.0
2006-07-25 00:00:00-04:00,21.810797440096025,22.38076700337873,21.73480230360561,22.31743812561035,10972700,0.0,0.0
2006-07-26 00:00:00-04:00,22.1654549048376,22.1654549048376,21.85513747319901,21.975465774536133,9331200,0.0,0.0
2006-07-27 00:00:00-04:00,21.95645957900946,22.08945411061083,21.462487482851444,21.544816970825195,11595900,0.0,0.0
2006-07-28 00:00:00-04:00,21.747480887774806,22.16545799912457,21.7158164309447,21.905805587768555,9571300,0.0,0.0
2006-07-31 00:00:00-04:00,21.90580490216329,22.038797066193293,21.753812131955335,21.981800079345703,8566200,0.0,0.0
2006-08-01 00:00:00-04:00,21.84879353771947,21.84879353771947,21.500479921011088,21.620805740356445,9419400,0.0,0.0
2006-08-02 00:00:00-04:00,21.62714679222389,21.747472648931165,21.411825185171413,21.60181427001953,12543400,0.0,0.0
2006-08-03 00:00:00-04:00,21.405496664470682,21.975466489768667,21.22817379253039,21.893136978149414,11433700,0.0,0.0
2006-08-04 00:00:00-04:00,22.292117544592177,22.30478381009643,21.760146472629025,21.981800079345703,10587900,0.0,0.0
2006-08-07 00:00:00-04:00,21.981801550775945,22.038798541438833,21.72214913016574,21.969135284423828,6767900,0.0,0.0
2006-08-08 00:00:00-04:00,22.038796774960918,22.095793761055322,21.608153416879446,21.741147994995117,8972300,0.0,0.0
2006-08-09 00:00:00-04:00,21.766481802797134,21.8424794077124,21.152183532714844,21.152183532714844,16718200,0.0,0.0
2006-08-10 00:00:00-04:00,21.088848025342674,21.367501023246323,21.019184775866762,21.285171508789062,9823900,0.0,0.0
2006-08-11 00:00:00-04:00,21.33582945813708,21.361161982525612,20.943184993484792,21.06984519958496,11925000,0.0,0.0
2006-08-14 00:00:00-04:00,21.133170301722153,21.633476697309227,20.968513754434312,21.063507080078125,19552200,0.0,0.0
2006-08-15 00:00:00-04:00,21.817146337969387,22.00713551391362,21.373836650203877,21.81081199645996,21028600,0.0,0.0
2006-08-16 00:00:00-04:00,21.88046319438992,21.918461974965833,21.54481575475011,21.848798751831055,12539600,0.0,0.0
2006-08-17 00:00:00-04:00,21.848800298627502,22.228778467918893,21.785471409026364,21.988126754760742,13203100,0.0,0.0
2006-08-18 00:00:00-04:00,22.013460124706747,22.114787812596298,21.741143926375724,22.019794464111328,10542100,0.0,0.0
2006-08-21 00:00:00-04:00,21.627149825392213,21.785474487610774,21.55748658748123,21.722143173217773,12770500,0.0,0.0
2006-08-22 00:00:00-04:00,21.753810897191624,21.77281150229108,21.513159113799713,21.57015609741211,11680000,0.0,0.0
2006-08-23 00:00:00-04:00,21.373833824992808,21.468829608330026,21.221841054821883,21.310504913330078,14504100,0.0,0.0
2006-08-24 00:00:00-04:00,21.29150044062753,21.310501043350346,20.94952099757177,21.15850830078125,16185700,0.0,0.0
2006-08-25 00:00:00-04:00,21.27883406065123,21.335831036821514,21.076178682233042,21.202838897705078,10298300,0.0,0.0
2006-08-28 00:00:00-04:00,21.21550102127229,21.633477959684562,21.21550102127229,21.335826873779297,11072700,0.0,0.0
2006-08-29 00:00:00-04:00,21.418156670127182,21.65881079446632,21.285164555035383,21.589147567749023,10124600,0.0,0.0
2006-08-30 00:00:00-04:00,21.620816745794347,21.855136583094808,21.424495699343733,21.608150482177734,12323900,0.0,0.0
2006-08-31 00:00:00-04:00,21.60180734149852,21.817128879489196,21.50681162162206,21.715801239013672,10638700,0.0,0.0
2006-09-01 00:00:00-04:00,21.72213835617688,22.083118312717875,21.64614321160038,21.93745994567871,9145000,0.0,0.0
2006-09-05 00:00:00-04:00,22.03923485986218,22.21096701472141,21.93110460072372,22.11556053161621,8370600,0.15,0.0
2006-09-06 00:00:00-04:00,21.861135921846266,21.94382347227897,21.606716235948134,21.733924865722656,11691500,0.0,0.0
2006-09-07 00:00:00-04:00,21.593994150583992,22.020148383749742,21.466783098802768,21.84205436706543,11571100,0.0,0.0
2006-09-08 00:00:00-04:00,21.924747572553443,21.98835190168322,21.72757027009172,21.803895950317383,7429900,0.0,0.0
2006-09-11 00:00:00-04:00,21.803899066986986,22.408149985490585,21.753016081679828,22.30002212524414,13311300,0.0,0.0
2006-09-12 00:00:00-04:00,22.389068266280546,23.413114084252975,22.369985024503816,23.317705154418945,24431400,0.0,0.0
2006-09-13 00:00:00-04:00,23.343150337505662,23.88379452703101,23.152334883929075,23.642093658447266,20425200,0.0,0.0
2006-09-14 00:00:00-04:00,23.406740029232687,23.769289892007034,23.15867985221325,23.67388343811035,14856500,0.0,0.0
2006-09-15 00:00:00-04:00,23.80109204330593,23.947386306708353,23.374937877933792,23.67388343811035,14876200,0.0,0.0
2006-09-18 00:00:00-04:00,23.21593169439709,23.42583032367905,23.063277925251178,23.266817092895508,13968300,0.0,0.0
2006-09-19 00:00:00-04:00,23.343139855049834,23.36858255112813,22.961506692922477,23.07599639892578,11884500,0.0,0.0
2006-09-20 00:00:00-04:00,23.17776427811292,23.2668137125475,22.872459210527072,23.139602661132812,12795200,0.0,0.0
2006-09-21 00:00:00-04:00,23.184125281420226,23.355859830331354,22.75160917890676,22.802492141723633,11414500,0.0,0.0
2006-09-22 00:00:00-04:00,22.81521455929864,22.885180759509307,22.51627137614717,22.872459411621094,7813200,0.0,0.0
2006-09-25 00:00:00-04:00,22.872462533580798,23.34314276429379,22.688006603548043,23.266817092895508,10884900,0.0,0.0
2006-09-26 00:00:00-04:00,23.088720568161623,23.629367007316045,23.025116246543146,23.29225730895996,13853000,0.0,0.0
2006-09-27 00:00:00-04:00,23.27317828820108,23.43219153082985,23.044198830599726,23.19049072265625,8965700,0.0,0.0
2006-09-28 00:00:00-04:00,23.126887255419263,23.381306997268496,22.961512118185126,23.3431453704834,9732100,0.0,0.0
2006-09-29 00:00:00-04:00,23.20321932591052,23.41947750053593,23.044206033578607,23.06964874267578,8485000,0.0,0.0
2006-10-02 00:00:00-04:00,23.012399775142118,23.33678576631898,22.885188678589483,23.114168167114258,8620500,0.0,0.0
2006-10-03 00:00:00-04:00,23.14596976496437,23.55940521199693,23.05692272747423,23.42583465576172,10101500,0.0,0.0
2006-10-04 00:00:00-04:00,23.387666047076863,23.941031405437588,23.298619026921035,23.845624923706055,12285900,0.0,0.0
2006-10-05 00:00:00-04:00,23.801099656085572,23.84562559376398,23.514877776498864,23.699331283569336,10960000,0.0,0.0
2006-10-06 00:00:00-04:00,23.572125748229478,23.69297494830541,23.406750604599562,23.623008728027344,10853200,0.0,0.0
2006-10-09 00:00:00-04:00,23.413104227798406,24.004633520507536,23.400382880752648,23.979190826416016,9489800,0.0,0.0
2006-10-10 00:00:00-04:00,24.011001224723966,24.08732690685511,23.871068785525463,24.01736068725586,9159700,0.0,0.0
2006-10-11 00:00:00-04:00,23.89015591196498,24.297229518014845,23.89015591196498,24.11913299560547,11529400,0.0,0.0
2006-10-12 00:00:00-04:00,24.157292049912638,24.32266718456833,24.01735961695006,24.106409072875977,13221000,0.0,0.0
2006-10-13 00:00:00-04:00,23.813824688789065,23.82018657787674,23.247737877474453,23.47035789489746,19330600,0.0,0.0
2006-10-16 00:00:00-04:00,23.184139765697463,23.298629536498964,23.0632881041012,23.120532989501953,13144600,0.0,0.0
2006-10-17 00:00:00-04:00,22.86610230611583,22.993313371752002,22.700727192884024,22.745250701904297,15175100,0.0,0.0
2006-10-18 00:00:00-04:00,22.86610403766825,23.063278899303725,22.738892962398925,22.827939987182617,12402300,0.0,0.0
2006-10-19 00:00:00-04:00,22.796138488874913,23.01875605731773,22.707091461497786,22.840662002563477,9847200,0.0,0.0
2006-10-20 00:00:00-04:00,22.88517673399556,22.94242157624862,22.61167386838079,22.891538619995117,11183400,0.0,0.0
2006-10-23 00:00:00-04:00,22.777057034690017,23.120523783991725,22.770695146428263,23.050559997558594,11491300,0.0,0.0
2006-10-24 00:00:00-04:00,23.012401766557574,23.25410262828857,23.006039876686984,23.215938568115234,12234500,0.0,0.0
2006-10-25 00:00:00-04:00,23.260458294479726,23.343145864847962,23.107806931407236,23.279539108276367,12371600,0.0,0.0
2006-10-26 00:00:00-04:00,23.43218663186695,23.877424103411702,23.29861611830823,23.77565574645996,15365100,0.0,0.0
2006-10-27 00:00:00-04:00,23.686613848959883,23.743858713745418,23.406748987186372,23.57848358154297,14936800,0.0,0.0
2006-10-30 00:00:00-05:00,23.457637049940818,23.72477816500105,23.444915697840358,23.692975997924805,10040700,0.0,0.0
2006-10-31 00:00:00-05:00,23.692967225794508,23.83289962074092,23.502151867635074,23.743852615356445,14471000,0.0,0.0
2006-11-01 00:00:00-05:00,23.851993110462402,23.941040163192095,23.673899005003015,23.75658416748047,14395800,0.0,0.0
2006-11-02 00:00:00-05:00,23.565765842787616,23.851990210584614,23.476718800884086,23.661174774169922,16633900,0.0,0.0
2006-11-03 00:00:00-05:00,23.74386235294459,23.788385873896356,23.406752574717054,23.661174774169922,13998200,0.0,0.0
2006-11-06 00:00:00-05:00,23.279528997688494,23.705685589409246,23.2477268463896,23.67388343811035,16866400,0.0,0.0
2006-11-07 00:00:00-05:00,23.635724753327008,23.839261479351524,23.603922594826145,23.680248260498047,17390900,0.0,0.0
2006-11-08 00:00:00-05:00,23.533962736193768,23.845629796780525,23.533962736193768,23.692975997924805,13936900,0.0,0.0
2006-11-09 00:00:00-05:00,23.692975035419234,23.794743421738858,23.40039122804403,23.438552856445312,18646500,0.0,0.0
2006-11-10 00:00:00-05:00,23.406747697647354,23.438549859365132,23.203210951034286,23.30497932434082,14180600,0.0,0.0
2006-11-13 00:00:00-05:00,23.374949905900646,23.38767125823591,23.056923376568662,23.152332305908203,20610100,0.0,0.0
2006-11-14 00:00:00-05:00,22.783416472340978,24.2081761477752,22.751614310114427,24.144569396972656,49455400,0.0,0.0
2006-11-15 00:00:00-05:00,24.02371738876329,24.354465175047054,23.79473796546306,23.928308486938477,28458300,0.0,0.0
2006-11-16 00:00:00-05:00,24.04279620933197,24.1064029474022,23.6420822517109,24.049158096313477,18965600,0.0,0.0
2006-11-17 00:00:00-05:00,24.023722326181442,24.354470180441364,23.941034756029044,24.348108291625977,16742100,0.0,0.0
2006-11-20 00:00:00-05:00,24.252699712276108,24.710656187291256,24.074603235995735,24.43079376220703,15707800,0.0,0.0
2006-11-21 00:00:00-05:00,24.430800090059318,24.449880907108504,24.1127735320391,24.11913299560547,9018400,0.0,0.0
2006-11-22 00:00:00-05:00,24.11912615273091,24.367188835742503,24.106407229206678,24.23361587524414,14130400,0.0,0.0
2006-11-24 00:00:00-05:00,24.074596046452292,24.26541381593544,23.98554904807948,23.991910934448242,3064100,0.0,0.0
2006-11-27 00:00:00-05:00,24.233619065520625,24.265423657566352,23.826545521372307,23.90923309326172,12267800,0.0,0.0
2006-11-28 00:00:00-05:00,23.87403579428816,23.96361902443079,23.669273427973597,23.720462799072266,11906100,0.225,0.0
2006-11-29 00:00:00-05:00,23.79724735300228,24.149184947810014,23.714064322374885,24.072397232055664,12005600,0.0,0.0
2006-11-30 00:00:00-05:00,24.002004422879114,24.48191655624824,23.822838007528297,24.29635238647461,17329100,0.0,0.0
2006-12-01 00:00:00-05:00,25.019429923073822,25.569729816786932,24.72508426302836,24.936246871948242,47279400,0.0,0.0
2006-12-04 00:00:00-05:00,24.76347069487166,25.256180860116114,24.57790405322899,25.083412170410156,14555500,0.0,0.0
2006-12-05 00:00:00-05:00,25.2049823967995,25.403346937999192,24.974624204686076,25.192184448242188,11901800,0.0,0.0
2006-12-06 00:00:00-05:00,25.288184233191952,25.665715416983293,25.12181323506794,25.54413604736328,17948700,0.0,0.0
2006-12-07 00:00:00-05:00,25.32017118536139,25.505737849038272,24.885050531685952,24.910646438598633,16351400,0.0,0.0
2006-12-08 00:00:00-05:00,24.936231133572115,25.14739116825893,24.757062306702068,24.827449798583984,11267400,0.0,0.0
2006-12-11 00:00:00-05:00,24.827457936132582,24.923441354878555,24.609897635806814,24.821060180664062,15648700,0.0,0.0
2006-12-12 00:00:00-05:00,24.763471603393555,24.782667311522996,24.430732163710807,24.763471603393555,17788200,0.0,0.0
2006-12-13 00:00:00-05:00,24.92345571139152,25.14101613703735,24.82107447820296,25.025836944580078,18604500,0.0,0.0
2006-12-14 00:00:00-05:00,25.019429823463415,25.659312964124478,24.87225699402663,25.576129913330078,24292200,0.0,0.0
2006-12-15 00:00:00-05:00,25.665700233069305,25.8320686918085,25.486533825048753,25.524925231933594,25977200,0.0,0.0
2006-12-18 00:00:00-05:00,25.640122122764637,25.78729498016501,25.390568041043963,25.569734573364258,14082200,0.0,0.0
2006-12-19 00:00:00-05:00,25.435352969689898,25.448150924476675,25.217792620235272,25.364965438842773,14938400,0.0,0.0
2006-12-20 00:00:00-05:00,25.307371584676247,25.50573618889814,25.03862190246582,25.03862190246582,13445400,0.0,0.0
2006-12-21 00:00:00-05:00,25.115414225046354,25.192199521373716,24.731485302448977,24.89785385131836,14785100,0.0,0.0
2006-12-22 00:00:00-05:00,24.923443679217204,25.00022895679907,24.795466589274117,24.88504981994629,7911700,0.0,0.0
2006-12-26 00:00:00-05:00,24.71228154356818,25.096212820060867,24.69308583407955,24.993831634521484,7255400,0.0,0.0
2006-12-27 00:00:00-05:00,25.077006177480108,25.390549825055363,25.07060842347045,25.313764572143555,8736900,0.0,0.0
2006-12-28 00:00:00-05:00,25.217797305448524,25.47375156681721,25.198601590182133,25.42255973815918,8890100,0.0,0.0
2006-12-29 00:00:00-05:00,25.37775712537598,25.780884058226913,25.371359370042967,25.69769859313965,11611400,0.0,0.0
2007-01-03 00:00:00-05:00,26.427169681673927,26.772707117182996,26.209609345348973,26.279996871948242,50853600,0.0,0.0
2007-01-04 00:00:00-05:00,26.23520044132766,26.35037956537124,25.838473703488493,25.960050582885742,22319400,0.0,0.0
2007-01-05 00:00:00-05:00,25.876857921854135,25.998437208403065,25.416143994751973,25.460935592651367,21676500,0.0,0.0
2007-01-08 00:00:00-05:00,25.5569215571314,25.563321752920963,25.115403245071732,25.26897621154785,17465300,0.0,0.0
2007-01-09 00:00:00-05:00,25.27538117382854,25.499339271136616,25.096214695982077,25.160202026367188,20341100,0.0,0.0
2007-01-10 00:00:00-05:00,25.492928373655975,25.550517917700997,24.993820619238388,25.45453453063965,15324600,0.0,0.0
2007-01-11 00:00:00-05:00,25.371364974247555,25.71689998062715,25.371364974247555,25.646514892578125,12149100,0.0,0.0
2007-01-12 00:00:00-05:00,25.563333054654965,25.832082813605012,25.49934327326645,25.665714263916016,11218600,0.0,0.0
2007-01-16 00:00:00-05:00,25.595315260246807,25.864064898818846,25.544123458065762,25.780881881713867,12639900,0.0,0.0
2007-01-17 00:00:00-05:00,25.716892128987563,25.89606099566174,25.65290481722074,25.780881881713867,12729000,0.0,0.0
2007-01-18 00:00:00-05:00,25.62731372731928,26.196809208221495,25.601717821423463,26.15201759338379,18810000,0.0,0.0
2007-01-19 00:00:00-05:00,26.21601208136031,26.222409838506955,25.883272567646152,25.9472599029541,12125900,0.0,0.0
2007-01-22 00:00:00-05:00,26.01764263371538,26.01764263371538,25.582521999252148,25.6273136138916,14165800,0.0,0.0
2007-01-23 00:00:00-05:00,25.614517757491026,25.985651098834296,25.595322047062968,25.870471954345703,11380400,0.0,0.0
2007-01-24 00:00:00-05:00,25.928065290708847,26.10083403252352,25.864075511725368,26.03684425354004,9835700,0.0,0.0
2007-01-25 00:00:00-05:00,25.934467522507397,26.024050787579267,25.601727937268382,25.65291976928711,11086200,0.0,0.0
2007-01-26 00:00:00-05:00,25.672113528991304,25.736103314137175,25.364969883173266,25.556934356689453,9797400,0.0,0.0
2007-01-29 00:00:00-05:00,25.787279379353716,25.928054392988283,25.492933842626393,25.5377254486084,12147600,0.0,0.0
2007-01-30 00:00:00-05:00,25.6657082362951,25.838476944028304,25.601718469934653,25.704099655151367,8671700,0.0,0.0
2007-01-31 00:00:00-05:00,25.57612971936777,26.20321489954472,25.56333176373635,26.06884002685547,11630100,0.0,0.0
2007-02-01 00:00:00-05:00,26.088029515742154,26.350381441193264,26.036837705429807,26.286394119262695,12544200,0.0,0.0
2007-02-02 00:00:00-05:00,26.171206852306483,26.32477735358996,25.985640259043105,26.126415252685547,9928300,0.0,0.0
2007-02-05 00:00:00-05:00,26.024036297351397,26.382371599078063,25.940853278078766,26.25439453125,9017400,0.0,0.0
2007-02-06 00:00:00-05:00,26.292795096807897,26.4783617704884,26.177615950451735,26.407974243164062,8096800,0.0,0.0
2007-02-07 00:00:00-05:00,26.375966279494804,26.529536764076852,26.247989248370537,26.46554946899414,8347100,0.0,0.0
2007-02-08 00:00:00-05:00,26.375971096096613,26.407964749480435,26.196802243420496,26.29278564453125,11976500,0.0,0.0
2007-02-09 00:00:00-05:00,26.375973994116777,26.50394862171308,26.177609415807215,26.235198974609375,9320000,0.0,0.0
2007-02-12 00:00:00-05:00,26.631925638375982,26.88147957904589,26.40796759955928,26.516746520996094,18480700,0.0,0.0
2007-02-13 00:00:00-05:00,26.420776047314366,26.77271129425949,26.350388509733236,26.721519470214844,13173700,0.0,0.0
2007-02-14 00:00:00-05:00,26.695924249119667,26.849494829265346,26.555149183185822,26.702322006225586,20514700,0.0,0.0
2007-02-15 00:00:00-05:00,26.59994215755995,26.77910865715489,26.43997137121862,26.65753173828125,10828700,0.0,0.0
2007-02-16 00:00:00-05:00,26.555140373775906,26.65752154022919,26.36317599179594,26.516746520996094,11035300,0.0,0.0
2007-02-20 00:00:00-05:00,26.068835670170643,26.747110118558012,26.043239763185447,26.4527645111084,17903400,0.0,0.0
2007-02-21 00:00:00-05:00,26.16481595532289,26.50395317038382,26.011245399467363,26.427167892456055,11916800,0.0,0.0
2007-02-22 00:00:00-05:00,26.343989281869167,26.427174778526357,26.228812555446165,26.35038948059082,9484700,0.0,0.0
2007-02-23 00:00:00-05:00,26.503961398297474,26.54875546870122,26.11363469043132,26.20961570739746,13729700,0.0,0.0
2007-02-26 00:00:00-05:00,26.235206849359397,26.235206849359397,25.793688393323198,26.100831985473633,12198400,0.0,0.0
2007-02-27 00:00:00-05:00,25.90886550176899,25.928061211964113,25.313774076119145,25.48014259338379,23480300,0.0,0.0
2007-02-28 00:00:00-05:00,25.141005241611083,25.499338181998745,25.141005241611083,25.332969665527344,26115700,0.0,0.0
2007-03-01 00:00:00-05:00,25.06421641170485,25.371362405550382,24.73787714956394,25.243385314941406,21139500,0.0,0.0
2007-03-02 00:00:00-05:00,25.153812332558335,25.198603966377537,24.93625192216751,24.96184539794922,19521700,0.0,0.0
2007-03-05 00:00:00-05:00,24.795464039151994,25.083411851669574,24.693082865919045,24.744272232055664,22835500,0.0,0.0
2007-03-06 00:00:00-05:00,25.114356236566184,25.114356236566184,24.734615748665384,24.97275733947754,17472800,0.225,0.0
2007-03-07 00:00:00-05:00,24.914838790893555,25.095056296845247,24.792550357235484,24.914838790893555,12320700,0.0,0.0
2007-03-08 00:00:00-05:00,24.95344929178186,25.178718032381862,24.92770359135754,24.97275733947754,11707100,0.0,0.0
2007-03-09 00:00:00-05:00,25.198038928423976,25.210909328699493,24.773244517193852,24.889095306396484,11988600,0.0,0.0
2007-03-12 00:00:00-04:00,24.721751617454586,24.953458092502725,24.528663706663135,24.567279815673828,14195200,0.0,0.0
2007-03-13 00:00:00-04:00,24.477178070929124,24.541542359897758,23.975148893206654,24.03951072692871,21392500,0.0,0.0
2007-03-14 00:00:00-04:00,23.994449857817873,24.18754021238604,23.492420828530683,24.174667358398438,24242400,0.0,0.0
2007-03-15 00:00:00-04:00,24.11030527333716,24.329138900465388,23.95583592197963,24.129615783691406,10151000,0.0,0.0
2007-03-16 00:00:00-04:00,24.200411281843714,24.342010224385895,24.026633886309472,24.142484664916992,16888700,0.0,0.0
2007-03-19 00:00:00-04:00,24.232581835574642,24.316251661714904,24.04592922911784,24.27763557434082,9396200,0.0,0.0
2007-03-20 00:00:00-04:00,24.232586750934033,24.45785549045863,24.13604160242628,24.41280174255371,11080800,0.0,0.0
2007-03-21 00:00:00-04:00,24.38706353750591,25.0499995649245,24.335574576323292,24.93414878845215,15305400,0.0,0.0
2007-03-22 00:00:00-04:00,24.850474508532212,25.037127195526242,24.554406253107967,24.670259475708008,9487800,0.0,0.0
2007-03-23 00:00:00-04:00,24.683130466057357,24.76036758647519,24.502915428907215,24.59946060180664,11566800,0.0,0.0
2007-03-26 00:00:00-04:00,24.554402713594357,24.63807256377564,24.18753504666004,24.399930953979492,11825300,0.0,0.0
2007-03-27 00:00:00-04:00,24.28408413767682,24.322702701553133,23.994451046719387,24.033069610595703,12839000,0.0,0.0
2007-03-28 00:00:00-04:00,23.93009572050487,23.975149496292936,23.55679020083615,23.666208267211914,13983700,0.0,0.0
2007-03-29 00:00:00-04:00,23.794930430829062,23.852857055088776,23.492424453556527,23.69838523864746,14383400,0.0,0.0
2007-03-30 00:00:00-04:00,23.666196783093834,23.93651930664714,23.395871804295084,23.646888732910156,12672200,0.0,0.0
2007-04-02 00:00:00-04:00,23.60183050706829,23.724121361770244,23.55677675699238,23.679067611694336,9918400,0.0,0.0
2007-04-03 00:00:00-04:00,23.743433199548093,24.316261646427545,23.685506589456594,24.21971893310547,15862400,0.0,0.0
2007-04-04 00:00:00-04:00,24.206845868474286,24.625202533033985,24.161792111602402,24.52865982055664,19168400,0.0,0.0
2007-04-05 00:00:00-04:00,24.419244134154052,24.528662165048132,24.32270141244899,24.470735549926758,10734900,0.0,0.0
2007-04-09 00:00:00-04:00,24.612335927365727,24.61877112709072,24.36775659863425,24.509355545043945,7312400,0.0,0.0
2007-04-10 00:00:00-04:00,24.515786576439954,24.811854818369937,24.477168018918213,24.605894088745117,10978700,0.0,0.0
2007-04-11 00:00:00-04:00,24.53509174132699,24.670255449129957,24.309822987064173,24.438549041748047,15910400,0.0,0.0
2007-04-12 00:00:00-04:00,24.387063226919032,24.580151125574996,24.200410527611734,24.470735549926758,11377900,0.0,0.0
2007-04-13 00:00:00-04:00,24.432119653544557,24.45143016418894,24.2969583552644,24.387065887451172,10763200,0.0,0.0
2007-04-16 00:00:00-04:00,24.457869509460224,24.966336333258166,24.399942878201642,24.818302154541016,11514300,0.0,0.0
2007-04-17 00:00:00-04:00,24.998511605993166,25.423305987575734,24.908404078876558,25.384687423706055,15722100,0.0,0.0
2007-04-18 00:00:00-04:00,25.35249843656466,25.38467933524576,24.985630790060682,25.127229690551758,11182000,0.0,0.0
2007-04-19 00:00:00-04:00,25.037128643477132,25.210906032181434,24.831167892553836,25.043563842773438,11024800,0.0,0.0
2007-04-20 00:00:00-04:00,25.313895238798096,25.32033043971526,25.050005351511967,25.236658096313477,13711900,0.0,0.0
2007-04-23 00:00:00-04:00,25.223785239232704,25.352511354793968,25.133677694913754,25.236658096313477,7912200,0.0,0.0
2007-04-24 00:00:00-04:00,25.159405537729178,25.3589309978836,24.876210248852146,25.30100440979004,13273100,0.0,0.0
2007-04-25 00:00:00-04:00,25.371817900917105,25.545597778282517,25.230221391959066,25.423309326171875,11327800,0.0,0.0
2007-04-26 00:00:00-04:00,25.371823953966157,25.423315391505426,25.03070177363255,25.09506607055664,11421300,0.0,0.0
2007-04-27 00:00:00-04:00,25.037124708383985,25.09505131392968,24.72174597702509,24.760364532470703,11310100,0.0,0.0
2007-04-30 00:00:00-04:00,24.77966790979263,24.81828645795582,24.348438503906035,24.374181747436523,20383500,0.0,0.0
2007-05-01 00:00:00-04:00,24.55440980378678,24.766805772436488,24.393502799712806,24.7346248626709,13068100,0.0,0.0
2007-05-02 00:00:00-04:00,24.676700583931563,25.14011358530467,24.676700583931563,24.940587997436523,13997800,0.0,0.0
2007-05-03 00:00:00-04:00,25.069312446550278,25.262400365941375,24.74106077386392,25.140111923217773,10799300,0.0,0.0
2007-05-04 00:00:00-04:00,25.17872684725026,25.223780611143216,24.927712318347787,25.03713035583496,8889900,0.0,0.0
2007-05-07 00:00:00-04:00,24.908408539510475,25.230222596984134,24.811863340169815,24.998516082763672,7764700,0.0,0.0
2007-05-08 00:00:00-04:00,24.91484461086333,24.9405903256199,24.683138088547164,24.86335563659668,12568400,0.0,0.0
2007-05-09 00:00:00-04:00,24.75393510047574,25.230220954845553,24.72175418787219,25.217348098754883,10012600,0.0,0.0
2007-05-10 00:00:00-04:00,25.030687565030103,25.500535617257025,24.863345398512557,24.966325759887695,13333800,0.0,0.0
2007-05-11 00:00:00-04:00,24.908398881690577,25.210902308857552,24.850472275595546,25.01137924194336,11994300,0.0,0.0
2007-05-14 00:00:00-04:00,25.12724546731162,25.4361867080679,25.011392195122173,25.107934951782227,15876800,0.0,0.0
2007-05-15 00:00:00-04:00,24.45785780342157,25.30744635175238,24.43854975399212,24.65094566345215,31391600,0.0,0.0
2007-05-16 00:00:00-04:00,24.753923836585468,24.83116093798394,24.45785564696005,24.69599723815918,14048500,0.0,0.0
2007-05-17 00:00:00-04:00,24.56727335718227,24.837598325421354,24.554402961059534,24.65094566345215,9091200,0.0,0.0
2007-05-18 00:00:00-04:00,24.773243129416777,25.0435657144899,24.618771327056415,25.02425765991211,13864100,0.0,0.0
2007-05-21 00:00:00-04:00,24.908409409797432,25.13367827580121,24.805429006017636,24.86335563659668,12653300,0.0,0.0
2007-05-22 00:00:00-04:00,24.84403446676686,24.90839872605108,24.68312750142447,24.798980712890625,9354700,0.0,0.0
2007-05-23 00:00:00-04:00,24.921272356720074,25.185159689918493,24.850472896917605,24.959888458251953,10899400,0.0,0.0
2007-05-24 00:00:00-04:00,24.863346594612086,25.358940374835665,24.850473741915234,25.069307327270508,19185500,0.0,0.0
2007-05-25 00:00:00-04:00,25.049995538536702,25.101486946688762,24.618766043867826,24.702438354492188,9629300,0.0,0.0
2007-05-29 00:00:00-04:00,24.702444653861676,24.895532573180297,24.66382608789951,24.876224517822266,8878900,0.0,0.0
2007-05-30 00:00:00-04:00,24.86334582648489,24.94058048503431,24.638074594117906,24.90839958190918,9268900,0.0,0.0
2007-05-31 00:00:00-04:00,24.94057237340617,25.120787336490533,24.824719195639155,25.017807006835938,9728800,0.0,0.0
2007-06-01 00:00:00-04:00,25.16585860999246,25.46836461327446,25.075751065673508,25.236658096313477,12959300,0.0,0.0
2007-06-04 00:00:00-04:00,25.101495869344124,25.661451628191283,25.05000444288876,25.616397857666016,12809100,0.0,0.0
2007-06-05 00:00:00-04:00,25.54842721625918,25.794394580613734,25.037069722798,25.153581619262695,15236100,0.225,0.0
2007-06-06 00:00:00-04:00,24.952917510584374,25.0500115644312,24.726368010547603,24.791095733642578,11719100,0.0,0.0
2007-06-07 00:00:00-04:00,24.69400667103381,24.791098265592375,24.34447100453191,24.376834869384766,17329400,0.0,0.0
2007-06-08 00:00:00-04:00,24.376836514082264,24.59691426681671,24.31858056573477,24.564550399780273,10146700,0.0,0.0
2007-06-11 00:00:00-04:00,24.45451057656007,24.486876913182133,24.350944719301985,24.40920066833496,13278600,0.0,0.0
2007-06-12 00:00:00-04:00,24.40919721414425,24.460981370047627,24.17617345098797,24.182647705078125,17317200,0.0,0.0
2007-06-13 00:00:00-04:00,24.344473971899003,24.48687795765483,24.234433854940885,24.422147750854492,14036400,0.0,0.0
2007-06-14 00:00:00-04:00,24.467455061757246,24.493347141726783,24.31857930573938,24.460983276367188,9948800,0.0,0.0
2007-06-15 00:00:00-04:00,24.81052023382578,24.91408608986524,24.564550399780277,24.564550399780273,21091500,0.0,0.0
2007-06-18 00:00:00-04:00,24.59691029612543,24.75873207438941,24.532182572501586,24.57101821899414,8644200,0.0,0.0
2007-06-19 00:00:00-04:00,24.82993486541242,24.85582694339202,24.473927435408505,24.771678924560547,14297900,0.0,0.0
2007-06-20 00:00:00-04:00,26.44168698398526,26.66176477945768,25.833237770246345,25.910911560058594,66783600,0.0,0.0
2007-06-21 00:00:00-04:00,25.872067361529005,25.98210498834828,25.60667973714814,25.859121322631836,26940900,0.0,0.0
2007-06-22 00:00:00-04:00,25.626105863768128,25.969167363479738,25.477230072021484,25.477230072021484,19316100,0.0,0.0
2007-06-25 00:00:00-04:00,25.53547604628554,25.703769602259882,25.24419636363353,25.360708236694336,13095600,0.0,0.0
2007-06-26 00:00:00-04:00,25.418976668859965,25.51606829800342,25.160060719399766,25.3413028717041,16997300,0.0,0.0
2007-06-27 00:00:00-04:00,25.211841956032984,25.762035197949444,25.12122212505429,25.736143112182617,15476200,0.0,0.0
2007-06-28 00:00:00-04:00,25.677879246610996,25.98210498767549,25.56784161979457,25.580787658691406,19649200,0.0,0.0
2007-06-29 00:00:00-04:00,25.593738875865448,25.86559834008986,25.321876942436095,25.470752716064453,13714300,0.0,0.0
2007-07-02 00:00:00-04:00,25.60020787564579,25.63257174131116,25.34129448111816,25.48369598388672,8844800,0.0,0.0
2007-07-03 00:00:00-04:00,25.52253297741423,25.60020674542283,25.211835436175246,25.3736572265625,6266400,0.0,0.0
2007-07-05 00:00:00-04:00,25.457821739971497,25.826775463518373,25.37367366308353,25.781465530395508,14665100,0.0,0.0
2007-07-06 00:00:00-04:00,25.839700673940417,26.221600173933634,25.794390773026343,26.085670471191406,16811000,0.0,0.0
2007-07-09 00:00:00-04:00,26.396384305775772,26.51937051500884,26.00153852304926,26.040376663208008,17337100,0.0,0.0
2007-07-10 00:00:00-04:00,26.163348035578853,26.42873816406904,26.00800048678995,26.05331039428711,34920700,0.0,0.0
2007-07-11 00:00:00-04:00,26.04035909143657,26.383420455790404,25.982103155111933,26.202180862426758,20798500,0.0,0.0
2007-07-12 00:00:00-04:00,26.299273927231038,26.53876944794508,26.169816021449005,26.49993133544922,20013800,0.0,0.0
2007-07-13 00:00:00-04:00,26.441693388509165,26.545259289745598,26.286345771257444,26.454639434814453,12028000,0.0,0.0
2007-07-16 00:00:00-04:00,26.312231914290653,26.376959661975345,26.21513782355832,26.266921997070312,11226400,0.0,0.0
2007-07-17 00:00:00-04:00,26.19572008952978,26.266922093768237,25.956221989963087,25.988588333129883,13871500,0.0,0.0
2007-07-18 00:00:00-04:00,25.904418088151107,26.16980557795512,25.69081225847307,25.9173641204834,17388700,0.0,0.0
2007-07-19 00:00:00-04:00,25.923845620313557,25.982101553046114,25.58078427711301,25.697296142578125,15693500,0.0,0.0
2007-07-20 00:00:00-04:00,25.567850793329207,25.807346425838595,25.46428491420039,25.49664878845215,17880700,0.0,0.0
2007-07-23 00:00:00-04:00,25.561371373521663,25.5678431587574,25.179471845293556,25.218307495117188,19651500,0.0,0.0
2007-07-24 00:00:00-04:00,25.095325720633095,25.211837617328083,24.512766237158157,24.564550399780273,26185100,0.0,0.0
2007-07-25 00:00:00-04:00,24.732849939352437,24.85583612056177,24.350950290365496,24.622812271118164,23885100,0.0,0.0
2007-07-26 00:00:00-04:00,24.25385037202701,24.74578752102484,23.813694911195224,24.143810272216797,35164600,0.0,0.0
2007-07-27 00:00:00-04:00,23.988463562801574,24.266797245221156,23.768385824823408,23.787803649902344,25522900,0.0,0.0
2007-07-30 00:00:00-04:00,23.923734747517873,24.713425935795293,23.820168892432697,24.47393035888672,29638600,0.0,0.0
2007-07-31 00:00:00-04:00,24.70048701254213,24.86878064959646,24.001417906586227,24.05967140197754,29752100,0.0,0.0
2007-08-01 00:00:00-04:00,23.91079413054791,24.52571761487324,23.658352455843012,24.448043823242188,30751500,0.0,0.0
2007-08-02 00:00:00-04:00,24.435090181985874,24.694006032523173,24.344470375059185,24.48040008544922,26469600,0.0,0.0
2007-08-03 00:00:00-04:00,24.493352370315634,24.493352370315634,23.24408764095875,23.42532730102539,45337400,0.0,0.0
2007-08-06 00:00:00-04:00,23.522418114314867,23.943155802880273,23.108154680825454,23.87842559814453,33499100,0.0,0.0
2007-08-07 00:00:00-04:00,23.658344182277702,23.99493378724384,23.25055259771428,23.56125259399414,28361200,0.0,0.0
2007-08-08 00:00:00-04:00,23.625987595371218,24.46746063232422,23.49652963525417,24.46746063232422,35795600,0.0,0.0
2007-08-09 00:00:00-04:00,22.888080509895328,23.464165841694438,22.73273046338967,23.166414260864258,37137600,0.0,0.0
2007-08-10 00:00:00-04:00,23.159935225526187,23.477107039971763,22.849237665835155,23.25055503845215,22034500,0.0,0.0
2007-08-13 00:00:00-04:00,23.31528514019047,23.31528514019047,22.73272567501005,22.810401916503906,21036600,0.0,0.0
2007-08-14 00:00:00-04:00,22.726258004124855,22.842769918255666,21.6776532461527,21.697071075439453,42251600,0.0,0.0
2007-08-15 00:00:00-04:00,21.690597477961138,22.292574896175044,21.496411771583638,21.593505859375,26864000,0.0,0.0
2007-08-16 00:00:00-04:00,21.399319001891637,21.8265285206239,20.61610072781413,21.243968963623047,37740300,0.0,0.0
2007-08-17 00:00:00-04:00,21.904201526685714,22.098387215716322,21.328116245906074,21.561140060424805,30623400,0.0,0.0
2007-08-20 00:00:00-04:00,21.794157563985618,21.968925394067565,21.56113625974759,21.87183380126953,18473500,0.0,0.0
2007-08-21 00:00:00-04:00,21.87831023805927,22.434977710926,21.748852284266178,22.201953887939453,18789300,0.0,0.0
2007-08-22 00:00:00-04:00,22.318465899191544,22.525597638504287,22.072496032805745,22.506179809570312,28241500,0.0,0.0
2007-08-23 00:00:00-04:00,22.10486758877472,22.24079736179433,21.865369452457486,22.020719528198242,23123600,0.0,0.0
2007-08-24 00:00:00-04:00,22.143692196007205,22.622685760199815,22.11132833324386,22.447917938232422,14370700,0.0,0.0
2007-08-27 00:00:00-04:00,22.926905438351838,23.017527696766138,22.71330200224258,22.81686782836914,25881100,0.0,0.0
2007-08-28 00:00:00-04:00,23.12631518629382,23.1654028108104,22.807105798743507,22.83316421508789,55781000,0.225,0.0
2007-08-29 00:00:00-04:00,22.885272640426066,23.97318502993105,22.885272640426066,23.81032371520996,66298200,0.0,0.0
2007-08-30 00:00:00-04:00,23.706100837181165,24.194684951665746,23.68655826782332,24.129541397094727,34579600,0.0,0.0
2007-08-31 00:00:00-04:00,24.337995623414123,25.106701238880255,24.246793683454833,24.95686912536621,65864700,0.0,0.0
2007-09-04 00:00:00-04:00,24.240281523313406,24.344512682689466,23.536721818791715,23.686553955078125,94537000,0.0,0.0
2007-09-05 00:00:00-04:00,23.63443719619778,23.816843589394885,22.513952851168913,23.784269332885742,45147200,0.0,0.0
2007-09-06 00:00:00-04:00,23.68655411010601,23.953646613071957,22.943906784057617,22.943906784057617,36327500,0.0,0.0
2007-09-07 00:00:00-04:00,22.676810730454797,22.728925059790647,22.227311903967333,22.28594207763672,30279900,0.0,0.0
2007-09-10 00:00:00-04:00,22.44229624175886,22.56606998259191,21.758279016508645,22.025371551513672,22191400,0.0,0.0
2007-09-11 00:00:00-04:00,22.149147338009648,22.735449290983922,22.051429517491467,22.715904235839844,33242500,0.0,0.0
2007-09-12 00:00:00-04:00,22.487896804134532,23.009052657200517,22.44880918325441,22.859220504760742,19849900,0.0,0.0
2007-09-13 00:00:00-04:00,22.989514683157793,23.354322610667907,22.878767644401062,23.19797706604004,16274100,0.0,0.0
2007-09-14 00:00:00-04:00,23.321750729131523,23.341295785926786,22.80059477416415,23.24357795715332,12541000,0.0,0.0
2007-09-17 00:00:00-04:00,23.028583085381477,23.256590359385402,22.917838612201777,23.048128128051758,13144900,0.0,0.0
2007-09-18 00:00:00-04:00,23.13282390177598,23.699583160633487,22.963449199689954,23.686553955078125,21552700,0.0,0.0
2007-09-19 00:00:00-04:00,23.810326143027062,24.201194829252426,23.46506091583469,23.569292068481445,20242000,0.0,0.0
2007-09-20 00:00:00-04:00,23.478093779145933,23.56929574129053,22.911334468560923,23.009052276611328,20980500,0.0,0.0
2007-09-21 00:00:00-04:00,23.139343324804486,23.1588858936257,22.455326080322266,22.455326080322266,23949700,0.0,0.0
2007-09-24 00:00:00-04:00,22.487897131142454,22.663787700060023,21.842965045111363,22.070972442626953,16852100,0.0,0.0
2007-09-25 00:00:00-04:00,21.61495968091066,21.634502248692893,21.308779531964365,21.549816131591797,27939100,0.0,0.0
2007-09-26 00:00:00-04:00,21.62798524886319,21.74524560596169,21.373921970172013,21.491182327270508,18513800,0.0,0.0
2007-09-27 00:00:00-04:00,21.59541249287087,21.64752682416287,21.26968984582948,21.341346740722656,16988700,0.0,0.0
2007-09-28 00:00:00-04:00,21.373925391602086,21.373925391602086,21.087287812781508,21.132888793945312,24716200,0.0,0.0
2007-10-01 00:00:00-04:00,21.224099178555033,21.790856163754423,21.21758333081341,21.60193634033203,22312300,0.0,0.0
2007-10-02 00:00:00-04:00,21.634507584942863,21.93417196183059,21.575877382067638,21.73222541809082,23370600,0.0,0.0
2007-10-03 00:00:00-04:00,21.673586912280584,22.285944641558807,21.654044347164646,22.064453125,20350500,0.0,0.0
2007-10-04 00:00:00-04:00,22.155656823101477,22.18171523535587,21.823420764592374,21.979768753051758,12150200,0.0,0.0
2007-10-05 00:00:00-04:00,22.279434095866915,22.50743900124355,22.084000964820213,22.292463302612305,12933200,0.0,0.0
2007-10-08 00:00:00-04:00,22.325045419117114,22.357617208536073,21.979779978153317,22.103553771972656,11252200,0.0,0.0
2007-10-09 00:00:00-04:00,22.090521187454964,22.149151393487497,21.771311735707197,22.018861770629883,14044100,0.0,0.0
2007-10-10 00:00:00-04:00,21.94719278123168,22.149141732831538,21.758275519808283,21.9211368560791,16501700,0.0,0.0
2007-10-11 00:00:00-04:00,21.953709225994594,22.312003678564004,21.64101575002128,21.77781867980957,17127000,0.0,0.0
2007-10-12 00:00:00-04:00,21.83644909781606,21.94068025760006,21.627986778248065,21.784332275390625,12414300,0.0,0.0
2007-10-15 00:00:00-04:00,21.790860587061783,21.92115023259591,21.38044907340319,21.504222869873047,14904100,0.0,0.0
2007-10-16 00:00:00-04:00,21.465117596843392,21.471630954734497,21.002592149529953,21.17848014831543,15989800,0.0,0.0
2007-10-17 00:00:00-04:00,21.373929349726573,21.432559548518462,20.487963005790284,20.702939987182617,23218000,0.0,0.0
2007-10-18 00:00:00-04:00,20.585676999636984,20.85276829909192,20.442358201717724,20.637792587280273,17879500,0.0,0.0
2007-10-19 00:00:00-04:00,20.663854605602143,20.748543231965865,19.908177786298026,20.038467407226562,27030000,0.0,0.0
2007-10-22 00:00:00-04:00,19.921201236548395,20.312068743778124,19.77788368899537,20.116634368896484,17779900,0.0,0.0
2007-10-23 00:00:00-04:00,20.3250958073847,20.3250958073847,19.803938771855126,20.142690658569336,16354200,0.0,0.0
2007-10-24 00:00:00-04:00,20.18829376393977,20.220866781020156,19.72576810420031,20.116634368896484,18545700,0.0,0.0
2007-10-25 00:00:00-04:00,20.25343576788983,20.53355746355749,19.790908929278878,19.999372482299805,24280100,0.0,0.0
2007-10-26 00:00:00-04:00,20.201325654784142,20.553105588256006,19.86908829162344,20.42281723022461,12484600,0.0,0.0
2007-10-29 00:00:00-04:00,20.55310560204971,20.74854000302854,20.364187047890592,20.45538902282715,15986200,0.0,0.0
2007-10-30 00:00:00-04:00,20.520529007342017,20.68339034867013,20.377211474285314,20.494470596313477,18673800,0.0,0.0
2007-10-31 00:00:00-04:00,20.657340305981762,20.715970512013797,20.20784371644805,20.52705192565918,14935900,0.0,0.0
2007-11-01 00:00:00-04:00,20.455388409039916,20.57264879760194,19.96680428505393,19.992862701416016,15003400,0.0,0.0
2007-11-02 00:00:00-04:00,20.142687844018877,20.20131801785519,19.62153212384414,19.803936004638672,16577200,0.0,0.0
2007-11-05 00:00:00-05:00,19.641090304983976,19.641090304983976,19.237194611311796,19.413084030151367,17515500,0.0,0.0
2007-11-06 00:00:00-05:00,19.217641744210077,19.621538490294725,19.217641744210077,19.58245086669922,15828300,0.0,0.0
2007-11-07 00:00:00-05:00,19.347927864345703,19.491245397532428,19.087348723957582,19.113407135009766,16487900,0.0,0.0
2007-11-08 00:00:00-05:00,19.217634903443834,19.25672127059239,18.40332833973859,18.950542449951172,25256800,0.0,0.0
2007-11-09 00:00:00-05:00,18.689976376514444,18.839808580452647,18.2339639164467,18.27305030822754,21922500,0.0,0.0
2007-11-12 00:00:00-05:00,18.273038170828993,18.944027203805017,18.240466406402255,18.540130615234375,18968500,0.0,0.0
2007-11-13 00:00:00-05:00,18.24047329492567,19.04175093074469,18.090641133925427,18.9700927734375,28296000,0.0,0.0
2007-11-14 00:00:00-05:00,19.080836833752805,19.367471922209177,18.80071510602785,18.911460876464844,18442800,0.0,0.0
2007-11-15 00:00:00-05:00,18.93751927451366,19.38050238497562,18.78768711730847,18.878889083862305,17497700,0.0,0.0
2007-11-16 00:00:00-05:00,18.970095912835287,19.022211509744153,18.514083507982317,18.937522888183594,18189700,0.0,0.0
2007-11-19 00:00:00-05:00,18.781167129910624,18.781167129910624,18.25349680784124,18.364242553710938,21986400,0.0,0.0
2007-11-20 00:00:00-05:00,18.364243028107587,18.729052041706286,18.20789630799386,18.566190719604492,26557200,0.0,0.0
2007-11-21 00:00:00-05:00,18.377281514665768,18.494541932542273,18.116703498570196,18.27305030822754,12611300,0.0,0.0
2007-11-23 00:00:00-05:00,18.35772566552592,18.89842512389337,18.27955169595804,18.859338760375977,9786400,0.0,0.0
2007-11-26 00:00:00-05:00,18.820258945604945,18.891918343830227,17.856119962817537,17.908235549926758,16282500,0.0,0.0
2007-11-27 00:00:00-05:00,18.115134131339815,18.13483922431005,17.589677513340884,17.832700729370117,20151400,0.225,0.0
2007-11-28 00:00:00-05:00,17.9312209333543,18.712838628714145,17.780152335491074,18.56833839416504,24263400,0.0,0.0
2007-11-29 00:00:00-05:00,18.46981972321414,18.522365389096915,18.095430444413438,18.31218147277832,19899300,0.0,0.0
2007-11-30 00:00:00-05:00,18.5880401889901,19.11349792130135,18.46981342068746,18.758813858032227,24847100,0.0,0.0
2007-12-03 00:00:00-05:00,18.798226599155132,19.067523238263067,18.686566925418628,18.712839126586914,12101600,0.0,0.0
2007-12-04 00:00:00-05:00,18.640585646751575,19.008406431452674,18.390994134720952,18.909883499145508,18286500,0.0,0.0
2007-12-05 00:00:00-05:00,19.080659977455117,19.159479091759966,18.831068412266507,19.028114318847656,12545200,0.0,0.0
2007-12-06 00:00:00-05:00,18.942727707099348,19.481321010038908,18.771954006910924,19.369661331176758,11632800,0.0,0.0
2007-12-07 00:00:00-05:00,19.481321010038908,19.54043503136518,19.264570016105004,19.369661331176758,10064200,0.0,0.0
2007-12-10 00:00:00-05:00,19.179188523661846,19.474757450418945,19.080664295288543,19.435348510742188,11895200,0.0,0.0
2007-12-11 00:00:00-05:00,19.42877400489631,19.573274239900414,18.594610653184112,18.653724670410156,19388100,0.0,0.0
2007-12-12 00:00:00-05:00,19.047818147796423,19.23172856712338,18.390996832355167,18.712839126586914,20141500,0.0,0.0
2007-12-13 00:00:00-05:00,18.594609399746126,18.706269063336578,17.904947582314424,18.154539108276367,20290600,0.0,0.0
2007-12-14 00:00:00-05:00,17.937788567244358,17.964062019432465,17.49114990234375,17.49114990234375,21681100,0.0,0.0
2007-12-17 00:00:00-05:00,17.40576631773854,17.55683493228014,16.972264313444267,17.037946701049805,25190900,0.0,0.0
2007-12-18 00:00:00-05:00,17.16931725322321,17.4714558588004,16.79492911920692,17.38606834411621,22441300,0.0,0.0
2007-12-19 00:00:00-05:00,17.35978939480706,17.35978939480706,16.972264677683842,17.23499298095703,17910700,0.0,0.0
2007-12-20 00:00:00-05:00,17.208720503937847,17.35322075524818,17.06421899984016,17.254697799682617,16008200,0.0,0.0
2007-12-21 00:00:00-05:00,17.313812615621366,17.694768979946254,17.267835317773304,17.5108585357666,24522500,0.0,0.0
2007-12-24 00:00:00-05:00,17.47801724417138,17.793291204486035,17.405766491804012,17.740745544433594,7199400,0.0,0.0
2007-12-26 00:00:00-05:00,17.734179906862874,17.76702047964945,17.510860504109,17.727611541748047,15081100,0.0,0.0
2007-12-27 00:00:00-05:00,17.721042714780022,17.721042714780022,17.543700619664346,17.583110809326172,13361100,0.0,0.0
2007-12-28 00:00:00-05:00,17.5633995541552,17.740741587068385,17.30723967513865,17.523990631103516,13743400,0.0,0.0
2007-12-31 00:00:00-05:00,17.412337379478085,17.85240781599193,17.248132011417507,17.69477081298828,16689900,0.0,0.0
2008-01-02 00:00:00-05:00,17.819571490447164,17.911527376837398,17.090500283136983,17.149614334106445,16560700,0.0,0.0
2008-01-03 00:00:00-05:00,17.23499051089648,17.37949074379061,16.945988792321035,16.959125518798828,14635500,0.0,0.0
2008-01-04 00:00:00-05:00,16.788353469739874,16.860604219624662,16.26289688727044,16.39426040649414,19772000,0.0,0.0
2008-01-07 00:00:00-05:00,16.459943430176832,16.95255946512168,16.37455720201283,16.663558959960938,20682400,0.0,0.0
2008-01-08 00:00:00-05:00,16.781790513915883,16.945995905452392,16.203788086933976,16.249765396118164,15488100,0.0,0.0
2008-01-09 00:00:00-05:00,16.256333218979822,16.400833507700526,15.612648406331685,16.243196487426758,25468800,0.0,0.0
2008-01-10 00:00:00-05:00,16.09868620596397,16.886870818092543,15.993594924346825,16.60443878173828,16098800,0.0,0.0
2008-01-11 00:00:00-05:00,16.48621603213508,16.78835324990179,16.138100267815474,16.23005485534668,17627000,0.0,0.0
2008-01-14 00:00:00-05:00,16.48622108742912,16.74894945578587,16.118401371729664,16.676698684692383,15513500,0.0,0.0
2008-01-15 00:00:00-05:00,16.453375066043083,16.847468144556437,16.197215128763716,16.663558959960938,20304900,0.0,0.0
2008-01-16 00:00:00-05:00,16.6175851300761,17.62909094374758,16.60444965086576,17.30068016052246,27356000,0.0,0.0
2008-01-17 00:00:00-05:00,17.32038100951329,17.543699134757652,17.09049326709383,17.241561889648438,20633800,0.0,0.0
2008-01-18 00:00:00-05:00,17.379495427523043,18.056021990005274,17.077358153831728,17.261268615722656,25818700,0.0,0.0
2008-01-22 00:00:00-05:00,16.394257884435728,18.929588323592267,16.394257884435728,18.52235984802246,45150200,0.0,0.0
2008-01-23 00:00:00-05:00,18.193952524834078,19.78346029687338,17.78672272253523,19.67180061340332,41347200,0.0,0.0
2008-01-24 00:00:00-05:00,19.441905694456967,19.573269168757133,19.001835487338305,19.415632247924805,26773500,0.0,0.0
2008-01-25 00:00:00-05:00,19.44848577357412,19.474757983148095,18.48952569476501,18.739118576049805,22483600,0.0,0.0
2008-01-28 00:00:00-05:00,18.72597741060157,19.152911050579828,18.410703453644146,19.139774322509766,17078900,0.0,0.0
2008-01-29 00:00:00-05:00,19.290842067562803,19.652093280236993,18.76538427765183,19.51416015625,19525200,0.0,0.0
2008-01-30 00:00:00-05:00,19.080661852658473,19.83600749195691,19.080661852658473,19.297412872314453,21216400,0.0,0.0
2008-01-31 00:00:00-05:00,19.034678775467185,20.414003596759095,18.929587479824665,20.125001907348633,33237000,0.0,0.0
2008-02-01 00:00:00-05:00,19.901689403467465,20.157850620471446,19.625824344777595,20.000213623046875,17198800,0.0,0.0
2008-02-04 00:00:00-05:00,20.000213812224747,20.065894955515628,19.152913533667316,19.2777099609375,16497000,0.0,0.0
2008-02-05 00:00:00-05:00,18.975568912014833,19.33682141592326,18.292475341054313,18.384429931640625,21585200,0.0,0.0
2008-02-06 00:00:00-05:00,18.548640461926468,19.028119893798163,18.121706704057317,18.161115646362305,23844900,0.0,0.0
2008-02-07 00:00:00-05:00,18.095426314823754,19.15947737210532,18.075722477606547,18.653724670410156,20958600,0.0,0.0
2008-02-08 00:00:00-05:00,18.588043102635282,18.77852188931195,18.193951307612437,18.371292114257812,15908100,0.0,0.0
2008-02-11 00:00:00-05:00,18.404135478964847,18.96900101726695,18.17424774402466,18.844205856323242,13946700,0.0,0.0
2008-02-12 00:00:00-05:00,18.92302794095348,19.133210630245568,18.535503137775834,18.640594482421875,17804800,0.0,0.0
2008-02-13 00:00:00-05:00,18.745674026640994,18.91644640318579,18.476376234120107,18.614309310913086,12399300,0.0,0.0
2008-02-14 00:00:00-05:00,18.58148562927555,18.653735161016147,17.957504542209858,18.069164276123047,16340000,0.0,0.0
2008-02-15 00:00:00-05:00,18.174242763409122,18.174242763409122,17.70789905715534,18.075719833374023,15780200,0.0,0.0
2008-02-19 00:00:00-05:00,18.31218565796504,18.46982394442854,17.793297245380916,17.93779754638672,15004300,0.0,0.0
2008-02-20 00:00:00-05:00,17.753882613598325,18.338453249506564,17.694768588305653,18.207088470458984,13649500,0.0,0.0
2008-02-21 00:00:00-05:00,18.233357969781583,18.53549514210896,17.911515709037896,17.990333557128906,13051000,0.0,0.0
2008-02-22 00:00:00-05:00,18.029746567560437,18.26620140178239,17.734176458798867,18.23992919921875,13601200,0.0,0.0
2008-02-25 00:00:00-05:00,17.918093266480515,18.929597854614258,17.918093266480515,18.929597854614258,20911400,0.0,0.0
2008-02-26 00:00:00-05:00,18.535501450622416,19.369665019011656,18.535501450622416,18.9361629486084,30638500,0.0,0.0
2008-02-27 00:00:00-05:00,18.75225425086166,19.205461459045495,18.693140212716482,18.988710403442383,17330300,0.0,0.0
2008-02-28 00:00:00-05:00,18.811367579052927,18.850777771520782,18.174251167607213,18.200523376464844,18085800,0.0,0.0
2008-02-29 00:00:00-05:00,18.075721793564746,18.161108008111523,17.346649777225384,17.4386043548584,21898800,0.0,0.0
2008-03-03 00:00:00-05:00,17.40576265007257,17.852401288331684,17.274397902542095,17.79328727722168,19162200,0.0,0.0
2008-03-04 00:00:00-05:00,17.596248504550072,17.767020991303237,17.40576966909738,17.648794174194336,15672300,0.0,0.0
2008-03-05 00:00:00-05:00,17.73417697158799,18.108564951653317,17.40576628692895,17.576539993286133,18340500,0.0,0.0
2008-03-06 00:00:00-05:00,17.523997419685738,17.655360965009,16.893448142656364,16.919721603393555,14345600,0.0,0.0
2008-03-07 00:00:00-05:00,16.735810635381526,17.353223163551654,16.538764696904106,16.998538970947266,15410100,0.0,0.0
2008-03-10 00:00:00-04:00,17.044516911942626,17.044516911942626,16.39426258225576,16.420536041259766,17188800,0.0,0.0
2008-03-11 00:00:00-04:00,17.133028100995762,17.378258352592365,16.755240068312293,17.36500358581543,22119800,0.225,0.0
2008-03-12 00:00:00-04:00,17.371628276285218,17.981391721450713,17.212559716350466,17.318605422973633,20008900,0.0,0.0
2008-03-13 00:00:00-04:00,17.26559017169196,17.669890396308798,16.887802017486436,17.550588607788086,20243000,0.0,0.0
2008-03-14 00:00:00-04:00,17.72953794534924,17.74279397805374,16.80826516318908,17.06675148010254,21473500,0.0,0.0
2008-03-17 00:00:00-04:00,16.6425653497517,17.24570081612746,16.483496780350194,17.03360939025879,21915500,0.0,0.0
2008-03-18 00:00:00-04:00,17.35838667602513,18.054312311564036,17.298735762788596,18.02117347717285,21428500,0.0,0.0
2008-03-19 00:00:00-04:00,17.98802767129778,18.571280579183476,17.76930814688192,17.78919219970703,23266600,0.0,0.0
2008-03-20 00:00:00-04:00,17.875348675694177,18.670692857924852,17.868720660023037,18.59778594970703,22243000,0.0,0.0
2008-03-24 00:00:00-04:00,18.644180042303446,19.883591111129654,18.644180042303446,19.393129348754883,25245600,0.0,0.0
2008-03-25 00:00:00-04:00,19.33347938405303,19.525686783139584,18.756854658463908,19.061737060546875,18463700,0.0,0.0
2008-03-26 00:00:00-04:00,18.922550691676292,18.922550691676292,18.51825185847541,18.664064407348633,14793500,0.0,0.0
2008-03-27 00:00:00-04:00,18.670691028938254,18.96231736907699,18.39894873386509,18.418832778930664,13212700,0.0,0.0
2008-03-28 00:00:00-04:00,18.29290857296246,18.47186124036332,18.08081708456069,18.1470947265625,15818700,0.0,0.0
2008-03-31 00:00:00-04:00,18.153721327137987,18.5977883203924,17.98139669021606,18.538137435913086,15593400,0.0,0.0
2008-04-01 00:00:00-04:00,18.690583888526447,19.60522890209331,18.62430497121518,19.545578002929688,20263800,0.0,0.0
2008-04-02 00:00:00-04:00,19.51905762330097,19.88358959351627,19.20091922903963,19.32684898376465,16090000,0.0,0.0
2008-04-03 00:00:00-04:00,19.234070159229045,19.545579450243938,19.00209456354484,19.366626739501953,11648300,0.0,0.0
2008-04-04 00:00:00-04:00,19.227429879916812,19.47928810674967,18.96894363867197,19.08161735534668,13520500,0.0,0.0
2008-04-07 00:00:00-04:00,19.18766630445546,19.280455993595655,18.78999422159579,18.88941192626953,10883600,0.0,0.0
2008-04-08 00:00:00-04:00,18.690576511409855,18.84301707614228,18.53150666698114,18.67732048034668,11547400,0.0,0.0
2008-04-09 00:00:00-04:00,18.65742956973134,18.723708436498697,18.160339965222526,18.339292526245117,13431800,0.0,0.0
2008-04-10 00:00:00-04:00,18.306162702511934,19.121389750304388,18.306162702511934,18.809879302978516,19890600,0.0,0.0
2008-04-11 00:00:00-04:00,18.55139637822569,19.00209145867536,18.55139637822569,18.670698165893555,12688100,0.0,0.0
2008-04-14 00:00:00-04:00,18.630927008991545,18.80987838487532,18.451974368942977,18.498369216918945,8104500,0.0,0.0
2008-04-15 00:00:00-04:00,18.624299034178556,18.624299034178556,18.226626921245693,18.511625289916992,9872000,0.0,0.0
2008-04-16 00:00:00-04:00,18.591158494507674,18.703832235984407,18.326044180493234,18.57127571105957,12137900,0.0,0.0
2008-04-17 00:00:00-04:00,18.558024941906247,18.69720952217128,18.465235221729554,18.63755989074707,9241200,0.0,0.0
2008-04-18 00:00:00-04:00,18.697204250289424,19.141271201042095,18.697204250289424,19.00871467590332,12670000,0.0,0.0
2008-04-21 00:00:00-04:00,18.889420375301455,19.333487501357606,18.630933974698635,19.207557678222656,16470500,0.0,0.0
2008-04-22 00:00:00-04:00,19.154530134801504,19.37987765225981,18.736975184314026,18.902671813964844,20109900,0.0,0.0
2008-04-23 00:00:00-04:00,19.008723288257638,19.015351307142275,18.571284155194416,18.644189834594727,15925000,0.0,0.0
2008-04-24 00:00:00-04:00,18.637553240637683,19.38650128089804,18.637553240637683,19.167781829833984,21726200,0.0,0.0
2008-04-25 00:00:00-04:00,19.22744492969902,19.757673856035563,19.088259046432253,19.737791061401367,19656600,0.0,0.0
2008-04-28 00:00:00-04:00,19.625107674129463,19.989639724974097,19.366620092608038,19.704641342163086,13374300,0.0,0.0
2008-04-29 00:00:00-04:00,19.638366861212145,19.86371441161742,19.300346799769375,19.459415435791016,10969000,0.0,0.0
2008-04-30 00:00:00-04:00,19.45941052781237,19.65161794046543,19.048482373608685,19.08824920654297,15221000,0.0,0.0
2008-05-01 00:00:00-04:00,19.28045434127378,20.188470900752836,19.22743148571416,19.797428131103516,26628800,0.0,0.0
2008-05-02 00:00:00-04:00,20.14870267097669,20.21498155184844,19.77091469342158,19.963123321533203,19294300,0.0,0.0
2008-05-05 00:00:00-04:00,19.810689610799365,19.910108604811203,19.37325058814136,19.466041564941406,15897800,0.0,0.0
2008-05-06 00:00:00-04:00,19.40638542175293,19.439524234677656,19.02859612792179,19.40638542175293,14309000,0.0,0.0
2008-05-07 00:00:00-04:00,19.38650313734146,19.538943713312456,18.876157281266593,18.929180145263672,14745400,0.0,0.0
2008-05-08 00:00:00-04:00,18.96231633702153,19.074990057931455,18.41883177645525,18.504993438720703,19465900,0.0,0.0
2008-05-09 00:00:00-04:00,18.438715943487818,18.849644034241017,18.312786183781487,18.544761657714844,13031400,0.0,0.0
2008-05-12 00:00:00-04:00,18.56464577910292,19.028595464702043,18.56464577910292,18.982200622558594,12314100,0.0,0.0
2008-05-13 00:00:00-04:00,18.995458146839393,19.200921577132565,18.88941242383874,19.05510902404785,10391900,0.0,0.0
2008-05-14 00:00:00-04:00,19.14127647782983,19.57208877974851,19.055114775945164,19.30034637451172,12094200,0.0,0.0
2008-05-15 00:00:00-04:00,19.280454275517016,19.58533537790387,19.061734839058964,19.572080612182617,11044900,0.0,0.0
2008-05-16 00:00:00-04:00,19.78418220772904,19.78418220772904,19.05511662322478,19.287092208862305,13246300,0.0,0.0
2008-05-19 00:00:00-04:00,18.988833526065864,19.47266738177958,18.90267183478512,19.134647369384766,13893700,0.0,0.0
2008-05-20 00:00:00-04:00,18.584531732504786,18.683949442184524,17.895233252284374,18.140464782714844,39809400,0.0,0.0
2008-05-21 00:00:00-04:00,18.107321240015025,18.21999495987838,17.762672065825413,17.848834991455078,29274700,0.0,0.0
2008-05-22 00:00:00-04:00,17.789197397248582,18.02117302465844,17.703034407330264,17.83559226989746,15894100,0.0,0.0
2008-05-23 00:00:00-04:00,17.789190799655984,17.88860852762695,17.418030691954048,17.742795944213867,17324800,0.0,0.0
2008-05-27 00:00:00-04:00,17.82895104734188,18.2465071202967,17.703021297575322,18.080810546875,21412600,0.0,0.0
2008-05-28 00:00:00-04:00,18.28628257230047,18.458607241669856,18.041050971691885,18.18023681640625,13242200,0.0,0.0
2008-05-29 00:00:00-04:00,18.127210034344834,18.471859298855414,18.087443200490494,18.365812301635742,13855400,0.0,0.0
2008-05-30 00:00:00-04:00,18.392321109385325,18.392321109385325,18.12720682370459,18.133834838867188,11714900,0.0,0.0
2008-06-02 00:00:00-04:00,18.166984142593904,18.29291397508294,17.762683833330104,18.00128746032715,15497700,0.0,0.0
2008-06-03 00:00:00-04:00,18.078136311147777,18.2118014186055,17.850906393304612,18.104869842529297,15232800,0.225,0.0
2008-06-04 00:00:00-04:00,18.09150214886169,18.37888122284765,17.957838322984994,18.16501808166504,17537800,0.0,0.0
2008-06-05 00:00:00-04:00,18.325413106438504,18.799921731236186,18.312046343133712,18.652891159057617,20265500,0.0,0.0
2008-06-06 00:00:00-04:00,18.345465585059692,18.505862940946653,18.111552296369386,18.16501808166504,19366500,0.0,0.0
2008-06-09 00:00:00-04:00,18.19175377427728,18.479132902563446,17.65709582029728,17.737295150756836,17695600,0.0,0.0
2008-06-10 00:00:00-04:00,17.637046989167512,18.011308859692836,17.436550560098752,17.850910186767578,17878700,0.0,0.0
2008-06-11 00:00:00-04:00,17.85090383651673,17.92441976256127,17.27614701611089,17.316246032714844,19163100,0.0,0.0
2008-06-12 00:00:00-04:00,17.40313381236887,17.964524033186297,17.40313381236887,17.697195053100586,15099500,0.0,0.0
2008-06-13 00:00:00-04:00,17.837543814575362,18.43235096295071,17.81081027882921,18.398935317993164,16052200,0.0,0.0
2008-06-16 00:00:00-04:00,18.358831306707394,18.49917979158027,18.138284780242778,18.378881454467773,12418600,0.0,0.0
2008-06-17 00:00:00-04:00,18.412298545046117,18.532596891647792,17.911056284022447,17.957839965820312,12272500,0.0,0.0
2008-06-18 00:00:00-04:00,17.817490621698116,17.95783911096063,17.590260705539706,17.743974685668945,13989600,0.0,0.0
2008-06-19 00:00:00-04:00,17.750657289580076,18.23853401446839,17.750657289580076,18.16501808166504,16005900,0.0,0.0
2008-06-20 00:00:00-04:00,18.06477235308349,18.165020554820963,17.45659848452113,17.543479919433594,17186900,0.0,0.0
2008-06-23 00:00:00-04:00,17.64372963312496,17.64372963312496,16.64124498039371,16.74817657470703,22900000,0.0,0.0
2008-06-24 00:00:00-04:00,16.768222102593068,17.20931512617929,16.594457991070495,16.915252685546875,18579100,0.0,0.0
2008-06-25 00:00:00-04:00,16.982087256389008,17.63036010475351,16.88183906175686,17.022186279296875,19925800,0.0,0.0
2008-06-26 00:00:00-04:00,16.86179424461769,16.955360360621473,16.447434569191515,16.480850219726562,18896500,0.0,0.0
2008-06-27 00:00:00-04:00,16.480840120811784,16.50757364463869,15.97959802157852,16.05311393737793,22343700,0.0,0.0
2008-06-30 00:00:00-04:00,16.053119430117302,16.280349361496732,15.585292800871414,15.652125358581543,19582700,0.0,0.0
2008-07-01 00:00:00-04:00,15.444946590437002,15.632076234634878,15.05063587626991,15.511777877807617,21993700,0.0,0.0
2008-07-02 00:00:00-04:00,15.53851479499475,15.705595599242006,15.017222226842179,15.050639152526855,22753400,0.0,0.0
2008-07-03 00:00:00-04:00,15.15088155361748,15.34469454915323,14.93701841038153,15.064000129699707,11321500,0.0,0.0
2008-07-07 00:00:00-04:00,15.13752261486604,15.49841781170993,14.71647949327371,14.916975975036621,20770400,0.0,0.0
2008-07-08 00:00:00-04:00,14.910286996644105,15.418212671292467,14.90360361312866,15.398163795471191,17205000,0.0,0.0
2008-07-09 00:00:00-04:00,15.444943928396517,15.444943928396517,14.903601415977882,14.950385093688965,13390800,0.0,0.0
2008-07-10 00:00:00-04:00,14.977120970787377,15.043953537525208,14.509294278347737,14.616227149963379,18560300,0.0,0.0
2008-07-11 00:00:00-04:00,14.422410011291504,14.789987144323415,14.034782729744697,14.422410011291504,27126500,0.0,0.0
2008-07-14 00:00:00-04:00,14.636273005649238,14.703105558587804,14.235278962742768,14.388994216918945,12911800,0.0,0.0
2008-07-15 00:00:00-04:00,14.295434067638062,14.62959569633255,13.874390976362205,14.342216491699219,20546400,0.0,0.0
2008-07-16 00:00:00-04:00,14.38898943210476,15.190975976505765,14.175125078873325,15.157560348510742,19572400,0.0,0.0
2008-07-17 00:00:00-04:00,15.231078824749025,15.845934641638603,14.736518779010055,15.625388145446777,22340200,0.0,0.0
2008-07-18 00:00:00-04:00,15.919450369798751,15.919450369798751,15.170929478161574,15.665488243103027,15882800,0.0,0.0
2008-07-21 00:00:00-04:00,15.785788244274574,15.899403193916289,15.317961681108732,15.451626777648926,13685300,0.0,0.0
2008-07-22 00:00:00-04:00,15.371434353203366,16.106590164171216,15.27786950853078,16.0063419342041,17808300,0.0,0.0
2008-07-23 00:00:00-04:00,15.879357750649676,17.276153196868297,15.879357750649676,16.72812843322754,26441300,0.0,0.0
2008-07-24 00:00:00-04:00,16.708069974442164,16.79495137743045,15.99296478349197,16.05311393737793,16362800,0.0,0.0
2008-07-25 00:00:00-04:00,16.113268936001408,16.627876709086316,15.74569049839786,15.906087875366211,14512500,0.0,0.0
2008-07-28 00:00:00-04:00,15.665491070128075,16.099900753902514,15.418211005670358,15.478360176086426,11420200,0.0,0.0
2008-07-29 00:00:00-04:00,15.571921005496693,16.33380987778327,15.531821993710432,16.26029396057129,15479200,0.0,0.0
2008-07-30 00:00:00-04:00,16.507585462628683,16.708081935970128,15.571931854433965,15.865994453430176,19262100,0.0,0.0
2008-07-31 00:00:00-04:00,15.759056221238557,16.407329069549647,15.698907049519235,15.92613697052002,18557500,0.0,0.0
2008-08-01 00:00:00-04:00,16.059803126922667,16.18010020347964,15.251131584818616,15.972920417785645,11920700,0.0,0.0
2008-08-04 00:00:00-04:00,15.919459413584196,16.16005618851205,15.71227956557711,15.966241836547852,10556200,0.0,0.0
2008-08-05 00:00:00-04:00,16.106586952946675,16.667978458506486,16.106586952946675,16.63456153869629,14371000,0.0,0.0
2008-08-06 00:00:00-04:00,16.373919657418732,16.70808128308034,16.307087077341322,16.64124870300293,15075400,0.0,0.0
2008-08-07 00:00:00-04:00,16.507579906784507,16.641243752450638,16.25361643298625,16.36054801940918,13603900,0.0,0.0
2008-08-08 00:00:00-04:00,16.373911854746403,17.72392448503088,16.373911854746403,17.623676300048828,25506600,0.0,0.0
2008-08-11 00:00:00-04:00,17.550161103099768,19.214285122479723,17.40981261847863,18.38556480407715,53932100,0.0,0.0
2008-08-12 00:00:00-04:00,18.27863522908405,18.552647570959685,18.165020262350858,18.365516662597656,27222900,0.0,0.0
2008-08-13 00:00:00-04:00,18.25858640757878,18.372201382578066,17.456599473517738,17.723928451538086,21870300,0.0,0.0
2008-08-14 00:00:00-04:00,17.530112639010174,18.61279650033941,17.516745872576788,18.158336639404297,17365400,0.0,0.0
2008-08-15 00:00:00-04:00,18.178388746987967,18.53928255648504,18.111556182347726,18.398935317993164,23269100,0.0,0.0
2008-08-18 00:00:00-04:00,18.552641499815483,18.77987135892344,17.75733699293763,18.017982482910156,22175300,0.0,0.0
2008-08-19 00:00:00-04:00,18.031354462687563,18.098187018479933,17.329615813680125,17.34966468811035,30629300,0.0,0.0
2008-08-20 00:00:00-04:00,17.383083480161627,17.670462608788682,17.15585353076931,17.35634994506836,19012500,0.0,0.0
2008-08-21 00:00:00-04:00,17.109068552814698,17.83085732064208,17.04891938260201,17.757341384887695,18816700,0.0,0.0
2008-08-22 00:00:00-04:00,17.837533325700004,18.144961157655356,17.76401742035225,18.118228912353516,13319700,0.0,0.0
2008-08-25 00:00:00-04:00,18.03135180104361,18.071452093434733,17.717240492328543,17.750656127929688,13088300,0.0,0.0
2008-08-26 00:00:00-04:00,17.730610175846795,18.098187326881042,17.47664671445314,18.058088302612305,16797600,0.0,0.0
2008-08-27 00:00:00-04:00,18.058088440603907,18.365516420221773,17.77739271912781,18.158336639404297,13091000,0.0,0.0
2008-08-28 00:00:00-04:00,18.318731275374663,18.47244524221674,18.038035595838128,18.325414657592773,13626200,0.0,0.0
2008-08-29 00:00:00-04:00,18.19174351246761,18.365507568173545,18.058079736733777,18.12491226196289,12520800,0.0,0.0
2008-09-02 00:00:00-04:00,18.633728805235,19.32786094733079,18.633728805235,18.916772842407227,27655200,0.225,0.0
2008-09-03 00:00:00-04:00,18.829157693540864,19.813071525627272,18.808939810614405,19.765897750854492,39057000,0.0,0.0
2008-09-04 00:00:00-04:00,19.509816987426024,19.658077651598447,19.179597891796263,19.25372886657715,31607400,0.0,0.0
2008-09-05 00:00:00-04:00,19.085250947252884,19.4019914606461,18.889816487323966,19.267208099365234,25053100,0.0,0.0
2008-09-08 00:00:00-04:00,20.0826392361284,20.716118836482554,20.021986865595075,20.32524871826172,41467300,0.0,0.0
2008-09-09 00:00:00-04:00,20.338726122931735,20.628509368502062,19.631115603085558,19.644594192504883,35965400,0.0,0.0
2008-09-10 00:00:00-04:00,19.772643957389988,19.900688023241973,19.38851304522344,19.610904693603516,19819300,0.0,0.0
2008-09-11 00:00:00-04:00,19.240243843713206,19.893941234738044,19.11220111147011,19.880462646484375,27556200,0.0,0.0
2008-09-12 00:00:00-04:00,19.65807259146227,19.759159440349734,19.206550133401823,19.408723831176758,25732100,0.0,0.0
2008-09-15 00:00:00-04:00,18.54611328992152,19.59741875308777,18.54611328992152,19.2065486907959,27620000,0.0,0.0
2008-09-16 00:00:00-04:00,18.795464686788765,19.13916104756246,18.512420700586265,18.586551666259766,42932600,0.0,0.0
2008-09-17 00:00:00-04:00,18.08785507644354,18.188941937325534,17.225244540446212,17.26568031311035,42981300,0.0,0.0
2008-09-18 00:00:00-04:00,17.521762811897496,18.53263374335312,16.477196696882228,18.1619815826416,42121100,0.0,0.0
2008-09-19 00:00:00-04:00,19.617634552738455,20.00850457353246,17.62284868823235,18.445024490356445,32616200,0.0,0.0
2008-09-22 00:00:00-04:00,18.47198591902863,18.68089893623664,17.04328870501429,17.26568031311035,24649000,0.0,0.0
2008-09-23 00:00:00-04:00,17.29937792126357,17.69024811388819,16.948942221561673,17.023073196411133,22392700,0.0,0.0
2008-09-24 00:00:00-04:00,17.198285115737544,17.231980300655735,16.56480561324207,16.861328125,20665700,0.0,0.0
2008-09-25 00:00:00-04:00,17.016329751017068,17.481330805112208,16.861329828115032,17.386981964111328,22970800,0.0,0.0
2008-09-26 00:00:00-04:00,16.800681991995997,17.851987832916514,16.800681991995997,17.831769943237305,17008500,0.0,0.0
2008-09-29 00:00:00-04:00,17.515032145126554,17.939598865275766,16.47046551561061,16.84111785888672,28057100,0.0,0.0
2008-09-30 00:00:00-04:00,17.292637606417312,17.488073333913988,16.652418626798386,17.4476375579834,23152800,0.0,0.0
2008-10-01 00:00:00-04:00,17.19829004078395,17.582420914565457,17.050028099752996,17.46785545349121,20739900,0.0,0.0
2008-10-02 00:00:00-04:00,17.326331689784812,17.562201892695793,16.632200957553508,16.75350570678711,18545900,0.0,0.0
2008-10-03 00:00:00-04:00,16.915242432281996,17.056763761781045,15.985240349843366,16.0458927154541,27243600,0.0,0.0
2008-10-06 00:00:00-04:00,15.594370665948036,15.769588472748344,14.671109139617956,15.378718376159668,36436400,0.0,0.0
2008-10-07 00:00:00-04:00,15.580897195463068,15.985244695608982,14.610460367256293,14.751981735229492,34193300,0.0,0.0
2008-10-08 00:00:00-04:00,14.260018671533876,15.136106267334611,13.990453356317404,14.26675796508789,35105500,0.0,0.0
2008-10-09 00:00:00-04:00,14.361113463726742,14.475678946865369,13.282850319843709,13.431112289428711,29596900,0.0,0.0
2008-10-10 00:00:00-04:00,12.60219464593444,14.361109637321269,11.490235311877907,13.30980396270752,49333700,0.0,0.0
2008-10-13 00:00:00-04:00,13.821976418781093,14.698064112518963,13.646758622955728,14.630672454833984,24678100,0.0,0.0
2008-10-14 00:00:00-04:00,15.264155673699241,15.36524254199077,13.741109497220465,14.199371337890625,26867500,0.0,0.0
2008-10-15 00:00:00-04:00,14.064590395199787,14.273503444355681,13.141327344406086,13.36371898651123,26416300,0.0,0.0
2008-10-16 00:00:00-04:00,13.141330122920385,13.485026603458905,12.143937170802506,13.276113510131836,38445400,0.0,0.0
2008-10-17 00:00:00-04:00,12.925670008774002,13.950019540454502,12.777408114348031,13.619800567626953,26629800,0.0,0.0
2008-10-20 00:00:00-04:00,13.795021512155042,14.152196456902688,13.552413304101346,14.003935813903809,18408800,0.0,0.0
2008-10-21 00:00:00-04:00,13.815240547145066,14.462197536268421,13.687196494360089,13.828719139099121,15135300,0.0,0.0
2008-10-22 00:00:00-04:00,13.505241182443763,13.633283954939335,12.784151908852513,13.121109008789062,23827700,0.0,0.0
2008-10-23 00:00:00-04:00,13.114370196615399,13.343501135860976,12.13719534196396,12.844804763793945,29497600,0.0,0.0
2008-10-24 00:00:00-04:00,12.063063550688607,12.804369404891778,11.847411219005348,12.474151611328125,22524500,0.0,0.0
2008-10-27 00:00:00-04:00,12.137193773131616,13.14132568396756,12.137193773131616,12.7437162399292,21744700,0.0,0.0
2008-10-28 00:00:00-04:00,12.918932883650587,14.583500188026868,12.581975845772781,14.53632640838623,28156400,0.0,0.0
2008-10-29 00:00:00-04:00,14.320677895062344,15.621332610723258,13.976981471334117,14.590243339538574,32328400,0.0,0.0
2008-10-30 00:00:00-04:00,14.974370883274705,15.452850564083471,14.751979281036585,15.311327934265137,21072800,0.0,0.0
2008-10-31 00:00:00-04:00,15.297854092039389,16.194159999151793,15.028287361914916,15.897637367248535,21720300,0.0,0.0
2008-11-03 00:00:00-05:00,15.823506914323566,15.897637896112844,14.900245074718361,14.974374771118164,17940200,0.0,0.0
2008-11-04 00:00:00-05:00,15.291111651462096,15.830242430089262,14.933936707253368,15.762850761413574,24131800,0.0,0.0
2008-11-05 00:00:00-05:00,15.50001976237105,15.722411298850387,14.866540333913118,14.927192687988281,22260700,0.0,0.0
2008-11-06 00:00:00-05:00,14.758714658370106,15.37197622554163,13.936540134952704,14.105018615722656,25524300,0.0,0.0
2008-11-07 00:00:00-05:00,14.185889566046336,14.684587070554409,13.950020688035874,14.192628860473633,19600100,0.0,0.0
2008-11-10 00:00:00-05:00,14.509367098834485,14.630670524193691,13.788278127764608,13.976974487304688,14073700,0.0,0.0
2008-11-11 00:00:00-05:00,13.7411073620557,14.468934500206132,13.43784680430331,13.821977615356445,17405400,0.0,0.0
2008-11-12 00:00:00-05:00,13.383934956704122,13.707413428763697,13.222195720674334,13.343499183654785,18189400,0.0,0.0
2008-11-13 00:00:00-05:00,13.404148016695938,15.075455584918284,12.905451849337014,14.981106758117676,28059400,0.0,0.0
2008-11-14 00:00:00-05:00,14.650895655120932,15.257418223637844,13.693937367766896,13.842199325561523,24957300,0.0,0.0
2008-11-17 00:00:00-05:00,13.424366048730008,14.14545377565446,13.303061331043864,13.478279113769531,22643100,0.0,0.0
2008-11-18 00:00:00-05:00,13.923065215619664,14.435240086324375,13.437847525925845,13.95676040649414,32638500,0.0,0.0
2008-11-19 00:00:00-05:00,13.801760309410339,14.327413764433865,13.208716473431002,13.316542625427246,21970500,0.0,0.0
2008-11-20 00:00:00-05:00,13.100892339920163,13.673719664025263,12.339368578054168,12.480891227722168,32825000,0.0,0.0
2008-11-21 00:00:00-05:00,12.683066816726331,13.033502558357013,11.766542964889013,12.999807357788086,38361300,0.0,0.0
2008-11-24 00:00:00-05:00,13.222195823218694,14.765458515673227,12.710020929124282,14.435240745544434,31820400,0.0,0.0
2008-11-25 00:00:00-05:00,14.57676617632052,15.129376998458815,14.286984098441943,14.994593620300293,31618500,0.0,0.0
2008-11-26 00:00:00-05:00,14.522847883128815,16.025677255659996,14.522847883128815,15.870676040649414,25401900,0.0,0.0
2008-11-28 00:00:00-05:00,15.776322768036376,16.032410745048782,15.318061154762495,15.574149131774902,10272300,0.0,0.0
2008-12-01 00:00:00-05:00,15.196761363474067,15.500023201130055,14.23980335790178,14.293716430664062,26816900,0.0,0.0
2008-12-02 00:00:00-05:00,14.658122347717907,14.951012540503601,14.065530411247956,14.882898330688477,23835800,0.225,0.0
2008-12-03 00:00:00-05:00,14.521897469918972,15.584474985013557,14.344801000874739,15.502738952636719,32948500,0.0,0.0
2008-12-04 00:00:00-05:00,15.30521278078178,16.56532183054457,15.175797137759973,15.816067695617676,30083600,0.0,0.0
2008-12-05 00:00:00-05:00,15.550417305625166,16.71516671888479,15.461869727611264,16.61980628967285,32975900,0.0,0.0
2008-12-08 00:00:00-05:00,17.008061283044654,17.15791287883794,16.381412580269377,16.517641067504883,28815400,0.0,0.0
2008-12-09 00:00:00-05:00,16.27243098384307,16.85140012980712,15.564046198735618,15.802445411682129,26321100,0.0,0.0
2008-12-10 00:00:00-05:00,15.931860639772607,16.640246705774405,15.673028068992663,16.54488754272461,18719700,0.0,0.0
2008-12-11 00:00:00-05:00,16.25881349184434,16.435908760775074,15.529992550325606,15.659409523010254,18390900,0.0,0.0
2008-12-12 00:00:00-05:00,15.1962325567453,16.156639822507856,15.094061819803382,15.98635482788086,20831300,0.0,0.0
2008-12-15 00:00:00-05:00,16.088517473220946,16.25880236845365,15.6934565682479,15.945477485656738,14736800,0.0,0.0
2008-12-16 00:00:00-05:00,16.163442769370203,16.749223254628944,15.584473836169204,16.56531524658203,26188100,0.0,0.0
2008-12-17 00:00:00-05:00,16.354168919492338,17.103423058541537,16.279243115836046,16.824155807495117,20068300,0.0,0.0
2008-12-18 00:00:00-05:00,16.892261729917138,17.076169735564395,16.381407024788544,16.65386390686035,22105800,0.0,0.0
2008-12-19 00:00:00-05:00,16.905882061783156,17.028487378777633,16.231554117484023,16.4971981048584,23095200,0.0,0.0
2008-12-22 00:00:00-05:00,16.40865522298261,16.435900134992092,15.77519510391911,16.16344451904297,13244400,0.0,0.0
2008-12-23 00:00:00-05:00,16.06808539164654,16.34054100782276,15.999971162809771,16.088520050048828,13559600,0.0,0.0
2008-12-24 00:00:00-05:00,16.136199607033486,16.42227832857278,16.088520036638744,16.16344451904297,3976000,0.0,0.0
2008-12-26 00:00:00-05:00,16.081718613063757,16.347362843536285,15.945490069698952,16.04766082763672,4461200,0.0,0.0
2008-12-29 00:00:00-05:00,16.034029036073985,16.14301128328711,15.666212977351544,15.911423683166504,8461500,0.0,0.0
2008-12-30 00:00:00-05:00,16.006783488122114,16.136200399240746,15.455060676341931,15.74113941192627,14896900,0.0,0.0
2008-12-31 00:00:00-05:00,15.761572310008974,16.21112441000749,15.645778508544455,15.67983627319336,15143500,0.0,0.0
2009-01-02 00:00:00-05:00,15.713890221471113,16.47676713818029,15.638964450416722,16.435897827148438,14902500,0.0,0.0
2009-01-05 00:00:00-05:00,16.360979481793322,16.94675886838996,16.21793943796044,16.830965042114258,22570900,0.0,0.0
2009-01-06 00:00:00-05:00,16.987621027919246,17.362247267083532,16.76965657610216,17.205585479736328,22856600,0.0,0.0
2009-01-07 00:00:00-05:00,16.939947966229628,17.13747783929082,16.640246080402147,16.735605239868164,19857300,0.0,0.0
2009-01-08 00:00:00-05:00,16.42908654887638,16.66067280107982,16.143007885365552,16.612993240356445,17319800,0.0,0.0
2009-01-09 00:00:00-05:00,16.67430688099742,16.67430688099742,16.03403621667739,16.25200080871582,16927400,0.0,0.0
2009-01-12 00:00:00-05:00,16.24518232776718,16.320106812359175,15.40738079707102,15.64577865600586,23560200,0.0,0.0
2009-01-13 00:00:00-05:00,15.638968709943525,15.734329162486809,15.155360090217334,15.332456588745117,20440300,0.0,0.0
2009-01-14 00:00:00-05:00,15.08724717099065,15.162172969000393,14.76711191442645,14.923773765563965,20531200,0.0,0.0
2009-01-15 00:00:00-05:00,14.930585387256752,15.877369351816373,14.753488872452229,15.536799430847168,25999400,0.0,0.0
2009-01-16 00:00:00-05:00,15.89780457719226,15.925049496264641,15.373326568544167,15.802445411682129,20942600,0.0,0.0
2009-01-20 00:00:00-05:00,15.598099967998127,15.80244267188279,14.876092198949305,14.978262901306152,20339500,0.0,0.0
2009-01-21 00:00:00-05:00,15.182611879681247,15.284782624262013,14.712624895603918,15.175800323486328,19667200,0.0,0.0
2009-01-22 00:00:00-05:00,14.92377259401495,15.22347446335552,14.63769383218328,14.964640617370605,22725600,0.0,0.0
2009-01-23 00:00:00-05:00,14.562764949612438,14.971448993953071,14.508273830311738,14.794352531433105,20867100,0.0,0.0
2009-01-26 00:00:00-05:00,15.05318900192894,15.761573678929187,15.019131234322057,15.482306480407715,34329500,0.0,0.0
2009-01-27 00:00:00-05:00,15.489118451603963,15.591289158837728,14.855658247915175,15.066812515258789,21691000,0.0,0.0
2009-01-28 00:00:00-05:00,15.38694586366546,15.822874854138323,15.18941472787565,15.666213035583496,20543500,0.0,0.0
2009-01-29 00:00:00-05:00,15.325648784637451,15.720709901341252,14.92377611257325,14.985078811645508,18030700,0.0,0.0
2009-01-30 00:00:00-05:00,15.134924407304231,15.223473300175273,14.542333566826679,14.664938926696777,27041800,0.0,0.0
2009-02-02 00:00:00-05:00,14.446974656115826,15.04637841270169,14.378861714878818,14.692185401916504,17971800,0.0,0.0
2009-02-03 00:00:00-05:00,14.964634687918508,15.012315545307018,14.18813605597867,14.930578231811523,17471100,0.0,0.0
2009-02-04 00:00:00-05:00,14.733054197798456,15.032756091781394,14.64450659005205,14.801168441772461,18486300,0.0,0.0
2009-02-05 00:00:00-05:00,14.6308806729631,15.29158702376307,14.54914463522079,15.257529258728027,24668100,0.0,0.0
2009-02-06 00:00:00-05:00,15.250721341016744,16.245186231184128,15.23709953092661,16.0272216796875,31085500,0.0,0.0
2009-02-09 00:00:00-05:00,15.986347725851845,16.095329970063407,15.366510724709519,15.72751522064209,16315200,0.0,0.0
2009-02-10 00:00:00-05:00,15.598092687733333,15.822868647674694,14.985067460545105,15.128106117248535,21897800,0.0,0.0
2009-02-11 00:00:00-05:00,15.230279645034743,15.325638759358414,14.916954799274757,15.080428123474121,17896200,0.0,0.0
2009-02-12 00:00:00-05:00,14.780735339194928,15.025944802994918,14.406107640303308,14.971453666687012,23454000,0.0,0.0
2009-02-13 00:00:00-05:00,14.835222178111483,15.094054675803964,14.440161229525614,14.45378303527832,18598200,0.0,0.0
2009-02-17 00:00:00-05:00,14.099589717532522,14.13364617660307,13.527432370786988,13.581923484802246,35715200,0.0,0.0
2009-02-18 00:00:00-05:00,13.793084827792422,13.799896383607953,13.234550242633196,13.486571311950684,23374800,0.0,0.0
2009-02-19 00:00:00-05:00,13.588741299161015,13.922499688721688,13.575118189585991,13.731780052185059,20353800,0.0,0.0
2009-02-20 00:00:00-05:00,13.404831677043402,13.793081161118627,13.05745021782581,13.254980087280273,29576700,0.0,0.0
2009-02-23 00:00:00-05:00,13.234549837570603,13.513817121602836,12.423992908730725,12.744128227233887,26930200,0.0,0.0
2009-02-24 00:00:00-05:00,13.384396827911113,14.154085530467379,13.24135809332358,14.0791597366333,37719500,0.0,0.0
2009-02-25 00:00:00-05:00,13.861199127088922,14.154089532151414,13.629611425373065,13.833952903747559,27022900,0.0,0.0
2009-02-26 00:00:00-05:00,13.997426467873774,14.229014171601378,13.847576135708861,14.05872917175293,22728900,0.0,0.0
2009-02-27 00:00:00-05:00,13.738593136243727,14.494658912590733,13.738593136243727,14.229013442993164,23320600,0.0,0.0
2009-03-02 00:00:00-05:00,13.861193392096073,14.269877478925688,13.513811983249443,13.568303108215332,25493600,0.0,0.0
2009-03-03 00:00:00-05:00,13.33671752613449,13.588739829327356,12.778183085685058,12.866730690002441,29268800,0.0,0.0
2009-03-04 00:00:00-05:00,12.93484414736289,13.193677988918674,12.737314288548122,12.948467254638672,22093200,0.0,0.0
2009-03-05 00:00:00-05:00,12.607896882059997,13.064260564849464,12.260515454936286,12.362686157226562,23774300,0.0,0.0
2009-03-06 00:00:00-05:00,12.464858552698892,12.6692012842076,11.947193417554242,12.260517120361328,25862900,0.0,0.0
2009-03-09 00:00:00-04:00,12.08341795418166,12.90759765529726,11.913133031548034,12.417176246643066,28387300,0.0,0.0
2009-03-10 00:00:00-04:00,12.648213015821952,13.503381015504871,12.593040929242612,13.393036842346191,25527600,0.225,0.0
2009-03-11 00:00:00-04:00,13.39303425075642,13.73786005400411,13.241311370873616,13.572343826293945,21666600,0.0,0.0
2009-03-12 00:00:00-04:00,13.551658778412673,14.103381055351004,13.296488326981665,14.020622253417969,17504200,0.0,0.0
2009-03-13 00:00:00-04:00,14.096478448447003,14.48268295904109,13.655100549504924,14.282683372497559,22210800,0.0,0.0
2009-03-16 00:00:00-04:00,14.296480123087395,14.524065142579152,13.83441340891852,13.889585494995117,17034600,0.0,0.0
2009-03-17 00:00:00-04:00,14.137861328470127,14.820616425020653,14.027517150163357,14.813719749450684,25333900,0.0,0.0
2009-03-18 00:00:00-04:00,14.689582398015778,15.75164677134674,14.517169452896315,15.57233715057373,31811800,0.0,0.0
2009-03-19 00:00:00-04:00,15.530953513153996,15.75164180283052,15.31026522347747,15.475781440734863,22955200,0.0,0.0
2009-03-20 00:00:00-04:00,15.579226071563621,15.675776851841686,15.006815431304469,15.282675743103027,22361800,0.0,0.0
2009-03-23 00:00:00-04:00,15.468890474832577,16.05509478270711,15.289580844458811,16.034404754638672,22873800,0.0,0.0
2009-03-24 00:00:00-04:00,15.882678145350948,16.186123927550494,15.779229344403767,15.827506065368652,20462800,0.0,0.0
2009-03-25 00:00:00-04:00,16.048187557026505,16.51715069504206,15.703361875003962,16.055084228515625,33358900,0.0,0.0
2009-03-26 00:00:00-04:00,16.420606445898805,16.79991566638222,16.227504813673125,16.648191452026367,28080900,0.0,0.0
2009-03-27 00:00:00-04:00,16.427501000495628,16.620603923205067,16.08957187230864,16.296466827392578,18856900,0.0,0.0
2009-03-30 00:00:00-04:00,16.027503151254425,16.17922603089253,15.627505272748472,16.124053955078125,21579600,0.0,0.0
2009-03-31 00:00:00-04:00,16.220612164979784,16.393025131064842,15.613717787732718,16.248197555541992,27463300,0.0,0.0
2009-04-01 00:00:00-04:00,15.965439027804429,16.47578120581982,15.806819428300948,16.434402465820312,21365000,0.0,0.0
2009-04-02 00:00:00-04:00,16.765433540016765,17.406809872849006,16.717158128368112,17.082674026489258,30264800,0.0,0.0
2009-04-03 00:00:00-04:00,17.027499405484125,17.33094518080383,16.786121067756905,17.241291046142578,20294400,0.0,0.0
2009-04-06 00:00:00-04:00,17.089566777780778,17.261979674312602,16.86887716527899,17.137842178344727,17140400,0.0,0.0
2009-04-07 00:00:00-04:00,16.875772572793206,16.993013386254468,16.64129094587069,16.806808471679688,16837400,0.0,0.0
2009-04-08 00:00:00-04:00,17.027500468350826,17.455083776357743,17.027500468350826,17.324050903320312,18547600,0.0,0.0
2009-04-09 00:00:00-04:00,17.627500615369957,17.903361087557574,17.544743131416915,17.861982345581055,20316000,0.0,0.0
2009-04-13 00:00:00-04:00,17.675773438899913,17.999910597120028,17.641291378215612,17.903358459472656,11593400,0.0,0.0
2009-04-14 00:00:00-04:00,17.648183843422007,17.710252590172153,17.275771362921144,17.475770950317383,14961600,0.0,0.0
2009-04-15 00:00:00-04:00,17.39301580549224,17.758531688550402,17.31025833619252,17.703359603881836,17464000,0.0,0.0
2009-04-16 00:00:00-04:00,17.779216866844507,18.041283868727408,17.43439110281622,17.910249710083008,16673900,0.0,0.0
2009-04-17 00:00:00-04:00,18.041292913425803,18.255084625990563,17.413709813498578,17.999914169311523,21671300,0.0,0.0
2009-04-20 00:00:00-04:00,17.73782946724739,17.841278205851573,17.179212329649435,17.344728469848633,17480600,0.0,0.0
2009-04-21 00:00:00-04:00,17.379222842568378,17.965425717582516,17.0895690846787,17.841289520263672,20556600,0.0,0.0
2009-04-22 00:00:00-04:00,17.67577092479145,18.565422170295065,17.57232344204608,18.04818344116211,23918400,0.0,0.0
2009-04-23 00:00:00-04:00,17.903350409824352,18.082659938655972,17.45507724544816,17.76542091369629,17975100,0.0,0.0
2009-04-24 00:00:00-04:00,17.88267767562989,18.496467572632458,17.62750584108106,18.144744873046875,21857600,0.0,0.0
2009-04-27 00:00:00-04:00,17.86197602580341,18.137836400388377,17.655081073716193,17.848182678222656,14868400,0.0,0.0
2009-04-28 00:00:00-04:00,17.634391719174857,18.26197458836444,17.482668836267358,17.979217529296875,14949200,0.0,0.0
2009-04-29 00:00:00-04:00,18.117147040191863,18.51714489774718,17.944734147876535,18.165422439575195,21349300,0.0,0.0
2009-04-30 00:00:00-04:00,18.310251882299998,18.668871077560595,18.11715025054907,18.15163230895996,18251600,0.0,0.0
2009-05-01 00:00:00-04:00,18.330943052440688,18.330943052440688,17.593015906908292,17.77232551574707,15045800,0.0,0.0
2009-05-04 00:00:00-04:00,18.027495920831942,18.461977250241027,17.813704251427794,18.07577133178711,18075500,0.0,0.0
2009-05-05 00:00:00-04:00,18.05508643187057,18.20680937194946,17.882673461841872,18.061983108520508,11348800,0.0,0.0
2009-05-06 00:00:00-04:00,18.14473152615811,18.282662359386016,17.627492874662334,17.958526611328125,13892300,0.0,0.0
2009-05-07 00:00:00-04:00,18.061979541497145,18.165427040003415,17.455085270222746,17.6619815826416,20582800,0.0,0.0
2009-05-08 00:00:00-04:00,17.779225508073104,17.779225508073104,17.068883615381576,17.586122512817383,18467600,0.0,0.0
2009-05-11 00:00:00-04:00,17.110262968972414,17.413710167935427,16.92405795896488,17.193021774291992,17525200,0.0,0.0
2009-05-12 00:00:00-04:00,17.317152388626386,17.399909845393005,16.737844929635838,16.99301528930664,19437700,0.0,0.0
2009-05-13 00:00:00-04:00,17.2068108323899,17.337843711276683,16.70336408023441,17.124052047729492,32337000,0.0,0.0
2009-05-14 00:00:00-04:00,17.2550834400946,17.351634243681676,16.882670942705516,16.91715431213379,15822700,0.0,0.0
2009-05-15 00:00:00-04:00,16.861978937633232,17.186114654409902,16.70335810010732,16.827495574951172,20385500,0.0,0.0
2009-05-18 00:00:00-04:00,17.69646334353232,18.034392534471355,17.489568350028836,17.944738388061523,26101700,0.0,0.0
2009-05-19 00:00:00-04:00,17.51025762251741,17.51715429790987,16.551642104873512,16.986122131347656,39888600,0.0,0.0
2009-05-20 00:00:00-04:00,17.137847622844138,17.241295130546128,16.248196162712873,16.434402465820312,31471700,0.0,0.0
2009-05-21 00:00:00-04:00,16.19991152540778,16.434393110942796,15.613707561570237,15.786120414733887,25534300,0.0,0.0
2009-05-22 00:00:00-04:00,15.999911049319712,16.027496417934987,15.586119996846609,15.765429496765137,15133800,0.0,0.0
2009-05-26 00:00:00-04:00,15.634401995419182,16.530948559051375,15.57233324550861,16.413707733154297,20313100,0.0,0.0
2009-05-27 00:00:00-04:00,16.482672181715454,16.69646379908743,16.006812232359533,16.089570999145508,18507500,0.0,0.0
2009-05-28 00:00:00-04:00,16.296469124039547,16.296469124039547,15.399922438451561,15.655094146728516,27154200,0.0,0.0
2009-05-29 00:00:00-04:00,15.855092115083293,15.993022978548359,15.620610436436404,15.972332954406738,18681600,0.0,0.0
2009-06-01 00:00:00-04:00,16.26888412864552,16.84819167684822,16.130953258918684,16.661985397338867,18094400,0.0,0.0
2009-06-02 00:00:00-04:00,16.524054647149512,17.103362199543007,16.43440050196288,16.896467208862305,18364400,0.0,0.0
2009-06-03 00:00:00-04:00,16.820600502658845,17.110254199715726,16.613705568506465,16.806808471679688,14453400,0.0,0.0
2009-06-04 00:00:00-04:00,16.820604685237207,16.99991428661213,16.379228014410458,16.94474220275879,15777400,0.0,0.0
2009-06-05 00:00:00-04:00,17.089562524363274,17.165423285480223,16.53094393154229,16.668874740600586,14749000,0.0,0.0
2009-06-08 00:00:00-04:00,16.717153133574207,17.08956559571857,16.55163692220091,16.937841415405273,13184500,0.0,0.0
2009-06-09 00:00:00-04:00,16.941325615571333,17.115332656546745,16.760358133648705,16.948286056518555,13033200,0.225,0.0
2009-06-10 00:00:00-04:00,17.4424626590306,17.48422529811371,16.83691899557522,16.976123809814453,24352000,0.0,0.0
2009-06-11 00:00:00-04:00,16.976125747670157,17.150132781008534,16.816039595615244,16.864761352539062,17911500,0.0,0.0
2009-06-12 00:00:00-04:00,16.836919977565305,16.871720851262786,16.58634943872509,16.809078216552734,18283600,0.0,0.0
2009-06-15 00:00:00-04:00,16.662915777649733,16.70467709867726,16.370583875320143,16.60027313232422,13946900,0.0,0.0
2009-06-16 00:00:00-04:00,16.60722840772996,16.690751023803546,16.126968718818674,16.147850036621094,17023400,0.0,0.0
2009-06-17 00:00:00-04:00,16.175690111786167,16.732513292874113,16.01560399484519,16.461061477661133,19015600,0.0,0.0
2009-06-18 00:00:00-04:00,16.51674648718735,16.537627808102823,16.189613758254453,16.252256393432617,11365200,0.0,0.0
2009-06-19 00:00:00-04:00,16.335782279449404,16.502828897378922,16.259220075962027,16.37058448791504,15209600,0.0,0.0
2009-06-22 00:00:00-04:00,16.266177383781148,16.454103963015232,16.120010791523246,16.182653427124023,12930800,0.0,0.0
2009-06-23 00:00:00-04:00,16.175689894526926,16.182650333548438,15.813755030816187,15.925119400024414,15209400,0.0,0.0
2009-06-24 00:00:00-04:00,16.113053899991,16.120014341876118,15.681517123662088,15.785921096801758,14555600,0.0,0.0
2009-06-25 00:00:00-04:00,15.778960798944853,16.530671271007943,15.765039915047549,16.405385971069336,18940500,0.0,0.0
2009-06-26 00:00:00-04:00,16.335784576573253,16.746441401234385,16.300983690782456,16.433229446411133,18879400,0.0,0.0
2009-06-29 00:00:00-04:00,16.46802257582069,16.816036580090053,16.398419509453205,16.61418914794922,12322400,0.0,0.0
2009-06-30 00:00:00-04:00,16.64899234258709,16.71163497830984,16.252256534721834,16.4471435546875,12676800,0.0,0.0
2009-07-01 00:00:00-04:00,16.565467415378404,16.662912247221268,16.342738646997304,16.502824783325195,13277900,0.0,0.0
2009-07-02 00:00:00-04:00,16.266180579479258,16.502828960102477,15.834642485844771,15.87640380859375,13532900,0.0,0.0
2009-07-06 00:00:00-04:00,15.841596786902244,16.106086831879782,15.674550233089905,15.925119400024414,12638500,0.0,0.0
2009-07-07 00:00:00-04:00,15.94600560809192,15.94600560809192,15.535348872840814,15.591031074523926,15007900,0.0,0.0
2009-07-08 00:00:00-04:00,15.577110037714384,15.834641047674793,15.514468723064526,15.771998405456543,14710700,0.0,0.0
2009-07-09 00:00:00-04:00,15.904245953711662,15.98776860119598,15.542310941096833,15.785921096801758,14322200,0.0,0.0
2009-07-10 00:00:00-04:00,15.716318056054176,15.883364679128485,15.542310991072368,15.674556732177734,9814600,0.0,0.0
2009-07-13 00:00:00-04:00,15.66759364910079,16.10609079480499,15.500547054186411,16.0852108001709,17804800,0.0,0.0
2009-07-14 00:00:00-04:00,16.071288367151364,16.488905477903963,15.973844861417431,16.481945037841797,15595800,0.0,0.0
2009-07-15 00:00:00-04:00,16.621148857982433,16.802116306023823,16.454102289229176,16.76035499572754,13914400,0.0,0.0
2009-07-16 00:00:00-04:00,16.753398290492328,17.066611506451412,16.579391243308038,16.98308753967285,13633700,0.0,0.0
2009-07-17 00:00:00-04:00,17.122285419158718,17.226689331411293,16.927397142737547,17.17100715637207,15283300,0.0,0.0
2009-07-20 00:00:00-04:00,17.164053981896508,17.30326014218663,17.045729143920404,17.261497497558594,10165600,0.0,0.0
2009-07-21 00:00:00-04:00,17.310219778732943,17.331099772508555,16.795157806130035,17.02484703063965,13716300,0.0,0.0
2009-07-22 00:00:00-04:00,16.962203001942626,17.331096993556383,16.892599936191786,17.24061393737793,11348400,0.0,0.0
2009-07-23 00:00:00-04:00,17.233653797933968,17.75567480879703,17.05964679431295,17.59558868408203,20780700,0.0,0.0
2009-07-24 00:00:00-04:00,17.56078952109099,17.699995679068035,17.3659024930051,17.623432159423828,11246800,0.0,0.0
2009-07-27 00:00:00-04:00,17.574708519071134,17.623430270871516,17.247575808719898,17.512065887451172,13443900,0.0,0.0
2009-07-28 00:00:00-04:00,17.456385128262916,17.67911391338138,17.372861170059352,17.67215347290039,11689700,0.0,0.0
2009-07-29 00:00:00-04:00,17.658233919506696,17.85312094270121,17.48422689018686,17.67215347290039,11970200,0.0,0.0
2009-07-30 00:00:00-04:00,17.887915201341684,18.20808735587358,17.76959042084779,17.992319107055664,13545300,0.0,0.0
2009-07-31 00:00:00-04:00,17.985370510140594,18.22898066889646,17.957528742251437,18.054973602294922,11709000,0.0,0.0
2009-08-03 00:00:00-04:00,18.222016403134198,18.361221230662924,17.86704190244828,18.319459915161133,12022400,0.0,0.0
2009-08-04 00:00:00-04:00,18.208101463116503,18.40298987832756,18.152419248423158,18.298585891723633,10411100,0.0,0.0
2009-08-05 00:00:00-04:00,18.305542319736578,18.41690673277529,18.06889261013719,18.32642364501953,9996600,0.0,0.0
2009-08-06 00:00:00-04:00,18.375144639795863,18.611794339478813,18.215058468706946,18.47258949279785,13755000,0.0,0.0
2009-08-07 00:00:00-04:00,18.604832769837895,19.126853900265907,18.52131013240771,18.97372817993164,16415900,0.0,0.0
2009-08-10 00:00:00-04:00,18.91804219026806,18.959803500619312,18.632670802326288,18.86236000061035,10407600,0.0,0.0
2009-08-11 00:00:00-04:00,18.81364090148793,18.869323098991376,18.604831665173766,18.716196060180664,9524200,0.0,0.0
2009-08-12 00:00:00-04:00,18.65355069257193,19.16165216395755,18.618749822062608,18.931962966918945,13269600,0.0,0.0
2009-08-13 00:00:00-04:00,19.08509617162076,19.356546785683623,18.792764230488196,19.266063690185547,19973100,0.0,0.0
2009-08-14 00:00:00-04:00,19.259091093230406,19.314773269372733,18.723149318130638,18.890195846557617,15928500,0.0,0.0
2009-08-17 00:00:00-04:00,18.041046463547193,18.402981355212578,17.69999289055915,18.17329216003418,30714600,0.0,0.0
2009-08-18 00:00:00-04:00,18.75795469176691,19.00156342400781,18.493463314522465,18.744033813476562,35350300,0.0,0.0
2009-08-19 00:00:00-04:00,18.618749618530273,18.744034875103242,18.42386129413142,18.618749618530273,19453600,0.0,0.0
2009-08-20 00:00:00-04:00,18.646589899002937,18.660509449410554,18.444741151060583,18.570026397705078,14196700,0.0,0.0
2009-08-21 00:00:00-04:00,18.751002125092782,19.16165891409301,18.55611372990957,19.140777587890625,18664100,0.0,0.0
2009-08-24 00:00:00-04:00,19.30085752605152,19.30085752605152,18.75099605636937,18.81363868713379,16237900,0.0,0.0
2009-08-25 00:00:00-04:00,18.945888395418724,19.300862960509647,18.792762659084186,19.015491485595703,21848800,0.0,0.0
2009-08-26 00:00:00-04:00,18.987645734596796,19.447024142665676,18.945883095631878,19.18949317932129,15608400,0.0,0.0
2009-08-27 00:00:00-04:00,19.210375550040915,19.273018184348093,18.931964579546918,19.175573348999023,13446800,0.0,0.0
2009-08-28 00:00:00-04:00,19.266057443201124,19.32173963643016,18.959804716657327,19.27301788330078,12841400,0.0,0.0
2009-08-31 00:00:00-04:00,19.140775114587687,19.21037819869987,18.862364105707368,18.994609832763672,13091300,0.0,0.0
2009-09-01 00:00:00-04:00,18.956009782543163,19.28586211524361,18.689319523249246,18.76651954650879,15738800,0.225,0.0
2009-09-02 00:00:00-04:00,18.68229830057753,18.82266036527044,18.492808107707248,18.6191349029541,10684100,0.0,0.0
2009-09-03 00:00:00-04:00,18.67527970142248,18.885823464436886,18.548952908171998,18.87880516052246,9733200,0.0,0.0
2009-09-04 00:00:00-04:00,18.899865277202917,19.06128229587445,18.780556755009833,18.970046997070312,8150000,0.0,0.0
2009-09-08 00:00:00-04:00,19.11040834553836,19.349025380526612,18.977064555507507,19.28586196899414,12253300,0.0,0.0
2009-09-09 00:00:00-04:00,19.257787088223907,19.29989557649057,19.103387066904972,19.21567726135254,10679500,0.0,0.0
2009-09-10 00:00:00-04:00,19.22971293924427,19.36305804067121,19.103386141956076,19.32094955444336,9446400,0.0,0.0
2009-09-11 00:00:00-04:00,19.299898932847515,19.31393554424568,18.941973373823934,19.18760871887207,14667900,0.0,0.0
2009-09-14 00:00:00-04:00,19.061276196867986,19.41218334532079,19.012149410261323,19.30691146850586,8349400,0.0,0.0
2009-09-15 00:00:00-04:00,19.363057368464162,19.440257372705684,19.12444039044909,19.236730575561523,10045700,0.0,0.0
2009-09-16 00:00:00-04:00,19.39814717582696,19.798181119912996,19.342002084351808,19.692909240722656,17815700,0.0,0.0
2009-09-17 00:00:00-04:00,19.938550671389248,19.952587283241193,19.475353189114912,19.594661712646484,13318200,0.0,0.0
2009-09-18 00:00:00-04:00,19.65781904561395,19.959599414040664,19.65080074185931,19.812217712402344,15767900,0.0,0.0
2009-09-21 00:00:00-04:00,19.622732852464434,19.93153160845399,19.538515861761333,19.749059677124023,8915700,0.0,0.0
2009-09-22 00:00:00-04:00,19.819233567256784,19.868360348864506,19.285854595250463,19.384109497070312,14328500,0.0,0.0
2009-09-23 00:00:00-04:00,19.45428872389713,19.61570700376646,19.166545015171053,19.194618225097656,14091100,0.0,0.0
2009-09-24 00:00:00-04:00,19.313934760954726,19.327971371783626,18.87179089007856,18.97706413269043,12037700,0.0,0.0
2009-09-25 00:00:00-04:00,18.864771151111825,19.110406467531973,18.633172444453923,18.843717575073242,11859300,0.0,0.0
2009-09-28 00:00:00-04:00,18.913899992141445,19.25077060739635,18.87880846642437,19.13146209716797,6862900,0.0,0.0
2009-09-29 00:00:00-04:00,19.173570311905245,19.257788633802413,18.724409498066528,18.829681396484375,13765400,0.0,0.0
2009-09-30 00:00:00-04:00,18.906883815758054,18.906883815758054,18.4717582181086,18.696338653564453,16564800,0.0,0.0
2009-10-01 00:00:00-04:00,18.70335083226561,18.70335083226561,18.324371806238933,18.471752166748047,16260800,0.0,0.0
2009-10-02 00:00:00-04:00,18.35244550565542,18.436663819031736,18.155938338785155,18.26822853088379,13849200,0.0,0.0
2009-10-05 00:00:00-04:00,18.359456274473594,18.47876472193464,18.247166128463686,18.35243797302246,10168400,0.0,0.0
2009-10-06 00:00:00-04:00,18.464736030199212,18.58404452877766,18.373500749453196,18.450700759887695,14352000,0.0,0.0
2009-10-07 00:00:00-04:00,18.43666317396409,18.541935058047688,18.296299769449536,18.345426559448242,13455700,0.0,0.0
2009-10-08 00:00:00-04:00,18.534909954576698,18.991088843996433,18.51385505004195,18.871780395507812,16128300,0.0,0.0
2009-10-09 00:00:00-04:00,18.843718829364985,18.956009037727732,18.703355399609112,18.920917510986328,11117900,0.0,0.0
2009-10-12 00:00:00-04:00,19.019172626572246,19.25778965624401,18.95600921644708,18.97706413269043,11015900,0.0,0.0
2009-10-13 00:00:00-04:00,18.963024074995026,19.377094648948706,18.850733885984333,19.32094955444336,13896000,0.0,0.0
2009-10-14 00:00:00-04:00,19.482367477119045,19.66483937774752,19.17356877308588,19.21567726135254,17510700,0.0,0.0
2009-10-15 00:00:00-04:00,19.14550299421841,19.20866641604688,18.984084616987243,19.15953826904297,13350200,0.0,0.0
2009-10-16 00:00:00-04:00,19.05426207919524,19.208662115140697,18.836699974168717,19.13146209716797,12072000,0.0,0.0
2009-10-19 00:00:00-04:00,19.14550025523186,19.433244096349732,19.10339042096709,19.39113426208496,8302000,0.0,0.0
2009-10-20 00:00:00-04:00,19.180586336303033,19.419203324933594,18.850734070186505,18.927932739257812,12902600,0.0,0.0
2009-10-21 00:00:00-04:00,18.871786103677973,19.110403072829953,18.401570469008426,18.471752166748047,23488900,0.0,0.0
2009-10-22 00:00:00-04:00,18.394552191635057,18.84371425464715,18.282262010533174,18.752477645874023,14882100,0.0,0.0
2009-10-23 00:00:00-04:00,18.696333225073666,18.76651492542757,18.36648097359629,18.436662673950195,16329000,0.0,0.0
2009-10-26 00:00:00-04:00,18.457718186470842,18.626154820460467,18.24717440189092,18.31735610961914,17852200,0.0,0.0
2009-10-27 00:00:00-04:00,18.31735692753682,18.520882416571393,18.22612030183476,18.247175216674805,16016300,0.0,0.0
2009-10-28 00:00:00-04:00,18.24015517290757,18.247173477185203,17.657649303910848,17.692739486694336,22498500,0.0,0.0
2009-10-29 00:00:00-04:00,17.896273286621575,18.310344030537703,17.720819626948813,18.184017181396484,12980200,0.0,0.0
2009-10-30 00:00:00-04:00,18.12786684499444,18.176993641382815,17.517287696127234,17.608524322509766,19426300,0.0,0.0
2009-11-02 00:00:00-05:00,17.643618028235963,18.01558023575004,17.341837546106348,17.587472915649414,15585500,0.0,0.0
2009-11-03 00:00:00-05:00,17.48220476199116,17.741876800257305,17.17340590695705,17.545368194580078,17426600,0.0,0.0
2009-11-04 00:00:00-05:00,17.73484972248296,17.896266708787284,17.475177812624292,17.51728630065918,18645200,0.0,0.0
2009-11-05 00:00:00-05:00,17.67169111265563,18.113833703416883,17.636599580941205,17.987506866455078,15410500,0.0,0.0
2009-11-06 00:00:00-05:00,18.155941438067856,18.450703577294863,18.106813299359263,18.303321838378906,15066700,0.0,0.0
2009-11-09 00:00:00-05:00,18.464737989385533,18.857755049112193,18.387539309364634,18.815645217895508,13331200,0.0,0.0
2009-11-10 00:00:00-05:00,18.81564595538639,18.94197277677821,18.59808383999208,18.822664260864258,14851300,0.0,0.0
2009-11-11 00:00:00-05:00,19.054263285122737,19.264808436935894,18.984081567851685,19.166553497314453,18716700,0.0,0.0
2009-11-12 00:00:00-05:00,19.18058932769132,19.503424678554296,19.06829912007068,19.1174259185791,18713500,0.0,0.0
2009-11-13 00:00:00-05:00,19.13146361188435,19.33498912273799,18.86477334973896,19.18760871887207,14179800,0.0,0.0
2009-11-16 00:00:00-05:00,19.391128111658436,19.61570980735681,19.22971114732279,19.40516471862793,18782200,0.0,0.0
2009-11-17 00:00:00-05:00,19.01917658425978,19.159538705941987,18.49281561608989,18.94197654724121,31046300,0.0,0.0
2009-11-18 00:00:00-05:00,18.850731253874017,19.166546864392814,18.843712950715226,19.152511596679688,17834400,0.0,0.0
2009-11-19 00:00:00-05:00,19.096364433699105,19.1174193423621,18.808620708326817,19.02618408203125,11302700,0.0,0.0
2009-11-20 00:00:00-05:00,18.93495016767017,19.138476964455055,18.76651489029885,19.075313568115234,17600400,0.0,0.0
2009-11-23 00:00:00-05:00,19.208657895292525,19.370074862315725,19.110402983474653,19.30691146850586,18224600,0.0,0.0
2009-11-24 00:00:00-05:00,19.29989438298966,19.41920287453778,19.215676073059672,19.342002868652344,11705100,0.0,0.0
2009-11-25 00:00:00-05:00,19.349016150737388,19.57359646745561,19.145490740688103,19.54552459716797,11451600,0.0,0.0
2009-11-27 00:00:00-05:00,19.061277281774206,19.510438029005122,19.026187100373523,19.377094268798828,7517800,0.0,0.0
2009-11-30 00:00:00-05:00,19.363056138938852,19.475346316921026,18.92091239185509,19.20163917541504,16716700,0.0,0.0
2009-12-01 00:00:00-05:00,19.452852115110023,20.018959939179954,19.353783819522114,19.813745498657227,20488700,0.225,0.0
2009-12-02 00:00:00-05:00,19.834972626686653,20.153406974315363,19.81374313029642,20.04726219177246,17298300,0.0,0.0
2009-12-03 00:00:00-05:00,20.054343331295808,20.054343331295808,19.70760290824176,19.76421356201172,15502800,0.0,0.0
2009-12-04 00:00:00-05:00,20.1180315502674,20.167565706224703,19.778367609670596,19.870359420776367,16845500,0.0,0.0
2009-12-07 00:00:00-05:00,19.842057937664496,20.026041589273458,19.842057937664496,19.969430923461914,12664800,0.0,0.0
2009-12-08 00:00:00-05:00,19.870358577874168,19.891588079400105,19.48823699833852,19.580228805541992,15120500,0.0,0.0
2009-12-09 00:00:00-05:00,19.60145981047569,19.622687963925337,19.410398331201453,19.49531364440918,12481400,0.0,0.0
2009-12-10 00:00:00-05:00,19.658076255267737,19.884518956744735,19.643923248999183,19.806678771972656,11865000,0.0,0.0
2009-12-11 00:00:00-05:00,19.919892512829907,20.18879413038564,19.919892512829907,20.16048812866211,16327200,0.0,0.0
2009-12-14 00:00:00-05:00,20.394005547054455,20.521379844802475,20.23832659964262,20.42938804626465,11488900,0.0,0.0
2009-12-15 00:00:00-05:00,20.245409786247656,20.66998911936762,20.245409786247656,20.535539627075195,17012400,0.0,0.0
2009-12-16 00:00:00-05:00,20.613374136921188,20.78320745426602,20.450618669978933,20.49307632446289,13734200,0.0,0.0
2009-12-17 00:00:00-05:00,20.415236704353855,20.606298166490603,20.358626050724943,20.379854202270508,11472300,0.0,0.0
2009-12-18 00:00:00-05:00,20.507225517003693,20.535531514538658,20.110950999443922,20.273706436157227,17315800,0.0,0.0
2009-12-21 00:00:00-05:00,20.316167856124483,20.698290795593604,20.316167856124483,20.49307632446289,10009100,0.0,0.0
2009-12-22 00:00:00-05:00,20.556757839493297,20.818582894649474,20.49307070039326,20.726591110229492,11790600,0.0,0.0
2009-12-23 00:00:00-05:00,20.761973132541932,20.79027777905917,20.37277513242664,20.521377563476562,9789800,0.0,0.0
2009-12-24 00:00:00-05:00,20.648754356360627,20.691212006148152,20.51430355737838,20.641677856445312,3790100,0.0,0.0
2009-12-28 00:00:00-05:00,20.677056859542613,20.832737142107447,20.500148429140182,20.648752212524414,7299800,0.0,0.0
2009-12-29 00:00:00-05:00,20.634607945895954,20.740752779112775,20.372784113941442,20.712448120117188,6991500,0.0,0.0
2009-12-30 00:00:00-05:00,20.592150367871824,20.719524708141687,20.514310193328065,20.613378524780273,5703100,0.0,0.0
2009-12-31 00:00:00-05:00,20.585065006617207,20.783202933955184,20.44353772284662,20.471843719482422,7437100,0.0,0.0
2010-01-04 00:00:00-05:00,20.62751894874215,20.62751894874215,20.202938523356767,20.28785514831543,13120900,0.0,0.0
2010-01-05 00:00:00-05:00,20.330323300572307,20.514308291717875,20.018965330668728,20.43646812438965,15594300,0.0,0.0
2010-01-06 00:00:00-05:00,20.436465891105932,20.521382550702967,20.309092926267155,20.365703582763672,8833200,0.0,0.0
2010-01-07 00:00:00-05:00,20.422313482433726,20.67706075237517,20.33032032547072,20.606298446655273,12058200,0.0,0.0
2010-01-08 00:00:00-05:00,20.521379943722025,20.69121189163658,20.302013846378763,20.507226943969727,15609800,0.0,0.0
2010-01-11 00:00:00-05:00,20.521382082708218,20.535535083935713,19.870358872992743,19.926969528198242,23670500,0.0,0.0
2010-01-12 00:00:00-05:00,19.91988885025062,20.06141613343739,19.735903921989497,19.799591064453125,23075800,0.0,0.0
2010-01-13 00:00:00-05:00,19.81375082459098,19.990659314096256,19.81375082459098,19.905742645263672,15639100,0.0,0.0
2010-01-14 00:00:00-05:00,19.898666153420738,20.1251087887858,19.898666153420738,20.026039123535156,13208200,0.0,0.0
2010-01-15 00:00:00-05:00,20.033113278966162,20.302014889255446,19.813747170354475,20.217098236083984,23013500,0.0,0.0
2010-01-19 00:00:00-05:00,20.139261807878295,20.48600363522876,20.06142299025473,20.43646812438965,14170100,0.0,0.0
2010-01-20 00:00:00-05:00,20.30909251681206,20.408160826257504,20.061420393493965,20.280786514282227,13256400,0.0,0.0
2010-01-21 00:00:00-05:00,20.259558590931302,20.563841393313115,20.040192453050878,20.153413772583008,18900600,0.0,0.0
2010-01-22 00:00:00-05:00,19.98357616772828,20.20294224385518,19.587301660920676,19.6156063079834,16696600,0.0,0.0
2010-01-25 00:00:00-05:00,19.778355023583543,19.778355023583543,19.466995934652964,19.544836044311523,11098400,0.0,0.0
2010-01-26 00:00:00-05:00,19.4599328156552,19.778368619793213,19.4599328156552,19.62268829345703,13275800,0.0,0.0
2010-01-27 00:00:00-05:00,19.544848224530558,19.757137847183085,19.452855064931157,19.70052719116211,12821800,0.0,0.0
2010-01-28 00:00:00-05:00,19.764214298324788,19.778367299720657,19.240565394018102,19.346710205078125,19430400,0.0,0.0
2010-01-29 00:00:00-05:00,19.50946816220237,19.877438147235615,19.375017331189326,19.82082748413086,22453800,0.0,0.0
2010-02-01 00:00:00-05:00,19.820821449238768,20.132180676366982,19.75005780447723,20.0897216796875,17172100,0.0,0.0
2010-02-02 00:00:00-05:00,20.089719877730346,20.556758001679324,20.026032738127835,20.542606353759766,19640800,0.0,0.0
2010-02-03 00:00:00-05:00,20.478922442524688,20.478922442524688,19.99773124509538,20.146333694458008,19437300,0.0,0.0
2010-02-04 00:00:00-05:00,19.983579676657246,20.188794140138622,19.70052640780746,19.76421356201172,19813600,0.0,0.0
2010-02-05 00:00:00-05:00,19.707599275174665,19.86327820691675,19.481156701839193,19.799591064453125,20229400,0.0,0.0
2010-02-08 00:00:00-05:00,20.188793112199885,20.478922866711635,20.146334111755934,20.231250762939453,26005400,0.0,0.0
2010-02-09 00:00:00-05:00,20.42938804626465,20.585066993676485,20.217097100116504,20.42938804626465,18057700,0.0,0.0
2010-02-10 00:00:00-05:00,20.408157225039812,20.49307251823621,20.09679800067644,20.273706436157227,14481500,0.0,0.0
2010-02-11 00:00:00-05:00,20.316165262262047,20.570913856049817,20.195868814867076,20.51430320739746,14614200,0.0,0.0
2010-02-12 00:00:00-05:00,20.344469136205213,20.521377563476562,20.202941854506456,20.521377563476562,15027700,0.0,0.0
2010-02-16 00:00:00-05:00,20.60629439591337,20.875194614020735,20.471843612007586,20.83273696899414,13317200,0.0,0.0
2010-02-17 00:00:00-05:00,21.059184810464085,21.271474438409886,21.052108309571953,21.2431697845459,21524600,0.0,0.0
2010-02-18 00:00:00-05:00,21.243166656190695,21.49791390226963,21.13702185784911,21.441303253173828,16564800,0.0,0.0
2010-02-19 00:00:00-05:00,21.377620775127625,21.547454109227072,21.2290182949214,21.335163116455078,18576300,0.0,0.0
2010-02-22 00:00:00-05:00,21.51206451549628,21.61820930206253,21.37053858330934,21.455453872680664,16101000,0.0,0.0
2010-02-23 00:00:00-05:00,21.625284333719033,21.957873018683745,21.476681912550703,21.759735107421875,35770100,0.0,0.0
2010-02-24 00:00:00-05:00,21.780969157449608,22.233854363939134,21.752663157191822,22.191396713256836,22937500,0.0,0.0
2010-02-25 00:00:00-05:00,21.98618226050103,22.255083864132473,21.92957160968984,22.191396713256836,15049200,0.0,0.0
2010-02-26 00:00:00-05:00,22.191397805608684,22.191397805608684,21.901268037206904,22.078176498413086,13879200,0.0,0.0
2010-03-01 00:00:00-05:00,22.106483548926306,22.325849686706082,22.000338730626712,22.240934371948242,14182000,0.0,0.0
2010-03-02 00:00:00-05:00,22.212624863745795,22.347075665561515,22.1277095623812,22.191396713256836,15189500,0.0,0.0
2010-03-03 00:00:00-05:00,22.240934770134686,22.50983507128817,22.163094605459243,22.26923942565918,13900900,0.0,0.0
2010-03-04 00:00:00-05:00,22.31877429672102,22.347078951436295,22.14894096961108,22.248010635375977,13777600,0.0,0.0
2010-03-05 00:00:00-05:00,22.325847654476803,22.580596274970794,22.283390000962626,22.502756118774414,18768700,0.0,0.0
2010-03-08 00:00:00-05:00,22.417834055087482,22.672582598801135,22.417834055087482,22.615970611572266,11048000,0.0,0.0
2010-03-09 00:00:00-05:00,22.598872089507964,22.777096628511195,22.577484655319257,22.584613800048828,15127700,0.236,0.0
2010-03-10 00:00:00-05:00,22.520448178730398,22.727187893957556,22.420642892741082,22.605995178222656,10532400,0.0,0.0
2010-03-11 00:00:00-05:00,22.51331609756979,22.969571687720492,22.470542603405455,22.905410766601562,15316800,0.0,0.0
2010-03-12 00:00:00-05:00,22.976702673800023,23.24047417762518,22.898283457111166,23.133541107177734,14953600,0.0,0.0
2010-03-15 00:00:00-04:00,23.1620566731753,23.318892380242577,23.012346029875193,23.30463409423828,12049100,0.0,0.0
2010-03-16 00:00:00-04:00,23.24760694105843,23.390187101674933,23.062251916409863,23.204832077026367,13690400,0.0,0.0
2010-03-17 00:00:00-04:00,23.162053188716577,23.26898623842699,23.055117419516584,23.183439254760742,14730700,0.0,0.0
2010-03-18 00:00:00-04:00,23.133542842766392,23.211962065338632,22.976704397621912,23.097898483276367,17763500,0.0,0.0
2010-03-19 00:00:00-04:00,23.069374084472656,23.21908197525517,22.884019126798645,23.069374084472656,22430600,0.0,0.0
2010-03-22 00:00:00-04:00,22.91254721765737,23.37593212543825,22.91254721765737,23.290382385253906,11737300,0.0,0.0
2010-03-23 00:00:00-04:00,23.233348846435547,23.261865422694285,23.005221675346423,23.233348846435547,11511400,0.0,0.0
2010-03-24 00:00:00-04:00,23.12640620640046,23.240469758214793,22.983828806249736,23.04085922241211,11804400,0.0,0.0
2010-03-25 00:00:00-04:00,23.169183232592342,23.468599064396873,23.14066666209005,23.254730224609375,12956600,0.0,0.0
2010-03-26 00:00:00-04:00,23.290380860334935,23.511380262105263,23.261867001631167,23.347414016723633,12346300,0.0,0.0
2010-03-29 00:00:00-04:00,23.36879272818611,23.447211933768973,23.169182182694986,23.24047088623047,8929400,0.0,0.0
2010-03-30 00:00:00-04:00,23.21195931444534,23.440086451534093,23.169184456432454,23.30463409423828,8666400,0.0,0.0
2010-03-31 00:00:00-04:00,23.19770442178744,23.268993142747,22.955318963238394,23.062252044677734,10342100,0.0,0.0
2010-04-01 00:00:00-04:00,23.10501948837285,23.261857887500994,22.926795023723418,23.083633422851562,9432500,0.0,0.0
2010-04-05 00:00:00-04:00,23.062249539217092,23.34028204753112,22.92679989631289,23.283248901367188,11381200,0.0,0.0
2010-04-06 00:00:00-04:00,23.254734725318585,23.33315394963218,23.11215456470208,23.204832077026367,9399600,0.0,0.0
2010-04-07 00:00:00-04:00,23.169183253561204,23.326021671975905,23.08363626146675,23.247602462768555,11070100,0.0,0.0
2010-04-08 00:00:00-04:00,23.140668166587435,23.5826668796401,23.097896027542998,23.504247665405273,13825000,0.0,0.0
2010-04-09 00:00:00-04:00,23.547018998771684,23.81079320480725,23.41156936394877,23.703857421875,13060700,0.0,0.0
2010-04-12 00:00:00-04:00,23.68247227225543,23.931985482794957,23.625439127280664,23.86782455444336,12251500,0.0,0.0
2010-04-13 00:00:00-04:00,23.817925342993735,24.68053138880887,23.817925342993735,24.480920791625977,30322500,0.0,0.0
2010-04-14 00:00:00-04:00,24.46665374653623,25.001327128618737,24.452395463341965,24.937166213989258,24720700,0.0,0.0
2010-04-15 00:00:00-04:00,24.908660745044177,25.05837142553919,24.766083288558512,25.051240921020508,17975700,0.0,0.0
2010-04-16 00:00:00-04:00,24.94430346869055,25.0084644006908,24.74469016941744,24.958559036254883,28512200,0.0,0.0
2010-04-19 00:00:00-04:00,24.8943958986896,25.143911820802114,24.766076765547954,25.072620391845703,17571800,0.0,0.0
2010-04-20 00:00:00-04:00,25.179549593950576,25.30074363175306,24.958550301186772,25.079744338989258,14848400,0.0,0.0
2010-04-21 00:00:00-04:00,25.05836436799861,25.265102709472455,25.015589511405796,25.143911361694336,19597400,0.0,0.0
2010-04-22 00:00:00-04:00,25.05835683105071,25.585899639573775,24.972807143596363,25.46470832824707,21648900,0.0,0.0
2010-04-23 00:00:00-04:00,25.493231511492574,25.978002373388644,25.450459371583555,25.942358016967773,21336400,0.0,0.0
2010-04-26 00:00:00-04:00,26.0350350563907,26.398611836603877,25.99226019775208,26.013648986816406,22057300,0.0,0.0
2010-04-27 00:00:00-04:00,25.935223718561847,25.935223718561847,25.101131846488588,25.158164978027344,20588400,0.0,0.0
2010-04-28 00:00:00-04:00,25.2579745270518,25.41481294592215,24.972814259922043,25.086877822875977,19371600,0.0,0.0
2010-04-29 00:00:00-04:00,25.272235384633884,25.635812178714794,25.236591027487147,25.35065460205078,16263800,0.0,0.0
2010-04-30 00:00:00-04:00,25.450467164863557,25.657208302697676,25.11540412902832,25.11540412902832,15800700,0.0,0.0
2010-05-03 00:00:00-04:00,25.229462614055194,25.707105741751818,25.072624166230877,25.571653366088867,12644500,0.0,0.0
2010-05-04 00:00:00-04:00,25.350651041374014,25.372037108760203,24.801719316047183,25.250843048095703,25531100,0.0,0.0
2010-05-05 00:00:00-04:00,25.11539375925701,25.42906786958676,24.972813629292656,25.12252426147461,24373800,0.0,0.0
2010-05-06 00:00:00-04:00,24.89439573993931,25.222330872067676,22.862637618712107,24.21001434326172,31183100,0.0,0.0
2010-05-07 00:00:00-04:00,24.053179379109153,24.466658799173203,23.261862175092936,23.83218002319336,28620700,0.0,0.0
2010-05-10 00:00:00-04:00,24.694780302487825,25.23658417414844,24.65200817332315,25.158164978027344,21683400,0.0,0.0
2010-05-11 00:00:00-04:00,25.044111324613908,25.63581534080679,25.001336459067613,25.40056037902832,26625400,0.0,0.0
2010-05-12 00:00:00-04:00,25.429070458890735,25.62155324601862,25.222332104855653,25.585908889770508,19130600,0.0,0.0
2010-05-13 00:00:00-04:00,25.55739076413192,25.664326545869002,25.036975579957254,25.143911361694336,20229800,0.0,0.0
2010-05-14 00:00:00-04:00,25.136783448271135,25.286494102021216,24.78033443175317,25.094011306762695,22621300,0.0,0.0
2010-05-17 00:00:00-04:00,24.930043798710972,25.44332850674975,24.29556501717676,25.372039794921875,33494400,0.0,0.0
2010-05-18 00:00:00-04:00,25.528878522729197,25.878197022054895,24.40249837015067,24.758947372436523,49088700,0.0,0.0
2010-05-19 00:00:00-04:00,24.50943374633789,24.644883385911573,23.989018538093713,24.50943374633789,27200100,0.0,0.0
2010-05-20 00:00:00-04:00,23.996149801518744,24.16011603725264,23.3759292194835,23.44721794128418,29536800,0.0,0.0
2010-05-21 00:00:00-04:00,22.99808819580504,23.867824622728286,22.990960412407816,23.539892196655273,36007500,0.0,0.0
2010-05-24 00:00:00-04:00,23.41869612710771,23.93198351164371,23.354535204040715,23.682470321655273,24263400,0.0,0.0
2010-05-25 00:00:00-04:00,23.197694235936655,24.267040897734102,23.112144544960643,24.224266052246094,30507700,0.0,0.0
2010-05-26 00:00:00-04:00,24.6306246551577,24.91578493483856,24.188628669193342,24.267047882080078,25393100,0.0,0.0
2010-05-27 00:00:00-04:00,24.60210819911783,24.723302270374266,24.366853278840022,24.630624771118164,16379300,0.0,0.0
2010-05-28 00:00:00-04:00,24.644889967380323,24.694792622628288,24.110216330160057,24.13873291015625,17549000,0.0,0.0
2010-06-01 00:00:00-04:00,23.992274275174132,24.530700567581928,23.848696121394244,24.07842445373535,17273700,0.236,0.0
2010-06-02 00:00:00-04:00,24.13584939544413,24.322505332443605,23.970732367222798,24.315324783325195,14262300,0.0,0.0
2010-06-03 00:00:00-04:00,24.336871114101847,24.45173528783269,23.812800411715823,23.99945640563965,15651600,0.0,0.0
2010-06-04 00:00:00-04:00,23.60460759196518,23.618965953943125,22.929779641178268,23.08053970336914,20061800,0.0,0.0
2010-06-07 00:00:00-04:00,23.15950697474055,23.27437113391271,22.61390290331719,22.649797439575195,20853000,0.0,0.0
2010-06-08 00:00:00-04:00,22.635444667438936,22.872352211068367,22.4344316667607,22.836456298828125,16153400,0.0,0.0
2010-06-09 00:00:00-04:00,22.879531543062885,23.26001999956217,22.7000560885557,22.800561904907227,15788600,0.0,0.0
2010-06-10 00:00:00-04:00,23.145149824268213,23.5184562630184,23.037463484020442,23.489742279052734,15343000,0.0,0.0
2010-06-11 00:00:00-04:00,23.19539813942745,23.331798436708233,22.814909856592685,23.130786895751953,13693000,0.0,0.0
2010-06-14 00:00:00-04:00,23.31744178726877,23.432305924602034,22.965670195524588,23.01592445373535,20280100,0.0,0.0
2010-06-15 00:00:00-04:00,23.03746198178383,23.245654098779035,22.64979446846391,23.159503936767578,19748300,0.0,0.0
2010-06-16 00:00:00-04:00,22.944141709999514,23.15951171016178,22.743130074991818,23.0733642578125,16321600,0.0,0.0
2010-06-17 00:00:00-04:00,23.109252855258855,23.188222474000554,22.57800717412321,22.908241271972656,23934100,0.0,0.0
2010-06-18 00:00:00-04:00,22.93695823353911,23.181044903745118,22.822094079240838,22.929779052734375,19785600,0.0,0.0
2010-06-21 00:00:00-04:00,23.094899747917584,23.116438664296542,22.427252219598,22.56365394592285,16599700,0.0,0.0
2010-06-22 00:00:00-04:00,22.58518516871744,22.68569233046431,21.917537786874274,21.9749698638916,22902300,0.0,0.0
2010-06-23 00:00:00-04:00,21.953431984583123,22.10419204024518,21.730882860717774,21.895999908447266,24796400,0.0,0.0
2010-06-24 00:00:00-04:00,21.63754976247861,21.673445657377204,21.228346145653305,21.30013656616211,28837400,0.0,0.0
2010-06-25 00:00:00-04:00,21.23553385441263,21.71652808495002,21.23553385441263,21.680633544921875,43592400,0.0,0.0
2010-06-28 00:00:00-04:00,21.64474048787753,21.702172581064136,21.235536652761827,21.24271583557129,15451400,0.0,0.0
2010-06-29 00:00:00-04:00,20.9268254429054,20.9268254429054,20.4027577518695,20.553516387939453,22817400,0.0,0.0
2010-06-30 00:00:00-04:00,20.481738137850208,20.71864566887672,20.094070522012835,20.15150260925293,20940900,0.0,0.0
2010-07-01 00:00:00-04:00,20.39558534230554,20.460196599003382,19.735115783285462,20.043813705444336,27119600,0.0,0.0
2010-07-02 00:00:00-04:00,20.108428612116978,20.108428612116978,19.79973063392489,19.928953170776367,15404500,0.0,0.0
2010-07-06 00:00:00-04:00,20.09406768357799,20.19457347972873,19.45513563212466,19.627431869506836,18300200,0.0,0.0
2010-07-07 00:00:00-04:00,19.73511970209329,20.1658610425151,19.60589716303785,20.108428955078125,21796200,0.0,0.0
2010-07-08 00:00:00-04:00,20.35251760820154,20.37405378723677,19.900238678414226,20.20893669128418,15975800,0.0,0.0
2010-07-09 00:00:00-04:00,20.173038666031733,20.33097655195885,20.050995318496135,20.28790283203125,13507400,0.0,0.0
2010-07-12 00:00:00-04:00,20.26635563356692,20.64684385800072,20.26635563356692,20.323787689208984,14259400,0.0,0.0
2010-07-13 00:00:00-04:00,20.453020198896734,20.77607652630499,20.309440673939974,20.560705184936523,22058600,0.0,0.0
2010-07-14 00:00:00-04:00,20.496095703919522,20.496095703919522,20.16586153540759,20.302263259887695,13638600,0.0,0.0
2010-07-15 00:00:00-04:00,20.259188096453872,20.39558982046378,20.043818106365812,20.3453369140625,13535300,0.0,0.0
2010-07-16 00:00:00-04:00,20.208929645891516,20.302257620137812,19.41923761673275,19.462312698364258,21870900,0.0,0.0
2010-07-19 00:00:00-04:00,19.498210736823655,19.570001183164372,19.275661585527423,19.4335994720459,17061600,0.0,0.0
2010-07-20 00:00:00-04:00,19.203865160355228,20.122779574990837,19.11053856767033,20.050989151000977,23279400,0.0,0.0
2010-07-21 00:00:00-04:00,19.943314728951663,20.108431832801806,19.634616701316684,19.72076416015625,17161300,0.0,0.0
2010-07-22 00:00:00-04:00,19.893059499856204,20.438665067253083,19.893059499856204,20.25918960571289,26142700,0.0,0.0
2010-07-23 00:00:00-04:00,20.20175394447586,20.359693199078823,20.029457696145336,20.280723571777344,18979200,0.0,0.0
2010-07-26 00:00:00-04:00,20.27354163343153,20.869399924698556,20.266362452899557,20.811967849731445,16149800,0.0,0.0
2010-07-27 00:00:00-04:00,20.984261532453175,21.084768678435992,20.48891045935538,20.51762580871582,14851100,0.0,0.0
2010-07-28 00:00:00-04:00,20.517623051914942,20.783247186573742,20.101240272471003,20.158672332763672,13917900,0.0,0.0
2010-07-29 00:00:00-04:00,20.295079509779,20.47455491817261,19.936128692991776,20.13714027404785,15504300,0.0,0.0
2010-07-30 00:00:00-04:00,19.92177127725657,20.503271244651312,19.835622474651647,20.467376708984375,14837700,0.0,0.0
2010-08-02 00:00:00-04:00,20.68992878785391,20.991447585960476,20.58942297824804,20.90530014038086,17882200,0.0,0.0
2010-08-03 00:00:00-04:00,20.883757735082497,20.948368988877856,20.39558442609027,20.424301147460938,11724700,0.0,0.0
2010-08-04 00:00:00-04:00,20.53916719975269,20.768895514875005,20.467376758954774,20.618135452270508,10987700,0.0,0.0
2010-08-05 00:00:00-04:00,20.474550177064415,20.768889669129283,20.338148514869744,20.610950469970703,9101200,0.0,0.0
2010-08-06 00:00:00-04:00,20.481733443521772,20.589418411254883,20.25200377792551,20.589418411254883,11372800,0.0,0.0
2010-08-09 00:00:00-04:00,20.654033649809694,20.79761317805338,20.589422382848916,20.60378074645996,8354900,0.0,0.0
2010-08-10 00:00:00-04:00,20.388408476630968,20.474557285106044,20.115606426822794,20.273544311523438,13866400,0.0,0.0
2010-08-11 00:00:00-04:00,20.050994208631927,20.144320824857388,19.814086708210134,19.893054962158203,11672600,0.0,0.0
2010-08-12 00:00:00-04:00,19.763832191847847,19.92177005610548,19.605892958301535,19.821264266967773,9886800,0.0,0.0
2010-08-13 00:00:00-04:00,19.749480733418373,19.893060286756572,19.577184447839038,19.605899810791016,9316000,0.0,0.0
2010-08-16 00:00:00-04:00,19.742299636955888,20.151503446708368,19.584361732804293,19.656150817871094,12152400,0.0,0.0
2010-08-17 00:00:00-04:00,20.122776179105873,20.675559201177645,19.893046587249405,20.323787689208984,22537900,0.0,0.0
2010-08-18 00:00:00-04:00,20.352520657241538,20.819156653196703,20.33098310569063,20.718650817871094,13733000,0.0,0.0
2010-08-19 00:00:00-04:00,20.50327634295068,20.711468535596076,20.079714144172698,20.25918960571289,14149300,0.0,0.0
2010-08-20 00:00:00-04:00,20.158678231848445,20.330974463145935,20.022276535254658,20.223289489746094,12430300,0.0,0.0
2010-08-23 00:00:00-04:00,20.503268173412046,20.560700243449503,19.957662823411923,19.97920036315918,11447300,0.0,0.0
2010-08-24 00:00:00-04:00,19.77819513485185,20.158683602814463,19.455140128579373,19.943313598632812,16615700,0.0,0.0
2010-08-25 00:00:00-04:00,19.80690863605132,20.460199094073356,19.80690863605132,20.33815574645996,14357500,0.0,0.0
2010-08-26 00:00:00-04:00,20.381219781766983,20.50326307138845,20.29507238279196,20.374040603637695,12712200,0.0,0.0
2010-08-27 00:00:00-04:00,20.47455798998894,20.70428632811292,20.28790337294098,20.632495880126953,12750900,0.0,0.0
2010-08-30 00:00:00-04:00,20.632496763586524,20.67557048650691,20.08689125253542,20.094070434570312,9632800,0.0,0.0
2010-08-31 00:00:00-04:00,20.004293654876555,20.33009704540078,19.94637320555363,20.141855239868164,12408200,0.236,0.0
2010-09-01 00:00:00-04:00,20.330095568325667,20.80793958575534,20.315615111813898,20.757259368896484,12772500,0.0,0.0
2010-09-02 00:00:00-04:00,20.822418403622642,21.394382581502747,20.80793794825043,21.29302215576172,14321400,0.0,0.0
2010-09-03 00:00:00-04:00,21.65502942531381,21.951871912956,21.37266739583282,21.611589431762695,12769800,0.0,0.0
2010-09-07 00:00:00-04:00,21.474025618377432,21.57538605314932,21.19890384645416,21.235103607177734,8605900,0.0,0.0
2010-09-08 00:00:00-04:00,21.227857959361316,21.43782038456509,21.198898434362313,21.321979522705078,9560100,0.0,0.0
2010-09-09 00:00:00-04:00,21.560905056418736,21.640544799101445,21.213381032146778,21.29302215576172,7879000,0.0,0.0
2010-09-10 00:00:00-04:00,21.343702616252443,21.560905306558837,21.321983313874377,21.48850440979004,7330900,0.0,0.0
2010-09-13 00:00:00-04:00,21.676746180206788,21.828786820520452,21.553665070029524,21.71294593811035,9961400,0.0,0.0
2010-09-14 00:00:00-04:00,21.74190289128769,21.886703277474762,21.633300875482394,21.698461532592773,14073800,0.0,0.0
2010-09-15 00:00:00-04:00,21.56090548499235,21.727426582286107,21.46678390413431,21.676746368408203,9804100,0.0,0.0
2010-09-16 00:00:00-04:00,21.633306971740865,21.75638809419669,21.502987001727977,21.683988571166992,9352500,0.0,0.0
2010-09-17 00:00:00-04:00,21.756383855405918,21.857745653577496,21.575382321231388,21.64054298400879,13015200,0.0,0.0
2010-09-20 00:00:00-04:00,21.74914545562691,22.25594893315769,21.647783655375036,22.19078826904297,11541200,0.0,0.0
2010-09-21 00:00:00-04:00,22.29215216198897,22.639674815936704,22.219751263850124,22.379032135009766,13833500,0.0,0.0
2010-09-22 00:00:00-04:00,22.255945124758288,22.603467686614582,22.255945124758288,22.3573055267334,11663500,0.0,0.0
2010-09-23 00:00:00-04:00,22.16182898189466,22.5093516069949,22.14010829997634,22.328350067138672,16047000,0.0,0.0
2010-09-24 00:00:00-04:00,22.639671233602026,22.94375385292357,22.61795055331761,22.90755271911621,11421600,0.0,0.0
2010-09-27 00:00:00-04:00,22.958233178212886,23.059594973057113,22.762752577229733,22.87859344482422,7991000,0.0,0.0
2010-09-28 00:00:00-04:00,22.907558524166355,23.20440099194987,22.704837647201458,23.0306396484375,12505200,0.0,0.0
2010-09-29 00:00:00-04:00,22.979959429196278,23.11752101065989,22.92203898135882,23.0306396484375,9178300,0.0,0.0
2010-09-30 00:00:00-04:00,23.08132005309337,23.334722532267502,22.893079631808785,22.936519622802734,11401200,0.0,0.0
2010-10-01 00:00:00-04:00,23.03062827473522,23.197150688346476,22.91478743626844,23.03786849975586,8648800,0.0,0.0
2010-10-04 00:00:00-04:00,22.958236951235826,23.153718965277125,22.82791698947392,22.929277420043945,10321100,0.0,0.0
2010-10-05 00:00:00-04:00,22.697595592690053,23.117519150963833,22.625194693484445,22.979957580566406,15975000,0.0,0.0
2010-10-06 00:00:00-04:00,23.001678264607776,23.074079163813384,22.83515716308748,22.979957580566406,9957300,0.0,0.0
2010-10-07 00:00:00-04:00,23.052358479772014,23.24784049334747,22.871356922224138,22.979957580566406,13163400,0.0,0.0
2010-10-08 00:00:00-04:00,23.045112498669692,23.269553987337403,22.950992319851604,23.088552474975586,10578500,0.0,0.0
2010-10-11 00:00:00-04:00,23.08855666360213,23.08855666360213,22.90031489088399,23.016157150268555,8358700,0.0,0.0
2010-10-12 00:00:00-04:00,22.979959388295224,23.00892030262861,22.625196473305678,22.741037368774414,12539000,0.0,0.0
2010-10-13 00:00:00-04:00,22.900314252579964,22.914794707215943,22.40075099602813,22.444190979003906,15267600,0.0,0.0
2010-10-14 00:00:00-04:00,22.494874793235216,22.58175615403832,22.089431664996273,22.30663299560547,11242500,0.0,0.0
2010-10-15 00:00:00-04:00,22.444183338570777,22.502103756465306,22.02425996360253,22.22698211669922,12945300,0.0,0.0
2010-10-18 00:00:00-04:00,22.198024900969227,22.26318555453021,21.850502335931928,22.103904724121094,10701300,0.0,0.0
2010-10-19 00:00:00-04:00,21.93738578288221,22.27766955702762,21.901186027771146,22.017026901245117,12047100,0.0,0.0
2010-10-20 00:00:00-04:00,22.09666620155143,22.422468113541278,21.959104657769746,22.248706817626953,18500800,0.0,0.0
2010-10-21 00:00:00-04:00,22.364553807840547,23.197162144286043,22.357313579244316,23.0306396484375,22203300,0.0,0.0
2010-10-22 00:00:00-04:00,23.001681939796164,23.03788170471679,22.733798984213,22.791719436645508,9102000,0.0,0.0
2010-10-25 00:00:00-04:00,22.748269896234255,23.045112262997407,22.67586901584355,22.733789443969727,8561300,0.0,0.0
2010-10-26 00:00:00-04:00,22.63967336896381,22.813434684832043,22.444191370762475,22.65415382385254,9277900,0.0,0.0
2010-10-27 00:00:00-04:00,22.48038866279889,22.48038866279889,22.045986111212695,22.371788024902344,11575100,0.0,0.0
2010-10-28 00:00:00-04:00,22.57451445644147,22.64691535557691,22.357311759035152,22.581754684448242,7932400,0.0,0.0
2010-10-29 00:00:00-04:00,22.50934956940172,22.57451022832606,22.350068725882252,22.371788024902344,9499200,0.0,0.0
2010-11-01 00:00:00-04:00,22.444192505206544,22.66863404359758,22.12562938621355,22.234230041503906,8229900,0.0,0.0
2010-11-02 00:00:00-04:00,22.444198794030257,23.14648451722384,22.42971833435221,22.81344223022461,15092700,0.0,0.0
2010-11-03 00:00:00-04:00,22.885837068934663,22.914796599666126,22.473153744252357,22.77723503112793,9073300,0.0,0.0
2010-11-04 00:00:00-04:00,23.04511474427703,23.15371538609021,22.994434536826354,23.124755859375,11096000,0.0,0.0
2010-11-05 00:00:00-04:00,23.131995949161396,23.37815813897581,23.001674627385288,23.110275268554688,10750000,0.0,0.0
2010-11-08 00:00:00-05:00,22.900314431388736,22.907554658763257,22.588992939877308,22.798954010009766,9696400,0.0,0.0
2010-11-09 00:00:00-05:00,22.791707922656542,22.813428599195504,22.574506680994197,22.784467697143555,10268600,0.0,0.0
2010-11-10 00:00:00-05:00,22.79171781157968,22.951000080111523,22.62519669532586,22.936519622802734,11175200,0.0,0.0
2010-11-11 00:00:00-05:00,22.712074415381917,23.117517488470735,22.683113505409477,22.95099639892578,9226300,0.0,0.0
2010-11-12 00:00:00-05:00,22.784477560013812,22.994440047982863,22.697597578113278,22.762758255004883,10594800,0.0,0.0
2010-11-15 00:00:00-05:00,22.75551387255876,23.146476481609547,22.69759343488708,22.726552963256836,9645900,0.0,0.0
2010-11-16 00:00:00-05:00,22.95099784731819,23.761884044669262,22.835156961982328,22.958236694335938,25568500,0.0,0.0
2010-11-17 00:00:00-05:00,22.92203482698042,22.95823458246835,22.205268897048548,22.321109771728516,19411800,0.0,0.0
2010-11-18 00:00:00-05:00,22.436952834735273,22.509353733704717,22.263191505767985,22.350072860717773,26258300,0.0,0.0
2010-11-19 00:00:00-05:00,22.299390996068585,22.603473663330078,22.299390996068585,22.603473663330078,25364400,0.0,0.0
2010-11-22 00:00:00-05:00,22.480392725858145,22.697595421840038,22.357311612414758,22.509353637695312,23205700,0.0,0.0
2010-11-23 00:00:00-05:00,22.429712349427277,22.444192805241503,22.321111692685143,22.379032135009766,11698400,0.0,0.0
2010-11-24 00:00:00-05:00,22.57451425410153,22.697595367248887,22.502113355615034,22.560033798217773,9748600,0.0,0.0
2010-11-26 00:00:00-05:00,22.38627054139215,22.560031854227418,22.335590331098384,22.444190979003906,4182200,0.0,0.0
2010-11-29 00:00:00-05:00,22.35006886197719,22.386268614519125,21.959104906050502,22.21974754333496,11838700,0.0,0.0
2010-11-30 00:00:00-05:00,21.932277211970053,22.333567224624574,21.873907932700916,22.041719436645508,12889600,0.236,0.0
2010-12-01 00:00:00-05:00,22.326273537601097,23.165332548430122,22.326273537601097,23.063186645507812,17102400,0.0,0.0
2010-12-02 00:00:00-05:00,23.070484231533342,24.46405084092512,23.070484231533342,24.340017318725586,25843400,0.0,0.0
2010-12-03 00:00:00-05:00,24.208682077246863,24.485937199682194,24.07735084994943,24.427566528320312,16353500,0.0,0.0
2010-12-06 00:00:00-05:00,24.40568057392137,24.478641134806704,24.296236949326374,24.325422286987305,9357000,0.0,0.0
2010-12-07 00:00:00-05:00,24.566190912726196,24.755892797600232,24.456750086775727,24.4786376953125,12615800,0.0,0.0
2010-12-08 00:00:00-05:00,24.39838342266929,24.916413436920504,24.376495810541442,24.828857421875,11406300,0.0,0.0
2010-12-09 00:00:00-05:00,25.244744808067907,25.354188461496566,24.719422508106433,25.04045295715332,15158700,0.0,0.0
2010-12-10 00:00:00-05:00,25.113413436712147,25.193671744469462,24.91641931455764,25.09882354736328,11475700,0.0,0.0
2010-12-13 00:00:00-05:00,25.09881472705117,25.28121889575571,25.055036724586056,25.215553283691406,12755700,0.0,0.0
2010-12-14 00:00:00-05:00,25.25203427494021,25.463623784605527,25.149888382899526,25.332292556762695,11134100,0.0,0.0
2010-12-15 00:00:00-05:00,25.222850961934235,25.60225200798846,25.208258292862876,25.38336753845215,13972800,0.0,0.0
2010-12-16 00:00:00-05:00,25.4198460918377,25.697101218815813,25.310402472874358,25.62413787841797,11193300,0.0,0.0
2010-12-17 00:00:00-05:00,25.529298762777756,25.733590621794217,25.485520743016586,25.609554290771484,17797200,0.0,0.0
2010-12-20 00:00:00-05:00,25.718992567192586,25.89410182633021,25.5803663751896,25.682512283325195,8956500,0.0,0.0
2010-12-21 00:00:00-05:00,25.79926453501753,25.894115549956652,25.58767487987208,25.594972610473633,7002600,0.0,0.0
2010-12-22 00:00:00-05:00,25.653328395257624,25.79195459510877,25.543884754192177,25.66792106628418,6448100,0.0,0.0
2010-12-23 00:00:00-05:00,25.631444028002033,25.82844093692003,25.55848066362439,25.602258682250977,6238800,0.0,0.0
2010-12-27 00:00:00-05:00,25.492809363521385,25.83573014173939,25.35418317690441,25.71169662475586,5111100,0.0,0.0
2010-12-28 00:00:00-05:00,25.697109664308034,25.755477572542386,25.514705428265568,25.602258682250977,4081700,0.0,0.0
2010-12-29 00:00:00-05:00,25.587666342068598,25.755477907417436,25.456335067749023,25.456335067749023,6126800,0.0,0.0
2010-12-30 00:00:00-05:00,25.383365758908653,25.580362602660653,25.35418042281202,25.434438705444336,6563300,0.0,0.0
2010-12-31 00:00:00-05:00,25.346881420407556,25.594951170959913,25.266623150630853,25.580358505249023,5411300,0.0,0.0
2011-01-03 00:00:00-05:00,25.68250760455205,25.9524649959113,25.675209879147705,25.762765884399414,7464300,0.0,0.0
2011-01-04 00:00:00-05:00,25.73357658646045,25.94516605833481,25.273917371108027,25.295804977416992,14359700,0.0,0.0
2011-01-05 00:00:00-05:00,25.259328502889787,25.441732671594323,25.12070233665036,25.215553283691406,11479400,0.0,0.0
2011-01-06 00:00:00-05:00,25.26662876740209,25.39066227861772,24.982078680950224,25.113407135009766,11526700,0.0,0.0
2011-01-07 00:00:00-05:00,25.11340534614305,25.24473657411468,24.93829889769209,25.0842227935791,11735800,0.0,0.0
2011-01-10 00:00:00-05:00,24.92371257529441,25.149894810668076,24.85804694459028,25.091524124145508,9825600,0.0,0.0
2011-01-11 00:00:00-05:00,25.252034529740655,25.68980343812276,25.1644813047176,25.434438705444336,12408600,0.0,0.0
2011-01-12 00:00:00-05:00,25.390665296912108,25.587662176319782,25.28851938535272,25.412555694580078,8963300,0.0,0.0
2011-01-13 00:00:00-05:00,25.397966056234942,25.74088411694534,25.32500269407595,25.73358917236328,10713100,0.0,0.0
2011-01-14 00:00:00-05:00,25.616837855567212,26.266196148356755,25.551172253865666,26.185937881469727,13844200,0.0,0.0
2011-01-18 00:00:00-05:00,26.244313864947447,26.419420316154884,26.164055581782847,26.280794143676758,10765000,0.0,0.0
2011-01-19 00:00:00-05:00,26.26620183677186,26.26620183677186,25.886800809582017,25.996244430541992,9110300,0.0,0.0
2011-01-20 00:00:00-05:00,26.076503793468515,26.73315719659023,26.069206067360298,26.623716354370117,13483000,0.0,0.0
2011-01-21 00:00:00-05:00,26.86448015881263,26.988516415042334,26.609115489025232,26.63829803466797,11886200,0.0,0.0
2011-01-24 00:00:00-05:00,26.601822865480933,26.74045181274414,26.485084310729473,26.74045181274414,8884200,0.0,0.0
2011-01-25 00:00:00-05:00,26.638315733180004,27.127160575761156,26.543467526108145,27.112567901611328,14228300,0.0,0.0
2011-01-26 00:00:00-05:00,27.11985524435425,27.71084585703966,27.105265357562516,27.30225944519043,14228300,0.0,0.0
2011-01-27 00:00:00-05:00,27.367923274186303,27.812989940364336,27.294962711943068,27.710844039916992,10722100,0.0,0.0
2011-01-28 00:00:00-05:00,27.645174579116862,27.69624752224362,26.725858819568554,26.776931762695312,12588000,0.0,0.0
2011-01-31 00:00:00-05:00,27.090674983216005,27.1271552698212,26.667495865446853,26.828012466430664,11189800,0.0,0.0
2011-02-01 00:00:00-05:00,26.952046135263185,27.09067512164575,26.6310157149226,26.988529205322266,9623200,0.0,0.0
2011-02-02 00:00:00-05:00,26.784224525920262,26.966628674612064,26.543452496945626,26.67478370666504,7782400,0.0,0.0
2011-02-03 00:00:00-05:00,26.689378543516106,27.032296478329105,26.609120266240726,26.776931762695312,5664700,0.0,0.0
2011-02-04 00:00:00-05:00,26.82071204498411,27.105264931762935,26.64560557356179,26.849897384643555,7559900,0.0,0.0
2011-02-07 00:00:00-05:00,26.849903440127918,26.90827413261121,26.682091874140173,26.7039794921875,7046400,0.0,0.0
2011-02-08 00:00:00-05:00,26.72587177807896,27.192826217801368,26.56535514569888,27.112567901611328,6137400,0.0,0.0
2011-02-09 00:00:00-05:00,27.04689150756308,27.141742460196642,26.973930949086117,27.11985206604004,6812400,0.0,0.0
2011-02-10 00:00:00-05:00,27.0979638355752,27.32414601490932,27.039595946781553,27.222000122070312,6009500,0.0,0.0
2011-02-11 00:00:00-05:00,27.017710683836153,27.34603881835937,26.755048176217574,27.346038818359375,10053400,0.0,0.0
2011-02-14 00:00:00-05:00,27.338751841274824,27.47737807924009,27.19282787415613,27.419010162353516,9070800,0.0,0.0
2011-02-15 00:00:00-05:00,27.42628415376012,27.528430017720343,27.22928736615138,27.499244689941406,6538400,0.0,0.0
2011-02-16 00:00:00-05:00,27.535737783623446,27.79110253665592,27.42629415617121,27.623291015625,6801500,0.0,0.0
2011-02-17 00:00:00-05:00,27.601414245171927,27.88596444839751,27.44089760406287,27.856779098510742,8196500,0.0,0.0
2011-02-18 00:00:00-05:00,27.82029020906419,28.090247653956197,27.71814429928166,28.075654983520508,12894800,0.0,0.0
2011-02-22 00:00:00-05:00,28.67392916238214,28.73229982093319,27.55031903467015,27.791093826293945,20604500,0.0,0.0
2011-02-23 00:00:00-05:00,27.732729800030175,27.92972664485251,26.92285759344971,27.214702606201172,15127800,0.0,0.0
2011-02-24 00:00:00-05:00,27.16362512240565,27.484655417792496,26.835297102540476,27.097959518432617,9342800,0.0,0.0
2011-02-25 00:00:00-05:00,27.141750564369357,27.346042415717246,26.835310004079798,27.054197311401367,9723700,0.0,0.0
2011-02-28 00:00:00-05:00,27.105260376291316,27.389810431979786,27.039594764727305,27.33873748779297,9736700,0.0,0.0
2011-03-01 00:00:00-05:00,27.09797014082788,27.52114926193271,26.76964199225818,26.820714950561523,10015500,0.0,0.0
2011-03-02 00:00:00-05:00,26.703969418416936,26.988522262026923,26.506975363769133,26.74774742126465,12677300,0.0,0.0
2011-03-03 00:00:00-05:00,27.01040833492093,27.44817720542189,26.959335392804704,27.397104263305664,8060300,0.0,0.0
2011-03-04 00:00:00-05:00,27.32413775046277,27.62328039612711,26.835293261245834,27.156326293945312,9269600,0.0,0.0
2011-03-07 00:00:00-05:00,27.185524418829903,27.50655763552443,26.871791713019256,26.90097427368164,8888200,0.0,0.0
2011-03-08 00:00:00-05:00,26.974432102102163,27.37111278422209,26.842204273972783,27.209503173828125,14254200,0.25,0.0
2011-03-09 00:00:00-05:00,27.246227520615943,27.753098900903975,27.11399971666816,27.672292709350586,9339800,0.0,0.0
2011-03-10 00:00:00-05:00,27.437232935931963,27.547423751846893,27.136047881669192,27.23154640197754,8897300,0.0,0.0
2011-03-11 00:00:00-05:00,27.20215088478112,27.437221915530355,26.937695274621294,27.282957077026367,7729400,0.0,0.0
2011-03-14 00:00:00-04:00,27.12135503977607,27.136047335086715,26.65121279891065,26.945053100585938,8729100,0.0,0.0
2011-03-15 00:00:00-04:00,26.37205761794921,26.856891970706627,26.31328845893971,26.658550262451172,8897300,0.0,0.0
2011-03-16 00:00:00-04:00,26.548361595699017,26.636512538935804,26.026797878335085,26.210447311401367,13998700,0.0,0.0
2011-03-17 00:00:00-04:00,26.496937096477936,26.54101396443595,26.08556140233945,26.269210815429688,9726300,0.0,0.0
2011-03-18 00:00:00-04:00,26.47490116616609,26.64385829697312,26.2692119093972,26.44551658630371,11368200,0.0,0.0
2011-03-21 00:00:00-04:00,26.658555070880865,26.959740059460238,26.651207523545526,26.761398315429688,7704500,0.0,0.0
2011-03-22 00:00:00-04:00,26.709971875450616,26.900966037696012,26.63651042668874,26.658550262451172,6506200,0.0,0.0
2011-03-23 00:00:00-04:00,26.50429353799094,26.945051156433315,26.467561401230245,26.90097427368164,8496900,0.0,0.0
2011-03-24 00:00:00-04:00,27.069929788759048,27.731068978016477,27.0258557109875,27.444576263427734,9999300,0.0,0.0
2011-03-25 00:00:00-04:00,27.481302716167963,27.782487692545192,27.42988109597684,27.4886474609375,7611400,0.0,0.0
2011-03-28 00:00:00-04:00,27.51802643480792,27.554755755704317,26.90096431603874,26.923004150390625,8585300,0.0,0.0
2011-03-29 00:00:00-04:00,27.451909770531095,27.775134487296924,27.290300214415456,27.69432830810547,18370800,0.0,0.0
2011-03-30 00:00:00-04:00,27.59149215439333,27.797178625099985,27.334381263742014,27.59883689880371,7722000,0.0,0.0
2011-03-31 00:00:00-04:00,27.39315455728231,27.518034846958965,27.040547924804873,27.224197387695312,8917300,0.0,0.0
2011-04-01 00:00:00-04:00,27.268274445153033,27.81922289403076,27.150738888149867,27.59149932861328,9247500,0.0,0.0
2011-04-04 00:00:00-04:00,27.532718201995408,27.716367605265603,27.349068798725213,27.525373458862305,6571700,0.0,0.0
2011-04-05 00:00:00-04:00,27.378456712873678,27.79717717918495,27.363764422549163,27.620872497558594,10098700,0.0,0.0
2011-04-06 00:00:00-04:00,27.69432913304462,27.760443026873595,27.334375088360783,27.547409057617188,10077900,0.0,0.0
2011-04-07 00:00:00-04:00,27.503330053648057,27.841247041510336,27.356412791922963,27.789825439453125,10395700,0.0,0.0
2011-04-08 00:00:00-04:00,27.841260749046718,27.885334828357088,27.356426260752976,27.518035888671875,9848100,0.0,0.0
2011-04-11 00:00:00-04:00,27.510684523526486,27.870635828539687,27.473955198849115,27.620872497558594,7032900,0.0,0.0
2011-04-12 00:00:00-04:00,27.48864759232712,27.907370905163333,27.444573518962994,27.73841094970703,8542600,0.0,0.0
2011-04-13 00:00:00-04:00,27.79717576964247,27.89267425077536,27.30499387666623,27.672292709350586,10337800,0.0,0.0
2011-04-14 00:00:00-04:00,27.62087547514886,27.89267867205163,27.51068748923825,27.79718017578125,6608300,0.0,0.0
2011-04-15 00:00:00-04:00,27.877988844225598,28.208558435712145,27.870641296487896,28.03959846496582,10440600,0.0,0.0
2011-04-18 00:00:00-04:00,27.753103241584455,27.782487825339302,27.334382731016387,27.73841094970703,8250600,0.0,0.0
2011-04-19 00:00:00-04:00,27.833909004238656,27.92940749879292,27.59883794246517,27.745758056640625,7023300,0.0,0.0
2011-04-20 00:00:00-04:00,28.120399318723244,28.289356455009965,27.797177336557503,27.870635986328125,8887400,0.0,0.0
2011-04-21 00:00:00-04:00,27.966135378923727,28.039594031074348,27.57679947844312,27.767793655395508,8406800,0.0,0.0
2011-04-25 00:00:00-04:00,27.628228664751386,27.701687337027593,27.393157550745055,27.59149932861328,8594000,0.0,0.0
2011-04-26 00:00:00-04:00,27.38580272089087,27.58414444602452,27.136039378381973,27.334381103515625,14100000,0.0,0.0
2011-04-27 00:00:00-04:00,27.400495544405185,27.58414498210531,27.16542448833047,27.41518783569336,12615000,0.0,0.0
2011-04-28 00:00:00-04:00,27.304991933124064,27.672290739664454,27.29764718999096,27.525373458862305,9730800,0.0,0.0
2011-04-29 00:00:00-04:00,27.518027665059016,27.591489112403618,27.19480570354582,27.29030418395996,15945000,0.0,0.0
2011-05-02 00:00:00-04:00,27.503344988426893,27.672302172971055,27.312350763110913,27.437231063842773,7918500,0.0,0.0
2011-05-03 00:00:00-04:00,27.238892092359073,27.488652693822793,27.224199797754974,27.437231063842773,8833000,0.0,0.0
2011-05-04 00:00:00-04:00,27.40049882231208,27.635569906508227,27.2535786941224,27.319692611694336,11319900,0.0,0.0
2011-05-05 00:00:00-04:00,27.18011520159506,27.495992440281512,27.018502809076075,27.18745994567871,13661700,0.0,0.0
2011-05-06 00:00:00-04:00,27.429887241814274,27.5327305052392,27.011166639430634,27.172779083251953,10677800,0.0,0.0
2011-05-09 00:00:00-04:00,27.128700722135733,27.24623627426575,26.959743541090624,27.150737762451172,6550000,0.0,0.0
2011-05-10 00:00:00-04:00,27.099311985984023,27.4519185884076,27.099311985984023,27.378459930419922,6818400,0.0,0.0
2011-05-11 00:00:00-04:00,27.187457219026165,27.429875783492285,27.12134331983246,27.349069595336914,9594900,0.0,0.0
2011-05-12 00:00:00-04:00,27.290303294230757,27.495989735554403,27.09196159626827,27.393146514892578,9749400,0.0,0.0
2011-05-13 00:00:00-04:00,27.40784149993837,27.444570824892356,27.018502809076075,27.18745994567871,8666600,0.0,0.0
2011-05-16 00:00:00-04:00,26.952384650583248,27.40783717540652,26.849541436032002,27.16541862487793,11603500,0.0,0.0
2011-05-17 00:00:00-04:00,27.437215408338947,27.870628043917044,27.31967992083982,27.473947525024414,17428400,0.0,0.0
2011-05-18 00:00:00-04:00,27.42988492778261,27.5768050641104,27.290312339518895,27.518035888671875,9069300,0.0,0.0
2011-05-19 00:00:00-04:00,27.510692560730423,27.510692560730423,27.24623686216451,27.466615676879883,7015200,0.0,0.0
2011-05-20 00:00:00-04:00,27.41518819767157,27.451917525242948,27.106658483350323,27.216846466064453,8154000,0.0,0.0
2011-05-23 00:00:00-04:00,26.952379810902475,27.18010603242265,26.834844329339433,27.04787826538086,9662800,0.0,0.0
2011-05-24 00:00:00-04:00,27.08461555752846,27.099307847335798,26.78343062214732,26.849544525146484,10580400,0.0,0.0
2011-05-25 00:00:00-04:00,26.849556010942646,26.967091577413406,26.680598809282742,26.9083251953125,12316900,0.0,0.0
2011-05-26 00:00:00-04:00,26.776089535872703,26.937699141293123,26.52632617956682,26.585092544555664,8083300,0.0,0.0
2011-05-27 00:00:00-04:00,26.70997220052959,26.75404626805539,26.37940268274724,26.44551658630371,9596500,0.0,0.0
2011-05-31 00:00:00-04:00,26.57774070363039,26.65119934082031,26.460205202766087,26.651199340820312,8628100,0.0,0.0
2011-06-01 00:00:00-04:00,26.533667255681852,26.636510481893886,26.004758834838867,26.004758834838867,10483000,0.0,0.0
2011-06-02 00:00:00-04:00,25.894577949788843,25.93865483596696,25.497894380992243,25.777042388916016,11346600,0.0,0.0
2011-06-03 00:00:00-04:00,25.431775606256007,25.608080315100782,25.292203030027256,25.439123153686523,8840300,0.0,0.0
2011-06-06 00:00:00-04:00,25.36565964996071,25.57134892744252,25.18935775756836,25.18935775756836,7485400,0.0,0.0
2011-06-07 00:00:00-04:00,25.314238061487387,25.72561381467585,25.20405007917716,25.21874237060547,9335000,0.0,0.0
2011-06-08 00:00:00-04:00,25.1232432546368,25.211394198753283,24.99101543732808,25.049781799316406,9432400,0.0,0.0
2011-06-09 00:00:00-04:00,25.071822258590444,25.38769951862893,25.057129967162137,25.21874237060547,6934100,0.0,0.0
2011-06-10 00:00:00-04:00,25.101206597504962,25.159975769207975,24.55025822299676,24.586990356445312,12388200,0.0,0.0
2011-06-13 00:00:00-04:00,24.579636111566785,24.888168574404226,24.542906790394312,24.616365432739258,11743300,0.0,0.0
2011-06-14 00:00:00-04:00,25.060440976266488,25.778357630139954,24.949421947386465,25.719146728515625,17534700,0.25,0.0
2011-06-15 00:00:00-04:00,25.423091350388724,25.511907680059046,25.03082910933476,25.075237274169922,14608600,0.0,0.0
2011-06-16 00:00:00-04:00,25.215863325397745,25.741347329964373,25.171455152759215,25.534114837646484,14084900,0.0,0.0
2011-06-17 00:00:00-04:00,25.689551485431995,25.852378706267018,25.393505329670138,25.55632972717285,18322400,0.0,0.0
2011-06-20 00:00:00-04:00,25.378692718640234,25.88937404427419,25.37128994421196,25.733949661254883,7866600,0.0,0.0
2011-06-21 00:00:00-04:00,25.822760385054217,26.244628135025195,25.608125123256798,26.22242546081543,14805200,0.0,0.0
2011-06-22 00:00:00-04:00,26.10401385405477,26.200230174981268,25.82276766698668,25.852373123168945,9901700,0.0,0.0
2011-06-23 00:00:00-04:00,25.585925564738837,26.40005571598678,25.563722887825367,26.385255813598633,17098000,0.0,0.0
2011-06-24 00:00:00-04:00,26.36306043426744,26.414868582509104,25.963397979736328,25.963397979736328,15738100,0.0,0.0
2011-06-27 00:00:00-04:00,25.926378566353993,26.19282197010339,25.667337936781585,26.052200317382812,8424900,0.0,0.0
2011-06-28 00:00:00-04:00,26.155824203348583,26.851535542494936,26.09661328597514,26.688711166381836,17004200,0.0,0.0
2011-06-29 00:00:00-04:00,26.75531163752996,26.87373060291793,26.48886825957431,26.62948989868164,12298200,0.0,0.0
2011-06-30 00:00:00-04:00,26.78491959008488,26.873735949293494,26.599889743397366,26.807125091552734,11945200,0.0,0.0
2011-07-01 00:00:00-04:00,26.858930278518564,27.35480885808447,26.836724779484847,27.184581756591797,9777900,0.0,0.0
2011-07-05 00:00:00-04:00,27.110572400865646,27.273396736918315,26.96254796718311,27.08096694946289,9938900,0.0,0.0
2011-07-06 00:00:00-04:00,26.977348585436015,27.191983856341995,26.88113228755902,27.066162109375,7031700,0.0,0.0
2011-07-07 00:00:00-04:00,27.25119583670688,27.569447401707194,27.199387705039985,27.421422958374023,9850200,0.0,0.0
2011-07-08 00:00:00-04:00,27.09577044350256,27.154978524655753,26.873735198348257,27.10317039489746,9822700,0.0,0.0
2011-07-11 00:00:00-04:00,26.836726270010317,27.132775138033118,26.76271546467024,26.91073989868164,8283800,0.0,0.0
2011-07-12 00:00:00-04:00,26.94034712479846,27.19938778388383,26.718309047489363,26.725711822509766,8931500,0.0,0.0
2011-07-13 00:00:00-04:00,26.89594107033251,27.110576389584438,26.68870852668604,26.740516662597656,10563600,0.0,0.0
2011-07-14 00:00:00-04:00,26.792311064058303,27.043951662344917,26.51106502518968,26.614681243896484,10861100,0.0,0.0
2011-07-15 00:00:00-04:00,26.71090802150927,26.71090802150927,26.266837531414097,26.577686309814453,9923500,0.0,0.0
2011-07-18 00:00:00-04:00,26.511077996379733,26.607294313682317,26.155821005568182,26.41486167907715,6908300,0.0,0.0
2011-07-19 00:00:00-04:00,26.533279198619407,26.844130812853283,26.44446566169463,26.725711822509766,9689400,0.0,0.0
2011-07-20 00:00:00-04:00,26.814524563755732,27.073568038485824,26.58508654156588,26.94774627685547,11320700,0.0,0.0
2011-07-21 00:00:00-04:00,27.06616791968785,27.539843913488145,27.036562464242426,27.177186965942383,12431800,0.0,0.0
2011-07-22 00:00:00-04:00,27.16238317420123,27.25119671372683,26.918142411341435,27.02916145324707,8011500,0.0,0.0
2011-07-25 00:00:00-04:00,26.918134728117366,27.3622079456569,26.821921264148237,27.125370025634766,8622300,0.0,0.0
2011-07-26 00:00:00-04:00,27.080971618014292,27.354815032370176,26.918144430560222,26.932947158813477,9886700,0.0,0.0
2011-07-27 00:00:00-04:00,26.873732314292322,26.910737713958113,26.311240075380663,26.370450973510742,12291900,0.0,0.0
2011-07-28 00:00:00-04:00,26.370448923024053,26.725705814187755,25.94858118830898,26.01519203186035,13821200,0.0,0.0
2011-07-29 00:00:00-04:00,25.726551346060184,26.081811173583922,25.63033784846538,25.852373123168945,12097800,0.0,0.0
2011-08-01 00:00:00-04:00,25.95598828526771,25.95598828526771,25.07524717653877,25.349090576171875,14037800,0.0,0.0
2011-08-02 00:00:00-04:00,25.060440951637332,25.164057206046888,24.26851349484294,24.29071617126465,18396800,0.0,0.0
2011-08-03 00:00:00-04:00,24.320323422866934,24.409136958461232,23.942860955761237,24.386934280395508,14224700,0.0,0.0
2011-08-04 00:00:00-04:00,23.987266482654103,24.216704482843234,23.454381093018988,23.461782455444336,18946100,0.0,0.0
2011-08-05 00:00:00-04:00,23.735631034249966,23.794841946693005,22.66245865620523,22.751272201538086,36483500,0.0,0.0
2011-08-08 00:00:00-04:00,22.292395960899388,22.462623076553356,21.404252155604976,21.411653518676758,38047000,0.0,0.0
2011-08-09 00:00:00-04:00,21.670700597519346,22.39601740651777,20.819561998831446,22.314603805541992,26132600,0.0,0.0
2011-08-10 00:00:00-04:00,21.700303591821164,21.95194433565532,21.048999050622477,21.100807189941406,23457600,0.0,0.0
2011-08-11 00:00:00-04:00,20.967584182651038,22.499631234404468,20.96018281867326,22.240589141845703,20127300,0.0,0.0
2011-08-12 00:00:00-04:00,22.381215602564506,22.684664512994498,22.048162643433713,22.632856369018555,18736700,0.0,0.0
2011-08-15 00:00:00-04:00,22.692058096972115,23.291554347172926,22.55143503178136,23.28415298461914,15899400,0.0,0.0
2011-08-16 00:00:00-04:00,24.44613787296763,24.72738397791277,24.1870972653411,24.51274871826172,28972400,0.0,0.0
2011-08-17 00:00:00-04:00,24.831000812780925,25.156655096793997,24.364724884609164,24.727384567260742,16303100,0.0,0.0
2011-08-18 00:00:00-04:00,23.994664409826516,24.283313285075252,23.498785874138,23.802234649658203,18497300,0.0,0.0
2011-08-19 00:00:00-04:00,23.572804263187635,24.320325061179776,23.528397492399073,23.595006942749023,15469100,0.0,0.0
2011-08-22 00:00:00-04:00,23.97986285955043,24.13528721168397,23.706016726746785,23.89104652404785,12720900,0.0,0.0
2011-08-23 00:00:00-04:00,24.024267705876927,24.53495174277149,23.86884335696579,24.505346298217773,12545000,0.0,0.0
2011-08-24 00:00:00-04:00,24.40913512779702,25.504511395745705,24.335124324241082,25.43790054321289,19880300,0.0,0.0
2011-08-25 00:00:00-04:00,25.504514189066967,25.726549447383835,24.882813771780835,25.04564094543457,15470400,0.0,0.0
2011-08-26 00:00:00-04:00,25.238077145113493,25.511923428984385,24.87542012340889,25.164066314697266,18409800,0.0,0.0
2011-08-29 00:00:00-04:00,25.519313141423947,25.519313141423947,25.016031791237506,25.15665626525879,14713500,0.0,0.0
2011-08-30 00:00:00-04:00,25.149199830186493,25.223761869294133,24.828590172651055,25.029903411865234,16123400,0.25,0.0
2011-08-31 00:00:00-04:00,25.231217675273463,25.283409682641924,24.73911957419149,24.888240814208984,17507500,0.0,0.0
2011-09-01 00:00:00-04:00,25.000085825257912,25.186486710550323,24.507987601856012,24.552724838256836,15358200,0.0,0.0
2011-09-02 00:00:00-04:00,24.060619427077263,24.2917574797212,23.79965798120133,23.993515014648438,12277400,0.0,0.0
2011-09-06 00:00:00-04:00,23.225539063791363,23.948773645494658,23.17334706807698,23.896581649780273,12043700,0.0,0.0
2011-09-07 00:00:00-04:00,24.299212327115026,24.507980346679688,24.120266278737496,24.507980346679688,13313200,0.0,0.0
2011-09-08 00:00:00-04:00,24.381229913251097,24.522893524655164,24.082987438004494,24.20228385925293,9915100,0.0,0.0
2011-09-09 00:00:00-04:00,23.904041804443402,24.120264590609118,23.516327763636532,23.76237678527832,11734600,0.0,0.0
2011-09-12 00:00:00-04:00,23.255367656275503,24.135178368215765,23.240455248753097,24.12026596069336,12102200,0.0,0.0
2011-09-13 00:00:00-04:00,24.135178545774185,24.485613014501592,23.963690124381245,24.351404190063477,12607700,0.0,0.0
2011-09-14 00:00:00-04:00,24.403596223756406,25.35051277764319,24.366316626757115,25.007535934448242,15407500,0.0,0.0
2011-09-15 00:00:00-04:00,25.268497447170095,25.574194711385374,25.119376206131914,25.559282302856445,12017900,0.0,0.0
2011-09-16 00:00:00-04:00,25.820252225827335,26.096124748203533,25.708410553491426,25.805339813232422,20791300,0.0,0.0
2011-09-19 00:00:00-04:00,25.39525028081396,25.715859938197255,25.223761857324217,25.611473083496094,8805400,0.0,0.0
2011-09-20 00:00:00-04:00,25.72330879112895,26.342160773662926,25.50708319403272,25.95444679260254,13980300,0.0,0.0
2011-09-21 00:00:00-04:00,26.00664653107069,26.118485330833128,25.193938738091884,25.231218338012695,11896600,0.0,0.0
2011-09-22 00:00:00-04:00,24.455793875634527,25.179030170281326,24.291763042110162,24.642194747924805,19984900,0.0,0.0
2011-09-23 00:00:00-04:00,24.58999691079567,25.246128622342173,24.53780490644831,25.14174461364746,12993800,0.0,0.0
2011-09-26 00:00:00-04:00,25.15666541315295,25.350521087646484,24.590005113706866,25.350521087646484,17329700,0.0,0.0
2011-09-27 00:00:00-04:00,25.782956754563795,25.842603523996353,25.11936760146951,25.26103401184082,13172200,0.0,0.0
2011-09-28 00:00:00-04:00,25.372884414017296,25.57419768619811,25.029907510709876,25.052274703979492,9723100,0.0,0.0
2011-09-29 00:00:00-04:00,25.38034389924439,25.708408416304238,24.64219518054518,25.19394302368164,14233100,0.0,0.0
2011-09-30 00:00:00-04:00,24.791310404839546,25.089552870718446,24.485613157226602,24.507980346679688,10915500,0.0,0.0
2011-10-03 00:00:00-04:00,24.455791195775078,24.60491244611695,23.546155550641437,23.553611755371094,17929700,0.0,0.0
2011-10-04 00:00:00-04:00,23.210638885856458,24.269396029360852,23.136079665344607,24.209749221801758,15100000,0.0,0.0
2011-10-05 00:00:00-04:00,23.740014094408174,24.634738808257392,23.672909669763197,24.47816276550293,16324600,0.0,0.0
2011-10-06 00:00:00-04:00,24.239563846770544,24.90315322263584,24.157549866799453,24.888240814208984,9052800,0.0,0.0
2011-10-07 00:00:00-04:00,25.08210636904455,25.604029493688316,24.962809898633306,25.290874481201172,12809500,0.0,0.0
2011-10-10 00:00:00-04:00,25.56674453802465,25.84261703491211,25.477270070722003,25.84261703491211,8757300,0.0,0.0
2011-10-11 00:00:00-04:00,25.7978717206675,25.961905348424292,25.521999310190765,25.8798885345459,8010300,0.0,0.0
2011-10-12 00:00:00-04:00,26.02901178188833,26.16322060699983,25.879890549069888,25.887348175048828,10671200,0.0,0.0
2011-10-13 00:00:00-04:00,25.73822485193187,25.879888447266335,25.387790409906284,25.656208038330078,8943700,0.0,0.0
2011-10-14 00:00:00-04:00,25.961907724084988,26.155766182673194,25.715860104185786,26.13339614868164,7648700,0.0,0.0
2011-10-17 00:00:00-04:00,25.98427579004271,26.454006700191353,25.790420169168474,25.83515739440918,8837700,0.0,0.0
2011-10-18 00:00:00-04:00,25.902263909129253,26.990844213272947,25.671125826365326,26.804443359375,15042600,0.0,0.0
2011-10-19 00:00:00-04:00,26.68514636687243,26.85663480755105,26.31234466689685,26.39436149597168,9948800,0.0,0.0
2011-10-20 00:00:00-04:00,26.54348023001741,26.7298810823188,26.215415753897428,26.640409469604492,9481300,0.0,0.0
2011-10-21 00:00:00-04:00,26.95355361069188,27.48293113708496,26.834257226656113,27.48293113708496,14116400,0.0,0.0
2011-10-24 00:00:00-04:00,27.67679568951481,27.848284119534373,27.25925963181538,27.363643646240234,11163800,0.0,0.0
2011-10-25 00:00:00-04:00,27.22943699606207,27.40092543981744,26.81935568758173,26.87154769897461,10883800,0.0,0.0
2011-10-26 00:00:00-04:00,27.139963646166102,27.33381926975608,26.580761121953213,27.251802444458008,11159200,0.0,0.0
2011-10-27 00:00:00-04:00,27.989948956679868,28.07196577590883,27.43074647384703,27.75135612487793,11760900,0.0,0.0
2011-10-28 00:00:00-04:00,27.52767646307709,27.72153494197272,26.864089884917785,26.931194305419922,14076900,0.0,0.0
2011-10-31 00:00:00-04:00,26.722426977337616,26.856635821938053,26.603130542609602,26.692602157592773,10288000,0.0,0.0
2011-11-01 00:00:00-04:00,25.902268419164407,26.82681522269716,25.78297196566819,26.498750686645508,13087000,0.0,0.0
2011-11-02 00:00:00-04:00,26.92373635731537,26.990840769927868,26.662773488599687,26.834264755249023,9894700,0.0,0.0
2011-11-03 00:00:00-04:00,27.020666260461937,27.21452187715754,26.610582148556006,27.177242279052734,9028600,0.0,0.0
2011-11-04 00:00:00-04:00,26.938653585029552,27.15487642502328,26.729882683852512,27.132509231567383,6245200,0.0,0.0
2011-11-07 00:00:00-05:00,27.371104556949014,27.900482373922564,27.266720519151605,27.840835571289062,12573600,0.0,0.0
2011-11-08 00:00:00-05:00,28.00486360885745,28.33292806781756,27.79609273110907,28.288190841674805,9872600,0.0,0.0
2011-11-09 00:00:00-05:00,27.922850674858037,28.168898342308722,27.609695736714443,27.70662498474121,10918000,0.0,0.0
2011-11-10 00:00:00-05:00,27.937751950306023,27.98994394515217,27.624597136978725,27.736438751220703,7287700,0.0,0.0
2011-11-11 00:00:00-05:00,27.96013130335853,28.616263181001134,27.96013130335853,28.377670288085938,10185600,0.0,0.0
2011-11-14 00:00:00-05:00,28.44477177366692,28.735556654052676,28.295650519962305,28.519330978393555,13926600,0.0,0.0
2011-11-15 00:00:00-05:00,28.765379707659896,28.88467613444939,28.221086738415963,28.385120391845703,15280400,0.0,0.0
2011-11-16 00:00:00-05:00,28.07195947362513,28.892121793282726,28.01976748115148,28.213623046875,11800000,0.0,0.0
2011-11-17 00:00:00-05:00,28.213630431062207,28.400031265610913,27.766269565845718,28.049596786499023,11376300,0.0,0.0
2011-11-18 00:00:00-05:00,28.206180097599113,28.29565171590294,27.80355354885469,28.243459701538086,11816000,0.0,0.0
2011-11-21 00:00:00-05:00,27.960125452686487,28.22108548587781,27.356185718978082,27.632061004638672,11602100,0.0,0.0
2011-11-22 00:00:00-05:00,27.594777987054268,27.937757680425666,27.423289562494062,27.661882400512695,8235700,0.0,0.0
2011-11-23 00:00:00-05:00,27.423292509518223,27.505309339698066,27.192157272740072,27.22943687438965,6710500,0.0,0.0
2011-11-25 00:00:00-05:00,27.207068246735968,27.55004511461781,27.14741861184288,27.192155838012695,3616800,0.0,0.0
2011-11-28 00:00:00-05:00,27.728985912623283,28.12415759870027,27.639514312337372,27.811002731323242,8060800,0.0,0.0
2011-11-29 00:00:00-05:00,28.104071710683215,29.381527170365,27.998866899610295,29.276325225830078,20793800,0.29,0.0
2011-11-30 00:00:00-05:00,29.644540505950392,29.90003221952444,28.998296591231405,29.471708297729492,19655000,0.0,0.0
2011-12-01 00:00:00-05:00,29.201178908224684,29.727191445369208,29.148577941164003,29.561872482299805,9621900,0.0,0.0
2011-12-02 00:00:00-05:00,29.82488155387625,30.4034951402667,29.80985229450451,30.01274299621582,17909600,0.0,0.0
2011-12-05 00:00:00-05:00,30.155519868389216,30.501184238238373,29.900028189253284,30.230663299560547,13964300,0.0,0.0
2011-12-06 00:00:00-05:00,30.125454293543175,30.59886582535041,30.03528162394953,30.29828643798828,12500900,0.0,0.0
2011-12-07 00:00:00-05:00,30.117936887604095,30.756664413267615,30.08787837976327,30.606374740600586,12196100,0.0,0.0
2011-12-08 00:00:00-05:00,30.426036087522434,30.6589824079429,29.937595261059,29.990196228027344,12008200,0.0,0.0
2011-12-09 00:00:00-05:00,30.14800380534919,30.36592376889946,30.050317918134095,30.230663299560547,10311000,0.0,0.0
2011-12-12 00:00:00-05:00,29.945096857770025,30.140474259295015,29.539318536403897,30.095386505126953,11089400,0.0,0.0
2011-12-13 00:00:00-05:00,30.22313411144476,30.24567655556091,29.57689062577325,29.689605712890625,11351400,0.0,0.0
2011-12-14 00:00:00-05:00,29.584417024754035,29.73470674120302,29.186151712721458,29.411584854125977,12084800,0.0,0.0
2011-12-15 00:00:00-05:00,29.772274176670265,30.027765797968872,29.591928836069776,29.621984481811523,10784900,0.0,0.0
2011-12-16 00:00:00-05:00,29.869974322518416,30.46361726746352,29.86246112484634,30.373441696166992,20212600,0.0,0.0
2011-12-19 00:00:00-05:00,30.290774101216186,30.666496912792255,30.140484403278244,30.208114624023438,8901900,0.0,0.0
2011-12-20 00:00:00-05:00,30.643949063889185,31.553200371374405,30.643949063889185,31.523141860961914,20396200,0.0,0.0
2011-12-21 00:00:00-05:00,31.5005957949373,31.59828451818352,31.23007780727719,31.560712814331055,12073900,0.0,0.0
2011-12-22 00:00:00-05:00,31.508113061102474,31.665915943242585,31.297709218248993,31.50059700012207,9880000,0.0,0.0
2011-12-23 00:00:00-05:00,31.54568411230697,31.658402092376956,31.32776421299155,31.62834358215332,4353700,0.0,0.0
2011-12-27 00:00:00-05:00,31.553209608163055,31.913903239089297,31.50060576627345,31.726041793823242,4763300,0.0,0.0
2011-12-28 00:00:00-05:00,31.733543403328817,31.853774569736952,31.200017781551278,31.207530975341797,5136600,0.0,0.0
2011-12-29 00:00:00-05:00,31.342800346911723,31.58326274840053,31.245114467051728,31.568233489990234,6297000,0.0,0.0
2011-12-30 00:00:00-05:00,31.673430188256603,31.80117455222572,31.568225406324313,31.590770721435547,4773800,0.0,0.0
2012-01-03 00:00:00-05:00,31.868809014052214,32.237018633571374,31.613317385508072,31.665918350219727,8452900,0.0,0.0
2012-01-04 00:00:00-05:00,31.605814969521912,32.25205602302535,31.50061013768136,32.116798400878906,11085800,0.0,0.0
2012-01-05 00:00:00-05:00,32.034134517109145,32.462458383898046,31.853786267995734,32.379798889160156,10245500,0.0,0.0
2012-01-06 00:00:00-05:00,32.31216603186985,32.53759917506368,32.16187631422798,32.46245574951172,7285500,0.0,0.0
2012-01-09 00:00:00-05:00,32.44742508450704,32.53759776456802,32.12430320887255,32.4849967956543,7346600,0.0,0.0
2012-01-10 00:00:00-05:00,32.710426330566406,32.76302729369344,32.40233374659198,32.710426330566406,7497500,0.0,0.0
2012-01-11 00:00:00-05:00,32.70291323845151,32.76302739655507,32.432392360641714,32.6578254699707,8222100,0.0,0.0
2012-01-12 00:00:00-05:00,32.75551430491353,32.80811526837139,32.409850011751175,32.605224609375,8449900,0.0,0.0
2012-01-13 00:00:00-05:00,32.394812347420846,32.71041804625205,32.25203588377521,32.69538879394531,8076200,0.0,0.0
2012-01-17 00:00:00-05:00,32.770543993680654,33.03354881444151,32.702913773122496,32.86823272705078,7709100,0.0,0.0
2012-01-18 00:00:00-05:00,32.85320713031865,33.8075435193751,32.83817787223848,33.724884033203125,13147000,0.0,0.0
2012-01-19 00:00:00-05:00,33.717368496944424,34.130663067714536,33.401762671950564,34.12314987182617,15722900,0.0,0.0
2012-01-20 00:00:00-05:00,34.153206783199565,34.19077849395129,33.296559165293864,33.44684600830078,12589200,0.0,0.0
2012-01-23 00:00:00-05:00,33.304073406572115,33.8075435193751,33.04858175228505,33.724884033203125,13779200,0.0,0.0
2012-01-24 00:00:00-05:00,33.5896176306384,33.912739455814915,33.48441570923905,33.78499221801758,10953000,0.0,0.0
2012-01-25 00:00:00-05:00,33.68730660659945,34.12314355083792,33.514471601265996,34.01042556762695,9930000,0.0,0.0
2012-01-26 00:00:00-05:00,34.07805760617164,34.07805760617164,33.41678752669494,33.77748107910156,11174400,0.0,0.0
2012-01-27 00:00:00-05:00,33.61217854449227,33.81506930430275,33.37171605876256,33.71738052368164,7924800,0.0,0.0
2012-01-30 00:00:00-05:00,33.49944591273685,33.65724879930191,33.228925040603926,33.64221954345703,6724600,0.0,0.0
2012-01-31 00:00:00-05:00,33.71737164262208,34.0029218441651,33.25898925414303,33.3566780090332,10343500,0.0,0.0
2012-02-01 00:00:00-05:00,33.58210994099222,33.74742892528034,33.3792192420581,33.41679382324219,10906400,0.0,0.0
2012-02-02 00:00:00-05:00,33.47691292727171,33.529513908836186,33.28905145981616,33.40928268432617,8963500,0.0,0.0
2012-02-03 00:00:00-05:00,33.67980135405083,34.01795254566546,33.67980135405083,33.942806243896484,10422700,0.0,0.0
2012-02-06 00:00:00-05:00,33.85262548281292,34.025457635896274,33.80754057903147,33.9653434753418,8091400,0.0,0.0
2012-02-07 00:00:00-05:00,33.91274523485914,34.25089637307925,33.89019991461923,34.16072082519531,9725400,0.0,0.0
2012-02-08 00:00:00-05:00,34.16072621921906,34.168242282665105,33.702343811312375,33.942806243896484,7578800,0.0,0.0
2012-02-09 00:00:00-05:00,34.01795196533203,34.093095399280784,33.687316842803966,34.01795196533203,5356700,0.0,0.0
2012-02-10 00:00:00-05:00,33.792516938515135,34.06303787231445,33.76245841997341,34.06303787231445,5026100,0.0,0.0
2012-02-13 00:00:00-05:00,34.205800577434296,34.64915355100913,34.153199620106534,34.513893127441406,9184000,0.0,0.0
2012-02-14 00:00:00-05:00,34.46129782174283,34.72430265151425,34.32603737599249,34.61158752441406,7717100,0.0,0.0
2012-02-15 00:00:00-05:00,34.38615493418069,34.69424756515155,34.30349831275655,34.34858322143555,7486800,0.0,0.0
2012-02-16 00:00:00-05:00,34.4838346185292,34.73932621120855,34.35609025545812,34.513893127441406,7453800,0.0,0.0
2012-02-17 00:00:00-05:00,34.679240066720794,35.10756413175213,34.634152266939786,35.10004806518555,11555900,0.0,0.0
2012-02-21 00:00:00-05:00,36.11446646698969,36.12197965961181,35.04741252283773,35.257816314697266,20475700,0.0,0.0
2012-02-22 00:00:00-05:00,35.1676556101636,35.49829352852392,34.90465078104757,34.99482345581055,11639500,0.0,0.0
2012-02-23 00:00:00-05:00,34.972287591223974,35.46824169564599,34.95725833150959,35.28038024902344,9232100,0.0,0.0
2012-02-24 00:00:00-05:00,35.31795055428007,35.42315250154034,35.15263157056359,35.302921295166016,9730700,0.0,0.0
2012-02-27 00:00:00-05:00,35.09251056605852,35.595977748903024,35.00985109029897,35.265342712402344,9804600,0.0,0.0
2012-02-28 00:00:00-05:00,35.46071754943463,35.56592234345445,35.190199535853395,35.49077606201172,7947700,0.0,0.0
2012-02-29 00:00:00-05:00,35.47574833429927,35.91910138103318,35.46823513910003,35.74626922607422,11348600,0.0,0.0
2012-03-01 00:00:00-05:00,35.71620951527022,35.9867303979794,35.53586417115581,35.66360855102539,7940900,0.0,0.0
2012-03-02 00:00:00-05:00,35.648587683735585,35.79136422017463,35.520843273804054,35.62604522705078,5916700,0.0,0.0
2012-03-05 00:00:00-05:00,35.52834821307934,35.82892760952831,35.27285658605899,35.61100769042969,9044600,0.0,0.0
2012-03-06 00:00:00-05:00,35.26321394935298,35.323701121774505,34.87005598117445,35.074195861816406,9087000,0.29,0.0
2012-03-07 00:00:00-05:00,35.089322025235525,35.91344110490506,35.051518979857335,35.83027267456055,10648900,0.0,0.0
2012-03-08 00:00:00-05:00,35.93613752887325,36.2839331920924,35.88321266615943,36.155399322509766,10433000,0.0,0.0
2012-03-09 00:00:00-05:00,36.230979827135116,36.427560221808065,36.16293609534833,36.36707305908203,8799200,0.0,0.0
2012-03-12 00:00:00-04:00,36.34439848026006,36.79048129251723,36.29147364526236,36.73755645751953,9458800,0.0,0.0
2012-03-13 00:00:00-04:00,36.82071067257261,37.17606258699334,36.745101734472186,37.15338134765625,10853100,0.0,0.0
2012-03-14 00:00:00-04:00,37.365102392008986,37.58436411406353,37.221449652139334,37.40290832519531,10076400,0.0,0.0
2012-03-15 00:00:00-04:00,37.357543152951855,37.38022440564523,36.94926329934439,37.198768615722656,8869200,0.0,0.0
2012-03-16 00:00:00-04:00,37.38777629954366,37.440701130499086,36.93413118311391,37.08534622192383,13267200,0.0,0.0
2012-03-19 00:00:00-04:00,36.97949444390416,37.03998160964161,36.654383138532395,36.919010162353516,9028200,0.0,0.0
2012-03-20 00:00:00-04:00,36.71488252119735,37.42558964998029,36.71488252119735,37.334861755371094,7629300,0.0,0.0
2012-03-21 00:00:00-04:00,37.334862064913324,37.75070137652327,37.281937218936854,37.64485168457031,10347800,0.0,0.0
2012-03-22 00:00:00-04:00,37.40289392083565,37.71288341794317,37.30460372394206,37.561668395996094,7195700,0.0,0.0
2012-03-23 00:00:00-04:00,37.3348619468965,37.48607702814606,36.85853545042611,37.455833435058594,8655700,0.0,0.0
2012-03-26 00:00:00-04:00,37.58436076074033,37.91703448429678,37.57680130529019,37.901912689208984,11740100,0.0,0.0
2012-03-27 00:00:00-04:00,37.84144465214543,38.06826592483201,37.80364158739582,37.833885192871094,7785700,0.0,0.0
2012-03-28 00:00:00-04:00,37.72045102106081,37.992637542537004,37.50118933607306,37.735572814941406,7982700,0.0,0.0
2012-03-29 00:00:00-04:00,37.42558325085735,37.758254063668666,37.34997716564164,37.735572814941406,5491400,0.0,0.0
2012-03-30 00:00:00-04:00,37.80362233209096,38.12117137527053,37.80362233209096,38.03800582885742,7713000,0.0,0.0
2012-04-02 00:00:00-04:00,37.879231838090604,37.99264386898656,37.622167067689155,37.79606628417969,8435800,0.0,0.0
2012-04-03 00:00:00-04:00,37.675092264994746,37.98508185986284,37.584361492700985,37.80362319946289,8669600,0.0,0.0
2012-04-04 00:00:00-04:00,37.64485355661048,37.8111875590134,37.47095721344183,37.690216064453125,6280000,0.0,0.0
2012-04-05 00:00:00-04:00,37.569240815086744,38.31019150573863,37.470953468458916,38.27238845825195,9558500,0.0,0.0
2012-04-09 00:00:00-04:00,37.705346956598355,38.325326376286775,37.705346956598355,38.24216079711914,8302700,0.0,0.0
2012-04-10 00:00:00-04:00,38.04556533831489,38.45384515228632,37.31973648071289,37.31973648071289,13245100,0.0,0.0
2012-04-11 00:00:00-04:00,37.561676299064914,37.75825385002586,37.50875146287592,37.614601135253906,7631100,0.0,0.0
2012-04-12 00:00:00-04:00,37.6901994445464,38.31774077873581,37.546546759410035,38.279937744140625,10472200,0.0,0.0
2012-04-13 00:00:00-04:00,38.25726672056987,38.771396242895534,38.25726672056987,38.52945327758789,10430600,0.0,0.0
2012-04-16 00:00:00-04:00,38.892372237025135,39.20236187754577,38.51433594935666,39.081390380859375,10239000,0.0,0.0
2012-04-17 00:00:00-04:00,39.15699560002765,39.42918216242096,38.75627521242075,39.33845138549805,9054400,0.0,0.0
2012-04-18 00:00:00-04:00,39.209914553841884,39.28552063906472,38.93772803234003,39.17211151123047,7051600,0.0,0.0
2012-04-19 00:00:00-04:00,39.16454518676606,39.293078979589865,38.77894957666861,38.983089447021484,10894800,0.0,0.0
2012-04-20 00:00:00-04:00,39.164554539460326,39.262844771069915,38.756274701255265,38.90748977661133,11027600,0.0,0.0
2012-04-23 00:00:00-04:00,38.67309033741736,38.756255848429376,38.302613727221264,38.635284423828125,6801100,0.0,0.0
2012-04-24 00:00:00-04:00,38.741147696157206,39.06625614660165,38.45383940142043,38.733585357666016,6437400,0.0,0.0
2012-04-25 00:00:00-04:00,38.93016978224746,39.338446692947734,38.89992619354748,39.247718811035156,6529100,0.0,0.0
2012-04-26 00:00:00-04:00,39.164554861628716,39.353572986331734,38.862127592616496,39.21747970581055,7361400,0.0,0.0
2012-04-27 00:00:00-04:00,39.32332804815015,39.610636395436835,38.77895782888669,39.2779655456543,11022100,0.0,0.0
2012-04-30 00:00:00-04:00,39.24016612183542,39.285528628519536,38.998223138893934,39.15699768066406,6800700,0.0,0.0
2012-05-01 00:00:00-04:00,39.26283717196603,39.882816265163456,38.998213004450214,39.55770492553711,8474800,0.0,0.0
2012-05-02 00:00:00-04:00,39.45942297568616,39.95843071334099,39.421619927294735,39.85258102416992,10109100,0.0,0.0
2012-05-03 00:00:00-04:00,39.845008332733954,39.98110156908676,39.497215788359796,39.671112060546875,10470300,0.0,0.0
2012-05-04 00:00:00-04:00,39.535031584205505,39.58795642829244,39.08894869533866,39.285526275634766,8564700,0.0,0.0
2012-05-07 00:00:00-04:00,39.013335366614434,39.187234559731614,38.83187960259522,38.85456085205078,8532000,0.0,0.0
2012-05-08 00:00:00-04:00,38.72603368065499,38.771396183963944,37.659971590079934,38.27238845825195,15807200,0.0,0.0
2012-05-09 00:00:00-04:00,37.94727552594673,38.08336879875318,37.690210775555386,37.88679122924805,17577400,0.0,0.0
2012-05-10 00:00:00-04:00,38.1967823632786,38.370678689067425,38.08337033663093,38.27238845825195,16080300,0.0,0.0
2012-05-11 00:00:00-04:00,37.992641381553916,38.468967842268306,37.84142631165549,38.06068801879883,10489700,0.0,0.0
2012-05-14 00:00:00-04:00,37.90947584132972,38.24970905351351,37.59192676608338,37.71289825439453,12329400,0.0,0.0
2012-05-15 00:00:00-04:00,36.21588035090055,37.42559541258143,35.709310185942286,36.79805374145508,28826600,0.0,0.0
2012-05-16 00:00:00-04:00,36.97193981221708,37.28948882119348,36.8585278037614,36.87364959716797,14756500,0.0,0.0
2012-05-17 00:00:00-04:00,36.8131612767352,36.820723615296494,35.542959512024645,35.55052185058594,15699100,0.0,0.0
2012-05-18 00:00:00-04:00,35.53540862056734,35.943688475647015,35.32370923683171,35.573211669921875,12962200,0.0,0.0
2012-05-21 00:00:00-04:00,35.14980469795916,36.15537942017497,35.05907393966085,35.996604919433594,12713000,0.0,0.0
2012-05-22 00:00:00-04:00,36.28390777370195,36.72999050706794,36.04952434288704,36.48804473876953,15028300,0.0,0.0
2012-05-23 00:00:00-04:00,36.27635831964258,36.8963375408857,36.162949174793354,36.850975036621094,13489900,0.0,0.0
2012-05-24 00:00:00-04:00,36.9190090873203,37.59191292352788,36.798034759368015,37.5843505859375,9702000,0.0,0.0
2012-05-25 00:00:00-04:00,37.61459431148686,37.87165899099313,37.28948301434108,37.380210876464844,9819200,0.0,0.0
2012-05-29 00:00:00-04:00,37.73767828992575,37.965837800992155,37.471492677215885,37.8593635559082,8582600,0.29,0.0
2012-05-30 00:00:00-04:00,37.68442516776135,37.85934748201925,37.19768431048641,37.80611038208008,11996300,0.0,0.0
2012-05-31 00:00:00-04:00,37.73767150485922,37.85175269048392,37.3878267907109,37.524723052978516,14217000,0.0,0.0
2012-06-01 00:00:00-04:00,37.152059734527434,37.45627429026029,36.44476335847282,36.47518539428711,12638700,0.0,0.0
2012-06-04 00:00:00-04:00,36.43715824889238,37.17487663947776,36.31547301035092,37.08361053466797,15969800,0.0,0.0
2012-06-05 00:00:00-04:00,36.87066188394934,37.32698370180216,36.718554611331726,37.20529556274414,9457500,0.0,0.0
2012-06-06 00:00:00-04:00,37.64641211879601,38.48299789428711,37.52472686233902,38.48299789428711,19333500,0.0,0.0
2012-06-07 00:00:00-04:00,38.87847950880572,39.25874633510798,38.71876813804813,38.96974563598633,20693300,0.0,0.0
2012-06-08 00:00:00-04:00,38.94691525823997,39.82152984086028,38.825230028599336,39.81392288208008,13338300,0.0,0.0
2012-06-11 00:00:00-04:00,39.9964649538987,40.072517158766985,39.00016482337256,39.053401947021484,11729100,0.0,0.0
2012-06-12 00:00:00-04:00,39.1979001315549,39.775904356980384,39.09142589801905,39.73027420043945,9006300,0.0,0.0
2012-06-13 00:00:00-04:00,39.38041924662504,39.47168534516802,38.64270380790003,38.76438903808594,14524800,0.0,0.0
2012-06-14 00:00:00-04:00,39.129455418606106,39.98125226261392,38.992559134597016,39.66943359375,16512900,0.0,0.0
2012-06-15 00:00:00-04:00,39.61619374087777,39.92801238824249,39.251137975758475,39.448875427246094,17480700,0.0,0.0
2012-06-18 00:00:00-04:00,39.494495830247736,40.02686973840516,39.28154742746653,39.79110336303711,11636100,0.0,0.0
2012-06-19 00:00:00-04:00,40.118143123232365,40.47559480551221,39.95843178054759,40.28546142578125,10420400,0.0,0.0
2012-06-20 00:00:00-04:00,40.384319416180844,40.52121565023199,39.80631535112393,40.178977966308594,9376400,0.0,0.0
2012-06-21 00:00:00-04:00,40.16377255894378,40.30827287008202,38.96973527394529,38.98494338989258,20047000,0.0,0.0
2012-06-22 00:00:00-04:00,39.31958345534504,39.56295394897461,39.091423980217954,39.56295394897461,22946500,0.0,0.0
2012-06-25 00:00:00-04:00,39.23592296438903,39.334793130676516,38.94691942512064,39.18268585205078,10104700,0.0,0.0
2012-06-26 00:00:00-04:00,39.266344747141666,39.71505962053123,39.02297426339191,39.456478118896484,9202500,0.0,0.0
2012-06-27 00:00:00-04:00,39.47169386415387,39.49450894311131,39.10663519360254,39.20550537109375,12224000,0.0,0.0
2012-06-28 00:00:00-04:00,39.07621763917499,39.44127342331687,38.70355489426875,39.311981201171875,11017000,0.0,0.0
2012-06-29 00:00:00-04:00,39.74546734054922,40.3006591796875,39.6922302438435,40.3006591796875,9688100,0.0,0.0
2012-07-02 00:00:00-04:00,40.27785753786923,40.490808912228985,39.93561684801012,40.31588363647461,9738900,0.0,0.0
2012-07-03 00:00:00-04:00,39.44886290570517,39.52491797921756,38.688329577807686,39.28154754638672,13270600,0.0,0.0
2012-07-05 00:00:00-04:00,39.06100845785396,39.768304979555246,39.02298235585826,39.63140869140625,9036100,0.0,0.0
2012-07-06 00:00:00-04:00,39.388026959546416,39.75308265709335,39.31197187597114,39.66181945800781,7127700,0.0,0.0
2012-07-09 00:00:00-04:00,39.699844003456064,39.77589618286541,39.342392377581845,39.638999938964844,6132600,0.0,0.0
2012-07-10 00:00:00-04:00,39.88237275790328,40.11813916997099,39.59337213805819,39.715057373046875,8368700,0.0,0.0
2012-07-11 00:00:00-04:00,39.70746086733053,40.011675485492304,39.076219451272436,39.29677200317383,10075500,0.0,0.0
2012-07-12 00:00:00-04:00,38.84044960174779,39.43366486428431,38.68073824663494,39.20550537109375,9535000,0.0,0.0
2012-07-13 00:00:00-04:00,39.441273297360254,39.69985483961898,39.31958803636823,39.61619567871094,7970300,0.0,0.0
2012-07-16 00:00:00-04:00,39.403240452680464,39.403240452680464,38.73397018117964,39.12944793701172,8484000,0.0,0.0
2012-07-17 00:00:00-04:00,38.726361263582085,38.855653456645896,38.23962032754032,38.574256896972656,16519200,0.0,0.0
2012-07-18 00:00:00-04:00,38.475390949430306,38.810024654288576,38.270046550583714,38.7187614440918,9222600,0.0,0.0
2012-07-19 00:00:00-04:00,38.79482007795956,39.076219616370075,38.406949194309874,38.75679397583008,10630900,0.0,0.0
2012-07-20 00:00:00-04:00,38.69593629986343,38.848043544756536,38.48298499653133,38.55904006958008,8926100,0.0,0.0
2012-07-23 00:00:00-04:00,38.110341536012065,38.969745369925285,37.851759979843735,38.75679397583008,10575800,0.0,0.0
2012-07-24 00:00:00-04:00,38.75678874344747,39.01537026470585,38.490603163272034,38.916500091552734,8847100,0.0,0.0
2012-07-25 00:00:00-04:00,39.159852827513696,39.43364232210783,38.78719031074358,38.84042739868164,8365500,0.0,0.0
2012-07-26 00:00:00-04:00,39.35001834713877,40.277867569257594,39.35001834713877,40.23984146118164,12548400,0.0,0.0
2012-07-27 00:00:00-04:00,40.30066922570029,41.28175518184192,40.23982515646722,40.84825134277344,9140400,0.0,0.0
2012-07-30 00:00:00-04:00,40.65811678177258,40.8862762322727,40.16377178922311,40.49840545654297,9024400,0.0,0.0
2012-07-31 00:00:00-04:00,40.29306133458871,40.30827235154519,39.63900211148407,39.684635162353516,11606100,0.0,0.0
2012-08-01 00:00:00-04:00,39.78350006736032,39.950815429372945,39.20549310417647,39.30436325073242,8327200,0.0,0.0
2012-08-02 00:00:00-04:00,39.19788241172248,39.60857104216615,38.94690505938336,39.08380126953125,9536700,0.0,0.0
2012-08-03 00:00:00-04:00,39.6998357362976,39.8063099257802,39.4412543184667,39.76828384399414,7484300,0.0,0.0
2012-08-06 00:00:00-04:00,39.85955954684407,40.11053698767193,39.502107883072874,39.5477409362793,7471600,0.0,0.0
2012-08-07 00:00:00-04:00,39.73788944672768,39.95083797375003,39.38043764676351,39.85197067260742,6519100,0.0,0.0
2012-08-08 00:00:00-04:00,39.64660763375877,40.194189718323464,39.509711387316415,40.1485595703125,5398200,0.0,0.0
2012-08-09 00:00:00-04:00,39.95843353544168,40.627700972619834,39.92040743806648,40.422359466552734,8324900,0.0,0.0
2012-08-10 00:00:00-04:00,40.27025700323568,40.37673124913191,39.988860367480555,40.35391616821289,9086700,0.0,0.0
2012-08-13 00:00:00-04:00,40.42235269747559,40.48319386284646,40.04208598499211,40.1713752746582,9982500,0.0,0.0
2012-08-14 00:00:00-04:00,41.18288307750564,41.81412426492968,40.85585349685304,41.60877990722656,19528000,0.0,0.0
2012-08-15 00:00:00-04:00,41.63920092149214,42.087915714137225,41.58596381907701,41.8293342590332,9630600,0.0,0.0
2012-08-16 00:00:00-04:00,41.82934172119597,42.947326873766265,41.80652664500638,42.82564163208008,10150600,0.0,0.0
2012-08-17 00:00:00-04:00,42.78761363256828,43.48730596445071,42.64311331132972,43.14506530761719,11263000,0.0,0.0
2012-08-20 00:00:00-04:00,43.02338409423828,43.09943629123597,42.57466916905913,43.02338409423828,8435300,0.0,0.0
2012-08-21 00:00:00-04:00,43.09942219799216,43.274347416057,42.68112944887335,42.83323669433594,8382600,0.0,0.0
2012-08-22 00:00:00-04:00,42.818044264812386,43.28957431932974,42.75720308094191,43.07662582397461,6677800,0.0,0.0
2012-08-23 00:00:00-04:00,43.030985243827985,43.29717079857996,42.93211508011799,43.0081672668457,6613200,0.0,0.0
2012-08-24 00:00:00-04:00,42.88647305038252,43.35039883544577,42.88647305038252,43.319976806640625,5784000,0.0,0.0
2012-08-27 00:00:00-04:00,43.411255432441976,43.411255432441976,42.90930051577992,43.09943389892578,7164000,0.0,0.0
2012-08-28 00:00:00-04:00,42.99241671733623,43.458726028366186,42.96183819709972,43.21410369873047,4758300,0.29,0.0
2012-08-29 00:00:00-04:00,43.336408531500105,43.58103082539313,43.22174347155963,43.45107650756836,4593900,0.0,0.0
2012-08-30 00:00:00-04:00,43.35169815220996,43.420498355201175,43.1682328883186,43.28289794921875,5846200,0.0,0.0
2012-08-31 00:00:00-04:00,43.428153855756385,43.550465030238726,43.22939637464231,43.382286071777344,7446700,0.0,0.0
2012-09-04 00:00:00-04:00,43.41284942626953,43.57338223991442,43.16822716277424,43.41284942626953,5914100,0.0,0.0
2012-09-05 00:00:00-04:00,43.55046398706975,43.818018763550974,43.0917949066512,43.22175216674805,6068500,0.0,0.0
2012-09-06 00:00:00-04:00,43.19117601323717,44.085575957486405,43.19117601323717,44.070289611816406,7706900,0.0,0.0
2012-09-07 00:00:00-04:00,44.154367035062535,44.253745758111606,43.603968304922276,43.77214431762695,6808700,0.0,0.0
2012-09-10 00:00:00-04:00,43.94033099613812,44.24611039046753,43.741576431113906,43.802730560302734,6903700,0.0,0.0
2012-09-11 00:00:00-04:00,43.749206508475936,43.80271744904715,43.27525121364769,43.35934066772461,7490100,0.0,0.0
2012-09-12 00:00:00-04:00,43.45872454745047,43.64983591822401,43.137658844292424,43.61161422729492,7774400,0.0,0.0
2012-09-13 00:00:00-04:00,43.626901635093546,44.635969396656414,43.428147101021814,44.567169189453125,10772200,0.0,0.0
2012-09-14 00:00:00-04:00,44.888230547914866,45.64502978883794,44.84236277847536,45.45391845703125,12476500,0.0,0.0
2012-09-17 00:00:00-04:00,45.25516764605045,45.46156825117097,44.85000960660898,45.033477783203125,7985900,0.0,0.0
2012-09-18 00:00:00-04:00,45.07935161673452,45.14050573973548,44.72770447399853,44.995262145996094,5216500,0.0,0.0
2012-09-19 00:00:00-04:00,45.2398846608586,45.86672973393208,45.10228423836655,45.46157455444336,6648700,0.0,0.0
2012-09-20 00:00:00-04:00,45.24752212409426,45.331611584577885,44.91881036918253,45.316322326660156,6362100,0.0,0.0
2012-09-21 00:00:00-04:00,45.54565007034922,45.813204745367145,45.33924949985228,45.423336029052734,9011000,0.0,0.0
2012-09-24 00:00:00-04:00,45.3698349961856,45.49979223536314,45.010547627906746,45.400413513183594,5589200,0.0,0.0
2012-09-25 00:00:00-04:00,45.73676508078345,46.31009907310807,45.576229346675674,45.65267562866211,9723100,0.0,0.0
2012-09-26 00:00:00-04:00,45.545656541298335,45.82850051166369,45.201655541595784,45.23223114013672,8583300,0.0,0.0
2012-09-27 00:00:00-04:00,45.42334299141475,46.01961236962059,45.28574550612015,45.77499008178711,5824200,0.0,0.0
2012-09-28 00:00:00-04:00,45.622115473799155,46.187803607489236,45.40807163036276,46.14958190917969,7740800,0.0,0.0
2012-10-01 00:00:00-04:00,46.45534555957111,46.51649967288311,46.126633816652074,46.30245590209961,8537400,0.0,0.0
2012-10-02 00:00:00-04:00,46.53178629796467,46.54707555445968,45.981387644781776,46.118988037109375,6573100,0.0,0.0
2012-10-03 00:00:00-04:00,46.21072001215105,47.22743076773286,46.1572090732324,47.21978759765625,8468300,0.0,0.0
2012-10-04 00:00:00-04:00,47.2732931796115,47.71666989699836,47.02867093909589,47.19684982299805,8722300,0.0,0.0
2012-10-05 00:00:00-04:00,47.372690117848585,48.312957763671875,47.31917916438835,48.312957763671875,9672400,0.0,0.0
2012-10-08 00:00:00-04:00,48.14477526258461,48.23650790230093,47.1968645145505,47.30388641357422,9770300,0.0,0.0
2012-10-09 00:00:00-04:00,47.08218580609169,47.143339913267,46.59294128417969,46.59294128417969,9707700,0.0,0.0
2012-10-10 00:00:00-04:00,46.25658140467935,46.677028630628186,45.568582420278716,45.66796112060547,15262700,0.0,0.0
2012-10-11 00:00:00-04:00,45.82851265020404,45.85909117297193,44.91117738006636,45.10993194580078,10431000,0.0,0.0
2012-10-12 00:00:00-04:00,45.293393477367395,45.72912715601132,45.22459326936425,45.530372619628906,6554400,0.0,0.0
2012-10-15 00:00:00-04:00,45.7749898403772,46.440056499659036,45.67561112517905,46.36361312866211,8072200,0.0,0.0
2012-10-16 00:00:00-04:00,46.52415084838867,46.63117274548636,46.195439069515494,46.52415084838867,7162400,0.0,0.0
2012-10-17 00:00:00-04:00,46.85285884271768,47.48734700260084,46.745836954264696,46.92930221557617,11372700,0.0,0.0
2012-10-18 00:00:00-04:00,46.92930666278633,47.31917548324232,46.8987281442941,47.24272918701172,9420000,0.0,0.0
2012-10-19 00:00:00-04:00,47.21215233634809,47.418552969270024,47.021040963212386,47.31153106689453,10798800,0.0,0.0
2012-10-22 00:00:00-04:00,47.20450337180127,47.4338364081958,46.95988107749673,47.42619323730469,7785800,0.0,0.0
2012-10-23 00:00:00-04:00,47.05161244684132,47.22743453389893,46.67703584454004,47.20450210571289,8273900,0.0,0.0
2012-10-24 00:00:00-04:00,47.35739093993459,47.57143470895096,46.80698934403233,46.845211029052734,7187200,0.0,0.0
2012-10-25 00:00:00-04:00,47.16627827439259,47.311521839843095,46.10369971357069,46.2336540222168,9604000,0.0,0.0
2012-10-26 00:00:00-04:00,46.15721609899084,46.218370217294584,45.4386355250584,45.89730453491211,10458600,0.0,0.0
2012-10-31 00:00:00-04:00,47.976586171323184,48.16005432804992,46.54707426413325,46.921653747558594,13817800,0.0,0.0
2012-11-01 00:00:00-04:00,47.357399371357666,47.69375434199993,47.18157725605866,47.59437561035156,6879900,0.0,0.0
2012-11-02 00:00:00-04:00,47.816070600304116,48.09127147657405,47.38033685158621,47.41091537475586,8905700,0.0,0.0
2012-11-05 00:00:00-05:00,47.4109106016314,47.80077652634482,47.34211038949042,47.68611145019531,4904200,0.0,0.0
2012-11-06 00:00:00-05:00,47.846643069077096,48.08362221946244,47.6478885258812,47.86957550048828,7017900,0.0,0.0
2012-11-07 00:00:00-05:00,47.6555323573591,47.678464789087755,46.9598870723512,47.387977600097656,8778000,0.0,0.0
2012-11-08 00:00:00-05:00,47.24272852613599,47.38797502887827,46.508861589356435,46.52415084838867,7251300,0.0,0.0
2012-11-09 00:00:00-05:00,46.37124912914494,46.89871530617058,46.10369445589873,46.600582122802734,6562300,0.0,0.0
2012-11-12 00:00:00-05:00,46.81464367300298,46.95988726810348,46.24895272027023,46.75348663330078,8353500,0.0,0.0
2012-11-13 00:00:00-05:00,47.663176842860594,49.260871006980565,47.510290072285024,48.450557708740234,21441300,0.0,0.0
2012-11-14 00:00:00-05:00,48.34353206801914,48.54228660408916,46.87579527163492,46.99046325683594,13379700,0.0,0.0
2012-11-15 00:00:00-05:00,46.837577773653905,47.3038900115494,46.66175565243775,46.822288513183594,8204600,0.0,0.0
2012-11-16 00:00:00-05:00,46.654104808013805,47.60966161903246,46.654104808013805,47.48735046386719,9059100,0.0,0.0
2012-11-19 00:00:00-05:00,47.770203875861746,48.41998142926718,47.62495735451278,48.41233825683594,10036100,0.0,0.0
2012-11-20 00:00:00-05:00,48.32823354601324,48.82512124901558,48.274722607476484,48.78689956665039,8560400,0.0,0.0
2012-11-21 00:00:00-05:00,48.6646039297793,49.06211596843824,48.54229275758642,48.99331283569336,5574000,0.0,0.0
2012-11-23 00:00:00-05:00,49.138552214894155,49.55899954206269,49.01624397660797,49.551353454589844,3721900,0.0,0.0
2012-11-26 00:00:00-05:00,49.383172708953424,49.604862579472204,49.046820691834995,49.436683654785156,6719200,0.0,0.0
2012-11-27 00:00:00-05:00,49.15256909678855,49.49811675111832,48.79933798396883,49.26775360107422,8234300,0.29,0.0
2012-11-28 00:00:00-05:00,49.045058689788,49.79758939072327,48.66111427527429,49.78223419189453,7759600,0.0,0.0
2012-11-29 00:00:00-05:00,49.574898219273166,49.928126358307615,49.22167008023872,49.32917404174805,7629200,0.0,0.0
2012-11-30 00:00:00-05:00,49.45204947127214,50.089398704782155,49.175608981039545,49.96653366088867,9271800,0.0,0.0
2012-12-03 00:00:00-05:00,49.91277417474741,50.619230495482,49.83598646310702,49.89741897583008,6696200,0.0,0.0
2012-12-04 00:00:00-05:00,49.859019179562985,49.905090632059405,49.32149937201632,49.32917404174805,7787600,0.0,0.0
2012-12-05 00:00:00-05:00,49.275424669204284,49.513474189597936,48.72254670513986,49.160240173339844,6050500,0.0,0.0
2012-12-06 00:00:00-05:00,49.19096356152692,49.49043977907854,48.868451613167885,49.40597152709961,5837400,0.0,0.0
2012-12-07 00:00:00-05:00,49.60563252974048,49.72081706143409,49.17561652718157,49.490447998046875,6092800,0.0,0.0
2012-12-10 00:00:00-05:00,49.40596685501293,49.40596685501293,48.40003431469795,48.40771484375,8150000,0.0,0.0
2012-12-11 00:00:00-05:00,48.584332485298894,48.76094658598846,48.18502989402796,48.29253387451172,6880200,0.0,0.0
2012-12-12 00:00:00-05:00,48.52289198567041,48.56128876889763,48.108234261891354,48.3232421875,7216500,0.0,0.0
2012-12-13 00:00:00-05:00,48.40772106352538,48.59201277476385,47.87787580287091,47.9239501953125,5875900,0.0,0.0
2012-12-14 00:00:00-05:00,47.86251605184676,47.931623240044395,47.44785534707902,47.65518569946289,5783500,0.0,0.0
2012-12-17 00:00:00-05:00,47.72429270061324,48.63807936803174,47.601430603067364,48.61504364013672,8188700,0.0,0.0
2012-12-18 00:00:00-05:00,48.676475092550625,48.676475092550625,48.14663282578482,48.37699890136719,7751400,0.0,0.0
2012-12-19 00:00:00-05:00,48.476832230276344,48.48450983121645,47.41714461543782,47.43250274658203,7597900,0.0,0.0
2012-12-20 00:00:00-05:00,47.18676847731805,47.59374861371254,47.01783199990295,47.5860710144043,8436700,0.0,0.0
2012-12-21 00:00:00-05:00,47.08694076538086,47.394097455675364,46.495666040585085,47.08694076538086,15929900,0.0,0.0
2012-12-24 00:00:00-05:00,46.84889660251407,47.586072111424905,46.84121900302883,47.27891540527344,3022600,0.0,0.0
2012-12-26 00:00:00-05:00,47.240517578045704,47.37873779126804,46.84121506532154,46.9487190246582,4453800,0.0,0.0
2012-12-27 00:00:00-05:00,46.86425749660216,47.16373369167955,46.2345888481667,46.89497375488281,7184600,0.0,0.0
2012-12-28 00:00:00-05:00,46.54174772955352,47.240526526875506,46.28066538059455,46.57246398925781,6508700,0.0,0.0
2012-12-31 00:00:00-05:00,46.388160595504985,47.509277499508904,46.32673101696694,47.493919372558594,7880800,0.0,0.0
2013-01-02 00:00:00-05:00,48.81470033265343,48.92220431700533,48.07752764344277,48.74559020996094,9067200,0.0,0.0
2013-01-03 00:00:00-05:00,48.975947115256865,49.09113160787617,48.438427294402324,48.60736083984375,6056800,0.0,0.0
2013-01-04 00:00:00-05:00,48.538256371585746,48.66111847767002,48.37700040658707,48.515220642089844,4779100,0.0,0.0
2013-01-07 00:00:00-05:00,48.06982911979567,48.37698575662219,47.90089560587759,48.25412368774414,5466500,0.0,0.0
2013-01-08 00:00:00-05:00,48.18503544132462,48.7302359361234,48.169677309592586,48.54594421386719,5433000,0.0,0.0
2013-01-09 00:00:00-05:00,48.76862017116097,48.86076894335785,48.38467574146456,48.507537841796875,4712400,0.0,0.0
2013-01-10 00:00:00-05:00,48.6688004934802,48.853092193603516,48.208065384644385,48.853092193603516,6714100,0.0,0.0
2013-01-11 00:00:00-05:00,48.737902379002406,48.960587901589726,48.63807601623089,48.91451644897461,4567100,0.0,0.0
2013-01-14 00:00:00-05:00,48.88381045534592,49.068105092280526,48.676480087268445,48.74559020996094,4532200,0.0,0.0
2013-01-15 00:00:00-05:00,48.76094053074935,49.15256547303737,48.72254667523924,49.10649108886719,5119400,0.0,0.0
2013-01-16 00:00:00-05:00,48.86845134487002,49.14489183009652,48.79934122356339,49.03738784790039,3915400,0.0,0.0
2013-01-17 00:00:00-05:00,49.290794525974476,50.13547121556147,49.175610009547185,49.95117950439453,7796000,0.0,0.0
2013-01-18 00:00:00-05:00,50.02796125029041,50.28136598444028,49.88206048968403,50.273685455322266,6534400,0.0,0.0
2013-01-22 00:00:00-05:00,50.21225656904262,50.67298875446564,50.08171685723616,50.48869705200195,6574000,0.0,0.0
2013-01-23 00:00:00-05:00,50.27370027596292,51.049269906758596,50.1508352079629,51.03390884399414,6795500,0.0,0.0
2013-01-24 00:00:00-05:00,51.11067520658118,51.9783932754774,51.11067520658118,51.717308044433594,8484600,0.0,0.0
2013-01-25 00:00:00-05:00,51.9169606128014,52.31626019856023,51.67123643882833,52.078216552734375,7494700,0.0,0.0
2013-01-28 00:00:00-05:00,52.331609539021414,52.331609539021414,51.648189150081826,51.89391326904297,6561200,0.0,0.0
2013-01-29 00:00:00-05:00,51.8324998995236,52.06286890915461,51.425519726565774,51.60213088989258,6504300,0.0,0.0
2013-01-30 00:00:00-05:00,51.61750307306182,51.89394360078681,51.45624707497699,51.63285827636719,5102200,0.0,0.0
2013-01-31 00:00:00-05:00,51.62517647995504,51.87857537996135,51.38712692260742,51.38712692260742,5615900,0.0,0.0
2013-02-01 00:00:00-05:00,51.924652603461524,52.016795527463216,51.60981532371515,51.67892837524414,4983300,0.0,0.0
2013-02-04 00:00:00-05:00,51.341036617709555,51.617477005829976,50.92637603552892,50.95709228515625,4741000,0.0,0.0
2013-02-05 00:00:00-05:00,51.164436199592494,51.3948052170632,50.91871198160324,50.98014450073242,7112000,0.0,0.0
2013-02-06 00:00:00-05:00,50.71138815657696,51.23355288922844,50.68067189482947,51.19515609741211,5187000,0.0,0.0
2013-02-07 00:00:00-05:00,51.17979406199769,51.21818499015996,50.55012542657074,50.91870880126953,5743500,0.0,0.0
2013-02-08 00:00:00-05:00,51.103002018355866,51.4639048334403,50.99549805496448,51.45623016357422,4459000,0.0,0.0
2013-02-11 00:00:00-05:00,51.348739155161056,51.43320741321178,50.84961013718717,50.972469329833984,3953500,0.0,0.0
2013-02-12 00:00:00-05:00,51.21820818390596,51.77876988737033,51.07998789117021,51.69430160522461,4932500,0.0,0.0
2013-02-13 00:00:00-05:00,51.8478613387277,51.96304585740415,51.586781897687196,51.79410934448242,3668900,0.0,0.0
2013-02-14 00:00:00-05:00,51.54836931081377,51.80945453038548,51.41782963029101,51.709625244140625,5439700,0.0,0.0
2013-02-15 00:00:00-05:00,51.84785842895508,52.20876716657354,51.29498331568659,51.84785842895508,8131200,0.0,0.0
2013-02-19 00:00:00-05:00,51.932310585068,52.154999010718626,51.41014603560034,51.87088394165039,5455500,0.0,0.0
2013-02-20 00:00:00-05:00,51.78642057000557,51.90927972688212,50.96477981970922,51.018531799316406,5598400,0.0,0.0
2013-02-21 00:00:00-05:00,50.57316176733838,50.619233225101624,49.367576468140285,49.436683654785156,10622400,0.0,0.0
2013-02-22 00:00:00-05:00,49.759190598191644,50.48100199957141,49.52882164249063,50.3581428527832,7500700,0.0,0.0
2013-02-25 00:00:00-05:00,50.649944160515446,51.10300159551032,49.006662609671,49.08345031738281,10268800,0.0,0.0
2013-02-26 00:00:00-05:00,50.342792805563974,52.216443536606185,50.28904081861738,51.878570556640625,22792900,0.0,0.0
2013-02-27 00:00:00-05:00,51.89393263500014,52.43145251503206,51.73267667099056,52.262516021728516,14180400,0.0,0.0
2013-02-28 00:00:00-05:00,52.14733217038167,53.130228914928885,52.10893538627131,52.60038375854492,8705100,0.0,0.0
2013-03-01 00:00:00-05:00,52.508225921744526,53.068787236882415,52.28553750112951,53.007354736328125,6241800,0.0,0.0
2013-03-04 00:00:00-05:00,52.94592161001191,53.98257600440486,52.93056641431767,53.97489547729492,8375900,0.0,0.0
2013-03-05 00:00:00-05:00,54.19759308436592,54.489388720234864,53.844364938253,54.11312484741211,8323800,0.0,0.0
2013-03-06 00:00:00-05:00,54.11313856143822,54.48940252961848,53.967237777264444,54.120819091796875,5276600,0.0,0.0
2013-03-07 00:00:00-05:00,54.05937929948572,54.1361670171663,53.70615111133316,53.94419479370117,4998300,0.0,0.0
2013-03-08 00:00:00-05:00,54.20525641573871,54.86564111640735,54.051681030779896,54.80421447753906,6470300,0.0,0.0
2013-03-11 00:00:00-04:00,54.76582717895508,54.81189863071005,54.52010300538454,54.76582717895508,4902500,0.0,0.0
2013-03-12 00:00:00-04:00,54.742679418058074,54.927984436881786,54.402948641264324,54.626861572265625,4450400,0.39,0.0
2013-03-13 00:00:00-04:00,54.65772964451487,54.77354745411679,54.31799897387952,54.63456726074219,5826700,0.0,0.0
2013-03-14 00:00:00-04:00,54.719527125671526,54.78901431152683,54.18676847114855,54.23309326171875,6308900,0.0,0.0
2013-03-15 00:00:00-04:00,54.07091620071415,54.194456751285756,53.31425094604492,53.31425094604492,11275100,0.0,0.0
2013-03-18 00:00:00-04:00,52.85099357124674,53.97828077195936,52.85099357124674,53.545894622802734,6011200,0.0,0.0
2013-03-19 00:00:00-04:00,53.700323785710964,53.847020873776394,52.93592963474336,53.11351776123047,7657600,0.0,0.0
2013-03-20 00:00:00-04:00,53.57678456622155,53.70032516011179,53.15212113814853,53.183006286621094,6112000,0.0,0.0
2013-03-21 00:00:00-04:00,53.00542314398904,53.515013358261896,52.827835015979936,53.23705291748047,8045600,0.0,0.0
2013-03-22 00:00:00-04:00,53.45325757132343,53.715772535086664,53.12124954079071,53.70804977416992,5291800,0.0,0.0
2013-03-25 00:00:00-04:00,53.893351670320264,54.32573195743049,53.48412788060282,53.638553619384766,7027100,0.0,0.0
2013-03-26 00:00:00-04:00,53.78526096791737,54.356621520977384,53.700328277372485,54.08638381958008,4661200,0.0,0.0
2013-03-27 00:00:00-04:00,53.437807536800506,53.81614031940322,53.27566491568506,53.77753829956055,4156300,0.0,0.0
2013-03-28 00:00:00-04:00,53.61538808022748,54.016883195985095,53.53045540157389,53.87790298461914,6752100,0.0,0.0
2013-04-01 00:00:00-04:00,53.6694416724213,54.64229737108277,53.6694416724213,53.79297637939453,5357700,0.0,0.0
2013-04-02 00:00:00-04:00,53.97055523206682,54.858483980486525,53.916507702549396,54.8353157043457,7291600,0.0,0.0
2013-04-03 00:00:00-04:00,54.70406210332018,54.77355515514729,54.06320857206048,54.32572937011719,7796000,0.0,0.0
2013-04-04 00:00:00-04:00,54.32574540406363,54.665476222734,54.10955520699742,54.580543518066406,6613700,0.0,0.0
2013-04-05 00:00:00-04:00,54.04776092617324,54.24078864376672,53.746638157986496,54.094085693359375,6986100,0.0,0.0
2013-04-08 00:00:00-04:00,53.87791558685049,55.01291993003068,53.87791558685049,54.9897575378418,6097200,0.0,0.0
2013-04-09 00:00:00-04:00,54.997453397329394,55.25996823471754,54.78125743092193,54.97428512573242,5994800,0.0,0.0
2013-04-10 00:00:00-04:00,55.12874434904755,55.42986726485618,54.79673627639427,55.352657318115234,5423200,0.0,0.0
2013-04-11 00:00:00-04:00,55.460738228640174,56.05526114621547,55.38352830165816,55.51478576660156,7627800,0.0,0.0
2013-04-12 00:00:00-04:00,55.90855802008717,56.87369673008117,55.70780751900144,56.842811584472656,10493000,0.0,0.0
2013-04-15 00:00:00-04:00,56.63433365444657,57.28290987726778,55.75412769476964,55.76957321166992,8360600,0.0,0.0
2013-04-16 00:00:00-04:00,56.016686237184594,56.20971409342473,55.61518499738921,55.94719314575195,8119700,0.0,0.0
2013-04-17 00:00:00-04:00,55.761852892027576,56.34093609560182,55.54566277187809,56.209678649902344,8838600,0.0,0.0
2013-04-18 00:00:00-04:00,56.10929777352592,56.28688587271776,55.81589775175102,55.96260070800781,7549200,0.0,0.0
2013-04-19 00:00:00-04:00,56.30230758536207,57.35237854810249,56.14788781055658,57.13618850708008,9579900,0.0,0.0
2013-04-22 00:00:00-04:00,57.07445436124831,57.30609006078733,56.54941854760167,57.02812957763672,7223500,0.0,0.0
2013-04-23 00:00:00-04:00,57.24429950265459,57.59174703829691,56.078410438079096,56.657493591308594,7898800,0.0,0.0
2013-04-24 00:00:00-04:00,56.788772669246974,57.020402460348606,56.564859747663995,56.580299377441406,6248300,0.0,0.0
2013-04-25 00:00:00-04:00,56.603434366264295,56.974050099651286,56.51850171675346,56.64976501464844,5645200,0.0,0.0
2013-04-26 00:00:00-04:00,56.54939808313278,56.89685150670257,56.46446541675383,56.63433074951172,4983000,0.0,0.0
2013-04-29 00:00:00-04:00,56.70382268011301,57.15164249592348,56.66521478133738,56.881404876708984,4518700,0.0,0.0
2013-04-30 00:00:00-04:00,56.75014855736832,57.143926747785386,56.533958457763156,56.63433074951172,6601900,0.0,0.0
2013-05-01 00:00:00-04:00,56.50309155903907,56.81965405259909,56.08615085058367,56.17880630493164,5554700,0.0,0.0
2013-05-02 00:00:00-04:00,56.186529281317625,56.73473341569876,56.00122424322229,56.61891555786133,3722900,0.0,0.0
2013-05-03 00:00:00-04:00,56.92002642197309,57.45278492096563,56.92002642197309,57.10533142089844,4953100,0.0,0.0
2013-05-06 00:00:00-04:00,57.04354923364288,58.19399867689554,57.04354923364288,58.109066009521484,5731200,0.0,0.0
2013-05-07 00:00:00-04:00,58.09362928079067,58.124514427302046,57.59947871808748,57.962371826171875,5582300,0.0,0.0
2013-05-08 00:00:00-04:00,58.05502656828316,58.2943790874467,57.846553304520675,58.232608795166016,6536600,0.0,0.0
2013-05-09 00:00:00-04:00,58.186280823291256,58.819411557521924,58.186280823291256,58.58005905151367,6338300,0.0,0.0
2013-05-10 00:00:00-04:00,58.7885437176486,58.83486850257919,58.224905865190706,58.68817138671875,5169700,0.0,0.0
2013-05-13 00:00:00-04:00,58.6881409756674,59.336711191582076,58.64181032400374,59.197731018066406,4466100,0.0,0.0
2013-05-14 00:00:00-04:00,59.28266730304778,59.776817752304005,59.25950492116671,59.699607849121094,6071700,0.0,0.0
2013-05-15 00:00:00-04:00,59.91582884622412,60.417702311947615,59.792294115544784,60.13201904296875,6706200,0.0,0.0
2013-05-16 00:00:00-04:00,59.838597052260404,60.64159312604392,59.21318908423452,59.25951385498047,8299200,0.0,0.0
2013-05-17 00:00:00-04:00,58.942950885665205,59.568364801083874,58.83485581697347,59.344451904296875,8735000,0.0,0.0
2013-05-20 00:00:00-04:00,59.274982191526945,59.45257038329954,59.06651473145993,59.26726531982422,8867700,0.0,0.0
2013-05-21 00:00:00-04:00,61.251553240009564,61.359648284389905,60.27096919218179,60.77284240722656,14108500,0.0,0.0
2013-05-22 00:00:00-04:00,61.19753677104508,62.973389037505875,61.13576645984442,61.529544830322266,14832400,0.0,0.0
2013-05-23 00:00:00-04:00,60.911834907569144,61.18979533238866,60.06251400539362,60.92728042602539,9634900,0.0,0.0
2013-05-24 00:00:00-04:00,60.61069250641602,61.2978705871406,60.46398958219255,60.9890251159668,6188200,0.0,0.0
2013-05-28 00:00:00-04:00,61.72256115024448,62.25531378568455,61.375107632446166,61.629905700683594,7715800,0.0,0.0
2013-05-29 00:00:00-04:00,61.29019697975723,61.66853578343986,61.066283980866125,61.37512969970703,7127000,0.0,0.0
2013-05-30 00:00:00-04:00,61.42141947979082,61.84607690597546,61.09712845107783,61.33648681640625,5449100,0.0,0.0
2013-05-31 00:00:00-04:00,61.413696903946935,62.062267181817894,60.7342414855957,60.7342414855957,6905600,0.0,0.0
2013-06-03 00:00:00-04:00,60.72652099103264,61.058528900146484,60.26325564803944,61.058528900146484,6191400,0.0,0.0
2013-06-04 00:00:00-04:00,60.911123300199606,61.15942318386158,59.03335506000999,59.46011734008789,8791700,0.39,0.0
2013-06-05 00:00:00-04:00,59.056613551129004,59.63080574031359,58.11772972829531,58.27291488647461,8761500,0.0,0.0
2013-06-06 00:00:00-04:00,58.2108469133749,60.03430534657236,58.20309179829312,59.948951721191406,11515700,0.0,0.0
2013-06-07 00:00:00-04:00,60.31364296262243,61.27580409989117,60.20500623299253,61.09733581542969,6555900,0.0,0.0
2013-06-10 00:00:00-04:00,61.252547754420114,61.826740218150476,60.15847233034893,60.313663482666016,7627800,0.0,0.0
2013-06-11 00:00:00-04:00,59.925654462849124,60.93436963956332,59.71614802711576,60.22050857543945,5979700,0.0,0.0
2013-06-12 00:00:00-04:00,60.554184195929004,60.75592967342684,59.25060850736709,59.281646728515625,7360200,0.0,0.0
2013-06-13 00:00:00-04:00,59.24285733924185,59.61531013512256,59.033356711515204,59.38252639770508,9194600,0.0,0.0
2013-06-14 00:00:00-04:00,59.14195735853077,59.70838841991335,59.02556554922658,59.42905044555664,8613100,0.0,0.0
2013-06-17 00:00:00-04:00,59.809286063336266,60.11966236223023,58.73073301262977,59.07990264892578,9315500,0.0,0.0
2013-06-18 00:00:00-04:00,59.06440369765938,60.03432621418727,59.06440369765938,59.894657135009766,6421500,0.0,0.0
2013-06-19 00:00:00-04:00,59.80151873666169,59.956703909815175,58.909189191191935,58.91695022583008,8027600,0.0,0.0
2013-06-20 00:00:00-04:00,58.52898050065855,58.52898050065855,57.264204190497495,57.318519592285156,12373500,0.0,0.0
2013-06-21 00:00:00-04:00,57.799612537618486,57.95480366964529,56.658982876951086,57.27973556518555,15552500,0.0,0.0
2013-06-24 00:00:00-04:00,56.56588099347155,57.43492775871212,56.1856730336788,57.03920364379883,10214400,0.0,0.0
2013-06-25 00:00:00-04:00,57.473699739678494,57.97806038072906,57.26419918536157,57.52801513671875,8520800,0.0,0.0
2013-06-26 00:00:00-04:00,58.032383080390524,58.87039724297996,57.869436868765085,58.715206146240234,7390100,0.0,0.0
2013-06-27 00:00:00-04:00,58.96351684787675,59.607546698185445,58.81609267872299,59.18077850341797,6674500,0.0,0.0
2013-06-28 00:00:00-04:00,59.09541623912794,60.360192519690195,58.909186934555784,60.11189270019531,12475000,0.0,0.0
2013-07-01 00:00:00-04:00,60.23604401588994,60.37571304447495,59.460106283736565,59.64633560180664,7471000,0.0,0.0
2013-07-02 00:00:00-04:00,59.972234855442174,60.61626466722678,59.71617395389855,59.98775100708008,6886300,0.0,0.0
2013-07-03 00:00:00-04:00,59.73946509899851,60.51540310077252,59.68514967567181,60.313663482666016,3025600,0.0,0.0
2013-07-05 00:00:00-04:00,60.45330333426811,60.9576580556465,60.0575734870924,60.7481575012207,4991500,0.0,0.0
2013-07-08 00:00:00-04:00,60.9576696398705,61.71809126327199,60.94215348915984,61.469791412353516,6051200,0.0,0.0
2013-07-09 00:00:00-04:00,61.71808860504109,62.191411100458076,61.55514238988797,61.84223556518555,4986400,0.0,0.0
2013-07-10 00:00:00-04:00,61.818944201716334,61.842221381408756,60.99645227960399,61.60944366455078,5459400,0.0,0.0
2013-07-11 00:00:00-04:00,62.28449709334009,62.6026342924042,61.74910427335203,61.966365814208984,6845700,0.0,0.0
2013-07-12 00:00:00-04:00,62.01292751359488,62.65695710023901,62.01292751359488,62.49401092529297,5178300,0.0,0.0
2013-07-15 00:00:00-04:00,62.563842111416236,62.967332949909704,62.20691155116965,62.385379791259766,5041400,0.0,0.0
2013-07-16 00:00:00-04:00,62.39313848795903,62.61040004519686,61.95084842081046,62.24570846557617,5031500,0.0,0.0
2013-07-17 00:00:00-04:00,62.66471593847208,63.0294075210257,62.37761692413691,62.41641616821289,5700200,0.0,0.0
2013-07-18 00:00:00-04:00,62.33106744231788,62.424176163488994,62.04396840552772,62.09052276611328,5297800,0.0,0.0
2013-07-19 00:00:00-04:00,62.036220355436164,62.168134271259575,61.62497429770513,61.98966598510742,5886200,0.0,0.0
2013-07-22 00:00:00-04:00,62.05949605875066,62.121566571807485,61.49305896759033,62.07501220703125,5957900,0.0,0.0
2013-07-23 00:00:00-04:00,62.18362431452533,62.439685083700496,61.96636278429164,62.2224235534668,4985800,0.0,0.0
2013-07-24 00:00:00-04:00,62.424176754477756,62.439698821442526,61.74911483986035,62.284507751464844,4813300,0.0,0.0
2013-07-25 00:00:00-04:00,62.144851136027015,62.15261217105644,60.43779046553548,61.29132080078125,9967600,0.0,0.0
2013-07-26 00:00:00-04:00,60.84903597613662,61.58618037899129,60.71712798149799,61.09733581542969,5577600,0.0,0.0
2013-07-29 00:00:00-04:00,61.01974497015238,61.283566886907266,60.81024437973302,61.04302215576172,5179000,0.0,0.0
2013-07-30 00:00:00-04:00,61.43098895278316,61.50858154216177,60.92662824191956,60.988704681396484,4813400,0.0,0.0
2013-07-31 00:00:00-04:00,61.05853359744366,61.865509437727596,61.05853359744366,61.322349548339844,5915000,0.0,0.0
2013-08-01 00:00:00-04:00,61.70256411216936,62.051739633730705,60.996463874232504,61.01974105834961,6727400,0.0,0.0
2013-08-02 00:00:00-04:00,61.019735087018326,62.4629795603936,60.91110429181239,62.25347900390625,5964400,0.0,0.0
2013-08-05 00:00:00-04:00,62.036208251480325,62.036208251480325,61.586168946261424,61.81119155883789,3578500,0.0,0.0
2013-08-06 00:00:00-04:00,61.78016944793839,62.33108457269935,61.097340398708,62.11382293701172,6311100,0.0,0.0
2013-08-07 00:00:00-04:00,61.733579594773225,61.741340626598884,60.988680377694244,61.16714859008789,5322200,0.0,0.0
2013-08-08 00:00:00-04:00,61.632711013831695,62.245702301006425,61.36888920621832,62.10603332519531,4467900,0.0,0.0
2013-08-09 00:00:00-04:00,61.826706135380995,61.86550538205597,60.934376741261545,61.27579116821289,5299300,0.0,0.0
2013-08-12 00:00:00-04:00,61.004237572374706,61.71809899318125,60.973199347130574,61.45427703857422,3844400,0.0,0.0
2013-08-13 00:00:00-04:00,61.407696411645546,61.795665181453735,60.58520451403094,61.640480041503906,6956400,0.0,0.0
2013-08-14 00:00:00-04:00,61.41548762535959,61.47756407981852,59.88688897394355,60.0886344909668,8648100,0.0,0.0
2013-08-15 00:00:00-04:00,59.34371073422907,59.43681945822665,58.08668968085453,58.303951263427734,13702000,0.0,0.0
2013-08-16 00:00:00-04:00,58.3427644437875,59.242849203661656,58.14101896039299,58.49018859863281,9138200,0.0,0.0
2013-08-19 00:00:00-04:00,58.575530328105025,59.31267463230304,58.334991555964436,58.35826873779297,9184100,0.0,0.0
2013-08-20 00:00:00-04:00,59.778217954343255,60.13514844764057,57.14779064422816,57.64439010620117,17038100,0.0,0.0
2013-08-21 00:00:00-04:00,57.88493116088855,58.451368090213386,56.97708578752358,57.209869384765625,10788400,0.0,0.0
2013-08-22 00:00:00-04:00,57.3495676985366,57.574584459071836,56.915038489379896,57.41939926147461,6668700,0.0,0.0
2013-08-23 00:00:00-04:00,57.535775589737646,57.574568918698056,56.728799756190035,57.33403015136719,7730800,0.0,0.0
2013-08-26 00:00:00-04:00,57.28747740002559,59.08765248859513,57.27971636604151,58.52897644042969,10362900,0.0,0.0
2013-08-27 00:00:00-04:00,58.078939636946885,58.373799771890546,57.38059447515301,57.512508392333984,8264200,0.0,0.0
2013-08-28 00:00:00-04:00,57.50474754182477,58.44363151572019,57.42715495025086,58.21860885620117,7076000,0.0,0.0
2013-08-29 00:00:00-04:00,58.1720391756898,58.707437980534976,58.040131212735794,58.23411560058594,5704200,0.0,0.0
2013-08-30 00:00:00-04:00,58.28847017144939,58.29622528982379,57.55908648849297,57.799625396728516,6331300,0.0,0.0
2013-09-03 00:00:00-04:00,58.36901696538445,58.696624604683294,57.47199094732031,57.64359664916992,7802800,0.39,0.0
2013-09-04 00:00:00-04:00,57.705998745333154,58.11940922796822,57.51878928251958,57.8307991027832,8271600,0.0,0.0
2013-09-05 00:00:00-04:00,57.77618615583653,57.88538867819859,56.816757193837155,56.93376159667969,11039000,0.0,0.0
2013-09-06 00:00:00-04:00,57.37058453841999,57.37838046874711,56.32535261867619,56.70756149291992,9968400,0.0,0.0
2013-09-09 00:00:00-04:00,56.925981586527996,57.557797207036046,56.863578427415575,57.39399337768555,5781800,0.0,0.0
2013-09-10 00:00:00-04:00,57.69038483927271,58.228601535831885,57.518779170741304,58.189598083496094,6438700,0.0,0.0
2013-09-11 00:00:00-04:00,58.236407998516285,58.58741529279022,57.846397248837796,58.532814025878906,6441500,0.0,0.0
2013-09-12 00:00:00-04:00,58.64203485889978,59.0788451304966,58.478231007050965,58.81364059448242,6872200,0.0,0.0
2013-09-13 00:00:00-04:00,58.759015639596214,58.82141878214069,58.37680085482974,58.58740997314453,4888400,0.0,0.0
2013-09-16 00:00:00-04:00,59.320633650712544,59.507837132399935,58.657610657364295,58.922821044921875,8054400,0.0,0.0
2013-09-17 00:00:00-04:00,59.00082313412995,59.39863574756951,58.946221869625816,59.12562942504883,6825600,0.0,0.0
2013-09-18 00:00:00-04:00,59.10223007981937,60.82608293804537,58.77462245788634,60.35026931762695,10594300,0.0,0.0
2013-09-19 00:00:00-04:00,60.71686400942778,61.40328666244826,60.560862107063734,61.23948287963867,7693700,0.0,0.0
2013-09-20 00:00:00-04:00,61.47349790105137,61.47349790105137,60.06166076660156,60.06166076660156,14158300,0.0,0.0
2013-09-23 00:00:00-04:00,59.64046470805936,59.874473622981064,59.10224777439579,59.211456298828125,6248800,0.0,0.0
2013-09-24 00:00:00-04:00,59.12565121257525,59.897871081147855,58.95404547487163,59.3128547668457,5412700,0.0,0.0
2013-09-25 00:00:00-04:00,59.188027139046746,59.523436609971526,58.70441763521908,58.90721893310547,6785600,0.0,0.0
2013-09-26 00:00:00-04:00,58.98522396099704,59.60923754790481,58.98522396099704,59.33623123168945,3798200,0.0,0.0
2013-09-27 00:00:00-04:00,59.00863010484059,59.3518355322875,58.79802095852189,59.25043487548828,4058700,0.0,0.0
2013-09-30 00:00:00-04:00,58.64200655862244,59.34402697853627,58.47040090585565,59.16461944580078,6276200,0.0,0.0
2013-10-01 00:00:00-04:00,59.18802787816316,59.609240192335015,59.000824388895104,59.484439849853516,4411700,0.0,0.0
2013-10-02 00:00:00-04:00,59.17242939261234,59.57803793991893,58.84482180235413,59.5312385559082,5118400,0.0,0.0
2013-10-03 00:00:00-04:00,59.59366396634317,59.92907356294365,58.89944507239467,59.18804931640625,6979700,0.0,0.0
2013-10-04 00:00:00-04:00,59.12563107557862,59.47663836417644,58.87602443786443,59.11002731323242,4855800,0.0,0.0
2013-10-07 00:00:00-04:00,58.81361739032876,59.16462465564888,58.57180669873213,58.60300827026367,5087000,0.0,0.0
2013-10-08 00:00:00-04:00,58.51722143641461,58.71222684848771,57.85420422558465,57.93220520019531,8997900,0.0,0.0
2013-10-09 00:00:00-04:00,57.99460291942583,58.22080989033965,57.64359559106196,57.8307991027832,6817600,0.0,0.0
2013-10-10 00:00:00-04:00,58.53280686517474,58.899417877197266,58.298798063558785,58.899417877197266,6092800,0.0,0.0
2013-10-11 00:00:00-04:00,58.85261773229488,59.773043308085704,58.82921804028952,59.5312385559082,6936700,0.0,0.0
2013-10-14 00:00:00-04:00,59.078828121449206,59.68724395346316,58.96182370350223,59.55464172363281,4119000,0.0,0.0
2013-10-15 00:00:00-04:00,59.39084502684729,59.46884599778313,58.57181995428939,58.642024993896484,6645400,0.0,0.0
2013-10-16 00:00:00-04:00,58.84481415242836,58.961812597245185,58.16619341703689,58.454803466796875,12877900,0.0,0.0
2013-10-17 00:00:00-04:00,58.11942630578621,59.13345108073872,58.11942630578621,59.07884979248047,7176400,0.0,0.0
2013-10-18 00:00:00-04:00,58.7044311338889,58.891634663865375,57.518794891487794,58.25981903076172,14334800,0.0,0.0
2013-10-21 00:00:00-04:00,58.189626943780794,58.34563487940785,57.83861950303485,58.205230712890625,7578700,0.0,0.0
2013-10-22 00:00:00-04:00,58.53281056324507,58.603009637510375,58.18179733864431,58.39240646362305,6867000,0.0,0.0
2013-10-23 00:00:00-04:00,58.1428096939323,58.821430615671254,58.11940999854344,58.564022064208984,5526100,0.0,0.0
2013-10-24 00:00:00-04:00,58.829238015091825,59.93686745410015,58.821442082504056,59.89006805419922,7927400,0.0,0.0
2013-10-25 00:00:00-04:00,59.71065911121407,59.757458505412316,59.28944671015125,59.47665023803711,5944200,0.0,0.0
2013-10-28 00:00:00-04:00,59.39864665918456,59.59365206124944,59.12564028651222,59.32844161987305,7728100,0.0,0.0
2013-10-29 00:00:00-04:00,59.63264280940226,60.49067124207204,59.58584342256279,60.45166778564453,7248000,0.0,0.0
2013-10-30 00:00:00-04:00,60.59207165497845,61.30969002207659,60.467265355783,60.74807357788086,7251900,0.0,0.0
2013-10-31 00:00:00-04:00,60.833898511748785,61.192707825594226,60.46728731359751,60.755897521972656,7577600,0.0,0.0
2013-11-01 00:00:00-04:00,60.82608922256576,60.865086733343865,59.93685909087081,60.053863525390625,7178300,0.0,0.0
2013-11-04 00:00:00-05:00,60.20206488695679,60.38926839706633,59.75745283101395,60.06166076660156,3906500,0.0,0.0
2013-11-05 00:00:00-05:00,59.89007027342225,59.90567404136315,59.33625553339652,59.78866958618164,6035300,0.0,0.0
2013-11-06 00:00:00-05:00,59.843265634267176,59.897866915093964,59.211449963115264,59.609256744384766,5059600,0.0,0.0
2013-11-07 00:00:00-05:00,59.92126302192217,60.20987317533082,59.0242369326023,59.03984069824219,5424600,0.0,0.0
2013-11-08 00:00:00-05:00,58.72000686724699,59.05541628916882,58.329996188318844,58.876014709472656,9229700,0.0,0.0
2013-11-11 00:00:00-05:00,58.71222287693646,59.02423270536629,58.44701839098122,58.79022979736328,5774000,0.0,0.0
2013-11-12 00:00:00-05:00,59.15684001630593,59.74185626307047,59.06324122552312,59.42205047607422,6629200,0.0,0.0
2013-11-13 00:00:00-05:00,59.03985498344509,60.59989866369598,59.03985498344509,60.529693603515625,7064700,0.0,0.0
2013-11-14 00:00:00-05:00,60.9509008555675,61.88692460256771,60.88849768547579,61.574920654296875,6843800,0.0,0.0
2013-11-15 00:00:00-05:00,61.49689755199103,62.47192451179119,61.278492465170565,62.42512512207031,10414800,0.0,0.0
2013-11-18 00:00:00-05:00,62.40171468419554,62.76832571013979,61.76989922736726,62.14430618286133,8613000,0.0,0.0
2013-11-19 00:00:00-05:00,64.13338995060289,64.1723874678805,62.604548017727105,62.69814682006836,12236700,0.0,0.0
2013-11-20 00:00:00-05:00,62.97114604181825,62.97114604181825,61.91811212670784,62.206722259521484,7236900,0.0,0.0
2013-11-21 00:00:00-05:00,62.44851705368741,62.44851705368741,61.902504404513415,62.26911544799805,5618600,0.0,0.0
2013-11-22 00:00:00-05:00,62.08972314852305,62.26132886645827,61.450105623278226,61.762115478515625,7786200,0.0,0.0
2013-11-25 00:00:00-05:00,61.85571492187968,62.43292923641449,61.85571492187968,62.206722259521484,5496100,0.0,0.0
2013-11-26 00:00:00-05:00,62.56552585605488,63.10374261308388,62.47192113058707,62.67472839355469,9360700,0.0,0.0
2013-11-27 00:00:00-05:00,62.66693703943715,62.98674877519185,62.49533727389032,62.91654968261719,5450000,0.0,0.0
2013-11-29 00:00:00-05:00,63.0881622348869,63.48597502671767,62.89315678119847,62.92435836791992,3372600,0.0,0.0
2013-12-02 00:00:00-05:00,62.752727789472964,62.98673662175522,62.02730755070815,62.222312927246094,5915600,0.0,0.0
2013-12-03 00:00:00-05:00,61.89312234902197,62.30072985194262,61.383615960537405,61.69715881347656,7276900,0.39,0.0
2013-12-04 00:00:00-05:00,61.25818006011347,61.72849117778289,60.90544223661366,61.45414352416992,7148800,0.0,0.0
2013-12-05 00:00:00-05:00,61.39142451182853,62.34772702889921,61.35222943280259,61.563873291015625,6264900,0.0,0.0
2013-12-06 00:00:00-05:00,61.987153591634225,62.74749265662632,61.77550973832236,62.58287811279297,5094600,0.0,0.0
2013-12-09 00:00:00-05:00,62.63776270152712,63.17861777998294,62.33989441740493,62.3947639465332,5799800,0.0,0.0
2013-12-10 00:00:00-05:00,62.17527549337272,62.65342673071077,61.454131521768474,61.61874008178711,7448400,0.0,0.0
2013-12-11 00:00:00-05:00,61.43846219868688,62.55937343589443,61.43846219868688,61.92445373535156,7834500,0.0,0.0
2013-12-12 00:00:00-05:00,61.91661760695893,62.08122620757606,61.360082058111324,61.55604553222656,8535200,0.0,0.0
2013-12-13 00:00:00-05:00,61.99500051829838,62.3712530121631,61.548204045769936,61.93229675292969,6027100,0.0,0.0
2013-12-16 00:00:00-05:00,62.089073996414676,62.520196084200926,61.869595835480354,62.00284957885742,7099700,0.0,0.0
2013-12-17 00:00:00-05:00,62.16744965705957,62.21448495674758,61.6187543301206,61.62659454345703,6226000,0.0,0.0
2013-12-18 00:00:00-05:00,61.76768033238417,62.755331790566004,61.38358767387259,62.74749755859375,8170300,0.0,0.0
2013-12-19 00:00:00-05:00,62.7710294501883,63.076732030275956,62.42613177815858,62.669124603271484,6620800,0.0,0.0
2013-12-20 00:00:00-05:00,62.84940505112682,63.358911274977224,62.73966598510743,62.73966598510742,11232900,0.0,0.0
2013-12-23 00:00:00-05:00,62.76319103736555,63.42946575718649,62.73967637365788,63.14727783203125,3941300,0.0,0.0
2013-12-24 00:00:00-05:00,63.14725882899106,63.46080153817865,63.14725882899106,63.20996856689453,1819800,0.0,0.0
2013-12-26 00:00:00-05:00,63.36675626380443,64.07222607962493,63.34324159999901,63.92329788208008,3848800,0.0,0.0
2013-12-27 00:00:00-05:00,64.00167566314401,64.46414661910781,63.66461822832951,63.99383544921875,3961900,0.0,0.0
2013-12-30 00:00:00-05:00,64.01734475151329,64.26034352020616,63.852736154848714,64.22898864746094,3526400,0.0,0.0
2013-12-31 00:00:00-05:00,64.26817858047785,64.64443107793363,64.05654066213624,64.54252624511719,4493600,0.0,0.0
2014-01-02 00:00:00-05:00,64.36221405125174,64.72278595867024,64.11922136980897,64.29166412353516,4253400,0.0,0.0
2014-01-03 00:00:00-05:00,64.20549213751336,64.65228873485438,64.14278237429619,64.18981170654297,3897900,0.0,0.0
2014-01-06 00:00:00-05:00,64.0016748815878,64.26034811498384,63.570552825927734,63.570552825927734,11188800,0.0,0.0
2014-01-07 00:00:00-05:00,63.735160080338915,64.21331144815619,63.55487702840631,63.88409423828125,4630900,0.0,0.0
2014-01-08 00:00:00-05:00,63.91546588861123,64.2290087337872,63.51569861150356,64.2211685180664,4662300,0.0,0.0
2014-01-09 00:00:00-05:00,64.19764190611157,64.22899678282826,63.46865746835934,63.938968658447266,4966000,0.0,0.0
2014-01-10 00:00:00-05:00,64.05651809973229,64.30735101624262,63.82135962411016,64.2838363647461,4981000,0.0,0.0
2014-01-13 00:00:00-05:00,63.97032067695845,64.37792209540129,63.460814418656675,63.46865463256836,6952400,0.0,0.0
2014-01-14 00:00:00-05:00,63.71164172869016,63.87625032409141,63.186461069981846,63.500003814697266,5217300,0.0,0.0
2014-01-15 00:00:00-05:00,63.374590207365024,63.82922693038707,63.28836579505632,63.54703903198242,5196800,0.0,0.0
2014-01-16 00:00:00-05:00,63.41378454755602,63.79003108742997,63.319719922422074,63.69597244262695,4871200,0.0,0.0
2014-01-17 00:00:00-05:00,63.7429937857464,63.76650844400361,63.217813150234655,63.49216079711914,6178000,0.0,0.0
2014-01-21 00:00:00-05:00,63.72733777059141,63.88410619119779,62.55939090984588,63.06889724731445,6932800,0.0,0.0
2014-01-22 00:00:00-05:00,63.225663688403436,63.34323699889027,62.645607448456346,62.86508560180664,5821600,0.0,0.0
2014-01-23 00:00:00-05:00,62.41043784137119,62.94345863155332,62.07338048904529,62.89642333984375,6387000,0.0,0.0
2014-01-24 00:00:00-05:00,62.40259368165388,62.70829614694391,62.049861907958984,62.049861907958984,7118300,0.0,0.0
2014-01-27 00:00:00-05:00,61.81472021368049,62.05771301361817,61.54820677281558,61.8774299621582,6591200,0.0,0.0
2014-01-28 00:00:00-05:00,61.46980868955101,61.869575770363866,60.999497642886745,61.563873291015625,10586500,0.0,0.0
2014-01-29 00:00:00-05:00,61.36007617286312,61.72848842571703,60.06671617168684,60.10591125488281,9195300,0.0,0.0
2014-01-30 00:00:00-05:00,60.53704227107317,60.952483901415036,60.08240555169375,60.301883697509766,6820900,0.0,0.0
2014-01-31 00:00:00-05:00,59.72965250408811,60.72515010134292,59.45530489157555,60.239158630371094,10592200,0.0,0.0
2014-02-03 00:00:00-05:00,60.074568497846684,60.14511846575913,58.73417891082272,58.85959243774414,9527000,0.0,0.0
2014-02-04 00:00:00-05:00,59.188815311294896,59.45532279216635,58.1384478752968,58.765533447265625,9573400,0.0,0.0
2014-02-05 00:00:00-05:00,58.57740582364794,59.22016579609922,57.97383495883141,58.99284744262695,10080300,0.0,0.0
2014-02-06 00:00:00-05:00,58.93798297475679,59.72967119281321,58.92230254609018,59.69832229614258,6107100,0.0,0.0
2014-02-07 00:00:00-05:00,59.70614672477415,60.04320412177682,59.45531373028358,59.92562484741211,6194200,0.0,0.0
2014-02-10 00:00:00-05:00,60.0118527809327,60.03536744112315,59.47883188873679,59.89427947998047,6343600,0.0,0.0
2014-02-11 00:00:00-05:00,59.91779576129025,60.34891183055082,59.706151853188715,60.1215934753418,6292900,0.0,0.0
2014-02-12 00:00:00-05:00,60.286218366009884,60.615435634515045,60.098089086579634,60.57624053955078,7345900,0.0,0.0
2014-02-13 00:00:00-05:00,60.62324281110025,61.03869029916532,60.309706112655256,60.81920623779297,6586900,0.0,0.0
2014-02-14 00:00:00-05:00,60.94463757243299,61.24249988610602,60.607580173655194,61.085731506347656,4752300,0.0,0.0
2014-02-18 00:00:00-05:00,61.077894575000705,61.20331406981052,60.41161995473293,60.80354690551758,4954700,0.0,0.0
2014-02-19 00:00:00-05:00,60.55271032380369,60.764348233395914,59.886435742844085,59.92562484741211,7767800,0.0,0.0
2014-02-20 00:00:00-05:00,60.035366248651016,60.795705474803206,59.99617714255557,60.733001708984375,5852200,0.0,0.0
2014-02-21 00:00:00-05:00,60.63894716658321,61.17196813676786,60.63894716658321,60.93680953979492,7764500,0.0,0.0
2014-02-24 00:00:00-05:00,61.0152061578932,61.33658924044761,60.71734372408622,61.038726806640625,11739500,0.0,0.0
2014-02-25 00:00:00-05:00,62.457492595451534,63.49217972960967,62.18314486676035,63.476505279541016,13421700,0.0,0.0
2014-02-26 00:00:00-05:00,63.48429721774245,64.83252627799835,63.32752890017557,64.04083251953125,9737800,0.0,0.0
2014-02-27 00:00:00-05:00,64.00950965631715,64.43278548184963,63.18646070375092,64.25250244140625,6040900,0.0,0.0
2014-02-28 00:00:00-05:00,64.1898062020325,65.1382688631124,63.79787918603263,64.29954528808594,7239600,0.0,0.0
2014-03-03 00:00:00-05:00,63.28052446890548,64.29953089419458,63.1943000662609,64.27601623535156,8359500,0.0,0.0
2014-03-04 00:00:00-05:00,64.97365174216733,65.21664454662267,64.83255779563467,64.95797729492188,6367600,0.0,0.0
2014-03-05 00:00:00-05:00,64.98934173583984,65.21665414617806,64.73066846573279,64.98934173583984,5069900,0.0,0.0
2014-03-06 00:00:00-05:00,64.88741893959998,64.97364333912581,64.45630292230096,64.59739685058594,6168400,0.0,0.0
2014-03-07 00:00:00-05:00,64.75415210919432,64.80118141565426,64.30735575683819,64.70712280273438,5287700,0.0,0.0
2014-03-10 00:00:00-04:00,64.620910294407,64.69929447968586,64.0643748044981,64.41710662841797,4139000,0.0,0.0
2014-03-11 00:00:00-04:00,64.40135245517197,64.52748736258233,63.89680079607015,64.08600616455078,4667900,0.47,0.0
2014-03-12 00:00:00-04:00,63.644520456136426,63.73912012630751,63.258218420505195,63.510494232177734,7048700,0.0,0.0
2014-03-13 00:00:00-04:00,63.90468128792739,63.90468128792739,62.059915377593796,62.12298583984375,7665800,0.0,0.0
2014-03-14 00:00:00-04:00,62.138745725457206,62.97440823520202,62.11509580759347,62.58022689819336,6739000,0.0,0.0
2014-03-17 00:00:00-04:00,62.730018284036646,63.2188053115396,62.47774246671607,62.7379035949707,5547600,0.0,0.0
2014-03-18 00:00:00-04:00,62.79308474625009,63.51049161261969,62.76943482968278,62.92710494995117,5032600,0.0,0.0
2014-03-19 00:00:00-04:00,63.04535845999948,63.455304367961155,62.59599201591119,62.871917724609375,6568400,0.0,0.0
2014-03-20 00:00:00-04:00,62.840389399990265,63.25822066401073,62.65118403820798,63.13996505737305,5097800,0.0,0.0
2014-03-21 00:00:00-04:00,63.68393463462298,64.56690297804673,63.26610338769032,63.400123596191406,10086100,0.0,0.0
2014-03-24 00:00:00-04:00,63.39225937856869,63.43167391205773,62.43833504127354,62.800987243652344,7574200,0.0,0.0
2014-03-25 00:00:00-04:00,63.10844357190416,63.139972790454415,62.40680117191147,62.65119171142578,5375500,0.0,0.0
2014-03-26 00:00:00-04:00,62.666938748366846,62.89556461449743,62.04413159885162,62.178157806396484,6364600,0.0,0.0
2014-03-27 00:00:00-04:00,61.988964616577,62.29642562649523,61.78399461978539,62.028385162353516,5803300,0.0,0.0
2014-03-28 00:00:00-04:00,62.21756082538826,62.67481247312945,61.878564743749514,62.05989074707031,5132700,0.0,0.0
2014-03-31 00:00:00-04:00,62.44619193303347,62.5407975968659,62.154495647263154,62.383121490478516,5736200,0.0,0.0
2014-04-01 00:00:00-04:00,62.46985660500932,63.29763981861947,62.46985660500932,62.58022689819336,6697600,0.0,0.0
2014-04-02 00:00:00-04:00,62.706368847367955,63.668172287889604,62.66694830712495,63.02959442138672,6611700,0.0,0.0
2014-04-03 00:00:00-04:00,63.0295811906031,63.084766326521205,62.26487459708905,62.595985412597656,5505400,0.0,0.0
2014-04-04 00:00:00-04:00,62.7851827308976,62.832482551447406,61.878564743749514,62.05989074707031,6422000,0.0,0.0
2014-04-07 00:00:00-04:00,62.03625383836795,62.03625383836795,60.727569058088285,60.80640411376953,11121300,0.0,0.0
2014-04-08 00:00:00-04:00,60.63298688661493,61.05081821550435,60.24668477730918,60.79065704345703,7371000,0.0,0.0
2014-04-09 00:00:00-04:00,60.89314472185264,61.43711701192297,60.81430963996463,61.303096771240234,8027600,0.0,0.0
2014-04-10 00:00:00-04:00,61.192718711728986,61.66573515794362,60.46742041182073,60.53049087524414,6201500,0.0,0.0
2014-04-11 00:00:00-04:00,60.40432163033703,60.75119695254682,59.63960923648652,59.67902374267578,8399100,0.0,0.0
2014-04-14 00:00:00-04:00,60.15207166697439,60.59355281940648,59.5292644613765,59.891910552978516,8677200,0.0,0.0
2014-04-15 00:00:00-04:00,60.144196101625866,60.23091648700912,58.819746414999656,59.82884979248047,7022900,0.0,0.0
2014-04-16 00:00:00-04:00,60.2466732653115,60.3728141784668,59.7578922636592,60.3728141784668,6104700,0.0,0.0
2014-04-17 00:00:00-04:00,60.120546740011456,61.240020433892305,59.84462097246767,60.77488327026367,6875000,0.0,0.0
2014-04-21 00:00:00-04:00,61.7681961925693,61.7681961925693,61.232109490857646,61.46073532104492,6253300,0.0,0.0
2014-04-22 00:00:00-04:00,62.075671847688874,63.25033649785728,61.98895147714679,62.8088493347168,11188400,0.0,0.0
2014-04-23 00:00:00-04:00,62.966519760958704,63.10842526218663,61.839161060850465,61.902225494384766,7497000,0.0,0.0
2014-04-24 00:00:00-04:00,62.256997378061854,62.91921909513494,62.059906722066835,62.8876838684082,7271600,0.0,0.0
2014-04-25 00:00:00-04:00,62.60388283078697,62.832502713289706,62.30430116523326,62.58022689819336,6381400,0.0,0.0
2014-04-28 00:00:00-04:00,62.6984893910315,63.975639228564965,62.540819244796495,63.203041076660156,14562400,0.0,0.0
2014-04-29 00:00:00-04:00,63.32127081736098,63.32127081736098,62.69057846069336,62.69057846069336,5146500,0.0,0.0
2014-04-30 00:00:00-04:00,62.864028760527276,62.864028760527276,62.06778690666892,62.682708740234375,8524700,0.0,0.0
2014-05-01 00:00:00-04:00,62.68272661709691,62.79309692563819,62.24123936820109,62.54082107543945,3936700,0.0,0.0
2014-05-02 00:00:00-04:00,62.53291496734019,63.19514261308612,62.406780091553976,62.595985412597656,3738400,0.0,0.0
2014-05-05 00:00:00-04:00,62.312192084699944,62.4225623878182,61.933775320629906,62.0362663269043,3521000,0.0,0.0
2014-05-06 00:00:00-04:00,61.99683368857658,62.09143936481973,60.97984522419737,61.035030364990234,6475800,0.0,0.0
2014-05-07 00:00:00-04:00,61.374038775654384,61.46075915917895,60.32551487647954,60.76700210571289,5378600,0.0,0.0
2014-05-08 00:00:00-04:00,60.65660774535161,61.27941479150557,60.43586722564703,60.74332809448242,5485100,0.0,0.0
2014-05-09 00:00:00-04:00,60.751227291420335,61.29519947514163,60.554136617866824,61.26366424560547,4345800,0.0,0.0
2014-05-12 00:00:00-04:00,61.350389767993484,61.839176844698706,61.29520461535988,61.70515060424805,4324200,0.0,0.0
2014-05-13 00:00:00-04:00,61.7761163125135,62.028392195788804,60.73547754216143,60.91679763793945,5455500,0.0,0.0
2014-05-14 00:00:00-04:00,60.964079639982465,60.9956148648905,60.04957616183684,60.15994644165039,6870000,0.0,0.0
2014-05-15 00:00:00-04:00,59.9549934475579,60.144198835754096,59.379485956100446,60.10477828979492,6304700,0.0,0.0
2014-05-16 00:00:00-04:00,60.53836548690427,60.99561724381058,60.43588051300294,60.98773193359375,7039400,0.0,0.0
2014-05-19 00:00:00-04:00,60.37282388468632,60.75911996755262,60.20726842060076,60.30975341796875,7733800,0.0,0.0
2014-05-20 00:00:00-04:00,61.42920010156446,62.138727503054604,61.01925427777466,61.46073532104492,15432200,0.0,0.0
2014-05-21 00:00:00-04:00,61.68938292045555,61.894358912047345,61.295201559941454,61.555362701416016,6693900,0.0,0.0
2014-05-22 00:00:00-04:00,61.30308853061427,62.320077190035875,61.30308853061427,62.107215881347656,5265900,0.0,0.0
2014-05-23 00:00:00-04:00,62.09932244695208,62.595994759104215,61.89435249135335,62.42255401611328,5003100,0.0,0.0
2014-05-27 00:00:00-04:00,62.580226590151476,63.069013610938995,62.51716214773521,62.824623107910156,4760600,0.0,0.0
2014-05-28 00:00:00-04:00,62.87193472941934,63.06902543390027,62.493517930334306,62.816749572753906,4002200,0.0,0.0
2014-05-29 00:00:00-04:00,62.974383650785,63.06110399225076,62.62750829964951,62.99015426635742,4408900,0.0,0.0
2014-05-30 00:00:00-04:00,62.887668423642296,63.28184963882421,62.73788365188822,63.25032043457031,4528000,0.0,0.0
2014-06-02 00:00:00-04:00,63.266081693699235,63.904653303838664,63.20301125906806,63.7312126159668,6817700,0.0,0.0
2014-06-03 00:00:00-04:00,63.58851160365236,64.13565890099939,63.556791955270675,63.96913528442383,5477700,0.47,0.0
2014-06-04 00:00:00-04:00,63.691588071181116,64.14358241756285,63.48541340707084,63.86604309082031,4961600,0.0,0.0
2014-06-05 00:00:00-04:00,63.96912149413524,64.11978827899179,63.65986255146349,63.739158630371094,5666400,0.0,0.0
2014-06-06 00:00:00-04:00,63.89773988995241,64.44488692422252,63.8422320444496,63.945316314697266,4460300,0.0,0.0
2014-06-09 00:00:00-04:00,63.93740373232165,64.48455697770525,63.77088014674907,63.921546936035156,3718600,0.0,0.0
2014-06-10 00:00:00-04:00,63.64400409675023,64.11185518504254,63.612284456033365,64.02462768554688,4249500,0.0,0.0
2014-06-11 00:00:00-04:00,63.802592510167514,64.01669855997922,63.247513954919604,63.28715896606445,4918100,0.0,0.0
2014-06-12 00:00:00-04:00,63.22371899857897,63.26336400549764,62.01046562875181,62.19285202026367,7643300,0.0,0.0
2014-06-13 00:00:00-04:00,62.240430071417734,62.319726137224556,61.65363192456486,61.90738296508789,7971800,0.0,0.0
2014-06-16 00:00:00-04:00,61.8201667377679,62.716223939408266,61.8201667377679,62.5655632019043,7164400,0.0,0.0
2014-06-17 00:00:00-04:00,62.517973782820505,63.80259192010266,62.43075233914749,63.45368194580078,9587300,0.0,0.0
2014-06-18 00:00:00-04:00,63.461625008104825,64.04049793074645,63.27131319171594,64.00084686279297,8071500,0.0,0.0
2014-06-19 00:00:00-04:00,64.00086232647857,64.11187808368732,63.39820103741316,63.78676223754883,5095400,0.0,0.0
2014-06-20 00:00:00-04:00,63.98498878413739,64.07221629196532,63.3268197886734,63.57263946533203,13661000,0.0,0.0
2014-06-23 00:00:00-04:00,63.564692816935576,64.07219484721877,63.414026072041636,63.945316314697266,4920400,0.0,0.0
2014-06-24 00:00:00-04:00,63.739165154680556,64.09600662114539,63.30303365109506,63.77881622314453,5579300,0.0,0.0
2014-06-25 00:00:00-04:00,63.723308382220544,63.921551624810846,63.53299656330687,63.85811233520508,4486300,0.0,0.0
2014-06-26 00:00:00-04:00,63.79468316583961,64.20703256378764,63.53300664203542,64.03257751464844,5165200,0.0,0.0
2014-06-27 00:00:00-04:00,63.95329194954341,64.6035297535043,63.937429097060736,64.33391571044922,5011000,0.0,0.0
2014-06-30 00:00:00-04:00,64.24667312618284,64.4132027887249,63.81847300791639,64.1990966796875,5045300,0.0,0.0
2014-07-01 00:00:00-04:00,64.48455603019703,64.99998962553089,64.40525995012331,64.88104248046875,5234600,0.0,0.0
2014-07-02 00:00:00-04:00,64.89691277523276,65.1665267634475,64.72246378274602,65.0079345703125,4185700,0.0,0.0
2014-07-03 00:00:00-04:00,65.07928758264366,65.30131903321524,64.86518755527915,65.06343078613281,2764000,0.0,0.0
2014-07-07 00:00:00-04:00,64.80968376787689,65.09514847234519,64.34182656769362,64.56385803222656,6071000,0.0,0.0
2014-07-08 00:00:00-04:00,64.5638865916676,64.65111414130493,63.874003671689564,64.04052734375,7322900,0.0,0.0
2014-07-09 00:00:00-04:00,64.31805124512204,64.41321019896421,63.58058599008368,64.0167236328125,6980600,0.0,0.0
2014-07-10 00:00:00-04:00,62.684512078111595,63.10478675995401,61.81223702156701,62.96205139160156,11530900,0.0,0.0
2014-07-11 00:00:00-04:00,63.112726780015734,63.35855255750201,62.81139917685429,63.12858963012695,4746400,0.0,0.0
2014-07-14 00:00:00-04:00,63.37441430163767,63.4854300614579,62.79554727541866,63.009647369384766,7657200,0.0,0.0
2014-07-15 00:00:00-04:00,63.04135342458163,63.48541636808114,62.977914132680596,63.32682418823242,6051900,0.0,0.0
2014-07-16 00:00:00-04:00,63.469563358468534,63.62815554778341,62.946198243901854,63.168235778808594,9033700,0.0,0.0
2014-07-17 00:00:00-04:00,63.00171438555548,63.34269308225744,62.82726537437043,63.081016540527344,7697300,0.0,0.0
2014-07-18 00:00:00-04:00,63.27925405907162,63.6598777486536,63.00170864178353,63.501285552978516,5323200,0.0,0.0
2014-07-21 00:00:00-04:00,63.445768607496674,63.46162540483506,63.065138922435835,63.2078742980957,4112800,0.0,0.0
2014-07-22 00:00:00-04:00,63.723307715652204,64.03256668686583,63.596429137767856,63.86604309082031,6336100,0.0,0.0
2014-07-23 00:00:00-04:00,63.802587883801735,64.30215854730066,63.60434469274472,64.24665069580078,3669200,0.0,0.0
2014-07-24 00:00:00-04:00,64.38148655136996,64.65902592046764,64.14359220648366,64.38941192626953,4359600,0.0,0.0
2014-07-25 00:00:00-04:00,64.3101007563186,64.46869896570878,64.14357717388623,64.25459289550781,4680100,0.0,0.0
2014-07-28 00:00:00-04:00,64.38939258043747,64.50040829472181,63.96119256814229,64.28630828857422,3441600,0.0,0.0
2014-07-29 00:00:00-04:00,64.39735390074715,64.8731366185587,64.14360271458727,64.21497344970703,4536500,0.0,0.0
2014-07-30 00:00:00-04:00,64.62730613980548,64.90484550833908,64.2863274727772,64.83348083496094,5807300,0.0,0.0
2014-07-31 00:00:00-04:00,64.30217399778735,64.69073510155181,64.11186218261719,64.11186218261719,5748900,0.0,0.0
2014-08-01 00:00:00-04:00,63.881915080708495,64.29426450699533,63.2316773391685,63.23960876464844,8708000,0.0,0.0
2014-08-04 00:00:00-04:00,63.19993402240537,63.63607151191856,63.16822043217055,63.46161651611328,7025000,0.0,0.0
2014-08-05 00:00:00-04:00,63.26337330268051,64.11978543668674,63.26337330268051,63.46161651611328,5895500,0.0,0.0
2014-08-06 00:00:00-04:00,63.390269424334164,64.24667574568919,63.318898701776995,63.850189208984375,4228200,0.0,0.0
2014-08-07 00:00:00-04:00,64.03256306504639,64.2863141565588,63.66779624911625,63.81053161621094,4045900,0.0,0.0
2014-08-08 00:00:00-04:00,64.28633264969056,65.38856483770316,64.13566581610877,65.36477661132812,7226500,0.0,0.0
2014-08-11 00:00:00-04:00,65.50750333465936,65.87227020716143,65.42027581624536,65.72160339355469,3952000,0.0,0.0
2014-08-12 00:00:00-04:00,65.61849960298073,65.88810745268334,65.56299174863594,65.75330352783203,3657100,0.0,0.0
2014-08-13 00:00:00-04:00,65.80089528640205,66.12601103628296,65.61057743047333,65.91191101074219,4498700,0.0,0.0
2014-08-14 00:00:00-04:00,65.88811808608814,66.58593813892936,65.61057876957327,66.49871063232422,4923000,0.0,0.0
2014-08-15 00:00:00-04:00,66.64144617759678,66.6810911944013,65.6978064490597,66.36390686035156,5383500,0.0,0.0
2014-08-18 00:00:00-04:00,66.77623697561705,67.10135871887255,66.04670347111006,66.28459167480469,9475300,0.0,0.0
2014-08-19 00:00:00-04:00,68.90934906409572,70.56665958954488,68.64766654431848,69.96400451660156,18244600,0.0,0.0
2014-08-20 00:00:00-04:00,69.91640903517481,72.21603132276373,69.84504438844347,71.9622802734375,13394200,0.0,0.0
2014-08-21 00:00:00-04:00,71.90680452513737,72.80286199472287,71.89887309976974,72.27950286865234,8315900,0.0,0.0
2014-08-22 00:00:00-04:00,71.95435568688613,72.4222128206547,71.88299103337555,72.18431854248047,6939200,0.0,0.0
2014-08-25 00:00:00-04:00,72.35878101093832,72.81077534621598,72.12088670820125,72.31912994384766,7328700,0.0,0.0
2014-08-26 00:00:00-04:00,72.14466016141532,72.81868575814569,72.08122089233673,72.66008758544922,5396400,0.0,0.0
2014-08-27 00:00:00-04:00,72.6997589265879,72.92179038041495,72.4063567626574,72.85042572021484,4320200,0.0,0.0
2014-08-28 00:00:00-04:00,72.47775515454956,73.53241101294132,72.3746647616822,73.35795593261719,7575700,0.0,0.0
2014-08-29 00:00:00-04:00,73.54032881955746,74.15884691347209,73.43724448720671,74.14299011230469,7672200,0.0,0.0
2014-09-02 00:00:00-04:00,74.15094348090709,74.36612518364835,71.60857795630406,72.6446533203125,20753200,0.47,0.0
2014-09-03 00:00:00-04:00,72.61277902620226,72.77217244197813,70.91521543436004,70.93115234375,15410400,0.0,0.0
2014-09-04 00:00:00-04:00,70.9311721381605,72.32588619705692,70.9311721381605,71.67236328125,8452200,0.0,0.0
2014-09-05 00:00:00-04:00,71.45713912992407,73.03515412435358,71.15428322236114,73.01124572753906,7746400,0.0,0.0
2014-09-08 00:00:00-04:00,72.82795157498506,73.14674444686317,72.18240041777145,72.38164520263672,4885900,0.0,0.0
2014-09-09 00:00:00-04:00,71.89550643548006,71.9911461464514,70.75582572173533,70.87537384033203,8103000,0.0,0.0
2014-09-10 00:00:00-04:00,70.66018674899341,71.24994972088643,70.39718212405903,71.13040161132812,6245400,0.0,0.0
2014-09-11 00:00:00-04:00,70.98693536629993,71.26587686339057,70.62829716725032,71.10648345947266,4537800,0.0,0.0
2014-09-12 00:00:00-04:00,71.23399649847312,71.32963618847663,70.50077711651855,70.80362701416016,4593700,0.0,0.0
2014-09-15 00:00:00-04:00,71.07460013404447,71.36151311163127,70.61235077232482,71.23399353027344,3935000,0.0,0.0
2014-09-16 00:00:00-04:00,71.14631926578538,72.31787947752603,70.55655645351315,71.94329833984375,5045100,0.0,0.0
2014-09-17 00:00:00-04:00,72.2302261701309,72.95548019552842,71.68031463048398,72.70044708251953,7068800,0.0,0.0
2014-09-18 00:00:00-04:00,73.18659625800208,73.6727540223139,72.6844955057469,73.39380645751953,6025100,0.0,0.0
2014-09-19 00:00:00-04:00,73.99951681584959,74.71679930527395,73.48147912457262,73.59305572509766,12498800,0.0,0.0
2014-09-22 00:00:00-04:00,73.30614443186556,73.65681112094403,73.06704825618031,73.23441314697266,5208800,0.0,0.0
2014-09-23 00:00:00-04:00,73.15469975883245,73.4974009562133,72.88372374951257,72.91560363769531,6330000,0.0,0.0
2014-09-24 00:00:00-04:00,73.06703037375088,74.20671051538427,72.80402586095852,74.13497924804688,6381400,0.0,0.0
2014-09-25 00:00:00-04:00,73.9596760269366,74.11906944301353,72.9634519752832,73.24239349365234,4972100,0.0,0.0
2014-09-26 00:00:00-04:00,73.55318896286767,74.11904329492558,73.16267097491976,73.99152374267578,4571400,0.0,0.0
2014-09-29 00:00:00-04:00,73.6169748347794,74.25455458063726,73.28223893169975,74.02342987060547,3894600,0.0,0.0
2014-09-30 00:00:00-04:00,74.142941087719,74.28639752325094,72.84386775740516,73.11483764648438,6773000,0.0,0.0
2014-10-01 00:00:00-04:00,73.43367278384946,73.59306621289517,72.4613570574498,72.54105377197266,5970700,0.0,0.0
2014-10-02 00:00:00-04:00,72.77216817701428,73.68869546518314,72.58089487319941,73.51335906982422,5991200,0.0,0.0
2014-10-03 00:00:00-04:00,73.73648606585475,74.66098451992899,73.59302961885932,74.54940795898438,6200100,0.0,0.0
2014-10-06 00:00:00-04:00,74.69285770493974,75.11525551640143,74.16684875299165,74.32624816894531,4951700,0.0,0.0
2014-10-07 00:00:00-04:00,74.15093309825514,74.56535953754916,73.67274687431042,73.6966552734375,5030300,0.0,0.0
2014-10-08 00:00:00-04:00,73.77636437082258,75.04356446186938,73.51335977526038,74.9877700805664,6618900,0.0,0.0
2014-10-09 00:00:00-04:00,74.84428532967628,75.54562451566036,74.13496857234405,74.17481994628906,6674700,0.0,0.0
2014-10-10 00:00:00-04:00,74.30237549616527,74.80447021674358,73.75245788757789,73.76042938232422,6349800,0.0,0.0
2014-10-13 00:00:00-04:00,74.0234178631859,74.07124074470791,72.07082146755467,72.20630645751953,7372200,0.0,0.0
2014-10-14 00:00:00-04:00,72.02301096565158,72.15052447310379,70.548594612543,71.80782318115234,9711300,0.0,0.0
2014-10-15 00:00:00-04:00,70.20589121559952,71.06663016685158,69.03433695916407,70.01461791992188,12987500,0.0,0.0
2014-10-16 00:00:00-04:00,68.81913899369253,71.50496055158938,68.81913899369253,70.83549499511719,7147600,0.0,0.0
2014-10-17 00:00:00-04:00,71.17023164460169,72.62073327334933,70.97098688196895,71.91938781738281,7007300,0.0,0.0
2014-10-20 00:00:00-04:00,71.62451467729494,73.37786628398965,71.54481190206224,73.20252990722656,5609400,0.0,0.0
2014-10-21 00:00:00-04:00,73.74447063808242,75.21091525420161,73.41771238891842,75.07542419433594,6604700,0.0,0.0
2014-10-22 00:00:00-04:00,75.15514293925543,75.70505446678341,74.31034083065012,74.3900375366211,5908900,0.0,0.0
2014-10-23 00:00:00-04:00,75.31453083329565,76.12744690339176,75.26671402931012,75.55362701416016,5923100,0.0,0.0
2014-10-24 00:00:00-04:00,75.39424142211045,75.86446237630707,75.01966017397152,75.70506286621094,4825200,0.0,0.0
2014-10-27 00:00:00-04:00,75.68113963745616,76.25496560047769,75.4818948492108,76.08760070800781,4465100,0.0,0.0
2014-10-28 00:00:00-04:00,76.4382542414264,76.9881655838514,76.11148995232635,76.98019409179688,5260100,0.0,0.0
2014-10-29 00:00:00-04:00,77.0041031017575,77.50619761714745,76.35058065041511,76.8447036743164,4275400,0.0,0.0
2014-10-30 00:00:00-04:00,76.60564658923012,77.9445719530527,76.5339152959253,77.7214126586914,4115800,0.0,0.0
2014-10-31 00:00:00-04:00,78.7256082016756,79.10816091154021,77.56999073810397,77.7214126586914,6335900,0.0,0.0
2014-11-03 00:00:00-05:00,77.15552899391196,77.1714719777234,76.49404109693924,76.58170318603516,7614200,0.0,0.0
2014-11-04 00:00:00-05:00,76.55783087048937,76.65347057703023,75.86446275959425,76.47813415527344,5349600,0.0,0.0
2014-11-05 00:00:00-05:00,76.98019918067797,77.1874154245259,75.832553548101,76.33464813232422,5002700,0.0,0.0
2014-11-06 00:00:00-05:00,76.78894641523763,77.71344522646616,76.51797639982375,77.5381088256836,4016900,0.0,0.0
2014-11-07 00:00:00-05:00,77.44246714629594,77.90471654006612,77.05992053663483,77.82501983642578,3429600,0.0,0.0
2014-11-10 00:00:00-05:00,77.8170508583909,78.23944887376618,77.3069846420356,78.23148345947266,3662300,0.0,0.0
2014-11-11 00:00:00-05:00,78.47058643365013,78.70171117587364,78.0083369492031,78.2155532836914,3818400,0.0,0.0
2014-11-12 00:00:00-05:00,78.34304679693528,78.66183356781936,77.79312928036484,78.49446868896484,4629400,0.0,0.0
2014-11-13 00:00:00-05:00,78.82125848174363,79.18786825099724,78.37494591356847,78.90095520019531,3182800,0.0,0.0
2014-11-14 00:00:00-05:00,78.82122082733441,78.90091750771347,78.11987544687811,78.29521179199219,4085500,0.0,0.0
2014-11-17 00:00:00-05:00,78.23946817284802,78.86111114734044,77.94458967905929,78.12789154052734,8581600,0.0,0.0
2014-11-18 00:00:00-05:00,77.42653623424246,77.87284267356863,76.49407196044922,76.49407196044922,10384400,0.0,0.0
2014-11-19 00:00:00-05:00,76.9483367191292,77.55403647436744,76.50999576951244,77.06787872314453,6831100,0.0,0.0
2014-11-20 00:00:00-05:00,76.57376367039035,78.08005388523237,76.52594078325,77.76126098632812,4958800,0.0,0.0
2014-11-21 00:00:00-05:00,78.88499934666737,78.9806329536577,77.96050060930479,78.32711029052734,6806800,0.0,0.0
2014-11-24 00:00:00-05:00,78.64589027526758,78.82122663329692,78.27928065414598,78.42273712158203,5043600,0.0,0.0
2014-11-25 00:00:00-05:00,78.61400734586223,78.797315189571,76.83674759737531,77.31493377685547,7992000,0.0,0.0
2014-11-26 00:00:00-05:00,77.35480194444474,77.87283965887593,77.31495663131557,77.8648681640625,4337900,0.0,0.0
2014-11-28 00:00:00-05:00,78.15177136882369,79.53851942988703,78.10395456687951,79.2197265625,3305800,0.0,0.0
2014-12-01 00:00:00-05:00,79.29144795345566,79.38708763321432,78.35101238413317,78.80529022216797,4393700,0.0,0.0
2014-12-02 00:00:00-05:00,78.97345544699841,79.27775168839986,78.46895675344196,78.60509490966797,4677700,0.47,0.0
2014-12-03 00:00:00-05:00,78.55707199862046,79.06957433209345,78.50902681407915,78.94945526123047,4357200,0.0,0.0
2014-12-04 00:00:00-05:00,78.59710712530314,79.3658605609574,78.30081425665661,79.23773193359375,5220000,0.0,0.0
2014-12-05 00:00:00-05:00,79.09358234932077,79.82230009796396,79.00550156372945,79.79026794433594,4649100,0.0,0.0
2014-12-08 00:00:00-05:00,79.84630043566904,80.83927248339968,79.80626483692187,80.42286682128906,6624300,0.0,0.0
2014-12-09 00:00:00-05:00,79.83030966374812,80.06253819541985,78.94944071274897,79.79026794433594,5280500,0.0,0.0
2014-12-10 00:00:00-05:00,79.56602653511494,80.2627119336148,79.13360174737436,79.22969818115234,5357000,0.0,0.0
2014-12-11 00:00:00-05:00,79.50198570105465,81.19965320827976,79.39788578254652,80.29476165771484,6864000,0.0,0.0
2014-12-12 00:00:00-05:00,79.83028363935676,81.07950667606437,79.59004562021762,79.90235137939453,5983300,0.0,0.0
2014-12-15 00:00:00-05:00,80.08655152927251,81.07151417411038,79.50998504960747,80.11858367919922,5488300,0.0,0.0
2014-12-16 00:00:00-05:00,79.58204195171021,80.2627143531865,77.66816554852866,77.7242202758789,7829300,0.0,0.0
2014-12-17 00:00:00-05:00,78.14863315704746,79.38985279460876,77.74824051389953,79.22969818115234,6096400,0.0,0.0
2014-12-18 00:00:00-05:00,80.35080587421464,80.63108565799769,79.51799441622789,80.61506652832031,6594000,0.0,0.0
2014-12-19 00:00:00-05:00,80.81525145753986,81.68010105261394,80.72716458529119,81.6240463256836,12500600,0.0,0.0
2014-12-22 00:00:00-05:00,81.88030489861677,82.93734135317216,81.86429187924048,82.88128662109375,5418900,0.0,0.0
2014-12-23 00:00:00-05:00,83.00941548169682,83.441834210834,82.73714527536153,83.08949279785156,4067700,0.0,0.0
2014-12-24 00:00:00-05:00,83.321741135414,83.58599573070929,82.92935180664062,82.92935180664062,1819000,0.0,0.0
2014-12-26 00:00:00-05:00,83.2657034879657,83.53796770554429,82.86531062010755,83.0815200805664,2594900,0.0,0.0
2014-12-29 00:00:00-05:00,82.94536430519636,83.9223236015387,82.68911318726302,83.70610809326172,3492700,0.0,0.0
2014-12-30 00:00:00-05:00,83.63405537924527,83.87428740893645,83.16158866801952,83.49791717529297,2927800,0.0,0.0
2014-12-31 00:00:00-05:00,83.88225217659785,84.89924672244155,83.73010102906363,84.05842590332031,5821600,0.0,0.0
2015-01-02 00:00:00-05:00,84.21061039184457,84.61100316219108,82.21664999667253,82.82524871826172,4323700,0.0,0.0
2015-01-05 00:00:00-05:00,82.30473091813151,82.30473091813151,80.71116951853554,81.08753967285156,5878100,0.0,0.0
2015-01-06 00:00:00-05:00,81.73619954237442,81.73619954237442,80.35083753577031,80.83931732177734,4910100,0.0,0.0
2015-01-07 00:00:00-05:00,81.91234095794393,83.65805340967658,81.68011245410014,83.6100082397461,5091000,0.0,0.0
2015-01-08 00:00:00-05:00,84.37877201318639,85.67604063891083,84.09849219500326,85.45983123779297,6464600,0.0,0.0
2015-01-09 00:00:00-05:00,85.58795386329432,85.58795386329432,83.93833765320612,83.99439239501953,5717600,0.0,0.0
2015-01-12 00:00:00-05:00,84.21861590357426,84.31471237022564,83.32974344295332,83.61802673339844,4992900,0.0,0.0
2015-01-13 00:00:00-05:00,84.41081849149813,84.91531125272476,82.60104120770963,83.06549835205078,5395200,0.0,0.0
2015-01-14 00:00:00-05:00,82.01644554458457,82.80922755074114,81.58402066200141,82.19261932373047,5384400,0.0,0.0
2015-01-15 00:00:00-05:00,82.73714909030795,83.00140974436033,80.7351855465921,80.88733673095703,6895000,0.0,0.0
2015-01-16 00:00:00-05:00,80.76722240514113,83.52992981273097,80.27073321793156,83.3777847290039,6403800,0.0,0.0
2015-01-20 00:00:00-05:00,83.95432939602978,84.04241626933961,81.96037567462197,82.68108367919922,5331300,0.0,0.0
2015-01-21 00:00:00-05:00,82.5209607954006,83.32974987481786,82.08052625947282,82.90533447265625,5899200,0.0,0.0
2015-01-22 00:00:00-05:00,83.58597136116842,85.1314873075217,82.91331460997165,84.93930053710938,5804100,0.0,0.0
2015-01-23 00:00:00-05:00,85.0514565579263,85.26767213882846,84.33074813743684,84.37879943847656,4072300,0.0,0.0
2015-01-26 00:00:00-05:00,84.37075387209869,85.28364877871584,84.1305157979329,85.17153930664062,4192300,0.0,0.0
2015-01-27 00:00:00-05:00,83.90629942211501,84.73110746741891,83.60200314709759,84.21060180664062,4606500,0.0,0.0
2015-01-28 00:00:00-05:00,84.3307073761647,86.02837460058184,83.76215048301032,83.87425994873047,4917300,0.0,0.0
2015-01-29 00:00:00-05:00,84.19460607247579,86.27664762267973,83.69011329250446,86.18055725097656,6529300,0.0,0.0
2015-01-30 00:00:00-05:00,85.17155267529613,85.57194545541334,83.58599457784798,83.61802673339844,7000000,0.0,0.0
2015-02-02 00:00:00-05:00,83.90631132618674,84.08248512969422,81.33579037107718,83.62603759765625,5012800,0.0,0.0
2015-02-03 00:00:00-05:00,83.99436885789106,85.94027736342458,83.93030456819695,85.87621307373047,5969200,0.0,0.0
2015-02-04 00:00:00-05:00,85.75611343762061,87.2856166248027,85.4838493091531,86.81315612792969,6765200,0.0,0.0
2015-02-05 00:00:00-05:00,87.26959206518747,87.55786917682927,86.60493874367614,87.27759552001953,4471800,0.0,0.0
2015-02-06 00:00:00-05:00,87.50985193903213,87.8782125926188,86.85320797228903,87.31766510009766,4223700,0.0,0.0
2015-02-09 00:00:00-05:00,87.18952022609639,87.65397726738576,86.51686336037388,86.75709533691406,4243800,0.0,0.0
2015-02-10 00:00:00-05:00,87.11745784907681,88.76707407271616,87.01335793042777,88.62293243408203,5414400,0.0,0.0
2015-02-11 00:00:00-05:00,88.5668690151733,88.72702976991445,87.93424778033894,88.33464050292969,4552900,0.0,0.0
2015-02-12 00:00:00-05:00,88.73502826663713,89.84811948447461,88.25455824828052,89.81609344482422,4592200,0.0,0.0
2015-02-13 00:00:00-05:00,89.69601867507086,90.00031507797245,89.12746149334089,89.59992218017578,5098600,0.0,0.0
2015-02-17 00:00:00-05:00,89.43971626418976,89.87214107940547,88.5828761977921,89.68795776367188,6028600,0.0,0.0
2015-02-18 00:00:00-05:00,89.36765631685523,89.82410378571049,88.88718626166678,89.67996215820312,3731600,0.0,0.0
2015-02-19 00:00:00-05:00,89.69598205276507,90.0483235045,88.59890376130852,88.83914184570312,5910600,0.0,0.0
2015-02-20 00:00:00-05:00,88.73501896495641,89.88815177574094,88.12642652327091,89.88014221191406,7276100,0.0,0.0
2015-02-23 00:00:00-05:00,90.4807502596757,90.61688843538245,89.52781968677878,89.91219329833984,5638000,0.0,0.0
2015-02-24 00:00:00-05:00,94.09228061455475,94.42860900238456,92.19441709550232,93.49169158935547,12775500,0.0,0.0
2015-02-25 00:00:00-05:00,93.97219155967139,93.97219155967139,92.77101312616172,93.13937377929688,7328200,0.0,0.0
2015-02-26 00:00:00-05:00,92.89113499115624,93.22746349639363,92.250504030172,92.39464569091797,5649900,0.0,0.0
2015-02-27 00:00:00-05:00,92.24247663742041,92.62685022666575,91.73797790096233,91.89012908935547,5732600,0.0,0.0
2015-03-02 00:00:00-05:00,91.97822170847691,93.73994733957669,91.97822170847691,92.98721313476562,5971900,0.0,0.0
2015-03-03 00:00:00-05:00,92.97919859384174,92.98720815896142,91.93017161496257,92.9471664428711,3784800,0.0,0.0
2015-03-04 00:00:00-05:00,92.40264025897315,92.46670456657439,91.4897452589357,91.89814758300781,3799000,0.0,0.0
2015-03-05 00:00:00-05:00,92.2745192455031,92.97119874602991,92.13838106227173,92.81905364990234,4088700,0.0,0.0
2015-03-06 00:00:00-05:00,92.85909021631028,92.85909021631028,91.2895512955972,91.64990234375,5169200,0.0,0.0
2015-03-09 00:00:00-04:00,91.5938493426876,92.47471833849829,91.5858458860049,92.29053497314453,5351200,0.0,0.0
2015-03-10 00:00:00-04:00,91.6385723806932,92.03297471101591,90.6002426147461,90.6002426147461,5685000,0.59,0.0
2015-03-11 00:00:00-04:00,90.69679885398008,91.59829569057523,90.47947695869146,91.01071166992188,4356500,0.0,0.0
2015-03-12 00:00:00-04:00,91.63856143197626,93.73936691704233,91.574167467918,93.44960021972656,5742000,0.0,0.0
2015-03-13 00:00:00-04:00,93.36105782615881,93.6186275352981,91.75929638935348,92.41931915283203,4626900,0.0,0.0
2015-03-16 00:00:00-04:00,92.82979179448908,93.86007028484573,92.8217410166426,93.77153015136719,4820300,0.0,0.0
2015-03-17 00:00:00-04:00,92.92640990902284,93.43350469925628,92.67689097474695,93.03105163574219,3715900,0.0,0.0
2015-03-18 00:00:00-04:00,92.89422416578374,93.70717497721354,91.20391629350749,93.43350982666016,4773600,0.0,0.0
2015-03-19 00:00:00-04:00,93.53813321964161,93.7152135367635,92.62054079541541,92.69298553466797,3545600,0.0,0.0
2015-03-20 00:00:00-04:00,93.00689917525817,94.97086581719132,92.82981885667778,94.56841278076172,8446000,0.0,0.0
2015-03-23 00:00:00-04:00,94.2062131056825,94.7776957144783,93.42545318603516,93.42545318603516,4095200,0.0,0.0
2015-03-24 00:00:00-04:00,93.53007163118345,94.84207229772854,93.40128986876059,93.48983001708984,4026900,0.0,0.0
2015-03-25 00:00:00-04:00,93.33691692193342,93.8601071504526,91.46953488947086,91.5017318725586,4725800,0.0,0.0
2015-03-26 00:00:00-04:00,91.2441591188565,91.3005023021524,89.81142719423525,90.44730377197266,5409600,0.0,0.0
2015-03-27 00:00:00-04:00,90.21385959013962,91.94440859625574,90.14946564085507,91.64659118652344,3879300,0.0,0.0
2015-03-30 00:00:00-04:00,92.53201608888678,93.40936704087895,92.18590617697286,92.26639556884766,3968400,0.0,0.0
2015-03-31 00:00:00-04:00,91.51783503570535,92.8620330943096,91.39710401509618,91.44539642333984,4128800,0.0,0.0
2015-04-01 00:00:00-04:00,91.66270822530417,91.75929917201545,90.49559678870537,91.05902862548828,4737700,0.0,0.0
2015-04-02 00:00:00-04:00,90.64050029854269,92.49983191442497,90.56805553715948,92.1939697265625,4064800,0.0,0.0
2015-04-06 00:00:00-04:00,91.3165971154196,93.00690488494863,91.2844062745615,92.52395629882812,3248900,0.0,0.0
2015-04-07 00:00:00-04:00,92.42736215861686,93.20007122103628,91.94441976222294,92.00076293945312,3188300,0.0,0.0
2015-04-08 00:00:00-04:00,91.73517915753237,93.21620391753683,91.62249275800804,93.03912353515625,3753500,0.0,0.0
2015-04-09 00:00:00-04:00,92.93445213853985,93.57032865729649,91.87197639426257,92.21808624267578,4674000,0.0,0.0
2015-04-10 00:00:00-04:00,92.13758747015443,93.08737676144062,92.09733971523191,92.75736236572266,3658100,0.0,0.0
2015-04-13 00:00:00-04:00,92.53198220695019,92.91028896528088,92.04098911306713,92.11343383789062,2982000,0.0,0.0
2015-04-14 00:00:00-04:00,91.92026101426914,92.54809284085152,91.04291643842897,91.79953002929688,4072500,0.0,0.0
2015-04-15 00:00:00-04:00,92.22613712655014,92.73322572974938,91.2602461773355,91.31658935546875,4210800,0.0,0.0
2015-04-16 00:00:00-04:00,91.22803729936997,91.75122739433651,90.97046764136346,91.25218963623047,4013000,0.0,0.0
2015-04-17 00:00:00-04:00,90.88193558901477,91.04291432587266,89.96433713790023,90.2299575805664,6245200,0.0,0.0
2015-04-20 00:00:00-04:00,90.9543764102313,91.50976350562638,90.69680674037112,90.84169006347656,4396300,0.0,0.0
2015-04-21 00:00:00-04:00,91.35686046870653,91.74321817534876,90.55195420907035,91.09123992919922,3899500,0.0,0.0
2015-04-22 00:00:00-04:00,91.11537201968713,91.20391218580708,90.30242124487154,90.94634246826172,4065500,0.0,0.0
2015-04-23 00:00:00-04:00,90.74509505755803,92.16978202757942,90.60021174096171,91.72708129882812,3945300,0.0,0.0
2015-04-24 00:00:00-04:00,91.66269796961384,91.79148588415275,90.87389348637323,91.51781463623047,2878300,0.0,0.0
2015-04-27 00:00:00-04:00,91.79956191175295,91.84785432251405,89.56996812042092,89.65850830078125,5618000,0.0,0.0
2015-04-28 00:00:00-04:00,89.26407755055881,89.9643418475896,88.57990867167835,89.00650787353516,5743300,0.0,0.0
2015-04-29 00:00:00-04:00,88.67648176547203,88.78916810049674,86.98618059915678,87.5013198852539,7238900,0.0,0.0
2015-04-30 00:00:00-04:00,87.38060315611925,87.90379334275352,85.81908951752662,86.10885620117188,9041600,0.0,0.0
2015-05-01 00:00:00-04:00,86.10886632688914,88.37065074041666,86.00422459268958,88.17747497558594,6696900,0.0,0.0
2015-05-04 00:00:00-04:00,88.49138973439169,88.90188747556529,87.992345678854,88.58797454833984,3366800,0.0,0.0
2015-05-05 00:00:00-04:00,87.89574185793626,88.4430782403299,86.91376159450436,86.9781494140625,4164800,0.0,0.0
2015-05-06 00:00:00-04:00,87.09083453562691,87.66232325078991,86.31812544340619,87.17937469482422,3996600,0.0,0.0
2015-05-07 00:00:00-04:00,87.25182337011472,89.11920529578006,87.13108622567741,88.57186889648438,5400200,0.0,0.0
2015-05-08 00:00:00-04:00,90.4714354512363,91.34073540336294,90.2380119747794,90.52777862548828,6435300,0.0,0.0
2015-05-11 00:00:00-04:00,90.34266539001104,90.88195718260579,89.99655549668006,90.06900024414062,3725200,0.0,0.0
2015-05-12 00:00:00-04:00,89.44115261932173,90.80949029698425,89.20772915366021,90.5680160522461,4053800,0.0,0.0
2015-05-13 00:00:00-04:00,90.88999695624265,90.91414315712112,89.42506807380109,89.49751281738281,4340700,0.0,0.0
2015-05-14 00:00:00-04:00,90.1897135460578,90.32654608280883,89.20772731112454,90.1011734008789,3815700,0.0,0.0
2015-05-15 00:00:00-04:00,90.0850758166187,91.27633936915159,90.00458644679985,91.23609161376953,4575800,0.0,0.0
2015-05-18 00:00:00-04:00,91.65466912524772,92.24224719898625,91.08318647312736,92.0249252319336,6878200,0.0,0.0
2015-05-19 00:00:00-04:00,93.46569935161239,93.75546604139579,90.42314910888672,90.42314910888672,11133200,0.0,0.0
2015-05-20 00:00:00-04:00,90.30240231081409,90.86583403076187,89.52164254106846,90.2299575805664,7004500,0.0,0.0
2015-05-21 00:00:00-04:00,90.13339316578436,90.41510908942857,89.84362646119415,90.15753936767578,4238600,0.0,0.0
2015-05-22 00:00:00-04:00,90.04481297305612,90.57604760137191,89.71479865137475,90.27823638916016,3694000,0.0,0.0
2015-05-26 00:00:00-04:00,90.14949555417375,90.29437891766655,89.0950703837771,89.28824615478516,4612600,0.0,0.0
2015-05-27 00:00:00-04:00,89.37673969326981,90.57604760137191,89.19160865948253,90.27823638916016,4147800,0.0,0.0
2015-05-28 00:00:00-04:00,90.07704122342591,90.71291161456689,90.03679346355553,90.30241394042969,2806100,0.0,0.0
2015-05-29 00:00:00-04:00,90.02070683666406,90.62438648918766,89.64240607947808,89.68264770507812,5310600,0.0,0.0
2015-06-01 00:00:00-04:00,90.125347299816,90.42315866064676,89.54581385903076,89.88387298583984,5114500,0.0,0.0
2015-06-02 00:00:00-04:00,89.61682239843724,90.7739518194634,89.52781196808422,90.2965316772461,6088200,0.59,0.0
2015-06-03 00:00:00-04:00,90.40174762553748,91.8259086280566,90.18326518881953,91.56697082519531,6337500,0.0,0.0
2015-06-04 00:00:00-04:00,91.04907540073373,91.56695710240753,89.9566819015494,90.19134521484375,4328600,0.0,0.0
2015-06-05 00:00:00-04:00,90.09423440175405,90.11042148340854,89.22841074012265,89.30933380126953,4505400,0.0,0.0
2015-06-08 00:00:00-04:00,89.12322016412509,89.66537010648368,88.87237595840514,88.95329284667969,3449000,0.0,0.0
2015-06-09 00:00:00-04:00,88.84001227164092,89.21223491458395,88.22503277855267,88.62962341308594,3659000,0.0,0.0
2015-06-10 00:00:00-04:00,88.92903066755204,89.97287533893802,88.51634645477996,89.80294799804688,3967900,0.0,0.0
2015-06-11 00:00:00-04:00,89.8191315241383,90.89534422135313,89.8191315241383,90.05379486083984,3642800,0.0,0.0
2015-06-12 00:00:00-04:00,89.73009325661302,90.29651756710841,89.3497771451824,89.49542999267578,4301900,0.0,0.0
2015-06-15 00:00:00-04:00,89.19607969509232,89.38218798338364,88.64583602670791,89.01805877685547,3965200,0.0,0.0
2015-06-16 00:00:00-04:00,88.92902886173023,89.3740748863897,88.80765042825452,89.19606018066406,3466600,0.0,0.0
2015-06-17 00:00:00-04:00,89.6006400073449,90.05377951905257,88.977567005184,89.39025115966797,5722200,0.0,0.0
2015-06-18 00:00:00-04:00,89.86768109565479,90.8710704407494,89.62493038847171,90.5069351196289,7222600,0.0,0.0
2015-06-19 00:00:00-04:00,90.33698818009799,91.68023192806238,90.17515441040804,90.97624206542969,9255100,0.0,0.0
2015-06-22 00:00:00-04:00,91.38083286307317,91.93916986478101,91.25945444875894,91.4941177368164,3190200,0.0,0.0
2015-06-23 00:00:00-04:00,91.63168641346408,91.91489862673555,91.38084219221838,91.58313751220703,3075900,0.0,0.0
2015-06-24 00:00:00-04:00,91.38893444089946,91.98772685099813,90.91151428222656,90.91151428222656,3716100,0.0,0.0
2015-06-25 00:00:00-04:00,91.63169108684937,92.01200729559498,90.822509765625,90.822509765625,4466300,0.0,0.0
2015-06-26 00:00:00-04:00,91.25136700931353,91.7126000756958,90.81441456626759,91.11380767822266,4208500,0.0,0.0
2015-06-29 00:00:00-04:00,90.27228470251089,90.88726436114955,89.38218630163891,89.4469223022461,5187400,0.0,0.0
2015-06-30 00:00:00-04:00,89.94048822804649,90.43408923534518,89.48734257508688,89.92430114746094,5938800,0.0,0.0
2015-07-01 00:00:00-04:00,90.9924384664188,91.28374424031193,90.19944421692588,90.68495178222656,4216200,0.0,0.0
2015-07-02 00:00:00-04:00,91.0976404847578,91.23519983655892,89.90004933594527,90.21562957763672,3845000,0.0,0.0
2015-07-06 00:00:00-04:00,89.22841355510495,90.57165739091582,89.1474966649681,90.07805633544922,3864700,0.0,0.0
2015-07-07 00:00:00-04:00,90.40173705239954,91.14618237686192,89.57636865798665,90.95198059082031,5515900,0.0,0.0
2015-07-08 00:00:00-04:00,90.40174918310917,91.00054170499946,89.65730375875215,89.81913757324219,3794100,0.0,0.0
2015-07-09 00:00:00-04:00,90.88723449613464,91.10571070943787,89.98094930612848,90.12660217285156,3643700,0.0,0.0
2015-07-10 00:00:00-04:00,91.17046150050169,91.82590259402117,90.70113483441706,91.5184097290039,4631400,0.0,0.0
2015-07-13 00:00:00-04:00,92.41658517023738,93.07201997420842,92.30330029482418,92.97492218017578,4171900,0.0,0.0
2015-07-14 00:00:00-04:00,92.65125631710028,93.48471204554512,92.56224588264857,93.34715270996094,3688900,0.0,0.0
2015-07-15 00:00:00-04:00,93.39570502944343,93.98641010028287,93.1124928065328,93.52517700195312,3364600,0.0,0.0
2015-07-16 00:00:00-04:00,93.75982258958044,93.79219057658625,92.10909229365778,92.83735656738281,5234800,0.0,0.0
2015-07-17 00:00:00-04:00,92.64315692135084,93.05584107558799,92.24665984884375,92.6269760131836,5497600,0.0,0.0
2015-07-20 00:00:00-04:00,90.83060329598445,92.33568104715711,90.7658673086394,91.76925659179688,6107500,0.0,0.0
2015-07-21 00:00:00-04:00,91.7692403850276,92.22237986928977,91.17853540856089,92.13336944580078,4660600,0.0,0.0
2015-07-22 00:00:00-04:00,92.21428986791913,93.12057504478743,92.08482408468807,92.97492218017578,5485200,0.0,0.0
2015-07-23 00:00:00-04:00,93.22577757928073,93.95404198982969,92.59461714799276,92.72408294677734,4308900,0.0,0.0
2015-07-24 00:00:00-04:00,92.8454614715112,93.24196475705604,91.78543593448272,91.91490173339844,4427800,0.0,0.0
2015-07-27 00:00:00-04:00,91.73687456544484,92.1576460716965,91.20281201188733,91.4941177368164,4468200,0.0,0.0
2015-07-28 00:00:00-04:00,92.05248791476974,93.08014568940365,91.58316116950677,92.92639923095703,4176800,0.0,0.0
2015-07-29 00:00:00-04:00,93.18534274344005,94.48003188427595,93.14488119977823,94.1644515991211,5104000,0.0,0.0
2015-07-30 00:00:00-04:00,93.81647973181954,94.46382105273786,93.33905956558766,94.23725128173828,3291100,0.0,0.0
2015-07-31 00:00:00-04:00,94.65803096735833,95.58858452131528,94.16442988163617,94.698486328125,4301200,0.0,0.0
2015-08-03 00:00:00-04:00,95.17591016482037,95.24063997924927,93.99450616499324,94.585205078125,3645000,0.0,0.0
2015-08-04 00:00:00-04:00,94.37480874665617,95.3377364278748,94.06732208833402,95.10307312011719,3008200,0.0,0.0
2015-08-05 00:00:00-04:00,95.79087747127593,95.9122558976938,94.75512642316151,95.48339080810547,4299100,0.0,0.0
2015-08-06 00:00:00-04:00,95.79896412473164,95.8879745528007,93.92166394161089,94.31816101074219,4768900,0.0,0.0
2015-08-07 00:00:00-04:00,94.4314469413211,94.80367573934296,93.68700169240303,94.61756134033203,3986100,0.0,0.0
2015-08-10 00:00:00-04:00,95.10307892942495,95.75851381879511,94.96551958758046,95.15972137451172,3408900,0.0,0.0
2015-08-11 00:00:00-04:00,94.69039539812339,95.59668069946655,94.48001269978229,95.23255157470703,4080000,0.0,0.0
2015-08-12 00:00:00-04:00,94.77940583725368,95.3862918275619,93.62227630212345,95.23255157470703,4575800,0.0,0.0
2015-08-13 00:00:00-04:00,95.48340689974974,97.21505463269057,95.31347954355248,96.30876922607422,6255500,0.0,0.0
2015-08-14 00:00:00-04:00,96.53531552498504,97.01272944937654,95.85560013563227,96.89944458007812,5135500,0.0,0.0
2015-08-17 00:00:00-04:00,96.3734936042599,97.70864401180472,96.07410046809942,96.85900115966797,7255600,0.0,0.0
2015-08-18 00:00:00-04:00,98.58254777151411,100.1766357345039,98.03230430469881,99.3674545288086,11021900,0.0,0.0
2015-08-19 00:00:00-04:00,99.26224586783597,100.16853093886665,98.82528732502985,99.33507537841797,6490300,0.0,0.0
2015-08-20 00:00:00-04:00,98.703949999493,99.14899606585557,97.53872680664062,97.53872680664062,5555500,0.0,0.0
2015-08-21 00:00:00-04:00,96.72956107990501,97.39308968922845,93.98643618020253,93.9945297241211,10190700,0.0,0.0
2015-08-24 00:00:00-04:00,89.05039472497279,93.76791649240037,74.5822307236501,91.06525421142578,13983100,0.0,0.0
2015-08-25 00:00:00-04:00,94.67420760038117,94.67420760038117,89.7301095984762,89.79484558105469,10221100,0.0,0.0
2015-08-26 00:00:00-04:00,92.29522401886555,93.88931228709325,90.69304838199744,93.80839538574219,9313200,0.0,0.0
2015-08-27 00:00:00-04:00,95.07879525081553,95.55620921684985,93.3228734499662,95.20826721191406,7579100,0.0,0.0
2015-08-28 00:00:00-04:00,95.0221397358055,95.85559530661114,94.6094556335445,95.09496307373047,5016000,0.0,0.0
2015-08-31 00:00:00-04:00,94.68230345588977,95.07070701372811,93.80838619040863,94.23725128173828,5444500,0.0,0.0
2015-09-01 00:00:00-04:00,92.70822727344942,93.32633809101577,91.54520599282989,91.95999145507812,7392900,0.59,0.0
2015-09-02 00:00:00-04:00,93.39142663359526,94.7333755493164,92.97664106946351,94.7333755493164,6487400,0.0,0.0
2015-09-03 00:00:00-04:00,95.1806830629105,96.0346522052406,94.48937795983304,94.83096313476562,5302900,0.0,0.0
2015-09-04 00:00:00-04:00,93.26941300085109,94.09084922447455,92.3015822641561,93.05795288085938,5752000,0.0,0.0
2015-09-08 00:00:00-04:00,94.09086181501907,94.86349583434166,93.31009304249345,94.69270324707031,5775800,0.0,0.0
2015-09-09 00:00:00-04:00,95.24573698031539,95.53852601001049,92.47237595042505,92.69197082519531,5316400,0.0,0.0
2015-09-10 00:00:00-04:00,92.71637503729234,93.86313318062645,92.46425354691318,93.1148910522461,5259100,0.0,0.0
2015-09-11 00:00:00-04:00,92.69198832842817,93.90380602710886,92.47239341219131,93.88754272460938,4472800,0.0,0.0
2015-09-14 00:00:00-04:00,93.93632089100791,94.08271540553147,93.05795380386654,93.3100814819336,4248700,0.0,0.0
2015-09-15 00:00:00-04:00,93.35074886740794,94.85535546088629,92.63504575291508,94.48937225341797,4994000,0.0,0.0
2015-09-16 00:00:00-04:00,94.40806836626318,95.9940042923462,94.31860467761236,95.82321166992188,5285100,0.0,0.0
2015-09-17 00:00:00-04:00,96.2380009683229,97.44981888125577,95.37589686345106,95.89641571044922,6607100,0.0,0.0
2015-09-18 00:00:00-04:00,94.75776990163097,95.31894377881858,93.51341946286888,93.62728118896484,11366700,0.0,0.0
2015-09-21 00:00:00-04:00,94.31047083155383,95.24576909146187,93.74929063460901,94.8147201538086,5201100,0.0,0.0
2015-09-22 00:00:00-04:00,93.85501408908439,94.66018100610056,93.44022849940968,94.18033599853516,4631600,0.0,0.0
2015-09-23 00:00:00-04:00,94.22099828850875,94.79031318691327,94.06647518886986,94.48125457763672,4084900,0.0,0.0
2015-09-24 00:00:00-04:00,93.80621278539623,94.87164220551172,93.39956194542832,94.61951446533203,5172300,0.0,0.0
2015-09-25 00:00:00-04:00,95.34334645847947,96.10784572031035,94.37551559770588,94.94482421875,5478900,0.0,0.0
2015-09-28 00:00:00-04:00,94.77404522354524,95.46535042109244,92.59439643969088,92.79772186279297,5994600,0.0,0.0
2015-09-29 00:00:00-04:00,92.88716032136672,93.47273837368388,90.92710700152499,91.82987213134766,7908800,0.0,0.0
2015-09-30 00:00:00-04:00,93.01730594996678,94.04206149532887,92.71638212505958,93.9281997680664,5395600,0.0,0.0
2015-10-01 00:00:00-04:00,94.53004180485145,95.26200823521896,93.31821802880184,95.18067932128906,5215200,0.0,0.0
2015-10-02 00:00:00-04:00,93.98511983344622,95.88824857974551,93.29381479592222,95.81504821777344,4359800,0.0,0.0
2015-10-05 00:00:00-04:00,96.57955816971844,97.01874174725843,95.8963878524329,96.94554138183594,4528700,0.0,0.0
2015-10-06 00:00:00-04:00,96.86420629164536,96.94553519970759,95.94517784104589,96.52262115478516,5275400,0.0,0.0
2015-10-07 00:00:00-04:00,96.94554164877097,97.46605414099268,96.3680982966187,97.31153106689453,4680100,0.0,0.0
2015-10-08 00:00:00-04:00,97.0350047753576,98.59654844833541,96.90487975552513,98.45828247070312,4958200,0.0,0.0
2015-10-09 00:00:00-04:00,98.62908464633136,98.81614674897752,97.9784470738642,98.67788696289062,3893500,0.0,0.0
2015-10-12 00:00:00-04:00,98.808022813353,99.58879170879523,98.40950671364804,99.1414794921875,2861900,0.0,0.0
2015-10-13 00:00:00-04:00,99.03574180108471,99.45866214503327,98.52336398187708,98.9056167602539,2971400,0.0,0.0
2015-10-14 00:00:00-04:00,98.67788455449983,99.12519671121633,97.2383372486152,97.81578063964844,5200400,0.0,0.0
2015-10-15 00:00:00-04:00,98.10042800926544,99.24717988417046,97.92150068857154,99.06825256347656,3448900,0.0,0.0
2015-10-16 00:00:00-04:00,98.92186551834557,99.88969635065271,98.92186551834557,99.82463073730469,4068800,0.0,0.0
2015-10-19 00:00:00-04:00,99.7189155704537,100.19876056443559,99.3854589163314,100.117431640625,3097700,0.0,0.0
2015-10-20 00:00:00-04:00,99.94663345567929,100.174356911627,99.50744984563781,99.91410064697266,3318400,0.0,0.0
2015-10-21 00:00:00-04:00,100.2719403210341,100.86564692727022,99.83275677676467,100.28007507324219,3491800,0.0,0.0
2015-10-22 00:00:00-04:00,100.7680558263847,101.23977217966429,99.93848483199672,101.14217376708984,5855300,0.0,0.0
2015-10-23 00:00:00-04:00,101.67080365404802,102.27264491655545,100.0116681529492,101.3454818725586,5281600,0.0,0.0
2015-10-26 00:00:00-04:00,101.29670419855496,102.19946935898834,100.8656491918181,101.67082214355469,4550200,0.0,0.0
2015-10-27 00:00:00-04:00,101.26416885111128,101.73587899296251,100.70298884520466,101.23163604736328,3674800,0.0,0.0
2015-10-28 00:00:00-04:00,101.1584421719634,101.32923474883982,99.40171409195013,100.70299530029297,6821500,0.0,0.0
2015-10-29 00:00:00-04:00,100.37767696060214,100.90632421515208,99.83276640506537,100.54846954345703,4635300,0.0,0.0
2015-10-30 00:00:00-04:00,100.2556786727257,101.45936768893397,100.2556786727257,100.55660247802734,4991500,0.0,0.0
2015-11-02 00:00:00-05:00,101.04457247481861,101.36989430246406,100.34513271713008,101.1828384399414,3715600,0.0,0.0
2015-11-03 00:00:00-05:00,101.03644911485226,102.50852285940036,100.69485776553883,102.19947052001953,4313700,0.0,0.0
2015-11-04 00:00:00-05:00,102.05308347284165,102.37027058793069,101.35364362803028,101.97174835205078,4101200,0.0,0.0
2015-11-05 00:00:00-05:00,102.03680799475869,102.48412631293401,101.62202248199596,102.2482681274414,3059400,0.0,0.0
2015-11-06 00:00:00-05:00,101.88229766723978,102.56547429795732,101.5163143970335,102.45974731445312,3752000,0.0,0.0
2015-11-09 00:00:00-05:00,102.31332155418616,102.5735777614958,100.61351835254082,101.25602722167969,4988800,0.0,0.0
2015-11-10 00:00:00-05:00,101.24791505603275,101.99615724833565,100.88193181582933,101.87416076660156,3872900,0.0,0.0
2015-11-11 00:00:00-05:00,102.01241220687676,102.01241220687676,101.27230482855414,101.42683410644531,3240200,0.0,0.0
2015-11-12 00:00:00-05:00,100.99575556258688,101.63826433342551,100.08485587386696,100.69483184814453,4285700,0.0,0.0
2015-11-13 00:00:00-05:00,100.11743293639883,100.23942942619324,97.51487011078133,97.59619903564453,8728800,0.0,0.0
2015-11-16 00:00:00-05:00,97.63685513568272,98.43388719275036,96.46569889917687,98.27935791015625,7785700,0.0,0.0
2015-11-17 00:00:00-05:00,101.54884803881042,102.75253104777472,100.11743534774534,102.62240600585938,10517100,0.0,0.0
2015-11-18 00:00:00-05:00,102.83383985620358,103.06969802711204,101.38616423234967,102.91516876220703,6502000,0.0,0.0
2015-11-19 00:00:00-05:00,102.90703170017215,103.79353350920466,102.43531536894376,103.17542266845703,4662200,0.0,0.0
2015-11-20 00:00:00-05:00,103.58206473002738,105.89997863769531,103.36246988161814,105.89997863769531,8191900,0.0,0.0
2015-11-23 00:00:00-05:00,105.89998116034417,107.87629761312262,105.89998116034417,107.76243591308594,6329700,0.0,0.0
2015-11-24 00:00:00-05:00,107.29887982728671,108.92548311363684,107.14436293948197,108.6571044921875,6672700,0.0,0.0
2015-11-25 00:00:00-05:00,108.7302924097203,109.99091236615608,108.61643068262273,109.51105499267578,5300900,0.0,0.0
2015-11-27 00:00:00-05:00,109.64116842372107,110.17795036859243,109.41344500650209,109.58424377441406,3337700,0.0,0.0
2015-11-30 00:00:00-05:00,109.9583783631376,110.05598299795268,108.17724580023871,108.88482666015625,8057900,0.0,0.0
2015-12-01 00:00:00-05:00,109.0726920337945,109.97945319958312,108.86028966572744,109.8160629272461,5267600,0.59,0.0
2015-12-02 00:00:00-05:00,109.92227702855618,109.99579518079055,109.1135524241198,109.30960083007812,5022700,0.0,0.0
2015-12-03 00:00:00-05:00,109.07271691395326,109.56285044798373,106.85074332454296,106.9569320678711,6688000,0.0,0.0
2015-12-04 00:00:00-05:00,107.46339548886898,110.14283142840223,107.30001768083457,109.89775848388672,5387100,0.0,0.0
2015-12-07 00:00:00-05:00,109.4647971183639,110.11014379591165,108.8031089212159,109.40760803222656,5444300,0.0,0.0
2015-12-08 00:00:00-05:00,108.41102368441511,109.92228426114029,108.16595069591293,109.33411407470703,4731400,0.0,0.0
2015-12-09 00:00:00-05:00,108.81945718905264,110.10198609634526,107.4307146302352,107.74930572509766,5055600,0.0,0.0
2015-12-10 00:00:00-05:00,107.79834091338587,109.12988204885094,107.66763366544782,108.27213287353516,4185600,0.0,0.0
2015-12-11 00:00:00-05:00,108.27214191270993,108.27214191270993,106.45045467785697,106.55665588378906,5300800,0.0,0.0
2015-12-14 00:00:00-05:00,107.08763956297456,107.9372243010345,106.77722539689123,107.83918762207031,5960100,0.0,0.0
2015-12-15 00:00:00-05:00,108.33748771907158,109.04820059716766,107.16932439789275,107.25100708007812,4921800,0.0,0.0
2015-12-16 00:00:00-05:00,107.96988843655308,108.87664975700774,106.49129846016524,108.56622314453125,4711700,0.0,0.0
2015-12-17 00:00:00-05:00,108.69692836954295,109.08903765987286,107.01411301424207,107.30003356933594,4345800,0.0,0.0
2015-12-18 00:00:00-05:00,106.79355893131628,107.26736342721868,106.2053886926051,106.43412017822266,9840600,0.0,0.0
2015-12-21 00:00:00-05:00,107.01411934787994,107.51242986786804,106.34425399169612,107.2673568725586,3414800,0.0,0.0
2015-12-22 00:00:00-05:00,107.31635865875438,108.05974210256583,106.57298767987206,107.73298645019531,3401900,0.0,0.0
2015-12-23 00:00:00-05:00,108.23127990077738,108.92563866909553,107.73296950707744,108.73775482177734,3244800,0.0,0.0
2015-12-24 00:00:00-05:00,108.48454045935785,109.04002759228439,108.37017472817121,108.56622314453125,1517100,0.0,0.0
2015-12-28 00:00:00-05:00,108.03522058600285,108.56620156132418,107.74113555499774,108.38648223876953,2607200,0.0,0.0
2015-12-29 00:00:00-05:00,108.95014757539748,109.73437848923459,108.8766294329861,109.2197265625,3037400,0.0,0.0
2015-12-30 00:00:00-05:00,109.12169884862318,109.51380806041514,108.87662591690555,108.9338150024414,2484700,0.0,0.0
2015-12-31 00:00:00-05:00,108.713262342281,109.11354859862723,108.02706801562636,108.03523254394531,3178700,0.0,0.0
2016-01-04 00:00:00-05:00,106.28703539194267,107.0712661743164,105.74787750811856,107.0712661743164,8050900,0.0,0.0
2016-01-05 00:00:00-05:00,107.13663969176054,107.78199893514343,106.23805541207904,106.54846954345703,5320900,0.0,0.0
2016-01-06 00:00:00-05:00,105.38031745089805,106.11552398202512,105.02087871481618,105.44567108154297,8199600,0.0,0.0
2016-01-07 00:00:00-05:00,103.68929602394641,104.46534986898934,101.86760314081756,102.43943786621094,12551000,0.0,0.0
2016-01-08 00:00:00-05:00,103.28901103457395,103.3625291661618,100.88731901663202,101.21408081054688,7104500,0.0,0.0
2016-01-11 00:00:00-05:00,102.00651589422604,102.99496618755029,101.3693273431274,102.74989318847656,6811600,0.0,0.0
2016-01-12 00:00:00-05:00,103.56678254061984,105.21692724192462,102.79072852342325,104.14678192138672,5695700,0.0,0.0
2016-01-13 00:00:00-05:00,104.130444405784,104.130444405784,98.82058418647097,99.1718521118164,8932200,0.0,0.0
2016-01-14 00:00:00-05:00,99.08199763886336,99.26988152014756,96.55776840743764,97.7177734375,13389100,0.0,0.0
2016-01-15 00:00:00-05:00,95.67552222341568,98.96763483208115,94.84227906128075,97.39918518066406,10515000,0.0,0.0
2016-01-19 00:00:00-05:00,98.46932031689104,99.57213623829378,97.0479132678045,97.83213806152344,6350700,0.0,0.0
2016-01-20 00:00:00-05:00,96.30454515903186,96.93356298593648,92.79186520122413,95.1363754272461,11331400,0.0,0.0
2016-01-21 00:00:00-05:00,95.88790490971732,99.61298034066692,95.69185027623506,98.2079086303711,8993900,0.0,0.0
2016-01-22 00:00:00-05:00,99.36791248603421,101.84312339564217,99.31890038325854,100.28284454345703,6554500,0.0,0.0
2016-01-25 00:00:00-05:00,100.78931106880094,101.17325579477516,99.30255049601547,99.42508697509766,4854700,0.0,0.0
2016-01-26 00:00:00-05:00,99.44145508060706,100.0296191190036,98.55102891153314,99.82539367675781,4475600,0.0,0.0
2016-01-27 00:00:00-05:00,100.03777192576803,101.55720944194658,98.73073057649206,99.31072998046875,5431000,0.0,0.0
2016-01-28 00:00:00-05:00,99.63749429682893,100.22566447641029,98.28143457918696,99.89073181152344,4871600,0.0,0.0
2016-01-29 00:00:00-05:00,100.61778002907407,102.73355865478516,100.27468281381238,102.73355865478516,7616200,0.0,0.0
2016-02-01 00:00:00-05:00,102.0473451544967,103.82002010948271,101.28762642629347,103.34622192382812,4674100,0.0,0.0
2016-02-02 00:00:00-05:00,102.44761626330659,103.280853019764,101.8757814952804,102.33324432373047,5832200,0.0,0.0
2016-02-03 00:00:00-05:00,102.94593167549259,103.06030362756707,99.28621618303777,101.1242446899414,7485700,0.0,0.0
2016-02-04 00:00:00-05:00,101.00989814163002,101.21412357004719,97.57890720474212,98.93496704101562,9171800,0.0,0.0
2016-02-05 00:00:00-05:00,98.75522705859498,98.84508672694388,94.50734152695165,95.11184692382812,8117700,0.0,0.0
2016-02-08 00:00:00-05:00,93.88650374514383,94.73608218063795,89.54875812304479,91.37044525146484,11286600,0.0,0.0
2016-02-09 00:00:00-05:00,90.62704707482256,94.18056706593481,90.41465095691046,93.01239776611328,7572900,0.0,0.0
2016-02-10 00:00:00-05:00,93.53525700442202,94.89131699711793,93.167653683854,93.3963851928711,5307600,0.0,0.0
2016-02-11 00:00:00-05:00,92.3752266020031,93.2819877998211,91.67269078689252,92.53043365478516,6447100,0.0,0.0
2016-02-12 00:00:00-05:00,93.84565522522564,95.11185522062112,92.73466853096585,95.0219955444336,5361600,0.0,0.0
2016-02-16 00:00:00-05:00,96.49241435824317,98.02818704492654,96.14931096691306,97.56255340576172,6966400,0.0,0.0
2016-02-17 00:00:00-05:00,98.39580034548116,99.400592108034,97.92200212950767,99.01664733886719,5970700,0.0,0.0
2016-02-18 00:00:00-05:00,98.78793284938253,98.93497541959422,97.66877516318989,98.00370788574219,4460700,0.0,0.0
2016-02-19 00:00:00-05:00,97.8811743351191,99.41694748968453,97.00708965030553,99.40878295898438,5435500,0.0,0.0
2016-02-22 00:00:00-05:00,100.47889787696647,101.67974423903188,99.76819123366163,100.35636138916016,7796900,0.0,0.0
2016-02-23 00:00:00-05:00,103.74650780436892,103.9017211096461,100.76481558554565,101.728759765625,11168700,0.0,0.0
2016-02-24 00:00:00-05:00,101.33665829268044,102.74989474231016,100.41355538367968,102.61102294921875,7935500,0.0,0.0
2016-02-25 00:00:00-05:00,102.73355056822328,103.63214111328125,102.02284390758201,103.63214111328125,4738800,0.0,0.0
2016-02-26 00:00:00-05:00,104.2284649781638,104.35917221674997,102.87241165638525,103.1419906616211,4608200,0.0,0.0
2016-02-29 00:00:00-05:00,103.14200604083511,103.73834076652582,101.33665410780587,101.39383697509766,5575300,0.0,0.0
2016-03-01 00:00:00-05:00,101.93298416342047,102.90509909530826,101.27946660037898,102.68453216552734,4916900,0.0,0.0
2016-03-02 00:00:00-05:00,102.50480446549825,102.82339555657323,101.67156143309916,102.59465789794922,3967500,0.0,0.0
2016-03-03 00:00:00-05:00,102.27608227993427,103.95890388727729,101.93298508878793,103.5831298828125,5009700,0.0,0.0
2016-03-04 00:00:00-05:00,104.0487714818418,104.15496645885742,102.2434194777841,102.57017517089844,6448200,0.0,0.0
2016-03-07 00:00:00-05:00,102.12087875600746,103.370737304663,102.12087875600746,103.0684814453125,4161200,0.0,0.0
2016-03-08 00:00:00-05:00,102.85490004686,105.30264928586435,102.67419246544316,104.08699035644531,5280900,0.69,0.0
2016-03-09 00:00:00-05:00,104.34163443430134,104.74411556841406,102.94526773495895,103.5202407836914,4047000,0.0,0.0
2016-03-10 00:00:00-05:00,103.65986529006098,104.3169826480817,102.10743195514098,103.40523529052734,4503700,0.0,0.0
2016-03-11 00:00:00-05:00,104.29235428294312,105.76264342342249,104.0952215587188,105.5162353515625,4626600,0.0,0.0
2016-03-14 00:00:00-04:00,105.49157187529313,106.50189500673798,105.22052302228946,105.8283462524414,3653200,0.0,0.0
2016-03-15 00:00:00-04:00,105.77906618904528,107.1754327942156,105.64764020577778,106.54296875,4033900,0.0,0.0
2016-03-16 00:00:00-04:00,106.4772587334204,107.69291777893223,105.80370995045868,107.15079498291016,3609600,0.0,0.0
2016-03-17 00:00:00-04:00,106.86329663299267,107.7586125170842,106.22261072204005,107.50398254394531,4130900,0.0,0.0
2016-03-18 00:00:00-04:00,107.71756986159835,108.49789137385132,107.4629398186659,107.89006805419922,8069200,0.0,0.0
2016-03-21 00:00:00-04:00,108.03791468054168,108.53075592452433,107.00296310834628,107.61078643798828,3817000,0.0,0.0
2016-03-22 00:00:00-04:00,107.28221659835106,107.78326718635385,106.71545301955608,107.26578521728516,3946500,0.0,0.0
2016-03-23 00:00:00-04:00,107.26577223558405,107.75039138387055,106.74008090633923,106.96186065673828,3625300,0.0,0.0
2016-03-24 00:00:00-04:00,106.40331871861673,107.40541988776565,106.33761826174555,107.15901184082031,3448700,0.0,0.0
2016-03-28 00:00:00-04:00,107.27401611104978,108.26789541258213,107.18366230786752,107.66828155517578,2621100,0.0,0.0
2016-03-29 00:00:00-04:00,107.60256320469814,109.16320605458365,107.36436457187338,108.81001281738281,3405400,0.0,0.0
2016-03-30 00:00:00-04:00,109.33570963361335,110.00924591155335,109.11392983796868,109.59033966064453,3138300,0.0,0.0
2016-03-31 00:00:00-04:00,109.70531116406805,110.30492489499059,109.24533282070448,109.59852600097656,3685900,0.0,0.0
2016-04-01 00:00:00-04:00,109.32749194129721,111.05241096177483,109.32749194129721,110.76493072509766,4259400,0.0,0.0
2016-04-04 00:00:00-04:00,111.76703190848198,111.89844535756251,110.3542339297261,110.76493072509766,3547600,0.0,0.0
2016-04-05 00:00:00-04:00,110.2310182777081,111.46310867395701,109.984597691764,110.54315185546875,4068600,0.0,0.0
2016-04-06 00:00:00-04:00,110.27208948799688,111.49597044948511,109.91889626026554,111.24954986572266,3364800,0.0,0.0
2016-04-07 00:00:00-04:00,110.66635228030546,111.08527102281913,109.34390813002888,109.95995330810547,3953700,0.0,0.0
2016-04-08 00:00:00-04:00,110.57599406281294,110.57599406281294,109.29462214902773,109.75460052490234,2924400,0.0,0.0
2016-04-11 00:00:00-04:00,109.72174032919852,110.95383052412122,109.21248039267408,109.2535400390625,3472700,0.0,0.0
2016-04-12 00:00:00-04:00,109.49176914238468,110.65814654776554,109.33570235337744,110.37887573242188,4251400,0.0,0.0
2016-04-13 00:00:00-04:00,110.77315836163346,110.77315836163346,109.42607315267371,109.93533325195312,4324800,0.0,0.0
2016-04-14 00:00:00-04:00,109.65606558179402,110.64995753363095,109.14680546770634,110.37067413330078,4183300,0.0,0.0
2016-04-15 00:00:00-04:00,110.40350320779515,111.11811154120936,110.04208806288264,110.89633178710938,3508900,0.0,0.0
2016-04-18 00:00:00-04:00,110.73206805401217,112.36664581298828,110.67457702001796,112.36664581298828,3964300,0.0,0.0
2016-04-19 00:00:00-04:00,112.36664564977046,112.53092186112158,110.7649306555218,111.24954986572266,4649500,0.0,0.0
2016-04-20 00:00:00-04:00,111.50419845251794,111.7752598864746,110.46102490974056,111.04421997070312,4760200,0.0,0.0
2016-04-21 00:00:00-04:00,111.07705502587942,111.29062538716067,110.38708739744435,110.55958557128906,3542200,0.0,0.0
2016-04-22 00:00:00-04:00,110.76494047228987,111.44668618314456,109.58213159217846,111.43026733398438,4180900,0.0,0.0
2016-04-25 00:00:00-04:00,111.03598683114357,111.48775584224673,110.29673756459104,111.42204284667969,2835400,0.0,0.0
2016-04-26 00:00:00-04:00,110.96205577968345,111.906665917324,110.78957014652558,111.16740417480469,3507200,0.0,0.0
2016-04-27 00:00:00-04:00,111.19203972227143,111.93951085320472,110.69098916052691,111.5041732788086,3488100,0.0,0.0
2016-04-28 00:00:00-04:00,110.73206736321946,111.24954933329687,108.82644076041771,109.02356719970703,5553600,0.0,0.0
2016-04-29 00:00:00-04:00,109.00713348159476,110.31314609760935,108.2185902315942,109.97637176513672,4610100,0.0,0.0
2016-05-02 00:00:00-04:00,110.37064741002777,111.91487129623886,110.32136580233524,111.75059509277344,4284400,0.0,0.0
2016-05-03 00:00:00-04:00,111.25777093600212,111.57811396838525,110.09960284451199,110.51029968261719,3408700,0.0,0.0
2016-05-04 00:00:00-04:00,109.72996026125392,111.21668056683062,109.35212625069991,111.0195541381836,3192100,0.0,0.0
2016-05-05 00:00:00-04:00,110.78132634791285,111.19202305718335,109.861369729857,110.61705017089844,3474900,0.0,0.0
2016-05-06 00:00:00-04:00,110.46101065701386,111.55346567710198,110.32137524544241,111.4631118774414,3356800,0.0,0.0
2016-05-09 00:00:00-04:00,111.3727562516512,112.09558663708393,111.08527600906086,111.90666961669922,3552300,0.0,0.0
2016-05-10 00:00:00-04:00,111.9723736850975,113.20446399835708,111.95594230488221,112.94982147216797,3662800,0.0,0.0
2016-05-11 00:00:00-04:00,112.36666331450157,112.5720117443404,110.09960862765786,110.31317901611328,6058400,0.0,0.0
2016-05-12 00:00:00-04:00,110.8881509973078,110.8881509973078,109.32750795962393,110.22282409667969,5355600,0.0,0.0
2016-05-13 00:00:00-04:00,109.91066100350413,111.15918261894753,109.2699750833291,109.35211944580078,5295800,0.0,0.0
2016-05-16 00:00:00-04:00,109.93531380407721,112.16129592191893,109.31105919495833,111.16740417480469,8394800,0.0,0.0
2016-05-17 00:00:00-04:00,109.3685631700474,110.46924022358144,107.68471615757639,108.42396545410156,15989600,0.0,0.0
2016-05-18 00:00:00-04:00,107.62721056458864,109.05644004898896,106.79760747774587,108.23504638671875,8258900,0.0,0.0
2016-05-19 00:00:00-04:00,107.97218212906108,108.53073627333802,107.421849941895,108.2021713256836,4577200,0.0,0.0
2016-05-20 00:00:00-04:00,108.333616224978,109.29464536445039,108.21862160658318,108.30076599121094,5089800,0.0,0.0
2016-05-23 00:00:00-04:00,108.29252407480851,108.81821545251258,107.84897706659332,107.94754028320312,3854500,0.0,0.0
2016-05-24 00:00:00-04:00,108.57182546767893,109.95998298224605,108.46505279742543,109.54107666015625,5181500,0.0,0.0
2016-05-25 00:00:00-04:00,109.62323076573469,110.4939062575018,109.28645627296417,109.40966033935547,5017500,0.0,0.0
2016-05-26 00:00:00-04:00,109.3521531220309,110.36246391752506,109.13037330183379,110.10783386230469,3996800,0.0,0.0
2016-05-27 00:00:00-04:00,110.12423359200311,110.80597917393159,109.55747006634208,110.01744842529297,4025300,0.0,0.0
2016-05-31 00:00:00-04:00,110.28169396997832,110.47158928365677,108.75424172948189,109.0844955444336,6366900,0.69,0.0
2016-06-01 00:00:00-04:00,109.08447144085392,109.08447144085392,108.28359288826594,108.84503936767578,4744300,0.0,0.0
2016-06-02 00:00:00-04:00,108.86156090396291,109.56335328794177,108.43222094069903,109.32392120361328,3858500,0.0,0.0
2016-06-03 00:00:00-04:00,109.42299225933745,109.58811913416554,108.09370012965589,108.77073669433594,4155900,0.0,0.0
2016-06-06 00:00:00-04:00,108.01115295915444,108.0524252328905,106.0708773553418,106.66534423828125,8051700,0.0,0.0
2016-06-07 00:00:00-04:00,106.8221845408885,107.99460145792443,106.7726477497753,107.26802825927734,4434000,0.0,0.0
2016-06-08 00:00:00-04:00,107.3423451250638,107.57352524099174,106.71485803874101,106.99557495117188,3742400,0.0,0.0
2016-06-09 00:00:00-04:00,106.73137326463373,107.20198542431955,106.54146541574862,106.75614166259766,3450500,0.0,0.0
2016-06-10 00:00:00-04:00,106.05436835405322,106.69837208951921,105.8562211113714,106.36811828613281,3926000,0.0,0.0
2016-06-13 00:00:00-04:00,106.4589262550116,106.8800016898316,105.50943094464562,105.5424575805664,4830900,0.0,0.0
2016-06-14 00:00:00-04:00,105.11311890620593,105.22045704906598,102.96643793843305,103.4040298461914,7303500,0.0,0.0
2016-06-15 00:00:00-04:00,103.81684672886011,105.4763988781118,103.6104349893726,104.46910858154297,5140000,0.0,0.0
2016-06-16 00:00:00-04:00,104.07281567019669,105.30302804045265,103.75081381690276,105.15441131591797,4431800,0.0,0.0
2016-06-17 00:00:00-04:00,105.28651431792534,105.50118432545007,104.63425865903994,104.97277069091797,7541900,0.0,0.0
2016-06-20 00:00:00-04:00,105.79014603255061,106.38461283485395,105.2039311642003,105.36906433105469,3880300,0.0,0.0
2016-06-21 00:00:00-04:00,105.64979827040902,105.93877348493238,105.09661624558042,105.46815490722656,3600900,0.0,0.0
2016-06-22 00:00:00-04:00,105.42687346050026,106.48370067292396,105.18743506093755,105.3525619506836,3723700,0.0,0.0
2016-06-23 00:00:00-04:00,106.49194729012508,106.59103349772397,105.22870837900724,105.92224884033203,4784500,0.0,0.0
2016-06-24 00:00:00-04:00,104.11408164862307,105.51768527701982,103.61869472650099,104.36177825927734,8979800,0.0,0.0
2016-06-27 00:00:00-04:00,103.48657728551501,103.82509553113427,102.06646993815474,102.93339538574219,5656900,0.0,0.0
2016-06-28 00:00:00-04:00,103.94070107193318,105.29476165771484,103.70126268431258,105.29476165771484,5385000,0.0,0.0
2016-06-29 00:00:00-04:00,105.60023526307207,106.07085372401976,104.7745883983087,105.16264343261719,5782100,0.0,0.0
2016-06-30 00:00:00-04:00,105.08010331452182,105.5672383775656,104.1140977223682,105.4268798828125,6642000,0.0,0.0
2016-07-01 00:00:00-04:00,105.92225080402831,107.52400804085929,105.78189232223238,107.0203628540039,5645200,0.0,0.0
2016-07-05 00:00:00-04:00,107.00384367155736,107.7304043793276,106.09562703887966,106.79743194580078,4096600,0.0,0.0
2016-07-06 00:00:00-04:00,106.67358682234537,108.66339905891364,106.5332283481738,108.63037872314453,4933200,0.0,0.0
2016-07-07 00:00:00-04:00,108.36614478957041,109.13399028257575,107.79644646979452,108.29183959960938,3973600,0.0,0.0
2016-07-08 00:00:00-04:00,109.25787343202028,110.933935901805,109.19182015754922,110.91741943359375,4806200,0.0,0.0
2016-07-11 00:00:00-04:00,111.32198116449368,112.18891299244773,111.00823128811324,111.586181640625,4577000,0.0,0.0
2016-07-12 00:00:00-04:00,111.6605047009707,112.27973995033604,110.88439450602641,111.33023834228516,3615800,0.0,0.0
2016-07-13 00:00:00-04:00,111.3302186881081,111.62745205926498,109.89360122615919,110.27339172363281,4235500,0.0,0.0
2016-07-14 00:00:00-04:00,110.96695234276217,111.28895417051639,110.4963401014476,111.0825424194336,3122300,0.0,0.0
2016-07-15 00:00:00-04:00,111.56140234025997,111.94945738154235,111.1733472989776,111.28068542480469,5323000,0.0,0.0
2016-07-18 00:00:00-04:00,111.84211920458878,112.68426985570626,111.30544123452395,112.56867980957031,3730900,0.0,0.0
2016-07-19 00:00:00-04:00,112.34580057811655,113.15493116272198,111.92471251801766,113.09712982177734,3831500,0.0,0.0
2016-07-20 00:00:00-04:00,113.4438915340249,113.48517640325319,112.923742496543,113.45215606689453,3092000,0.0,0.0
2016-07-21 00:00:00-04:00,112.91548053189823,113.2292304271214,111.85040143247396,112.34579467773438,4938100,0.0,0.0
2016-07-22 00:00:00-04:00,112.62650163626897,112.8163969041276,112.25496303450296,112.71732330322266,2627200,0.0,0.0
2016-07-25 00:00:00-04:00,112.74212105889146,112.98981772402075,112.41185463926048,112.70083618164062,3352600,0.0,0.0
2016-07-26 00:00:00-04:00,112.70082242920368,113.53472141506,112.33753571112791,112.90723419189453,2575600,0.0,0.0
2016-07-27 00:00:00-04:00,113.12184970581646,113.68329601234403,112.25493075047538,112.54389953613281,3030800,0.0,0.0
2016-07-28 00:00:00-04:00,112.44487407794476,114.03836684179832,112.37056886684132,113.9062728881836,3230000,0.0,0.0
2016-07-29 00:00:00-04:00,113.49343990317504,114.53375056704385,113.47692343595939,114.13744354248047,3662600,0.0,0.0
2016-08-01 00:00:00-04:00,113.98882778570679,114.7154012089384,113.81544896321904,114.57504272460938,3157800,0.0,0.0
2016-08-02 00:00:00-04:00,114.69060270891451,114.76490789905314,112.96500387994058,113.29525756835938,3898100,0.0,0.0
2016-08-03 00:00:00-04:00,113.22094829514893,113.29525348260789,112.0402668348077,113.16314697265625,3642600,0.0,0.0
2016-08-04 00:00:00-04:00,112.1145931404787,113.27875835676878,111.84214073514259,112.32926940917969,3802900,0.0,0.0
2016-08-05 00:00:00-04:00,113.11365000121482,113.72463337605231,112.78339620844434,113.03934478759766,3022100,0.0,0.0
2016-08-08 00:00:00-04:00,113.039330367692,113.44388932247193,112.42009513645937,112.46138000488281,3182800,0.0,0.0
2016-08-09 00:00:00-04:00,112.51090596535174,113.18792986843631,111.74304780146512,112.37879943847656,3180400,0.0,0.0
2016-08-10 00:00:00-04:00,112.53570651470946,113.02283529856136,111.51189953649282,111.95775604248047,3438000,0.0,0.0
2016-08-11 00:00:00-04:00,112.5439334771252,113.52645536108072,111.60269646024824,113.14665222167969,4183300,0.0,0.0
2016-08-12 00:00:00-04:00,112.28799636032593,113.43564523095608,111.98251098994294,112.75862121582031,4090000,0.0,0.0
2016-08-15 00:00:00-04:00,113.20443183181241,113.91448857483974,113.05580885852427,113.16314697265625,6327400,0.0,0.0
2016-08-16 00:00:00-04:00,113.65030727132273,114.47595429137847,112.007277764371,112.47789001464844,7286100,0.0,0.0
2016-08-17 00:00:00-04:00,111.87516920277503,112.67604780567584,111.25593394888513,112.41183471679688,5222200,0.0,0.0
2016-08-18 00:00:00-04:00,112.31276830607206,112.4118419215648,110.99999250729589,111.29722595214844,4430800,0.0,0.0
2016-08-19 00:00:00-04:00,110.983460323821,112.08982420141483,110.90090318872487,111.8421401977539,3959000,0.0,0.0
2016-08-22 00:00:00-04:00,111.9577335248957,112.16414526620386,111.47885677325601,111.74305725097656,2752500,0.0,0.0
2016-08-23 00:00:00-04:00,112.23019793854809,112.74210767862859,112.23019793854809,112.46964263916016,2961100,0.0,0.0
2016-08-24 00:00:00-04:00,112.09810153515761,112.49440858464504,111.30547483780879,111.51188659667969,4113000,0.0,0.0
2016-08-25 00:00:00-04:00,111.23943994124647,112.42012194820526,110.94220645543089,111.81739044189453,3168900,0.0,0.0
2016-08-26 00:00:00-04:00,111.81736516643264,112.43660040537704,110.57064275410562,110.93392944335938,4193400,0.0,0.0
2016-08-29 00:00:00-04:00,111.34677251987664,111.71005927302598,111.11559233121349,111.6605224609375,3227700,0.0,0.0
2016-08-30 00:00:00-04:00,111.86800852869766,112.07547886622751,110.89704886861604,111.28709411621094,3440600,0.69,0.0
2016-08-31 00:00:00-04:00,111.11277317725661,111.76837363445115,110.87211324468592,111.30364227294922,4650600,0.0,0.0
2016-09-01 00:00:00-04:00,111.60239823763085,112.08373075833576,110.92190237248234,111.39492797851562,3851800,0.0,0.0
2016-09-02 00:00:00-04:00,111.84309338959231,112.7642620323941,111.66051851170495,112.15843963623047,3402600,0.0,0.0
2016-09-06 00:00:00-04:00,112.00079258383305,112.6314978512494,111.10451920614591,111.28709411621094,4220400,0.0,0.0
2016-09-07 00:00:00-04:00,110.62315285965637,111.09617850061106,109.67708891476639,110.19990539550781,4676000,0.0,0.0
2016-09-08 00:00:00-04:00,109.17086365563893,110.3243979036695,108.81400818998493,108.93019104003906,5019600,0.0,0.0
2016-09-09 00:00:00-04:00,108.41566677972469,108.62313705545617,106.0007160625852,106.0090103149414,6315000,0.0,0.0
2016-09-12 00:00:00-04:00,104.97994538328764,106.93017077773399,104.56500488770153,106.71439361572266,7882600,0.0,0.0
2016-09-13 00:00:00-04:00,106.00900620806826,106.22477705928716,104.09198296065327,104.33264923095703,6376300,0.0,0.0
2016-09-14 00:00:00-04:00,104.2413834209661,105.35342124726985,104.20818741147312,104.78080749511719,4313900,0.0,0.0
2016-09-15 00:00:00-04:00,104.54012146264631,105.92602135732098,104.32435060737372,105.36170196533203,5100700,0.0,0.0
2016-09-16 00:00:00-04:00,105.41149189546843,105.41149189546843,104.3160491241701,104.65630340576172,6941200,0.0,0.0
2016-09-19 00:00:00-04:00,105.12934007956268,105.7019600759597,104.70609893737833,104.8056869506836,4525400,0.0,0.0
2016-09-20 00:00:00-04:00,105.27871011563408,105.66875522071318,104.83887417381806,105.25381469726562,3627100,0.0,0.0
2016-09-21 00:00:00-04:00,105.82642981028125,106.71440228975273,105.0214505018645,106.3160629272461,5367400,0.0,0.0
2016-09-22 00:00:00-04:00,106.90528097820369,107.5940710936465,106.82228780953413,106.84718322753906,4099700,0.0,0.0
2016-09-23 00:00:00-04:00,106.74761000858608,107.22063565111723,106.05050659179688,106.05050659179688,4464700,0.0,0.0
2016-09-26 00:00:00-04:00,105.47787116584368,105.58575974526818,104.0255794525766,104.10856628417969,5338500,0.0,0.0
2016-09-27 00:00:00-04:00,104.39903046759805,105.38658453454336,104.03388080804447,105.2455062866211,4433600,0.0,0.0
2016-09-28 00:00:00-04:00,105.56915156616056,106.66459413241392,105.44466816128174,106.4488296508789,5751100,0.0,0.0
2016-09-29 00:00:00-04:00,106.6397189749238,108.49865715619461,106.1500921759441,106.16668701171875,5987500,0.0,0.0
2016-09-30 00:00:00-04:00,106.11689768950957,107.25383706677316,105.91772166842598,106.78909301757812,6044600,0.0,0.0
2016-10-03 00:00:00-04:00,106.39076547253721,106.90530041849118,106.19989634546404,106.63973236083984,3652700,0.0,0.0
2016-10-04 00:00:00-04:00,106.66460168474423,107.81813574408454,106.1832691952598,106.39073944091797,4848600,0.0,0.0
2016-10-05 00:00:00-04:00,106.49034488242607,107.0795533503138,105.82643116295219,105.87622833251953,4115400,0.0,0.0
2016-10-06 00:00:00-04:00,105.28698636607993,108.25795501541255,104.9218367637589,108.04219055175781,7472400,0.0,0.0
2016-10-07 00:00:00-04:00,107.74346320502418,108.22479575575777,106.12519128407305,106.48204040527344,5511900,0.0,0.0
2016-10-10 00:00:00-04:00,106.59819520955946,107.00484139449559,105.60234069824219,105.60234069824219,4349700,0.0,0.0
2016-10-11 00:00:00-04:00,105.27040222955922,105.46127764295932,104.11686816091685,104.44052124023438,5113900,0.0,0.0
2016-10-12 00:00:00-04:00,104.44053088953073,105.52767939140115,104.32434804681024,105.13763427734375,3545900,0.0,0.0
2016-10-13 00:00:00-04:00,104.77249094624851,105.11274524309036,103.8762178209724,104.8056869506836,3655700,0.0,0.0
2016-10-14 00:00:00-04:00,105.31192761783628,105.8596459282348,104.91358184814453,104.91358184814453,4462100,0.0,0.0
2016-10-17 00:00:00-04:00,104.71440313943143,105.22893172871755,103.6355551182314,103.85132598876953,3753000,0.0,0.0
2016-10-18 00:00:00-04:00,104.68951274779691,104.77249959999376,103.85963156284646,104.34925842285156,3563300,0.0,0.0
2016-10-19 00:00:00-04:00,104.36583448708402,104.63969040030874,103.3284832554298,104.47371673583984,4094800,0.0,0.0
2016-10-20 00:00:00-04:00,104.52350936382086,105.46127894549345,104.20815686331878,104.77247619628906,3543200,0.0,0.0
2016-10-21 00:00:00-04:00,103.99240271330778,105.22893015971289,103.9426118714224,105.06295013427734,3234100,0.0,0.0
2016-10-24 00:00:00-04:00,105.585759811908,106.34094821090903,105.585759811908,106.04219055175781,3824800,0.0,0.0
2016-10-25 00:00:00-04:00,104.78908829862667,104.78908829862667,102.31604605799579,102.35753631591797,8731900,0.0,0.0
2016-10-26 00:00:00-04:00,101.93429717896002,102.6977862724989,101.57744805218789,101.83470916748047,5456100,0.0,0.0
2016-10-27 00:00:00-04:00,101.83470187075228,102.45711265204882,101.12100366834639,101.46125793457031,4261600,0.0,0.0
2016-10-28 00:00:00-04:00,101.82640985919986,102.97994409778735,101.41976988733926,102.55670928955078,4497700,0.0,0.0
2016-10-31 00:00:00-04:00,102.36582941129612,102.49031283893699,100.93013869610986,101.25379180908203,5671500,0.0,0.0
2016-11-01 00:00:00-04:00,100.98824207575947,101.45297350705621,98.92183339412021,99.49445343017578,7492600,0.0,0.0
2016-11-02 00:00:00-04:00,99.52762783377747,100.65626649179755,99.43634041794574,99.82638549804688,4846000,0.0,0.0
2016-11-03 00:00:00-04:00,99.86788510093449,100.35751822547346,99.65212058102657,99.735107421875,5113500,0.0,0.0
2016-11-04 00:00:00-04:00,100.03386123077068,101.16249995066758,99.63551554607595,100.3409194946289,4607600,0.0,0.0
2016-11-07 00:00:00-05:00,101.66041040902186,102.88863692879818,101.5027310116988,102.69776153564453,5510400,0.0,0.0
2016-11-08 00:00:00-05:00,102.86374983635415,104.08367594808033,102.57329274582166,103.11271667480469,6105900,0.0,0.0
2016-11-09 00:00:00-05:00,100.37412210454282,104.78079529646503,99.85129926175134,104.58161926269531,8052500,0.0,0.0
2016-11-10 00:00:00-05:00,105.162535975332,107.96753819803949,104.9882617008457,107.07955932617188,8737000,0.0,0.0
2016-11-11 00:00:00-05:00,107.1044196958107,107.99239827708014,106.82226324797765,107.7600326538086,5496100,0.0,0.0
2016-11-14 00:00:00-05:00,108.29948517272838,108.41566802195,105.34511043853777,105.95092010498047,11438500,0.0,0.0
2016-11-15 00:00:00-05:00,105.45300201035225,105.95092945545854,102.0089938235064,103.23722076416016,13445400,0.0,0.0
2016-11-16 00:00:00-05:00,102.57329803253793,104.31604699704539,102.30773634586528,104.00899505615234,9793400,0.0,0.0
2016-11-17 00:00:00-05:00,104.45713145334273,107.17083973763091,104.31604686100526,106.9965591430664,6801200,0.0,0.0
2016-11-18 00:00:00-05:00,106.9965476946434,107.3534030975288,105.99239880929488,106.49862670898438,4428900,0.0,0.0
2016-11-21 00:00:00-05:00,106.45712420352065,106.9716463256292,105.73513184985504,106.40733337402344,4072100,0.0,0.0
2016-11-22 00:00:00-05:00,106.54013931576634,108.96339060014813,106.54013931576634,108.69782257080078,5535800,0.0,0.0
2016-11-23 00:00:00-05:00,109.01316421351274,109.53599327430936,108.59822373046237,108.88868713378906,3582700,0.0,0.0
2016-11-25 00:00:00-05:00,109.42809121425687,109.6604568430977,108.77249090352241,109.18743133544922,2545800,0.0,0.0
2016-11-28 00:00:00-05:00,108.92190797235524,109.2538553886019,108.02563475291056,108.41567993164062,4859000,0.0,0.0
2016-11-29 00:00:00-05:00,108.7493740866309,109.1081115792545,107.83165280049762,108.14033508300781,4127100,0.69,0.0
2016-11-30 00:00:00-05:00,107.90673952684182,108.72435042238328,107.46456818119151,107.95679473876953,6973800,0.0,0.0
2016-12-01 00:00:00-05:00,107.90673631115065,108.7493747875448,107.62308163186896,108.01519775390625,5398700,0.0,0.0
2016-12-02 00:00:00-05:00,107.6564473569385,108.97462306058746,107.54799864457227,108.34890747070312,3738300,0.0,0.0
2016-12-05 00:00:00-05:00,108.72436306923304,108.84116282072276,108.09029636381612,108.1904067993164,4065400,0.0,0.0
2016-12-06 00:00:00-05:00,108.56584820622483,108.57418649924973,107.35612101603918,107.40618896484375,4292600,0.0,0.0
2016-12-07 00:00:00-05:00,107.41450043077336,111.01027701030112,107.41450043077336,110.50971221923828,6987300,0.0,0.0
2016-12-08 00:00:00-05:00,110.30115747984328,111.06870046267984,109.77555227400917,110.56812286376953,4975400,0.0,0.0
2016-12-09 00:00:00-05:00,110.55145964487491,111.2939751960593,109.37512365112943,111.28563690185547,5174600,0.0,0.0
2016-12-12 00:00:00-05:00,111.0686900043016,112.34514875809094,111.0686900043016,112.27840423583984,6276500,0.0,0.0
2016-12-13 00:00:00-05:00,112.25339586666317,114.20562573872594,112.25339586666317,113.91361999511719,6886300,0.0,0.0
2016-12-14 00:00:00-05:00,113.50481736854692,114.19727752390304,113.25452857151673,113.4464111328125,7036300,0.0,0.0
2016-12-15 00:00:00-05:00,113.88857617109772,114.56435970464294,113.2712116002621,113.32960510253906,5839800,0.0,0.0
2016-12-16 00:00:00-05:00,113.5548685281941,113.97201226494742,112.67052584311175,112.7205810546875,9429300,0.0,0.0
2016-12-19 00:00:00-05:00,112.67886968591675,113.88024574378484,112.45360849251219,112.99590301513672,3463600,0.0,0.0
2016-12-20 00:00:00-05:00,113.17108725124217,114.49761396878586,112.98754299422899,114.38915252685547,4301500,0.0,0.0
2016-12-21 00:00:00-05:00,114.23899210367166,114.49763194659408,113.93030977305283,114.15557098388672,2704700,0.0,0.0
2016-12-22 00:00:00-05:00,113.67167835703518,114.2973940177161,112.7789845706259,112.98755645751953,4094800,0.0,0.0
2016-12-23 00:00:00-05:00,113.17108177431672,113.45474916792837,112.45359409441066,112.67051696777344,2337300,0.0,0.0
2016-12-27 00:00:00-05:00,112.42857464962276,113.22949622051732,112.38687046037933,112.84571838378906,2254900,0.0,0.0
2016-12-28 00:00:00-05:00,113.10433848570433,113.34627620807169,112.34513396654914,112.68719482421875,3369400,0.0,0.0
2016-12-29 00:00:00-05:00,112.64552047596511,113.33798074330811,112.32014880627086,112.71226501464844,2777900,0.0,0.0
2016-12-30 00:00:00-05:00,113.16276896096828,113.31294734789384,111.6527104497273,111.86128234863281,4149100,0.0,0.0
2017-01-03 00:00:00-05:00,112.7122636053582,113.0543118577822,111.45248114006813,112.05316925048828,5299700,0.0,0.0
2017-01-04 00:00:00-05:00,112.07819045389525,113.41305567412482,111.96974172503207,113.04596710205078,4055300,0.0,0.0
2017-01-05 00:00:00-05:00,112.61215287061096,113.01262014193217,111.61101015274862,111.71112060546875,3821100,0.0,0.0
2017-01-06 00:00:00-05:00,111.76950861764416,112.06985265701428,111.00196556819124,111.40242004394531,3827500,0.0,0.0
2017-01-09 00:00:00-05:00,111.14379879145906,112.42859613694613,111.07705425361029,112.05316925048828,4310200,0.0,0.0
2017-01-10 00:00:00-05:00,111.7945153568886,113.78012350928451,111.60263281290065,113.54652404785156,5928300,0.0,0.0
2017-01-11 00:00:00-05:00,113.54652932651871,113.78846709060176,112.41189786243255,113.21280670166016,4643700,0.0,0.0
2017-01-12 00:00:00-05:00,113.05427055294606,113.07095986386548,111.74444607559275,112.68719482421875,3600000,0.0,0.0
2017-01-13 00:00:00-05:00,112.56206761353936,113.25452776395791,112.42857855871283,112.66217803955078,3117600,0.0,0.0
2017-01-17 00:00:00-05:00,112.70392548875344,113.86358491496671,112.42860901242966,113.40472412109375,3976900,0.0,0.0
2017-01-18 00:00:00-05:00,113.37965762435898,113.70502921566111,112.56205950035651,113.5965805053711,3869700,0.0,0.0
2017-01-19 00:00:00-05:00,113.4631090399901,114.11385232341966,112.57041523336201,112.95419311523438,5078700,0.0,0.0
2017-01-20 00:00:00-05:00,112.84571948488995,113.46309680035812,112.29509942538225,113.12938690185547,4853900,0.0,0.0
2017-01-23 00:00:00-05:00,112.88745956864099,115.3569566070242,112.62883243470009,115.19010162353516,7056200,0.0,0.0
2017-01-24 00:00:00-05:00,115.03155129678152,115.44869499863498,114.54766307500563,115.18171691894531,4055100,0.0,0.0
2017-01-25 00:00:00-05:00,115.50709769403734,116.27464063893484,114.65612091003983,114.69783782958984,3631700,0.0,0.0
2017-01-26 00:00:00-05:00,115.14003278936072,116.11614780202513,114.8897566811538,115.51547241210938,2931200,0.0,0.0
2017-01-27 00:00:00-05:00,115.79909087946184,115.82411848244234,114.88136966945964,115.40697479248047,3149500,0.0,0.0
2017-01-30 00:00:00-05:00,115.12335683478172,115.54050065771055,114.18060772129238,115.52381134033203,2705000,0.0,0.0
2017-01-31 00:00:00-05:00,114.82299744034425,115.64893395211286,114.17225418188883,114.78128051757812,3227000,0.0,0.0
2017-02-01 00:00:00-05:00,114.84804167806257,115.09833052068383,113.9052925539509,114.66449737548828,2968800,0.0,0.0
2017-02-02 00:00:00-05:00,114.68951701396296,114.7562615493701,113.93031224520251,114.25568389892578,2197600,0.0,0.0
2017-02-03 00:00:00-05:00,114.51429460263795,115.52378805191864,114.27235683540783,115.11498260498047,2654700,0.0,0.0
2017-02-06 00:00:00-05:00,114.65613736570634,115.048253551364,113.83853909209219,113.87191772460938,3864100,0.0,0.0
2017-02-07 00:00:00-05:00,114.43089645767127,114.8814061847308,113.73843618460893,114.00540161132812,3242000,0.0,0.0
2017-02-08 00:00:00-05:00,114.20559088615386,115.05656751821023,114.14719739338315,115.03153991699219,2882700,0.0,0.0
2017-02-09 00:00:00-05:00,115.03154660835254,116.09108240212088,114.63943052617482,115.72400665283203,2931900,0.0,0.0
2017-02-10 00:00:00-05:00,115.63227319069101,117.27582087688812,115.34026742158663,116.67513275146484,3297000,0.0,0.0
2017-02-13 00:00:00-05:00,117.20070360030846,117.34253094667169,116.0076785943147,116.69178771972656,2753000,0.0,0.0
2017-02-14 00:00:00-05:00,116.75854977796934,117.9432366697793,116.24963382097461,117.93489837646484,4775800,0.0,0.0
2017-02-15 00:00:00-05:00,117.85978408804742,119.01944306017091,117.59280601061866,118.62732696533203,4343500,0.0,0.0
2017-02-16 00:00:00-05:00,118.7941559381261,119.29473335880445,117.5510634059095,118.08500671386719,4295800,0.0,0.0
2017-02-17 00:00:00-05:00,117.93489235747276,119.40323390966033,117.63454832063688,119.3031234741211,5108400,0.0,0.0
2017-02-21 00:00:00-05:00,121.47226872422367,121.51397291629708,119.51168794851364,120.9883804321289,9275900,0.0,0.0
2017-02-22 00:00:00-05:00,121.01338951240042,121.3637886916058,120.11235759577998,121.18024444580078,5037800,0.0,0.0
2017-02-23 00:00:00-05:00,121.89776441923767,122.0813087136815,120.56289913786779,120.72976684570312,4184000,0.0,0.0
2017-02-24 00:00:00-05:00,120.67969059255574,121.87272842436057,120.67969059255574,121.76426696777344,3516900,0.0,0.0
2017-02-27 00:00:00-05:00,121.69752215217653,121.81432190122254,120.80484108380004,121.22198486328125,4388400,0.0,0.0
2017-02-28 00:00:00-05:00,120.9549999514522,121.49729447249975,120.52951790311837,120.8966064453125,4211900,0.0,0.0
2017-03-01 00:00:00-05:00,122.40665438340278,123.22425251126566,121.71419427962543,122.37327575683594,6213500,0.0,0.0
2017-03-02 00:00:00-05:00,122.70698201896184,123.66640735633649,122.1313217244513,123.43280792236328,4053400,0.0,0.0
2017-03-03 00:00:00-05:00,123.43283978620063,123.69146688841951,122.49010351652063,123.3160400390625,3412300,0.0,0.0
2017-03-06 00:00:00-05:00,122.74870300292969,123.06572354228602,122.2898424101859,122.74870300292969,3998000,0.0,0.0
2017-03-07 00:00:00-05:00,122.82427273644551,123.34467489878965,122.40459026805378,122.56407165527344,3996300,0.89,0.0
2017-03-08 00:00:00-05:00,122.73195084800007,123.48737422198909,122.48013878743926,123.31950378417969,3614500,0.0,0.0
2017-03-09 00:00:00-05:00,123.45377855045452,123.52092927259008,122.99212534057914,123.06766510009766,3594000,0.0,0.0
2017-03-10 00:00:00-05:00,123.58809399017444,123.77275529503613,122.9249885388005,123.2607421875,3123200,0.0,0.0
2017-03-13 00:00:00-04:00,123.66365266269761,123.94903370194928,122.96697814379921,123.7475814819336,2933300,0.0,0.0
2017-03-14 00:00:00-04:00,123.61328097508866,123.88187110170114,122.933397408206,123.52095031738281,3272500,0.0,0.0
2017-03-15 00:00:00-04:00,123.68039459813097,124.54493922101709,123.18515968756331,124.18400573730469,3670500,0.0,0.0
2017-03-16 00:00:00-04:00,124.56172269758677,125.22482801664712,124.23437096023089,124.83871459960938,3544500,0.0,0.0
2017-03-17 00:00:00-04:00,125.40108653308008,125.89632146155012,124.33510253906549,125.5689697265625,9002000,0.0,0.0
2017-03-20 00:00:00-04:00,125.38431094526918,125.56057037115433,123.9741714997394,124.05811309814453,5906100,0.0,0.0
2017-03-21 00:00:00-04:00,124.50298895302743,124.81354984710966,122.76549757678222,123.05928039550781,4530000,0.0,0.0
2017-03-22 00:00:00-04:00,123.16000827005784,124.16724358916727,122.59763532361919,123.68881225585938,3169000,0.0,0.0
2017-03-23 00:00:00-04:00,123.62165092715175,124.57013728189675,123.41180972000927,124.21760559082031,3219400,0.0,0.0
2017-03-24 00:00:00-04:00,124.1001384734839,126.03066800890309,123.39506203679917,123.98262786865234,4735400,0.0,0.0
2017-03-27 00:00:00-04:00,123.44540245285633,123.95740274838892,122.76550612284963,123.27751922607422,2943000,0.0,0.0
2017-03-28 00:00:00-04:00,123.63003652375976,123.68040917053229,122.49690172134274,123.55449676513672,4635600,0.0,0.0
2017-03-29 00:00:00-04:00,122.85784642901147,123.73918220810728,122.5137165255263,123.42021942138672,3730000,0.0,0.0
2017-03-30 00:00:00-04:00,123.15161519270498,123.70559908273783,122.9081922072247,123.34466552734375,2450800,0.0,0.0
2017-03-31 00:00:00-04:00,123.27749595635791,123.53769697798612,123.09283468790764,123.24392700195312,3248700,0.0,0.0
2017-04-03 00:00:00-04:00,123.33626798863993,123.55449822981254,122.62280277267882,123.06766510009766,3775300,0.0,0.0
2017-04-04 00:00:00-04:00,122.96695068097327,123.30269149832266,122.58923905953242,122.83264923095703,3124200,0.0,0.0
2017-04-05 00:00:00-04:00,123.07606835998156,124.59531664365257,123.03409755720303,123.08445739746094,3390400,0.0,0.0
2017-04-06 00:00:00-04:00,123.42023624397807,124.19246339157898,123.38666727602335,123.58811950683594,2699100,0.0,0.0
2017-04-07 00:00:00-04:00,123.47056287934856,124.05811565723538,123.3026796790752,123.49574279785156,2869100,0.0,0.0
2017-04-10 00:00:00-04:00,123.35305385041633,125.06535236826258,123.17678161102371,124.40225982666016,5044500,0.0,0.0
2017-04-11 00:00:00-04:00,124.15045732296053,124.77157911146412,123.4705738476033,124.39386749267578,2844800,0.0,0.0
2017-04-12 00:00:00-04:00,123.7391946620199,123.86510710467365,122.85785879422076,123.00054931640625,4445600,0.0,0.0
2017-04-13 00:00:00-04:00,122.8998198847387,123.39504215332354,122.43816658025568,122.47174835205078,2346900,0.0,0.0
2017-04-17 00:00:00-04:00,122.46334291487724,123.6468505859375,122.34583233242613,123.6468505859375,3467700,0.0,0.0
2017-04-18 00:00:00-04:00,123.43702131057556,124.37710606131093,123.19361108322235,124.02457427978516,2969400,0.0,0.0
2017-04-19 00:00:00-04:00,124.16723090871584,124.56173339629676,123.40341866107401,123.5712890625,3461000,0.0,0.0
2017-04-20 00:00:00-04:00,123.94062801113144,125.10734474562604,123.75596670284949,124.83035278320312,3700500,0.0,0.0
2017-04-21 00:00:00-04:00,124.6373105001535,126.03064663320936,124.56175791810112,125.90474700927734,5019900,0.0,0.0
2017-04-24 00:00:00-04:00,126.81119800018644,127.63377167465106,126.61814773945922,127.49108123779297,5077200,0.0,0.0
2017-04-25 00:00:00-04:00,128.24656111311825,129.8077803841943,128.24656111311825,128.44801330566406,5496500,0.0,0.0
2017-04-26 00:00:00-04:00,128.5151429537257,129.94206052902007,127.9191883200179,129.44683837890625,5120200,0.0,0.0
2017-04-27 00:00:00-04:00,129.84135560218684,131.16755365222429,129.16986113527412,131.04164123535156,5881400,0.0,0.0
2017-04-28 00:00:00-04:00,130.94927349800273,131.15072562332787,129.3460967618261,131.0248260498047,4983000,0.0,0.0
2017-05-01 00:00:00-04:00,131.12558006946327,131.16755087419858,129.43846130371094,129.43846130371094,3152900,0.0,0.0
2017-05-02 00:00:00-04:00,129.6735305393386,130.23590366985076,129.06078473984505,130.05963134765625,3295100,0.0,0.0
2017-05-03 00:00:00-04:00,130.23587923548334,130.42892960342277,129.75743502764513,130.10157775878906,2445500,0.0,0.0
2017-05-04 00:00:00-04:00,130.48769396826464,130.63877352686197,129.48044568017286,129.98406982421875,3793100,0.0,0.0
2017-05-05 00:00:00-04:00,130.38691218838326,130.7310547965245,129.33770629113988,130.71426391601562,2500600,0.0,0.0
2017-05-08 00:00:00-04:00,130.815054224206,131.91462044140073,130.5128822799033,131.68798828125,3184600,0.0,0.0
2017-05-09 00:00:00-04:00,131.81386590511428,132.4014316153435,131.1843421936053,132.35105895996094,3004400,0.0,0.0
2017-05-10 00:00:00-04:00,132.2167467259224,132.74553784006807,132.03208544552535,132.728759765625,2617600,0.0,0.0
2017-05-11 00:00:00-04:00,132.07404174592844,132.36781170871257,130.37852145193847,131.1087646484375,3929100,0.0,0.0
2017-05-12 00:00:00-04:00,131.26830282059802,131.9481864782513,130.7311096879601,131.71316528320312,2926400,0.0,0.0
2017-05-15 00:00:00-04:00,132.01534119540483,132.48538359965286,131.49493893465808,132.05731201171875,6068900,0.0,0.0
2017-05-16 00:00:00-04:00,134.39073632226496,135.02026009877778,132.66164639867412,132.83790588378906,10120900,0.0,0.0
2017-05-17 00:00:00-04:00,132.83788453039637,132.83788453039637,130.84859381485197,131.01646423339844,5937000,0.0,0.0
2017-05-18 00:00:00-04:00,130.5044408846424,131.50328708694892,130.3030015212804,130.68910217285156,4858600,0.0,0.0
2017-05-19 00:00:00-04:00,130.97453639837886,131.56210226760444,130.3702052548744,131.19277954101562,4781800,0.0,0.0
2017-05-22 00:00:00-04:00,131.35222629270936,131.7802978085793,130.77306242508413,130.90736389160156,3802100,0.0,0.0
2017-05-23 00:00:00-04:00,130.86536252165538,131.30182297437221,129.83293464755758,129.95884704589844,4640900,0.0,0.0
2017-05-24 00:00:00-04:00,129.84976569191073,130.46249856874948,128.66625794296814,130.10157775878906,4558700,0.0,0.0
2017-05-25 00:00:00-04:00,131.1088137822757,131.52010725353503,130.3953611986958,131.32705688476562,3110800,0.0,0.0
2017-05-26 00:00:00-04:00,131.0248874511138,131.2934776030602,129.79940886121895,130.01763916015625,4284700,0.0,0.0
2017-05-30 00:00:00-04:00,130.00915388490264,130.48191238341164,129.60393415499536,129.90785217285156,3504300,0.89,0.0
2017-05-31 00:00:00-04:00,130.31310836522022,130.32999628252173,129.40135405653677,129.59552001953125,7158400,0.0,0.0
2017-06-01 00:00:00-04:00,129.60396377568324,130.98847664418807,128.9454767334496,130.9800262451172,3385100,0.0,0.0
2017-06-02 00:00:00-04:00,130.67609331154307,131.5794099534992,130.36373774234917,131.14886474609375,3485600,0.0,0.0
2017-06-05 00:00:00-04:00,131.30082574469154,131.37680204233044,130.2033431014322,130.6761016845703,2651800,0.0,0.0
2017-06-06 00:00:00-04:00,130.3806253618378,130.56635377599346,129.71368799781393,130.17800903320312,3260300,0.0,0.0
2017-06-07 00:00:00-04:00,130.5916536220702,131.10662541830155,130.3046235406827,130.81959533691406,3159000,0.0,0.0
2017-06-08 00:00:00-04:00,130.81956521281214,131.0474939934685,129.48570393494268,129.58700561523438,4041600,0.0,0.0
2017-06-09 00:00:00-04:00,130.00918879129466,130.00918879129466,128.97924483656737,129.13121032714844,4705300,0.0,0.0
2017-06-12 00:00:00-04:00,128.9961090481613,129.41821672640677,128.092792433498,128.47268676757812,4473900,0.0,0.0
2017-06-13 00:00:00-04:00,128.5824740541516,130.0429634134565,128.37142015730433,130.00076293945312,3753800,0.0,0.0
2017-06-14 00:00:00-04:00,130.43129573268814,132.77821380983366,129.97542502720427,132.33921813964844,5999400,0.0,0.0
2017-06-15 00:00:00-04:00,131.8073436948699,132.76974865653062,130.78583747684664,132.34764099121094,3972300,0.0,0.0
2017-06-16 00:00:00-04:00,131.90864106864518,132.28009786296698,131.19950330586892,132.23788452148438,9105400,0.0,0.0
2017-06-19 00:00:00-04:00,132.46589574855946,134.25562900728494,132.02689995391944,134.0699005126953,5196100,0.0,0.0
2017-06-20 00:00:00-04:00,134.00228801222812,134.41595813753483,133.0483335037864,133.107421875,4201200,0.0,0.0
2017-06-21 00:00:00-04:00,133.31006454480266,133.83347400065057,132.06061640637694,132.19569396972656,4071300,0.0,0.0
2017-06-22 00:00:00-04:00,132.0690584038683,132.6009182246584,131.2501684404982,131.25860595703125,3347400,0.0,0.0
2017-06-23 00:00:00-04:00,130.98844658215333,131.0475349535591,127.40053162446569,127.73821258544922,11422200,0.0,0.0
2017-06-26 00:00:00-04:00,128.04220017595298,128.29546747515727,127.58632934275317,127.83114624023438,4128500,0.0,0.0
2017-06-27 00:00:00-04:00,127.52719544451993,129.3760295096791,127.2654906922292,128.52337646484375,4567100,0.0,0.0
2017-06-28 00:00:00-04:00,128.95391104692345,129.5448592904373,128.62466753398675,129.359130859375,5087000,0.0,0.0
2017-06-29 00:00:00-04:00,128.97081306475974,129.16497903420773,127.91554362820577,128.45584106445312,2855400,0.0,0.0
2017-06-30 00:00:00-04:00,128.751349245946,130.00923544710344,128.54874569473907,129.50270080566406,3640900,0.0,0.0
2017-07-03 00:00:00-04:00,130.3384758013087,130.6761569659159,129.76441524513436,130.01766967773438,1658500,0.0,0.0
2017-07-05 00:00:00-04:00,130.01760158350353,130.2539808512716,127.86486274359473,128.9032440185547,4432500,0.0,0.0
2017-07-06 00:00:00-04:00,128.1265358296146,128.72592136725007,127.6622149247345,128.3629150390625,3408500,0.0,0.0
2017-07-07 00:00:00-04:00,128.3545505676986,129.05525115109637,128.23636088385493,128.51495361328125,3775400,0.0,0.0
2017-07-10 00:00:00-04:00,128.5064702406442,128.54023318896267,127.47652641391592,127.62847900390625,5081100,0.0,0.0
2017-07-11 00:00:00-04:00,127.85641505629359,128.16033310439602,127.05441303209957,127.13883972167969,5642000,0.0,0.0
2017-07-12 00:00:00-04:00,127.86486255292472,129.28313815741816,127.55249411392961,128.81881713867188,4275900,0.0,0.0
2017-07-13 00:00:00-04:00,129.01303581198894,130.11895620094634,128.82730734709602,129.40980529785156,3288000,0.0,0.0
2017-07-14 00:00:00-04:00,129.35070511663412,129.73059953049474,128.16880852202183,129.0636749267578,3588400,0.0,0.0
2017-07-17 00:00:00-04:00,129.0805579917242,130.43130808247818,128.92860536941083,129.9163360595703,4166600,0.0,0.0
2017-07-18 00:00:00-04:00,129.79811046011713,129.89097466416976,128.30384567916258,128.46424865722656,3783600,0.0,0.0
2017-07-19 00:00:00-04:00,128.7850969444352,130.00920703170374,128.7850969444352,129.4182586669922,2808400,0.0,0.0
2017-07-20 00:00:00-04:00,128.79353428552236,128.8019846861047,122.92623824093558,124.1250228881836,18264100,0.0,0.0
2017-07-21 00:00:00-04:00,124.12502053258356,124.48803994461412,123.36523163366634,123.80421447753906,9120200,0.0,0.0
2017-07-24 00:00:00-04:00,123.77043520975211,123.83797399568753,121.77808611062885,122.05667877197266,7295900,0.0,0.0
2017-07-25 00:00:00-04:00,123.03596703021476,124.43735491798341,122.64762224671128,124.07434844970703,5002400,0.0,0.0
2017-07-26 00:00:00-04:00,123.98148200021706,124.31072551177118,123.22169324484769,123.83796691894531,2836000,0.0,0.0
2017-07-27 00:00:00-04:00,123.40738323652205,124.82567160298647,123.16256647368922,124.7159194946289,5399000,0.0,0.0
2017-07-28 00:00:00-04:00,124.85947858956592,125.17184711237667,124.36984489118511,125.01144409179688,3421100,0.0,0.0
2017-07-31 00:00:00-04:00,124.9438821336111,126.61542505798064,124.5555373725429,126.29463195800781,5253300,0.0,0.0
2017-08-01 00:00:00-04:00,126.83496563866048,126.96159283521945,125.74592022141847,126.50572204589844,4110600,0.0,0.0
2017-08-02 00:00:00-04:00,126.58170750399005,127.35838442295402,126.56481958265985,127.0544662475586,3754200,0.0,0.0
2017-08-03 00:00:00-04:00,127.22326381456305,128.34607189188662,127.05442330345765,127.29924011230469,5146600,0.0,0.0
2017-08-04 00:00:00-04:00,127.48496375516599,128.9539031982422,127.30768573375452,128.9539031982422,3258600,0.0,0.0
2017-08-07 00:00:00-04:00,129.02145356156677,130.4059664357237,128.7175354730101,129.46044921875,3833600,0.0,0.0
2017-08-08 00:00:00-04:00,129.43512378484576,130.17802464887973,129.232507431906,129.46044921875,3218900,0.0,0.0
2017-08-09 00:00:00-04:00,129.46046452421467,131.33462414493582,129.43513908731634,131.07290649414062,3844900,0.0,0.0
2017-08-10 00:00:00-04:00,131.01377213508573,131.68069654226028,129.90785217285156,129.90785217285156,4433700,0.0,0.0
2017-08-11 00:00:00-04:00,130.1020409634715,131.46122832658608,129.99228883497798,130.75209045410156,3650500,0.0,0.0
2017-08-14 00:00:00-04:00,131.73141695946964,131.73986736107145,129.6377655540694,130.2287139892578,6662500,0.0,0.0
2017-08-15 00:00:00-04:00,130.24559835069837,130.68459412557183,125.1634161835719,126.77587127685547,13528700,0.0,0.0
2017-08-16 00:00:00-04:00,127.85646993137914,129.12279352835228,127.61165303724997,128.53184509277344,6043900,0.0,0.0
2017-08-17 00:00:00-04:00,128.1603421201005,128.4473722741378,126.30307075402284,126.35372161865234,4460900,0.0,0.0
2017-08-18 00:00:00-04:00,126.30307647815013,126.30307647815013,124.0659106442564,124.51334381103516,6989100,0.0,0.0
2017-08-21 00:00:00-04:00,124.18412510967644,126.53104354535624,124.00683415830557,125.95697021484375,4222500,0.0,0.0
2017-08-22 00:00:00-04:00,126.03295112364938,127.12199654667126,126.03295112364938,126.5563735961914,3268100,0.0,0.0
2017-08-23 00:00:00-04:00,125.43356284878071,126.19335178125463,124.46270712205454,125.87255859375,5235400,0.0,0.0
2017-08-24 00:00:00-04:00,126.40439609280422,127.13887241223128,124.92701881721186,125.15496063232422,3736000,0.0,0.0
2017-08-25 00:00:00-04:00,125.37447052088754,127.07978986286666,125.28160627747013,126.33687591552734,3048000,0.0,0.0
2017-08-28 00:00:00-04:00,128.27013021313113,128.6500246860748,126.9953563145687,127.8058090209961,6845400,0.0,0.0
2017-08-29 00:00:00-04:00,127.44068091459556,128.14551231832158,126.55749712934062,127.24535369873047,5368700,0.89,0.0
2017-08-30 00:00:00-04:00,127.38121032714844,127.59351234436035,126.76977948094718,127.38121032714844,3641000,0.0,0.0
2017-08-31 00:00:00-04:00,127.89921630897872,128.1709561285637,127.2538228993145,127.27079772949219,6083300,0.0,0.0
2017-09-01 00:00:00-04:00,127.60198732060313,128.1794554892247,127.17738332757291,128.0435791015625,3383000,0.0,0.0
2017-09-05 00:00:00-04:00,128.8333325606506,130.71007471006777,128.82483218884553,129.86935424804688,7488800,0.0,0.0
2017-09-06 00:00:00-04:00,131.50832981928423,133.35110932195866,130.90538653675068,132.9519805908203,8126000,0.0,0.0
2017-09-07 00:00:00-04:00,134.31918622584857,135.26180733237072,133.14727540209626,134.11537170410156,8273100,0.0,0.0
2017-09-08 00:00:00-04:00,135.100463774064,136.4592014169211,133.7672142860782,135.5845184326172,10088600,0.0,0.0
2017-09-11 00:00:00-04:00,134.53147664667344,134.80322931907904,132.6632223764672,134.489013671875,8847900,0.0,0.0
2017-09-12 00:00:00-04:00,135.07502772961155,136.66304260566667,134.7778126926307,135.79685974121094,5794600,0.0,0.0
2017-09-13 00:00:00-04:00,136.2044615817314,137.04518211089473,135.4911300188634,135.8902587890625,4713700,0.0,0.0
2017-09-14 00:00:00-04:00,136.1704886611923,136.595092600943,135.30429299589346,135.3467559814453,5290800,0.0,0.0
2017-09-15 00:00:00-04:00,135.8562609950404,135.86476136613408,134.42109773154732,134.51451110839844,9124200,0.0,0.0
2017-09-18 00:00:00-04:00,135.0240481845512,135.0240481845512,133.91158797402787,134.01348876953125,4010600,0.0,0.0
2017-09-19 00:00:00-04:00,134.00499697526612,134.44658867115095,133.46150448720908,133.8861083984375,3713400,0.0,0.0
2017-09-20 00:00:00-04:00,133.80968059059427,135.35523206379733,133.6313412493602,134.75228881835938,4599200,0.0,0.0
2017-09-21 00:00:00-04:00,134.91368725058263,135.4996429152338,134.78631121821815,135.18544006347656,3082100,0.0,0.0
2017-09-22 00:00:00-04:00,135.1429190831191,135.94966384369408,135.03251793051308,135.84776306152344,3576500,0.0,0.0
2017-09-25 00:00:00-04:00,135.91570232210864,137.08760020008438,135.6609374067637,136.807373046875,4897700,0.0,0.0
2017-09-26 00:00:00-04:00,137.18953009519953,137.5716710342736,136.54412383927732,136.94325256347656,3222600,0.0,0.0
2017-09-27 00:00:00-04:00,137.04515176715338,137.30840409817034,135.99212948520358,136.65451049804688,3966200,0.0,0.0
2017-09-28 00:00:00-04:00,136.48469518747527,137.95382123124978,136.43374478656398,137.8773956298828,4614100,0.0,0.0
2017-09-29 00:00:00-04:00,137.99628032026666,138.9389015841543,137.69905237950022,138.8964385986328,3467400,0.0,0.0
2017-10-02 00:00:00-04:00,139.43994533020143,139.48240832004942,138.6077251522988,139.28709411621094,2721400,0.0,0.0
2017-10-03 00:00:00-04:00,139.3210202443695,140.35705472746784,139.2700698530502,140.26364135742188,3046400,0.0,0.0
2017-10-04 00:00:00-04:00,140.53542201706128,141.0364515752324,140.04287987317147,140.36557006835938,2746500,0.0,0.0
2017-10-05 00:00:00-04:00,140.17879166257757,141.18085103207176,139.49092219547987,141.07044982910156,3504900,0.0,0.0
2017-10-06 00:00:00-04:00,141.1213526726258,141.503506567044,140.74771210753863,140.84112548828125,2916300,0.0,0.0
2017-10-09 00:00:00-04:00,141.08736683653314,141.503483274597,140.4759362555696,140.7222137451172,2131800,0.0,0.0
2017-10-10 00:00:00-04:00,140.7137392706644,140.7986652394921,139.81358101577865,140.2551727294922,2755400,0.0,0.0
2017-10-11 00:00:00-04:00,140.28065360370184,140.85810874986396,139.65223509945122,140.33160400390625,2319300,0.0,0.0
2017-10-12 00:00:00-04:00,140.46749016184683,140.46749016184683,139.66923261534396,139.77113342285156,3397800,0.0,0.0
2017-10-13 00:00:00-04:00,140.05136092214536,141.0279577512575,139.5673191724209,139.66921997070312,3259000,0.0,0.0
2017-10-16 00:00:00-04:00,139.6692111346002,139.83905010695378,138.6416639713542,139.4569091796875,2586700,0.0,0.0
2017-10-17 00:00:00-04:00,139.4569158226256,140.05135873312045,137.15555682027966,138.71810913085938,4189200,0.0,0.0
2017-10-18 00:00:00-04:00,138.77754909242523,139.47390576827877,138.71811127939694,138.8030242919922,2757900,0.0,0.0
2017-10-19 00:00:00-04:00,138.84545363535216,139.36347083083902,138.22553566628775,138.62466430664062,2676100,0.0,0.0
2017-10-20 00:00:00-04:00,139.24462078344482,139.3974719860817,138.20009869177326,138.78604125976562,4166500,0.0,0.0
2017-10-23 00:00:00-04:00,139.30405789898447,141.19780084137147,139.05779331001136,139.8985137939453,3995100,0.0,0.0
2017-10-24 00:00:00-04:00,139.8390496292254,141.3591388776218,139.8220618446832,140.9939727783203,3686700,0.0,0.0
2017-10-25 00:00:00-04:00,141.06193197661344,141.77526353907655,140.44201380622656,141.02796936035156,4189400,0.0,0.0
2017-10-26 00:00:00-04:00,141.29970786632808,142.61598275790018,141.06193068102422,142.3697052001953,3750500,0.0,0.0
2017-10-27 00:00:00-04:00,141.64787875301468,142.45462365756117,141.35915118008378,142.1064453125,3720400,0.0,0.0
2017-10-30 00:00:00-04:00,141.80924449634315,141.80924449634315,140.01741514968788,140.382568359375,3906300,0.0,0.0
2017-10-31 00:00:00-04:00,140.45900456211075,141.25726219257058,140.20425251654814,140.78170776367188,2922400,0.0,0.0
2017-11-01 00:00:00-04:00,141.32517182393914,141.59692456145703,140.22119900406923,140.44200134277344,3568300,0.0,0.0
2017-11-02 00:00:00-04:00,140.12778936411863,140.12778936411863,136.32334164240964,138.17462158203125,6518900,0.0,0.0
2017-11-03 00:00:00-04:00,138.42937677917828,140.11081777107916,138.1491366138615,139.60128784179688,3080900,0.0,0.0
2017-11-06 00:00:00-05:00,139.94945127003095,140.01738945054896,138.4293620164415,139.4569091796875,3275500,0.0,0.0
2017-11-07 00:00:00-05:00,139.346491600625,139.60974392044253,138.27649453875594,138.98133850097656,3198100,0.0,0.0
2017-11-08 00:00:00-05:00,138.70958732859143,139.84752257542547,138.65014952566688,139.31253051757812,2912900,0.0,0.0
2017-11-09 00:00:00-05:00,139.35500577520568,139.38896838588647,137.8094413526338,138.65016174316406,3405200,0.0,0.0
2017-11-10 00:00:00-05:00,138.70958604086863,139.76260827976586,138.3614077653605,139.3634796142578,3554900,0.0,0.0
2017-11-13 00:00:00-05:00,139.8136214871184,141.51203769223787,139.48243084543563,140.41656494140625,7189300,0.0,0.0
2017-11-14 00:00:00-05:00,138.94738017413172,142.7858031711775,138.54825145976787,142.71786499023438,10284000,0.0,0.0
2017-11-15 00:00:00-05:00,142.19137322119417,142.19137322119417,140.4165318154439,140.5184326171875,5534500,0.0,0.0
2017-11-16 00:00:00-05:00,141.54593775540926,142.46308365576664,141.0194331110469,142.24229431152344,4587900,0.0,0.0
2017-11-17 00:00:00-05:00,141.8176875867199,143.03204839238003,141.01943026596476,142.44610595703125,4530100,0.0,0.0
2017-11-20 00:00:00-05:00,142.7858141466121,144.9512968583005,142.49708657382274,144.7474822998047,4699900,0.0,0.0
2017-11-21 00:00:00-05:00,144.81542661860462,146.79408264160156,144.49272346012478,146.79408264160156,6229000,0.0,0.0
2017-11-22 00:00:00-05:00,146.81954438647642,146.86200737047164,146.09771253220805,146.1147003173828,4133500,0.0,0.0
2017-11-24 00:00:00-05:00,146.15718261145858,146.9979031572583,145.8429798125721,146.34400939941406,1853600,0.0,0.0
2017-11-27 00:00:00-05:00,146.80254025387202,148.5349313280496,146.3864367475517,147.8980255126953,4539100,0.0,0.0
2017-11-28 00:00:00-05:00,148.51795002772414,150.1144648210906,146.9044604082156,149.9446258544922,6049000,0.0,0.0
2017-11-29 00:00:00-05:00,150.70424174076558,152.29175757261044,149.9446054652533,151.2846221923828,4902200,0.89,0.0
2017-11-30 00:00:00-05:00,151.98450715772367,154.20362498159662,151.4211875239723,153.4781494140625,9180700,0.0,0.0
2017-12-01 00:00:00-05:00,153.90490646065524,154.1438881830733,150.81519186620355,153.99024963378906,4683400,0.0,0.0
2017-12-04 00:00:00-05:00,156.3545005399779,159.01744759895317,156.3545005399779,157.81399536132812,6193800,0.0,0.0
2017-12-05 00:00:00-05:00,155.95332482745033,157.82251353057978,155.56070455604456,156.0642852783203,6347600,0.0,0.0
2017-12-06 00:00:00-05:00,153.84521826017905,155.46688248041565,152.5052009538572,154.3146514892578,6892500,0.0,0.0
2017-12-07 00:00:00-05:00,153.67447950071937,155.83385877845333,153.43549774043072,155.3388214111328,5484300,0.0,0.0
2017-12-08 00:00:00-05:00,155.76556964674919,156.9604783962717,155.47537938236923,156.54226684570312,5092100,0.0,0.0
2017-12-11 00:00:00-05:00,155.21927102774876,156.15813688577546,154.58766917566498,155.55213928222656,6038900,0.0,0.0
2017-12-12 00:00:00-05:00,155.97892255996817,156.37154281495782,155.04859996418983,155.1680908203125,5275500,0.0,0.0
2017-12-13 00:00:00-05:00,155.34732705092884,156.76415656351782,155.33879664068206,156.21791076660156,5177400,0.0,0.0
2017-12-14 00:00:00-05:00,156.69591603603334,157.04585830246333,155.39004662572682,155.44979858398438,3542500,0.0,0.0
2017-12-15 00:00:00-05:00,156.1837892483776,156.37156247782846,155.4497701760319,155.83384704589844,8202200,0.0,0.0
2017-12-18 00:00:00-05:00,156.61910103403432,158.30051694805323,156.61910103403432,157.66891479492188,5011900,0.0,0.0
2017-12-19 00:00:00-05:00,158.10415937672377,159.36735022883343,157.55791362795804,158.73574829101562,4576300,0.0,0.0
2017-12-20 00:00:00-05:00,159.60638563752917,160.3745395033779,158.78701022689762,159.8709716796875,5383700,0.0,0.0
2017-12-21 00:00:00-05:00,160.36598349205383,161.176815337358,159.98190662043905,160.5281524658203,5859100,0.0,0.0
2017-12-22 00:00:00-05:00,160.85249114556865,160.85249114556865,159.83681221979995,160.57083129882812,3256600,0.0,0.0
2017-12-26 00:00:00-05:00,160.91224198086485,162.52537538721901,160.75007299435617,162.4741668701172,2969200,0.0,0.0
2017-12-27 00:00:00-05:00,162.67899798332888,163.43862130062902,162.1754172263888,162.3290557861328,5912600,0.0,0.0
2017-12-28 00:00:00-05:00,162.94359643943818,163.00333536691485,161.85963509808022,161.9791259765625,3175700,0.0,0.0
2017-12-29 00:00:00-05:00,162.79851524290277,162.79851524290277,161.76576232910156,161.76576232910156,4637800,0.0,0.0
2018-01-02 00:00:00-05:00,162.3461629532555,162.7814484187389,160.46843030168617,160.48550415039062,4684700,0.0,0.0
2018-01-03 00:00:00-05:00,160.45984393748296,161.62061779754623,160.30621842330345,161.32188415527344,4530500,0.0,0.0
2018-01-04 00:00:00-05:00,162.0559422222263,162.90945223639258,160.86103341180518,162.60218811035156,4047400,0.0,0.0
2018-01-05 00:00:00-05:00,162.96065749176233,164.3348091080071,162.60218485581095,164.30067443847656,4224800,0.0,0.0
2018-01-08 00:00:00-05:00,163.63493411623045,165.34195407319214,163.53251708634195,163.90805053710938,3508500,0.0,0.0
2018-01-09 00:00:00-05:00,164.47137809519444,165.1285844565669,163.5666595586068,164.8127899169922,3012300,0.0,0.0
2018-01-10 00:00:00-05:00,164.52259417443918,164.91521453167002,163.575197488641,163.70323181152344,3119500,0.0,0.0
2018-01-11 00:00:00-05:00,163.600785989328,166.2039940214852,163.36180423787047,166.16131591796875,3899200,0.0,0.0
2018-01-12 00:00:00-05:00,166.86121093353384,170.2069686896845,166.28083036418963,167.6464385986328,6748400,0.0,0.0
2018-01-16 00:00:00-05:00,168.87549441571545,169.805817219237,167.03190963226635,167.55255126953125,5692700,0.0,0.0
2018-01-17 00:00:00-05:00,168.56822095752068,170.54837036132812,168.00490124538283,170.54837036132812,3996100,0.0,0.0
2018-01-18 00:00:00-05:00,170.51421338514766,170.9068336847083,168.7047764945862,169.27662658691406,4474600,0.0,0.0
2018-01-19 00:00:00-05:00,170.53978915738938,171.83712768554688,169.9594087511372,171.83712768554688,5809600,0.0,0.0
2018-01-22 00:00:00-05:00,172.0676428234082,174.51721266357762,171.99081701587576,174.50868225097656,4857700,0.0,0.0
2018-01-23 00:00:00-05:00,174.8756401218315,176.12177028645777,174.24403811735965,174.88417053222656,3621700,0.0,0.0
2018-01-24 00:00:00-05:00,175.14028025781354,176.76195735769642,174.58550386946467,176.0108642578125,4370700,0.0,0.0
2018-01-25 00:00:00-05:00,176.50588075669322,176.53148501628357,173.9794852810312,175.2853546142578,3537700,0.0,0.0
2018-01-26 00:00:00-05:00,175.48166654204314,176.9411613932188,174.49159178630927,176.8728790283203,3778100,0.0,0.0
2018-01-29 00:00:00-05:00,176.87285087956224,177.1971888053303,174.7220153334411,174.9012451171875,3632900,0.0,0.0
2018-01-30 00:00:00-05:00,171.95666640554222,173.3905570014757,163.50692233664842,172.24685668945312,5979600,0.0,0.0
2018-01-31 00:00:00-05:00,173.45031869509424,175.0378479574732,170.89831887925843,171.4701690673828,4547300,0.0,0.0
2018-02-01 00:00:00-05:00,170.1386594670225,172.62237638892006,169.23394106143087,170.6166229248047,3553800,0.0,0.0
2018-02-02 00:00:00-05:00,170.06185992656714,170.10453802937235,165.10296913116804,165.55532836914062,6179000,0.0,0.0
2018-02-05 00:00:00-05:00,162.22664415117228,165.83698763099295,153.9561305650674,156.2862091064453,10618500,0.0,0.0
2018-02-06 00:00:00-05:00,152.45394290929534,163.83977552582442,149.72271367744383,163.05453491210938,11682700,0.0,0.0
2018-02-07 00:00:00-05:00,162.78993511245298,166.02474483784528,161.9278948255826,163.2678985595703,6016800,0.0,0.0
2018-02-08 00:00:00-05:00,163.139914022431,163.139914022431,154.42557049000686,154.673095703125,7241800,0.0,0.0
2018-02-09 00:00:00-05:00,156.40572006121417,158.75287274971805,150.03852921950127,157.1482696533203,9059200,0.0,0.0
2018-02-12 00:00:00-05:00,159.22232138192066,159.6149287584698,156.5423000269013,157.09707641601562,6783700,0.0,0.0
2018-02-13 00:00:00-05:00,156.38864488832036,157.03732086997962,154.3914344704884,156.80686950683594,4273800,0.0,0.0
2018-02-14 00:00:00-05:00,155.23638955716217,157.95054487140118,154.52797475553635,157.63475036621094,6767000,0.0,0.0
2018-02-15 00:00:00-05:00,159.38446730147334,159.76854420932955,156.414243027385,158.1298065185547,5113300,0.0,0.0
2018-02-16 00:00:00-05:00,157.95060286351983,160.45139463789423,157.7799034202989,159.580810546875,7619200,0.0,0.0
2018-02-20 00:00:00-05:00,162.0815576530618,163.39597045865685,159.01745961664332,159.35887145996094,8922100,0.0,0.0
2018-02-21 00:00:00-05:00,159.78557319127083,160.44276635129557,156.07280040291172,156.24349975585938,7527200,0.0,0.0
2018-02-22 00:00:00-05:00,156.80689426622996,158.94066975643716,156.11555309116795,158.300537109375,5653900,0.0,0.0
2018-02-23 00:00:00-05:00,158.92355173140697,160.80981447079714,158.42851439245604,160.75860595703125,4315400,0.0,0.0
2018-02-26 00:00:00-05:00,161.45844743387065,161.98761934277067,160.34035167872975,160.8524627685547,4648000,0.0,0.0
2018-02-27 00:00:00-05:00,161.20243186957708,161.52676984180863,157.86521761907636,157.8822784423828,4618800,0.0,0.0
2018-02-28 00:00:00-05:00,157.3957703852103,159.3076243063284,155.5692596435547,155.5692596435547,6419900,0.0,0.0
2018-03-01 00:00:00-05:00,155.97895586273785,157.38724218368736,152.13816077993445,153.3245391845703,6123900,0.0,0.0
2018-03-02 00:00:00-05:00,151.6857959921861,152.94045671546016,150.50794804212578,152.31739807128906,5671000,0.0,0.0
2018-03-05 00:00:00-05:00,151.8052749251586,155.5607133645643,151.66871021228224,155.1168975830078,5748600,0.0,0.0
2018-03-06 00:00:00-05:00,155.9789824964955,156.19236003753036,153.21360487621212,155.03158569335938,5306800,0.0,0.0
2018-03-07 00:00:00-05:00,153.49509310388333,154.50797241387323,151.77833785484032,153.28907775878906,4799200,1.03,0.0
2018-03-08 00:00:00-05:00,154.02723584204497,154.49075385421986,151.70102742936595,152.7396697998047,4750700,0.0,0.0
2018-03-09 00:00:00-05:00,153.64955430699752,156.43070179290189,152.7225051450294,156.36203002929688,4477200,0.0,0.0
2018-03-12 00:00:00-04:00,156.5937925680735,157.1345745551196,154.1216744082924,154.25901794433594,4993300,0.0,0.0
2018-03-13 00:00:00-04:00,154.15597799278154,155.32337165854605,152.6709889135438,153.0915985107422,6128100,0.0,0.0
2018-03-14 00:00:00-04:00,153.7354042270739,154.21609349621232,150.98000689089088,152.2847442626953,4531500,0.0,0.0
2018-03-15 00:00:00-04:00,152.52508497399685,154.38776239289635,151.69245783358465,152.8512725830078,3936700,0.0,0.0
2018-03-16 00:00:00-04:00,153.1602670624517,154.85127152056714,152.76542080902937,153.61521911621094,8410900,0.0,0.0
2018-03-19 00:00:00-04:00,153.34912076228647,153.92424515944447,151.0744258396168,152.01864624023438,4744500,0.0,0.0
2018-03-20 00:00:00-04:00,152.48215268165842,153.55512437444702,152.07013521901132,152.9285125732422,4148300,0.0,0.0
2018-03-21 00:00:00-04:00,153.0916004382495,154.62809007979592,152.5164761071214,152.80833435058594,3494400,0.0,0.0
2018-03-22 00:00:00-04:00,152.29331383882337,153.27186353229408,150.2847139045097,150.4649658203125,5255100,0.0,0.0
2018-03-23 00:00:00-04:00,151.28045164317805,151.98431436523654,147.26323822983125,147.46925354003906,6021300,0.0,0.0
2018-03-26 00:00:00-04:00,149.45209901914183,151.76113646572992,148.9456594648241,151.40061950683594,7323600,0.0,0.0
2018-03-27 00:00:00-04:00,152.25898997095652,153.41779162181848,149.0143243920632,149.9413604736328,4713900,0.0,0.0
2018-03-28 00:00:00-04:00,150.42211679676402,152.3877960181329,149.2890519161882,150.0100860595703,4318600,0.0,0.0
2018-03-29 00:00:00-04:00,150.8168914122456,153.34052281041758,150.64521856904855,152.99717712402344,4423500,0.0,0.0
2018-04-02 00:00:00-04:00,152.0615405856997,152.52507168420058,146.28466475321866,148.41343688964844,7229300,0.0,0.0
2018-04-03 00:00:00-04:00,148.31045089282864,150.16454927991572,148.01001355404875,149.1516571044922,5283300,0.0,0.0
2018-04-04 00:00:00-04:00,146.6108751945702,152.65384684914952,146.28468756311878,152.3105010986328,4757300,0.0,0.0
2018-04-05 00:00:00-04:00,152.79119864416296,154.54228302289488,152.19891605938847,153.76116943359375,3799900,0.0,0.0
2018-04-06 00:00:00-04:00,152.77401358567522,153.23754473950538,148.79973493244427,149.7439422607422,5236900,0.0,0.0
2018-04-09 00:00:00-04:00,150.2675392136927,150.51647598396636,147.9585020093842,148.07867431640625,5079800,0.0,0.0
2018-04-10 00:00:00-04:00,149.3834246702665,149.52076820398676,147.84693481739686,148.91990661621094,4783000,0.0,0.0
2018-04-11 00:00:00-04:00,147.64089959238396,150.26753210576348,147.46922674730135,148.3791046142578,4228400,0.0,0.0
2018-04-12 00:00:00-04:00,148.7653975986304,149.56369545856464,148.41345969158624,148.80831909179688,3396700,0.0,0.0
2018-04-13 00:00:00-04:00,149.7782659938852,150.6538014457227,147.8383248329697,148.32760620117188,4311200,0.0,0.0
2018-04-16 00:00:00-04:00,149.55507276565507,150.7310585688648,148.7739593798332,149.72674560546875,3534200,0.0,0.0
2018-04-17 00:00:00-04:00,150.86839154256398,151.28042208246745,149.44349515990902,150.13877868652344,3106500,0.0,0.0
2018-04-18 00:00:00-04:00,150.2160155769451,154.72249604425346,150.20743651983338,154.379150390625,5858900,0.0,0.0
2018-04-19 00:00:00-04:00,154.0787519554955,154.25042482557942,150.8770077410189,152.00148010253906,5407300,0.0,0.0
2018-04-20 00:00:00-04:00,152.6624073567127,153.55511398166183,151.34909114145012,151.9413604736328,5008600,0.0,0.0
2018-04-23 00:00:00-04:00,152.46497092792947,153.11734605464034,151.1859971411269,152.4993133544922,2987700,0.0,0.0
2018-04-24 00:00:00-04:00,153.9070822529371,154.50794385949723,150.2589780229212,151.297607421875,4435400,0.0,0.0
2018-04-25 00:00:00-04:00,151.14309059441388,152.8512662952823,149.8297742512525,152.26756286621094,5587300,0.0,0.0
2018-04-26 00:00:00-04:00,153.18598768318907,159.59805276503155,152.85980018398428,159.4178009033203,8782500,0.0,0.0
2018-04-27 00:00:00-04:00,159.22047322695687,160.55094809128363,157.8298925430554,160.0531005859375,4382400,0.0,0.0
2018-04-30 00:00:00-04:00,160.50800731828497,161.203290971118,158.62815856933594,158.62815856933594,4173200,0.0,0.0
2018-05-01 00:00:00-04:00,158.5680991931978,158.5680991931978,155.70970005460305,158.48226928710938,3423900,0.0,0.0
2018-05-02 00:00:00-04:00,158.3620838066383,160.61960792636967,157.72687968480764,159.5809783935547,3866500,0.0,0.0
2018-05-03 00:00:00-04:00,158.6882532981624,158.71400357680918,155.5380092649529,157.24618530273438,4123900,0.0,0.0
2018-05-04 00:00:00-04:00,156.86849233629934,159.95865665837852,156.08736564685688,158.82559204101562,3896200,0.0,0.0
2018-05-07 00:00:00-04:00,159.14317788264376,159.2290208688632,156.79981105422206,157.5637664794922,3582300,0.0,0.0
2018-05-08 00:00:00-04:00,157.46933526573702,159.05733873373572,156.65387933533228,158.8341522216797,4168200,0.0,0.0
2018-05-09 00:00:00-04:00,158.82558052647587,160.0873964416956,157.57235676845667,159.96722412109375,3392300,0.0,0.0
2018-05-10 00:00:00-04:00,159.63244421584724,161.34919899530652,159.55519339424345,160.65391540527344,3850100,0.0,0.0
2018-05-11 00:00:00-04:00,161.05737320913096,163.77842829031033,160.81702855890572,163.35781860351562,5355100,0.0,0.0
2018-05-14 00:00:00-04:00,164.37931586036436,164.50806726552014,162.97157707351408,164.018798828125,7035900,0.0,0.0
2018-05-15 00:00:00-04:00,162.6625254668286,162.82561927666504,159.7440473994199,161.3577880859375,10147000,0.0,0.0
2018-05-16 00:00:00-04:00,162.47372606563007,162.47372606563007,159.5724053187354,159.98443603515625,5044800,0.0,0.0
2018-05-17 00:00:00-04:00,159.87278973770904,160.67107442771058,158.68822474191364,159.0830841064453,4227700,0.0,0.0
2018-05-18 00:00:00-04:00,159.44361689317796,161.55523125678758,159.27194401675627,160.87710571289062,4697900,0.0,0.0
2018-05-21 00:00:00-04:00,161.54663622179774,163.66682960723153,161.37496334843402,162.9114532470703,4147800,0.0,0.0
2018-05-22 00:00:00-04:00,163.14320957292068,163.76124236020257,160.10455928361793,160.4049835205078,4585600,0.0,0.0
2018-05-23 00:00:00-04:00,160.60241597577513,160.7912600506545,158.78264699037396,160.23330688476562,7387400,0.0,0.0
2018-05-24 00:00:00-04:00,160.33633877888622,160.86854177295518,158.5165825417399,160.64535522460938,3941300,0.0,0.0
2018-05-25 00:00:00-04:00,160.2676450745055,161.2290235409616,159.70111286485846,160.3878173828125,2730400,0.0,0.0
2018-05-29 00:00:00-04:00,159.2719454428156,160.37066757911313,158.15605208938186,158.79983520507812,4725500,0.0,0.0
2018-05-30 00:00:00-04:00,159.5421610438152,162.10581633981454,158.83434445948603,161.49295043945312,3976000,1.03,0.0
2018-05-31 00:00:00-04:00,161.55338252678848,161.72601654501545,159.9046993347888,161.02684020996094,4839900,0.0,0.0
2018-06-01 00:00:00-04:00,161.59653158863622,162.99488414854048,161.000933077231,161.71737670898438,3706200,0.0,0.0
2018-06-04 00:00:00-04:00,162.46834667195967,165.33410811248746,162.25255086702626,165.17874145507812,4103300,0.0,0.0
2018-06-05 00:00:00-04:00,164.38459240961498,166.05916973851595,163.74583217114,165.6793670654297,4231300,0.0,0.0
2018-06-06 00:00:00-04:00,166.65480711844737,167.10365295410156,165.04928564333915,167.10365295410156,4134700,0.0,0.0
2018-06-07 00:00:00-04:00,167.31082737528686,170.21975099898248,167.31082737528686,169.33067321777344,4378700,0.0,0.0
2018-06-08 00:00:00-04:00,169.07169288062119,171.34186896121676,168.32935478548052,171.19512939453125,4006200,0.0,0.0
2018-06-11 00:00:00-04:00,171.69577715520003,173.0855026638488,171.20375639850576,172.32589721679688,4243000,0.0,0.0
2018-06-12 00:00:00-04:00,172.49852990315065,173.79330472098658,172.21367786269107,173.7674102783203,4616700,0.0,0.0
2018-06-13 00:00:00-04:00,173.7588073387875,174.0004976180193,172.34318720137307,172.9042510986328,5128100,0.0,0.0
2018-06-14 00:00:00-04:00,172.86108162274206,173.49984200156922,171.04840460898683,172.351806640625,4305900,0.0,0.0
2018-06-15 00:00:00-04:00,171.73030969997208,174.0177532783767,171.34187986096194,173.10276794433594,7820900,0.0,0.0
2018-06-18 00:00:00-04:00,171.72168329304878,173.4221554030164,171.00523959235562,173.2322540283203,3396300,0.0,0.0
2018-06-19 00:00:00-04:00,171.0915895389787,172.5503584385322,170.99663883700697,171.95477294921875,5501100,0.0,0.0
2018-06-20 00:00:00-04:00,172.63665633548243,172.7488743768626,171.01386755116675,171.842529296875,3389600,0.0,0.0
2018-06-21 00:00:00-04:00,171.95475733626,173.44806081247054,171.43684206868764,172.9042510986328,4695100,0.0,0.0
2018-06-22 00:00:00-04:00,173.31856679567852,173.67247510522517,170.1938475043929,170.40101623535156,6785800,0.0,0.0
2018-06-25 00:00:00-04:00,170.4010407524865,170.77220329800008,168.372554463113,169.511962890625,5127200,0.0,0.0
2018-06-26 00:00:00-04:00,169.68457606384018,170.33196354406442,168.83866011093082,169.4946746826172,3270600,0.0,0.0
2018-06-27 00:00:00-04:00,169.75364818305843,170.9016836692145,168.32938769069946,168.33802795410156,3771700,0.0,0.0
2018-06-28 00:00:00-04:00,168.32073987576138,169.1925502483823,167.0345920448469,168.50201416015625,2994000,0.0,0.0
2018-06-29 00:00:00-04:00,169.06304261310245,171.6266974756163,168.3120775303295,168.4070281982422,4106600,0.0,0.0
2018-07-02 00:00:00-04:00,167.30218897696946,167.61292231222987,165.8347668699827,167.47482299804688,3822800,0.0,0.0
2018-07-03 00:00:00-04:00,167.83736375062082,168.9336102347058,166.94828600111995,167.12954711914062,1608400,0.0,0.0
2018-07-05 00:00:00-04:00,167.88051864436454,168.09631446150522,166.70658887227404,167.81146240234375,3040600,0.0,0.0
2018-07-06 00:00:00-04:00,167.95821080687804,168.62286564652842,166.55121779039442,167.87188720703125,2552400,0.0,0.0
2018-07-09 00:00:00-04:00,168.92493115136162,169.79675451764163,168.34660005107776,169.25294494628906,2575100,0.0,0.0
2018-07-10 00:00:00-04:00,169.66729388864826,170.70311113229772,169.51192722910972,170.57363891601562,2842400,0.0,0.0
2018-07-11 00:00:00-04:00,170.23696937126834,170.7030824426764,169.1407231635099,170.00390625,3309300,0.0,0.0
2018-07-12 00:00:00-04:00,171.08292228335736,171.32461254640208,170.04710498871836,170.86712646484375,2709200,0.0,0.0
2018-07-13 00:00:00-04:00,171.30733094166428,172.57619803396602,171.30733094166428,171.505859375,2308100,0.0,0.0
2018-07-16 00:00:00-04:00,171.8943142639295,171.96337050542368,170.815335186454,171.66989135742188,2530500,0.0,0.0
2018-07-17 00:00:00-04:00,171.45408751211698,173.87098999556483,171.45408751211698,173.58615112304688,4662800,0.0,0.0
2018-07-18 00:00:00-04:00,173.51706925963282,174.2939287758522,172.80062571101197,173.47390747070312,3787800,0.0,0.0
2018-07-19 00:00:00-04:00,173.40491646136812,175.42476250011893,173.1114372600728,174.9068603515625,3691100,0.0,0.0
2018-07-20 00:00:00-04:00,174.43210645307562,175.88224827120195,174.20768350630854,174.75148010253906,3564100,0.0,0.0
2018-07-23 00:00:00-04:00,174.7600803198798,175.5628343914339,174.27668665347386,174.56153869628906,2264300,0.0,0.0
2018-07-24 00:00:00-04:00,175.68368175492984,176.30517473424408,173.80194863560067,174.35438537597656,5058100,0.0,0.0
2018-07-25 00:00:00-04:00,173.84510018268546,174.61333274348425,171.83389481349354,173.4998321533203,4382700,0.0,0.0
2018-07-26 00:00:00-04:00,173.9573593746818,174.46663444837733,171.69582295369653,172.1187744140625,4280000,0.0,0.0
2018-07-27 00:00:00-04:00,172.81793251719628,173.0596227850288,169.77088338198223,170.16795349121094,3871200,0.0,0.0
2018-07-30 00:00:00-04:00,169.64140041442656,170.53911835621338,169.52918237892047,170.28878784179688,2331100,0.0,0.0
2018-07-31 00:00:00-04:00,170.6427265342903,170.93620572591772,169.93490983210654,170.49598693847656,2795900,0.0,0.0
2018-08-01 00:00:00-04:00,169.92622099170262,170.6858263138958,168.83861505675844,169.44284057617188,3086800,0.0,0.0
2018-08-02 00:00:00-04:00,168.40707658547075,169.0458238339294,167.06913976087324,168.8904571533203,3543500,0.0,0.0
2018-08-03 00:00:00-04:00,169.2098404612753,169.5292141037821,168.53655846450596,168.87319946289062,2309000,0.0,0.0
2018-08-06 00:00:00-04:00,168.85590690858234,169.23570965441687,168.4156881828913,168.9163360595703,2515700,0.0,0.0
2018-08-07 00:00:00-04:00,169.4860149143604,170.21971268114552,168.87314908927684,170.09024047851562,3052500,0.0,0.0
2018-08-08 00:00:00-04:00,170.42691861687123,171.69579916442805,170.30607347763402,170.9275665283203,2176700,0.0,0.0
2018-08-09 00:00:00-04:00,171.77345127875938,172.4122115678349,170.94478963809732,170.9793243408203,2466000,0.0,0.0
2018-08-10 00:00:00-04:00,170.34054518056777,170.84982003470705,168.873136584527,169.44284057617188,2873000,0.0,0.0
2018-08-13 00:00:00-04:00,169.44289411267147,170.55639483804143,167.45756977492775,167.5784149169922,5294400,0.0,0.0
2018-08-14 00:00:00-04:00,168.46746167628567,169.1666379530726,165.10105250244845,166.68067932128906,11488000,0.0,0.0
2018-08-15 00:00:00-04:00,165.51540863136634,167.61293786580265,164.94570445492707,167.44894409179688,6049300,0.0,0.0
2018-08-16 00:00:00-04:00,167.4748071295821,169.26158949368704,167.2158495369368,168.65736389160156,5690100,0.0,0.0
2018-08-17 00:00:00-04:00,168.83865763241027,169.16665832787245,168.1653757165513,168.8041229248047,3885800,0.0,0.0
2018-08-20 00:00:00-04:00,169.04580369301064,171.29008540049807,168.6660009574853,170.849853515625,2956700,0.0,0.0
2018-08-21 00:00:00-04:00,171.62669300205974,173.27537584232945,171.26415768978703,172.83514404296875,4124600,0.0,0.0
2018-08-22 00:00:00-04:00,173.32718539566727,175.70093914364517,171.47133365366102,171.74755859375,5007000,0.0,0.0
2018-08-23 00:00:00-04:00,172.1101102144852,173.85374409297063,171.89431439882074,172.77476501464844,3595000,0.0,0.0
2018-08-24 00:00:00-04:00,172.93878280448365,174.79462166731338,172.63666337512433,173.75880432128906,3054300,0.0,0.0
2018-08-27 00:00:00-04:00,175.0794139622746,175.1829917101712,173.66379433280133,174.345703125,2521300,0.0,0.0
2018-08-28 00:00:00-04:00,174.6219797477805,174.72555752636308,173.18046525426965,174.33712768554688,3516300,0.0,0.0
2018-08-29 00:00:00-04:00,174.48461165511605,175.2481107837827,174.1375738177103,174.97914123535156,2488000,1.03,0.0
2018-08-30 00:00:00-04:00,174.38918964616929,174.77093924417514,172.74073991512165,172.87954711914062,2825400,0.0,0.0
2018-08-31 00:00:00-04:00,172.98367697065115,174.31111607247553,172.90558219393165,174.1896514892578,4023300,0.0,0.0
2018-09-04 00:00:00-04:00,174.12020332095472,178.65778819498303,173.9553557285153,177.9290008544922,4612800,0.0,0.0
2018-09-05 00:00:00-04:00,177.7121268595997,179.30852221036534,176.25453871077104,177.1221466064453,3667100,0.0,0.0
2018-09-06 00:00:00-04:00,177.50386691750728,179.67288629888935,176.8184626179938,178.6317596435547,3490400,0.0,0.0
2018-09-07 00:00:00-04:00,178.2500551711183,179.79439630193914,178.2326993048599,178.92678833007812,3672700,0.0,0.0
2018-09-10 00:00:00-04:00,180.5752212473558,183.6031640904755,180.5752212473558,182.79629516601562,5586600,0.0,0.0
2018-09-11 00:00:00-04:00,184.80050701847193,186.24073949927163,183.4990949972151,185.53797912597656,5969500,0.0,0.0
2018-09-12 00:00:00-04:00,185.69411086144345,186.90875658074373,182.98717855063404,183.91551208496094,5660100,0.0,0.0
2018-09-13 00:00:00-04:00,183.4470033475557,183.4470033475557,181.06975310600748,181.720458984375,4701100,0.0,0.0
2018-09-14 00:00:00-04:00,182.36247879246048,182.6574622561739,180.0719948155117,181.39076232910156,3622400,0.0,0.0
2018-09-17 00:00:00-04:00,181.39945900834104,182.23235516808242,180.68801418485978,180.80947875976562,3074700,0.0,0.0
2018-09-18 00:00:00-04:00,181.00905903676457,183.6986358602983,180.60128222271817,183.0826416015625,4338500,0.0,0.0
2018-09-19 00:00:00-04:00,183.93286853422487,184.5141642187852,182.77027716510423,183.6552276611328,2579100,0.0,0.0
2018-09-20 00:00:00-04:00,183.63789487471814,184.46211974807258,183.07394178552582,183.11732482910156,4020800,0.0,0.0
2018-09-21 00:00:00-04:00,183.3255204454226,184.50546751640167,182.64010290844953,184.27120971679688,9749200,0.0,0.0
2018-09-24 00:00:00-04:00,183.51642059491553,183.79404822956133,180.42773869210023,180.45376586914062,4623700,0.0,0.0
2018-09-25 00:00:00-04:00,181.19124753074027,181.59035302690805,179.42133307493506,179.99395751953125,4443300,0.0,0.0
2018-09-26 00:00:00-04:00,180.96562154641524,181.45147975605067,179.79434581782434,180.04595947265625,2965800,0.0,0.0
2018-09-27 00:00:00-04:00,180.0285873609952,180.31489947410998,178.44086377298166,179.45596313476562,3218800,0.0,0.0
2018-09-28 00:00:00-04:00,179.10895096252955,181.1998888749081,179.0308694401529,179.72494506835938,3966100,0.0,0.0
2018-10-01 00:00:00-04:00,180.91356923442365,182.0154215298594,179.91581239253844,180.11537170410156,3670500,0.0,0.0
2018-10-02 00:00:00-04:00,180.01993491233046,180.4971085788764,177.5732747286192,177.64268493652344,4428000,0.0,0.0
2018-10-03 00:00:00-04:00,178.866043190591,179.12632820155252,176.68833894547993,176.7664337158203,4162500,0.0,0.0
2018-10-04 00:00:00-04:00,176.6883415097573,176.78377890720677,172.020620063659,172.52383422851562,5996200,0.0,0.0
2018-10-05 00:00:00-04:00,172.71472695974288,173.261310984947,168.81049104914177,170.380859375,5016600,0.0,0.0
2018-10-08 00:00:00-04:00,170.2593822540888,172.35899182281668,169.23559802879808,172.14208984375,3731800,0.0,0.0
2018-10-09 00:00:00-04:00,171.74297847689544,172.8101324704196,169.68675202235346,169.83424377441406,4466800,0.0,0.0
2018-10-10 00:00:00-04:00,172.74939506913645,172.86218832308177,167.7519787484731,168.05563354492188,6157900,0.0,0.0
2018-10-11 00:00:00-04:00,168.06430748129847,170.63241907495035,163.51803798626068,164.61990356445312,5831400,0.0,0.0
2018-10-12 00:00:00-04:00,167.23142402784777,167.9602114922505,164.98432272661634,166.98849487304688,5450200,0.0,0.0
2018-10-15 00:00:00-04:00,166.89303583771513,167.69990473184853,165.45280372193164,165.86058044433594,3642800,0.0,0.0
2018-10-16 00:00:00-04:00,166.43322426803135,168.3853420339107,165.37474157588508,167.9515380859375,4057400,0.0,0.0
2018-10-17 00:00:00-04:00,164.53314574181576,165.42678073344925,159.62248232463435,160.65493774414062,8985700,0.0,0.0
2018-10-18 00:00:00-04:00,159.86540224393048,160.85447456791354,155.76162121637242,156.5511474609375,9262000,0.0,0.0
2018-10-19 00:00:00-04:00,156.46434959302132,157.02830246966892,154.92869369064414,156.0392303466797,7004300,0.0,0.0
2018-10-22 00:00:00-04:00,156.8808699038427,157.38407084568556,154.05245962173686,155.0849151611328,4866700,0.0,0.0
2018-10-23 00:00:00-04:00,152.49943482056267,155.7269370672467,152.21312264270335,154.89402770996094,7004900,0.0,0.0
2018-10-24 00:00:00-04:00,154.9373915916257,158.22561909684615,152.96791831762675,153.54054260253906,6791700,0.0,0.0
2018-10-25 00:00:00-04:00,154.01776909828357,156.60323711784008,153.4191174864086,155.36256408691406,5228000,0.0,0.0
2018-10-26 00:00:00-04:00,153.46250081813417,153.8615930676964,148.28288021701871,149.42811584472656,9472200,0.0,0.0
2018-10-29 00:00:00-04:00,150.73818420557436,152.6903017590407,148.31755102563523,150.26966857910156,5918400,0.0,0.0
2018-10-30 00:00:00-04:00,150.23500753785697,153.07207622420515,149.78384766178462,152.90724182128906,5657100,0.0,0.0
2018-10-31 00:00:00-04:00,154.4168323259223,155.1716601131678,152.34325021630494,152.59486389160156,6339500,0.0,0.0
2018-11-01 00:00:00-04:00,153.42776267346196,156.91554979308475,152.61220920999668,156.56851196289062,5225300,0.0,0.0
2018-11-02 00:00:00-04:00,158.31243538260836,158.78093788518981,153.90498508260183,156.10870361328125,4730600,0.0,0.0
2018-11-05 00:00:00-05:00,157.05435852948193,158.26033277180392,155.5620721411728,158.0694580078125,3885300,0.0,0.0
2018-11-06 00:00:00-05:00,157.84385883994392,158.46853742852488,156.21276540410926,157.91326904296875,3338800,0.0,0.0
2018-11-07 00:00:00-05:00,159.45765680522356,162.8326511482583,157.95669878207943,162.44223022460938,4673400,0.0,0.0
2018-11-08 00:00:00-05:00,162.35547586605745,163.70894211607964,161.13214550982724,163.11029052734375,4054000,0.0,0.0
2018-11-09 00:00:00-05:00,163.3879219879455,163.52672918709598,160.47275898745548,161.36639404296875,4761100,0.0,0.0
2018-11-12 00:00:00-05:00,160.7069780045726,162.19926437675372,155.3191413517672,155.6748504638672,7590400,0.0,0.0
2018-11-13 00:00:00-05:00,153.82688802029605,157.57494737878025,149.966035394997,155.30181884765625,14274000,0.0,0.0
2018-11-14 00:00:00-05:00,158.4338801086034,158.6854805761238,155.4319509314085,156.08265686035156,7561100,0.0,0.0
2018-11-15 00:00:00-05:00,155.3104690979487,155.88309342907039,150.6253922255676,153.87892150878906,8663100,0.0,0.0
2018-11-16 00:00:00-05:00,150.9550729895574,154.09580872083106,150.53861174931797,153.58392333984375,6834900,0.0,0.0
2018-11-19 00:00:00-05:00,153.31499305118484,155.19770054681433,149.48883915427064,150.60804748535156,6203400,0.0,0.0
2018-11-20 00:00:00-05:00,146.84263208555464,149.22855372948538,144.89051437688406,146.6691131591797,8661000,0.0,0.0
2018-11-21 00:00:00-05:00,147.49332439256636,148.3001932832235,146.75585247514582,146.88600158691406,5752100,0.0,0.0
2018-11-23 00:00:00-05:00,146.96409262217256,147.77964611624935,146.16589499185028,146.49559020996094,2711000,0.0,0.0
2018-11-26 00:00:00-05:00,147.6668554471561,149.566918782894,146.51293540219552,147.33717346191406,6140500,0.0,0.0
2018-11-27 00:00:00-05:00,146.72117917893954,150.42586878743944,146.46957870148808,150.28704833984375,7084200,0.0,0.0
2018-11-28 00:00:00-05:00,150.91548263256172,155.05253600566908,148.91676805578732,154.8605194091797,7133600,1.03,0.0
2018-11-29 00:00:00-05:00,154.31063213073259,154.72084810481084,152.66976823441956,153.31564331054688,4329300,0.0,0.0
2018-11-30 00:00:00-05:00,153.3942266277028,157.42654855102992,152.83563652006512,157.38291931152344,8942400,0.0,0.0
2018-12-03 00:00:00-05:00,159.9750791528634,160.15837252350087,156.53626751835972,158.62225341796875,7610600,0.0,0.0
2018-12-04 00:00:00-05:00,158.02874411461818,159.0499157911228,152.3468360731944,153.00143432617188,7059600,0.0,0.0
2018-12-06 00:00:00-05:00,151.4304260901349,153.64732675633186,148.77712650148797,153.5775146484375,7571200,0.0,0.0
2018-12-07 00:00:00-05:00,153.04507262467516,155.67218874594084,150.33067141163468,150.81069946289062,6226100,0.0,0.0
2018-12-10 00:00:00-05:00,151.33438506574146,151.85806898656077,146.39434713569747,149.8506317138672,5373800,0.0,0.0
2018-12-11 00:00:00-05:00,152.12867935951428,153.26331931341335,149.45791986851202,150.30453491210938,5229400,0.0,0.0
2018-12-12 00:00:00-05:00,151.64864745436793,154.3717728620555,150.82821523081074,152.05014038085938,5912500,0.0,0.0
2018-12-13 00:00:00-05:00,152.13735952115007,152.66104344957625,150.18230126640816,151.75332641601562,6102200,0.0,0.0
2018-12-14 00:00:00-05:00,150.97654591228834,152.8617921842146,150.07756532590278,150.3743133544922,4265200,0.0,0.0
2018-12-17 00:00:00-05:00,149.69351858958032,150.11247104603467,145.69610379629856,146.60382080078125,5631700,0.0,0.0
2018-12-18 00:00:00-05:00,147.41551840946386,150.07755391729748,147.06640467505483,148.41050720214844,4462200,0.0,0.0
2018-12-19 00:00:00-05:00,149.1785723079095,152.69594576179804,145.5564673980315,146.2459716796875,6996900,0.0,0.0
2018-12-20 00:00:00-05:00,145.12881520912708,146.0277958658723,141.59398150206707,143.2784881591797,7675600,0.0,0.0
2018-12-21 00:00:00-05:00,142.10017889802506,146.59509464806953,139.79599370556042,140.06655883789062,13034100,0.0,0.0
2018-12-24 00:00:00-05:00,139.7872860810506,140.86954673081914,137.9805884074485,138.02423095703125,4547400,0.0,0.0
2018-12-26 00:00:00-05:00,139.1763501049513,146.87442016601562,139.1588904190715,146.87442016601562,6141500,0.0,0.0
2018-12-27 00:00:00-05:00,145.26843305580914,148.7770830976982,142.5802148796297,148.65489196777344,5069300,0.0,0.0
2018-12-28 00:00:00-05:00,149.440409312882,151.0987194609856,147.15368381399844,148.56761169433594,4552000,0.0,0.0
2018-12-31 00:00:00-05:00,149.65861156988862,151.20346711315256,148.9429111164795,149.96409606933594,4206000,0.0,0.0
2019-01-02 00:00:00-05:00,148.1224986340266,151.15109430057612,147.5464489747742,150.4790496826172,4242900,0.0,0.0
2019-01-03 00:00:00-05:00,149.98156282551548,149.98156282551548,146.81331603516455,147.1624298095703,4810500,0.0,0.0
2019-01-04 00:00:00-05:00,148.53269964591905,152.51266816945898,147.95666331086687,151.53512573242188,4762600,0.0,0.0
2019-01-07 00:00:00-05:00,151.71839275855697,155.51505393628494,151.71839275855697,154.5200653076172,4928800,0.0,0.0
2019-01-08 00:00:00-05:00,155.85551812898066,156.74576234520597,153.2720306387359,155.2620086669922,4722400,0.0,0.0
2019-01-09 00:00:00-05:00,155.24453084017244,158.21205116767322,154.57248616450457,156.86793518066406,4922000,0.0,0.0
2019-01-10 00:00:00-05:00,155.38416159296006,156.44025258911395,153.90913146181057,156.28314208984375,3605300,0.0,0.0
2019-01-11 00:00:00-05:00,155.29685785703603,157.33047769662807,154.58989398978804,156.58860778808594,3285100,0.0,0.0
2019-01-14 00:00:00-05:00,155.0001272368846,156.43151481110507,154.39789474396736,156.06494140625,3871400,0.0,0.0
2019-01-15 00:00:00-05:00,153.68222294993052,155.20089576543353,152.9141567005493,154.02261352539062,5016100,0.0,0.0
2019-01-16 00:00:00-05:00,154.56370784668297,155.2968545587891,153.49017063839665,154.5200653076172,4075400,0.0,0.0
2019-01-17 00:00:00-05:00,151.87553778132715,153.1411052239128,150.12121902780734,152.6261444091797,6499200,0.0,0.0
2019-01-18 00:00:00-05:00,154.4677203535607,157.138478962297,153.76947958814017,156.73699951171875,6371100,0.0,0.0
2019-01-22 00:00:00-05:00,154.9128440931207,155.8816499197749,153.053781024122,154.5811767578125,6272700,0.0,0.0
2019-01-23 00:00:00-05:00,154.12736392290458,155.41037778444237,152.32940254356257,154.3892059326172,4910400,0.0,0.0
2019-01-24 00:00:00-05:00,154.48522150634696,154.9478033075773,153.00146780516442,154.7383270263672,3860100,0.0,0.0
2019-01-25 00:00:00-05:00,156.91156744848374,157.86291373312517,155.89039575058848,157.45269775390625,4501800,0.0,0.0
2019-01-28 00:00:00-05:00,156.20462406863464,157.09488155783072,154.84306162506275,156.95523071289062,4091400,0.0,0.0
2019-01-29 00:00:00-05:00,156.19589966703393,157.23451785885325,155.43655652724186,156.83303833007812,3686900,0.0,0.0
2019-01-30 00:00:00-05:00,157.51380993673214,160.76934179309814,156.91157736247382,159.00628662109375,5197700,0.0,0.0
2019-01-31 00:00:00-05:00,158.41276176185514,161.17952850963835,158.02872869339717,160.18453979492188,5138000,0.0,0.0
2019-02-01 00:00:00-05:00,160.6209613257993,161.59849049819582,159.57360673854075,160.91770935058594,4513100,0.0,0.0
2019-02-04 00:00:00-05:00,160.8566629456006,162.71571350097656,160.45517003350082,162.71571350097656,3050200,0.0,0.0
2019-02-05 00:00:00-05:00,163.11713914631912,163.20442423142754,161.1969871344412,162.6807403564453,4135200,0.0,0.0
2019-02-06 00:00:00-05:00,162.9426182432826,162.9426182432826,160.64715584040118,161.22320556640625,3072500,0.0,0.0
2019-02-07 00:00:00-05:00,160.3678589413929,161.3977538653299,159.241942417063,160.6558837890625,2793400,0.0,0.0
2019-02-08 00:00:00-05:00,159.7656257326015,161.10100518231047,159.4776008860985,161.0660858154297,2792300,0.0,0.0
2019-02-11 00:00:00-05:00,161.46756610550102,161.83413952230302,159.50377138259628,159.6521453857422,3729200,0.0,0.0
2019-02-12 00:00:00-05:00,160.45508007688179,162.68943941893602,160.17579181804112,161.92138671875,3773200,0.0,0.0
2019-02-13 00:00:00-05:00,162.60218329114906,164.6794323664965,162.27051596643386,164.44378662109375,4146900,0.0,0.0
2019-02-14 00:00:00-05:00,163.64953137204807,164.89762540541906,162.3403351210717,163.83282470703125,2600600,0.0,0.0
2019-02-15 00:00:00-05:00,165.718102727633,168.11829651401678,165.00241550569544,167.9175567626953,4997900,0.0,0.0
2019-02-19 00:00:00-05:00,167.32404305946267,168.61577985029265,166.9487331453206,167.86517333984375,3828400,0.0,0.0
2019-02-20 00:00:00-05:00,167.91753288033522,167.92625606207838,166.8003529968109,167.44622802734375,3970100,0.0,0.0
2019-02-21 00:00:00-05:00,167.4462268081861,167.9000719765521,166.36395297734916,167.4200439453125,3094200,0.0,0.0
2019-02-22 00:00:00-05:00,167.3066010079104,168.04847109663615,167.2454987735136,167.9175567626953,3321600,0.0,0.0
2019-02-25 00:00:00-05:00,168.2317555141633,168.8165283709879,165.79665580781386,165.81410217285156,6190700,0.0,0.0
2019-02-26 00:00:00-05:00,161.9825212216306,164.49618284808614,159.54742150937878,164.34780883789062,13635100,0.0,0.0
2019-02-27 00:00:00-05:00,163.99870909474254,164.52239312679066,159.90529840499107,160.30677795410156,8766200,0.0,0.0
2019-02-28 00:00:00-05:00,160.24566484284057,161.63341000511096,159.8179891706271,161.5897674560547,8060600,0.0,0.0
2019-03-01 00:00:00-05:00,162.18329335676668,162.8291552044276,159.59980601261054,161.615966796875,5481300,0.0,0.0
2019-03-04 00:00:00-05:00,162.51491028969326,162.54982965164476,158.93644812406544,160.42892456054688,5046800,0.0,0.0
2019-03-05 00:00:00-05:00,160.80423329677686,161.57228612233683,159.94015888545826,160.59475708007812,3691000,0.0,0.0
2019-03-06 00:00:00-05:00,161.0573589836792,161.44139210364912,160.45512643807507,160.98753356933594,4460900,0.0,0.0
2019-03-07 00:00:00-05:00,160.9351909604549,161.1359307318856,158.48263119480805,159.29432678222656,4122200,0.0,0.0
2019-03-08 00:00:00-05:00,158.40404466900594,158.77061807085104,156.68463229412447,158.17710876464844,3867100,0.0,0.0
2019-03-11 00:00:00-04:00,158.8491822112163,159.89653679299775,158.1509413840833,159.23321533203125,3866200,0.0,0.0
2019-03-12 00:00:00-04:00,160.09725605960654,160.8304161591349,159.13718669819798,160.59475708007812,3777000,0.0,0.0
2019-03-13 00:00:00-04:00,161.12236190785742,161.59717631010514,159.2230774648559,159.2758331298828,4528300,1.36,0.0
2019-03-14 00:00:00-04:00,159.39893260102505,159.8034150572998,158.71308212834606,159.68910217285156,4393000,0.0,0.0
2019-03-15 00:00:00-04:00,160.2958254108166,160.46289396630445,157.8953486626641,160.23426818847656,8059100,0.0,0.0
2019-03-18 00:00:00-04:00,160.4980507406361,161.33338005319905,160.32219405646575,161.28062438964844,4395800,0.0,0.0
2019-03-19 00:00:00-04:00,161.95769340987312,163.39095160829854,161.3333867256923,161.90493774414062,4437100,0.0,0.0
2019-03-20 00:00:00-04:00,162.05440901321546,164.53401910555402,161.28941164490476,163.63714599609375,4772600,0.0,0.0
2019-03-21 00:00:00-04:00,163.10958070740315,167.0664168970706,163.10958070740315,167.0400390625,4755700,0.0,0.0
2019-03-22 00:00:00-04:00,166.4596892595291,168.8689675271511,165.89693979620932,165.96728515625,5173600,0.0,0.0
2019-03-25 00:00:00-04:00,165.9672792961843,168.57000385776828,165.75624322351368,166.78501892089844,3845900,0.0,0.0
2019-03-26 00:00:00-04:00,167.67312488528273,168.9920702107211,165.958498645614,166.48606872558594,4143300,0.0,0.0
2019-03-27 00:00:00-04:00,166.758680617235,168.4821087433852,165.65077116135805,166.40696716308594,4298400,0.0,0.0
2019-03-28 00:00:00-04:00,166.98731246434252,168.29745653278812,166.32783965125634,167.11920166015625,3326100,0.0,0.0
2019-03-29 00:00:00-04:00,167.81380866670503,168.86016064466222,167.18950200166694,168.728271484375,4674100,0.0,0.0
2019-04-01 00:00:00-04:00,169.69550348577448,172.25424711592945,169.5724024637636,172.025634765625,5381400,0.0,0.0
2019-04-02 00:00:00-04:00,171.9025360640161,171.9025360640161,170.60118046847708,170.85617065429688,2717800,0.0,0.0
2019-04-03 00:00:00-04:00,171.44529417222734,174.79541298719207,170.6803102145754,174.63714599609375,4581500,0.0,0.0
2019-04-04 00:00:00-04:00,174.9800577634048,176.29021478482008,174.1183506829391,176.25503540039062,3138400,0.0,0.0
2019-04-05 00:00:00-04:00,176.61559215571893,178.61160005952473,176.3957679104498,177.67074584960938,3615300,0.0,0.0
2019-04-08 00:00:00-04:00,177.0640065820904,179.19190339941622,176.94970711244846,178.9808807373047,3040900,0.0,0.0
2019-04-09 00:00:00-04:00,177.84658589602765,178.24228023403643,176.26386221201608,176.65074157714844,3721700,0.0,0.0
2019-04-10 00:00:00-04:00,176.96728444892372,177.26625558371376,174.11837115732118,175.35816955566406,3587500,0.0,0.0
2019-04-11 00:00:00-04:00,175.77146050771142,177.17834103909266,175.00647643041418,177.16075134277344,2465100,0.0,0.0
2019-04-12 00:00:00-04:00,177.73225271280722,179.60514562819637,177.73225271280722,179.24464416503906,3097900,0.0,0.0
2019-04-15 00:00:00-04:00,179.51726156591883,180.37896878671842,178.8489873229669,180.1327667236328,3049900,0.0,0.0
2019-04-16 00:00:00-04:00,180.47567589935213,181.12636038923287,179.63154503185837,179.78982543945312,3271400,0.0,0.0
2019-04-17 00:00:00-04:00,180.55481927894553,181.873764607418,180.53724300147667,181.6187744140625,3271900,0.0,0.0
2019-04-18 00:00:00-04:00,181.15277487923356,182.7003327962982,180.34382323506287,180.8362274169922,3162500,0.0,0.0
2019-04-22 00:00:00-04:00,179.4732963747818,181.35499126259586,179.37657317609484,180.0624237060547,2593900,0.0,0.0
2019-04-23 00:00:00-04:00,180.3789595522377,182.30462184614942,178.87535599957886,181.1791229248047,3702600,0.0,0.0
2019-04-24 00:00:00-04:00,181.27579976030952,183.15749404607845,180.73062671622552,181.76820373535156,2750900,0.0,0.0
2019-04-25 00:00:00-04:00,181.14395352217682,182.6475571577232,180.3086241322094,181.57481384277344,3292100,0.0,0.0
2019-04-26 00:00:00-04:00,181.02966881516537,181.25828120272124,178.79624694432061,179.03366088867188,3560300,0.0,0.0
2019-04-29 00:00:00-04:00,178.76982238324666,179.20068262638108,176.15830992897048,177.75863647460938,3785200,0.0,0.0
2019-04-30 00:00:00-04:00,177.22229472209605,179.15674523881952,176.55402048426004,179.11277770996094,3415600,0.0,0.0
2019-05-01 00:00:00-04:00,178.6731152067844,178.95449663575022,174.68111345661777,174.80421447753906,4644700,0.0,0.0
2019-05-02 00:00:00-04:00,175.24387683850676,176.79143456991486,174.80422838352658,176.74746704101562,2810000,0.0,0.0
2019-05-03 00:00:00-04:00,177.61798111671575,177.89056102022334,176.14076870402695,176.35179138183594,3583400,0.0,0.0
2019-05-06 00:00:00-04:00,174.75146866336092,175.79782069166498,174.37336402400263,175.53404235839844,2619400,0.0,0.0
2019-05-07 00:00:00-04:00,173.0016546349403,173.79301643038198,169.6691254885297,171.26065063476562,4622100,0.0,0.0
2019-05-08 00:00:00-04:00,171.0144807121745,172.87858608437014,170.3022388620924,171.61239624023438,3122600,0.0,0.0
2019-05-09 00:00:00-04:00,169.97688655971277,171.53324587495774,168.4644947741539,171.09359741210938,2917700,0.0,0.0
2019-05-10 00:00:00-04:00,169.8889649173469,171.89376083457492,167.07520402151232,171.09359741210938,3863600,0.0,0.0
2019-05-13 00:00:00-04:00,167.94568026511203,168.52601934370065,166.3101877635465,167.36534118652344,3325900,0.0,0.0
2019-05-14 00:00:00-04:00,167.50605179579435,169.49325786886664,167.07519150436042,168.49085998535156,3663600,0.0,0.0
2019-05-15 00:00:00-04:00,167.7785929783765,169.53718629240717,167.30377868706918,168.61392211914062,3355800,0.0,0.0
2019-05-16 00:00:00-04:00,169.23826740830694,171.42772141582802,169.00085349977928,169.1591339111328,3854000,0.0,0.0
2019-05-17 00:00:00-04:00,167.8226149001464,171.02325523260066,167.72589169983843,169.3350067138672,5223800,0.0,0.0
2019-05-20 00:00:00-04:00,168.05998326436006,169.5811628049345,167.602745221695,167.90170288085938,4782800,0.0,0.0
2019-05-21 00:00:00-04:00,164.54284425978597,169.28225433294162,163.8481921485311,168.34140014648438,8555600,0.0,0.0
2019-05-22 00:00:00-04:00,167.49726182476323,169.01844161884816,165.35177536355383,166.10797119140625,5706000,0.0,0.0
2019-05-23 00:00:00-04:00,165.7034754383567,169.29979604697292,163.78661489891965,168.82498168945312,7754000,0.0,0.0
2019-05-24 00:00:00-04:00,169.29981906853232,170.46049741563948,167.42692579679982,170.22308349609375,3799500,0.0,0.0
2019-05-28 00:00:00-04:00,170.91771760362198,172.75544470980017,168.25344935230981,168.42930603027344,5165800,0.0,0.0
2019-05-29 00:00:00-04:00,167.31259209427793,168.7194723247974,165.33417431717479,167.05760192871094,4569900,0.0,0.0
2019-05-30 00:00:00-04:00,167.18070769661935,169.26463685431938,167.14552831050366,168.0160369873047,3029800,0.0,0.0
2019-05-31 00:00:00-04:00,166.7498357968383,167.32137331981107,165.88812873517048,166.9344940185547,3681500,0.0,0.0
2019-06-03 00:00:00-04:00,166.64434119033575,168.71068071806064,165.96727886548732,166.6883087158203,4620200,0.0,0.0
2019-06-04 00:00:00-04:00,168.4556759617705,171.9025176728428,168.3149852591952,171.6826934814453,5118100,0.0,0.0
2019-06-05 00:00:00-04:00,171.78896589349006,174.1885806768576,170.96549037890594,174.16201782226562,3704600,1.36,0.0
2019-06-06 00:00:00-04:00,174.12659080366276,175.01205531527276,172.63016712837944,174.5870361328125,3732900,0.0,0.0
2019-06-07 00:00:00-04:00,174.61358133205695,176.22513306557863,173.73698020131073,174.70213317871094,3522300,0.0,0.0
2019-06-10 00:00:00-04:00,175.8178387700668,176.96009560503757,174.7198713759069,175.3662567138672,3154500,0.0,0.0
2019-06-11 00:00:00-04:00,176.22513828678703,177.8366765569406,173.40935431536502,175.330810546875,3708500,0.0,0.0
2019-06-12 00:00:00-04:00,176.03919742370147,177.26114277350462,175.30426025759638,176.15431213378906,2551500,0.0,0.0
2019-06-13 00:00:00-04:00,177.04865902246053,179.46597380152977,176.60592668506445,179.1737823486328,3630900,0.0,0.0
2019-06-14 00:00:00-04:00,178.25283398855174,182.84839632925912,178.25283398855174,182.20201110839844,4898000,0.0,0.0
2019-06-17 00:00:00-04:00,183.2911810935505,184.87615685956408,182.40571645058648,183.27346801757812,4620500,0.0,0.0
2019-06-18 00:00:00-04:00,184.26516844396372,186.09807293904737,183.3885537221574,183.71617126464844,3891300,0.0,0.0
2019-06-19 00:00:00-04:00,184.0880784896865,184.60164956103785,182.3171493516958,184.12350463867188,3648200,0.0,0.0
2019-06-20 00:00:00-04:00,185.56680839627805,187.41742602488875,185.33657897091828,187.05438232421875,5171500,0.0,0.0
2019-06-21 00:00:00-04:00,187.0632239464926,187.70962275445282,185.13291783688894,185.40740966796875,9855000,0.0,0.0
2019-06-24 00:00:00-04:00,184.30942714086524,185.2922932596202,181.62647083231278,181.96295166015625,4943500,0.0,0.0
2019-06-25 00:00:00-04:00,182.67130026790417,183.37967445850575,180.8118197064643,181.28997802734375,3587900,0.0,0.0
2019-06-26 00:00:00-04:00,181.82128457045894,183.57451407965502,181.21031187887093,182.777587890625,3071200,0.0,0.0
2019-06-27 00:00:00-04:00,183.83131983601675,184.17665051528817,182.4145709660671,183.30889892578125,2286800,0.0,0.0
2019-06-28 00:00:00-04:00,183.9729799762618,185.0620976289557,183.6364991115607,184.1500701904297,11069000,0.0,0.0
2019-07-01 00:00:00-04:00,185.68192451448422,187.99298766835577,184.32716475301999,186.19549560546875,4097700,0.0,0.0
2019-07-02 00:00:00-04:00,186.16005453675524,186.1777540981045,184.58392886527815,186.07150268554688,3160500,0.0,0.0
2019-07-03 00:00:00-04:00,185.78817925079403,188.38258390930883,185.68191431672875,187.80703735351562,2183700,0.0,0.0
2019-07-05 00:00:00-04:00,185.92100928373304,187.86902876585128,185.70849290871146,187.2403564453125,2547800,0.0,0.0
2019-07-08 00:00:00-04:00,186.8153078592478,188.9935566074391,186.4699772235596,188.52426147460938,2705300,0.0,0.0
2019-07-09 00:00:00-04:00,187.6564863410181,188.8961447565487,187.01010103451028,187.71847534179688,2397400,0.0,0.0
2019-07-10 00:00:00-04:00,186.58511621795577,187.11640042404636,184.91158853322466,186.61167907714844,3457400,0.0,0.0
2019-07-11 00:00:00-04:00,187.9398353214173,189.56023693633514,186.8507177973667,189.52481079101562,3450100,0.0,0.0
2019-07-12 00:00:00-04:00,190.37487761259484,193.25263739045965,190.02954697969574,193.23492431640625,4429800,0.0,0.0
2019-07-15 00:00:00-04:00,193.87245866467813,194.18237665865857,191.9775650862593,193.65109252929688,3141300,0.0,0.0
2019-07-16 00:00:00-04:00,192.41143322532233,193.34117362680573,191.9067119889598,192.37600708007812,2657400,0.0,0.0
2019-07-17 00:00:00-04:00,191.90673983660642,192.65939015443305,190.91502380371094,190.91502380371094,3037300,0.0,0.0
2019-07-18 00:00:00-04:00,190.8175879529286,191.4639732148541,188.61277662023667,189.87899780273438,3068000,0.0,0.0
2019-07-19 00:00:00-04:00,190.08270078664515,190.57855884449845,188.54198738307056,188.63938903808594,3254800,0.0,0.0
2019-07-22 00:00:00-04:00,188.60396303829808,188.83417897424852,186.28405007002317,187.07211303710938,2764900,0.0,0.0
2019-07-23 00:00:00-04:00,188.22320736863867,189.60452991579328,187.47940687230266,188.67478942871094,2589900,0.0,0.0
2019-07-24 00:00:00-04:00,188.77219310308558,190.1889283028842,188.66594167865787,190.11810302734375,2207100,0.0,0.0
2019-07-25 00:00:00-04:00,189.73734890178477,191.1895102708584,189.16180232989817,190.8618927001953,2335300,0.0,0.0
2019-07-26 00:00:00-04:00,190.8441861077496,192.33177367673554,189.577978202144,192.06613159179688,2675500,0.0,0.0
2019-07-29 00:00:00-04:00,191.9598350701952,193.27033220399346,191.57024205564716,193.06666564941406,2407200,0.0,0.0
2019-07-30 00:00:00-04:00,192.6062924680854,193.55373270643028,192.02188250174953,192.46461486816406,2172600,0.0,0.0
2019-07-31 00:00:00-04:00,191.57025896711573,192.85417985012867,187.8690101576884,189.2149200439453,3426400,0.0,0.0
2019-08-01 00:00:00-04:00,189.613371273361,192.6859342305644,187.73619081945827,188.4534149169922,3431500,0.0,0.0
2019-08-02 00:00:00-04:00,187.59449384434257,188.7278872288031,186.9038326729093,187.8512725830078,2884900,0.0,0.0
2019-08-05 00:00:00-04:00,185.53139658143496,185.912153385266,180.70561721302576,181.4671173095703,4553200,0.0,0.0
2019-08-06 00:00:00-04:00,181.5290913911124,185.14178855276583,181.07750931257476,184.885009765625,3646800,0.0,0.0
2019-08-07 00:00:00-04:00,182.44109605803152,184.6193446302142,179.86440468200024,184.096923828125,3901100,0.0,0.0
2019-08-08 00:00:00-04:00,185.68191017014465,187.44398945768503,184.81415870950468,187.33773803710938,2968000,0.0,0.0
2019-08-09 00:00:00-04:00,187.23146347106487,188.08151532527887,184.1323377599913,185.9652557373047,2912100,0.0,0.0
2019-08-12 00:00:00-04:00,184.26518497366416,185.6287944854597,182.53851822935482,183.30001831054688,2005000,0.0,0.0
2019-08-13 00:00:00-04:00,182.6801841685936,187.3819986391366,181.32542452491566,184.4688262939453,3876700,0.0,0.0
2019-08-14 00:00:00-04:00,181.04208587554515,181.83899855746057,178.42995467246507,178.50079345703125,4582100,0.0,0.0
2019-08-15 00:00:00-04:00,179.7493203717431,180.42226862834417,176.25173777609288,178.6779022216797,4199700,0.0,0.0
2019-08-16 00:00:00-04:00,180.4134114832113,181.0155209233158,178.571643501705,180.32485961914062,4093600,0.0,0.0
2019-08-19 00:00:00-04:00,183.27342264681323,184.90268745497966,181.78584890023092,184.13232421875,6413600,0.0,0.0
2019-08-20 00:00:00-04:00,189.0466799182693,192.89845608451677,187.86901045482148,192.22549438476562,12452600,0.0,0.0
2019-08-21 00:00:00-04:00,193.67766310712787,195.5814200539848,191.93329680988145,195.15638732910156,7938600,0.0,0.0
2019-08-22 00:00:00-04:00,194.8464663940451,197.1575292850267,194.69593905001838,195.7053680419922,4544600,0.0,0.0
2019-08-23 00:00:00-04:00,194.71363819256663,195.5725398386633,191.26918182717964,192.5619659423828,5769300,0.0,0.0
2019-08-26 00:00:00-04:00,193.43855412323572,194.35943113222942,191.41968290949595,193.60678100585938,3680200,0.0,0.0
2019-08-27 00:00:00-04:00,194.40371266258754,195.16521259071564,192.95155158000776,193.21719360351562,4311700,0.0,0.0
2019-08-28 00:00:00-04:00,192.92502067373337,196.65281886679858,192.24320918642735,196.5288543701172,3066700,0.0,0.0
2019-08-29 00:00:00-04:00,198.25551274325488,201.62028082717222,198.13154824332136,201.2838134765625,4184200,0.0,0.0
2019-08-30 00:00:00-04:00,202.2666145944368,203.0104149154464,200.72591527552584,201.80618286132812,3768300,0.0,0.0
2019-09-03 00:00:00-04:00,200.5134481136352,201.5583033264892,197.79507892389526,198.4060516357422,4139400,0.0,0.0
2019-09-04 00:00:00-04:00,199.5107016811847,199.68887329101562,196.58864378036594,199.68887329101562,3132900,1.36,0.0
2019-09-05 00:00:00-04:00,201.60430609195097,203.8136645144834,201.55975977990425,203.25241088867188,3373100,0.0,0.0
2019-09-06 00:00:00-04:00,203.74237058044798,206.12099656927774,203.01186279952478,205.90719604492188,3237900,0.0,0.0
2019-09-09 00:00:00-04:00,206.23678558829064,208.3481470346349,204.9717494850313,207.457275390625,4449100,0.0,0.0
2019-09-10 00:00:00-04:00,206.9049662970678,207.59094135860548,204.64215800745708,207.5731201171875,4210600,0.0,0.0
2019-09-11 00:00:00-04:00,207.51074347279797,208.17889726362915,205.80918881663527,207.2702178955078,2978300,0.0,0.0
2019-09-12 00:00:00-04:00,207.94724630391775,209.79135703254812,207.67107828414146,208.28578186035156,3366100,0.0,0.0
2019-09-13 00:00:00-04:00,208.75796225862808,209.32811958968165,206.97621889988278,208.44615173339844,3805500,0.0,0.0
2019-09-16 00:00:00-04:00,207.33259422402125,208.1165657731675,205.44395032139633,205.78248596191406,3120200,0.0,0.0
2019-09-17 00:00:00-04:00,202.04080722454728,205.1945009728223,201.75573532050038,205.0876007080078,3732500,0.0,0.0
2019-09-18 00:00:00-04:00,205.23005520512862,206.26346936781832,204.01846946802132,205.63986206054688,3341800,0.0,0.0
2019-09-19 00:00:00-04:00,205.9250180473866,206.14773600486532,203.07423091038387,203.22567749023438,3134000,0.0,0.0
2019-09-20 00:00:00-04:00,203.10983050259375,204.94502390967614,199.76014442959135,200.15213012695312,7687700,0.0,0.0
2019-09-23 00:00:00-04:00,199.6978043026975,202.35259817269582,199.5107152637835,201.55972290039062,2754000,0.0,0.0
2019-09-24 00:00:00-04:00,203.24346195778665,205.1142978995455,200.2501326071462,200.81138610839844,4511300,0.0,0.0
2019-09-25 00:00:00-04:00,201.86261500050094,203.51963690427556,200.0006964121845,203.2078399658203,3716700,0.0,0.0
2019-09-26 00:00:00-04:00,204.61539773802645,205.89825511214696,204.00961153003777,204.71339416503906,4200600,0.0,0.0
2019-09-27 00:00:00-04:00,206.33479758943733,206.45951908526925,204.12543955171896,204.77577209472656,3152000,0.0,0.0
2019-09-30 00:00:00-04:00,205.06977626112138,207.20786308574523,205.0074087118711,206.7000732421875,3249200,0.0,0.0
2019-10-01 00:00:00-04:00,207.5820316758832,208.9183393659153,205.54194125029574,205.86265563964844,3335400,0.0,0.0
2019-10-02 00:00:00-04:00,205.435031782623,205.435031782623,199.85816590611734,200.93612670898438,4336100,0.0,0.0
2019-10-03 00:00:00-04:00,200.44614853655287,202.05862426757812,197.88043348532517,202.05862426757812,2777700,0.0,0.0
2019-10-04 00:00:00-04:00,202.37933883130194,204.19672485876697,202.2457135029403,203.056396484375,3163100,0.0,0.0
2019-10-07 00:00:00-04:00,202.68223835415992,203.23458811390623,201.3815731383982,201.99627685546875,2917600,0.0,0.0
2019-10-08 00:00:00-04:00,200.7668591025713,203.81363887119076,200.5352373401467,201.93389892578125,3438500,0.0,0.0
2019-10-09 00:00:00-04:00,203.56417579079238,204.50849758228205,201.88042888488914,203.95616149902344,2657600,0.0,0.0
2019-10-10 00:00:00-04:00,204.31249543489088,206.89603130634433,204.08087370584562,206.33477783203125,2781500,0.0,0.0
2019-10-11 00:00:00-04:00,208.74907829820913,210.86934385319765,208.25017869164634,209.05197143554688,3459200,0.0,0.0
2019-10-14 00:00:00-04:00,208.65998635518014,209.7913973054901,208.51744360998964,208.6243438720703,2183900,0.0,0.0
2019-10-15 00:00:00-04:00,209.07866145052571,211.0118512233898,208.99848626766374,209.90716552734375,2663300,0.0,0.0
2019-10-16 00:00:00-04:00,209.72903208182814,210.39718591448806,208.32145304312297,210.15664672851562,2388100,0.0,0.0
2019-10-17 00:00:00-04:00,210.56641052652566,212.17888593687715,209.80916423408726,210.93167114257812,2250500,0.0,0.0
2019-10-18 00:00:00-04:00,211.12766474897205,212.6777726284379,209.92498265510486,211.96507263183594,3662500,0.0,0.0
2019-10-21 00:00:00-04:00,212.25906601557227,212.90941208168312,209.89826167416783,210.8693084716797,2041700,0.0,0.0
2019-10-22 00:00:00-04:00,211.40385090560795,212.2947225793833,210.70897208755304,211.31475830078125,2003200,0.0,0.0
2019-10-23 00:00:00-04:00,210.83370694649815,211.50186074419534,208.7846992481686,209.0608673095703,2110500,0.0,0.0
2019-10-24 00:00:00-04:00,209.18556707232025,210.57532465214578,207.63545912264829,208.365966796875,2173900,0.0,0.0
2019-10-25 00:00:00-04:00,208.00966065561315,209.72903669789446,207.17223899193476,208.8025360107422,2210900,0.0,0.0
2019-10-28 00:00:00-04:00,209.31028658933005,211.1009472641757,208.96284719764128,210.95840454101562,2705000,0.0,0.0
2019-10-29 00:00:00-04:00,210.99405021263263,211.58202879723348,208.39270647928672,208.5886993408203,2558000,0.0,0.0
2019-10-30 00:00:00-04:00,208.0274592640633,210.78026332673886,207.46621930033027,210.4595489501953,1956700,0.0,0.0
2019-10-31 00:00:00-04:00,211.01185332876008,211.48401420182108,207.76908116230715,208.9806671142578,2824100,0.0,0.0
2019-11-01 00:00:00-04:00,210.30807120654404,211.53746480636218,209.4082821646577,211.43946838378906,2197400,0.0,0.0
2019-11-04 00:00:00-05:00,212.26801031932476,212.374910576666,208.35708397931367,209.28358459472656,2542400,0.0,0.0
2019-11-05 00:00:00-05:00,209.12324982572676,209.28360022371334,205.14105181889565,206.8604278564453,3624600,0.0,0.0
2019-11-06 00:00:00-05:00,207.42166303308338,208.49961019579584,206.58424144601005,208.47288513183594,2631900,0.0,0.0
2019-11-07 00:00:00-05:00,208.4640211199351,210.05867581311858,206.46846320354314,207.5196990966797,2832500,0.0,0.0
2019-11-08 00:00:00-05:00,207.39495887755743,207.8047522953382,206.35264049716943,207.4305877685547,2088400,0.0,0.0
2019-11-11 00:00:00-05:00,205.34592293126732,206.9316734395157,205.06083746776855,206.50405883789062,2309600,0.0,0.0
2019-11-12 00:00:00-05:00,206.81584609620597,209.02521755410075,206.68222078745617,207.67999267578125,2991100,0.0,0.0
2019-11-13 00:00:00-05:00,206.76241318835034,209.26576053393072,205.65774096104715,209.1766815185547,2399600,0.0,0.0
2019-11-14 00:00:00-05:00,209.35484866642184,211.0831419325201,208.49960585663285,210.73570251464844,2282200,0.0,0.0
2019-11-15 00:00:00-05:00,211.7513306484446,212.0720450558374,210.56646946539956,211.3949737548828,3524700,0.0,0.0
2019-11-18 00:00:00-05:00,212.41946831350148,213.19452240818396,210.92279666205917,212.78472900390625,5747400,0.0,0.0
2019-11-19 00:00:00-05:00,205.4349858160618,207.67997234502107,200.8024428597738,201.21224975585938,14972200,0.0,0.0
2019-11-20 00:00:00-05:00,200.0452538815772,200.4461434497519,196.499588128103,196.79356384277344,10225400,0.0,0.0
2019-11-21 00:00:00-05:00,197.72004210728892,198.04966024437584,194.65544167436974,194.69107055664062,7823700,0.0,0.0
2019-11-22 00:00:00-05:00,194.6554967403173,195.21675034861337,194.0407929966836,194.23678588867188,5786500,0.0,0.0
2019-11-25 00:00:00-05:00,194.21004771725296,194.68220867237832,193.21227567527094,194.56639099121094,8865400,0.0,0.0
2019-11-26 00:00:00-05:00,194.88709503844095,196.8470237221292,194.55747684783148,196.66883850097656,9981400,0.0,0.0
2019-11-27 00:00:00-05:00,197.48842580212622,199.06527246840426,196.57974648373536,198.6643829345703,6687500,0.0,0.0
2019-11-29 00:00:00-05:00,198.931691870384,198.95841693907192,196.2501588339363,196.44615173339844,2952900,0.0,0.0
2019-12-02 00:00:00-05:00,196.79357947635972,197.05193991642676,193.72899183613882,193.87152099609375,4416300,0.0,0.0
2019-12-03 00:00:00-05:00,192.82919380834616,192.82919380834616,189.6933213406608,190.6465606689453,6505400,0.0,0.0
2019-12-04 00:00:00-05:00,191.41758871513872,192.7265862077681,191.13965435835374,191.95553588867188,4256200,1.36,0.0
2019-12-05 00:00:00-05:00,192.18861900070058,192.314138170699,189.8665075154479,190.9692840576172,4580500,0.0,0.0
2019-12-06 00:00:00-05:00,192.0541600902084,193.08520955090512,191.77621205139815,192.11691284179688,4193700,0.0,0.0
2019-12-09 00:00:00-05:00,192.12589545977875,195.34459075276007,192.02727225558323,194.13421630859375,5111100,0.0,0.0
2019-12-10 00:00:00-05:00,194.12520298850424,194.2776181390815,192.85207613024434,193.56932067871094,4663000,0.0,0.0
2019-12-11 00:00:00-05:00,189.2030651167514,191.55207288640614,188.826507559212,190.07273864746094,8284800,0.0,0.0
2019-12-12 00:00:00-05:00,190.52102480431236,191.9824375135334,188.9340929083252,190.1085968017578,9915100,0.0,0.0
2019-12-13 00:00:00-05:00,190.18032451155844,192.07208676892864,188.88030142790186,191.93760681152344,6869200,0.0,0.0
2019-12-16 00:00:00-05:00,192.25143873297876,194.3045910554606,192.13489397201963,193.2376708984375,5850300,0.0,0.0
2019-12-17 00:00:00-05:00,193.67696057961498,196.75218761006062,193.54246693699923,195.2011260986328,7574400,0.0,0.0
2019-12-18 00:00:00-05:00,195.64046459645672,196.87772138063463,195.1294133416911,195.45217895507812,6677400,0.0,0.0
2019-12-19 00:00:00-05:00,195.8825298296147,197.9356819528422,195.70321863890624,197.44256591796875,5405000,0.0,0.0
2019-12-20 00:00:00-05:00,197.7742781276665,198.65292615611716,197.06599418694194,198.31222534179688,7778200,0.0,0.0
2019-12-23 00:00:00-05:00,199.03847176281852,199.03847176281852,196.4742818946874,196.53704833984375,3943700,0.0,0.0
2019-12-24 00:00:00-05:00,196.79700835212475,198.17771938444045,196.5459699826128,197.8459930419922,2260700,0.0,0.0
2019-12-26 00:00:00-05:00,197.90878731347925,198.27637046875023,196.87772401885314,197.9805145263672,2649200,0.0,0.0
2019-12-27 00:00:00-05:00,198.3212217627991,198.85019462075726,197.04809438643633,197.21844482421875,3082800,0.0,0.0
2019-12-30 00:00:00-05:00,197.5769962965808,197.68459392845105,194.15210826786793,194.83349609375,3952400,0.0,0.0
2019-12-31 00:00:00-05:00,194.64526918277727,195.90942194460638,194.05352995264735,195.79287719726562,3789900,0.0,0.0
2020-01-02 00:00:00-05:00,196.42041781495558,197.03007841552042,195.30866687911276,196.9404296875,3935700,0.0,0.0
2020-01-03 00:00:00-05:00,194.6810963571382,196.9583768170905,194.33143480712997,196.28594970703125,3423200,0.0,0.0
2020-01-06 00:00:00-05:00,194.0983747749811,197.24532942396823,194.01767310662171,197.20947265625,5682800,0.0,0.0
2020-01-07 00:00:00-05:00,196.7970150605474,197.7473765890336,194.46592877211427,195.9183807373047,5685400,0.0,0.0
2020-01-08 00:00:00-05:00,196.16945454179208,199.90814857667638,196.05289610215135,198.85018920898438,4916200,0.0,0.0
2020-01-09 00:00:00-05:00,199.61224345354387,202.22126411939053,198.9039595306616,201.89849853515625,4843600,0.0,0.0
2020-01-10 00:00:00-05:00,201.50401991033098,202.1674863469418,199.9619190862048,201.02883911132812,4226600,0.0,0.0
2020-01-13 00:00:00-05:00,201.2798769335668,201.2888377046401,199.64811368084102,200.23985290527344,6060900,0.0,0.0
2020-01-14 00:00:00-05:00,199.4688093327202,201.68333743414732,199.31639413585106,199.76467895507812,3915100,0.0,0.0
2020-01-15 00:00:00-05:00,199.28949157781648,201.71022678580567,199.15501160870406,201.36056518554688,3444300,0.0,0.0
2020-01-16 00:00:00-05:00,202.56194658894108,205.18890241591407,202.0867658342628,205.15304565429688,5390800,0.0,0.0
2020-01-17 00:00:00-05:00,205.8613188563085,208.5420665265936,205.23372295640223,207.92343139648438,7979200,0.0,0.0
2020-01-21 00:00:00-05:00,207.5827687422918,209.49246646327825,207.16137991483876,208.85589599609375,4873500,0.0,0.0
2020-01-22 00:00:00-05:00,209.60899679671152,212.06560237921258,208.79312887338614,208.81105041503906,4030800,0.0,0.0
2020-01-23 00:00:00-05:00,208.12069883392624,210.5324731681105,206.78480524851815,209.4834747314453,4617900,0.0,0.0
2020-01-24 00:00:00-05:00,210.2096713981501,211.07933114597913,206.71304246569295,208.0041046142578,4467500,0.0,0.0
2020-01-27 00:00:00-05:00,204.59717561226,208.42553155301815,204.59717561226,207.27792358398438,3595600,0.0,0.0
2020-01-28 00:00:00-05:00,207.84278734101582,210.9180147405931,207.42139850192396,209.67178344726562,3621900,0.0,0.0
2020-01-29 00:00:00-05:00,210.60417267260075,211.48282064343317,209.25931840603099,209.81520080566406,2564000,0.0,0.0
2020-01-30 00:00:00-05:00,208.00408806299112,209.16963094773243,207.6185698112685,208.71237182617188,4685700,0.0,0.0
2020-01-31 00:00:00-05:00,208.8648200341471,209.10688392977977,204.3192064660405,204.5074920654297,5304700,0.0,0.0
2020-02-03 00:00:00-05:00,206.47996784795916,209.37588363229992,205.62822952086663,207.59170532226562,5100900,0.0,0.0
2020-02-04 00:00:00-05:00,209.82417408424487,211.9131828111854,209.82417408424487,210.69384765625,3505100,0.0,0.0
2020-02-05 00:00:00-05:00,212.57664740693642,213.67046336076737,211.4648962314096,213.482177734375,3868600,0.0,0.0
2020-02-06 00:00:00-05:00,213.38352740736406,214.6476936051716,212.91730746650433,214.1366424560547,3930300,0.0,0.0
2020-02-07 00:00:00-05:00,214.13666197619588,214.7552971370721,212.0566277929783,212.75595092773438,2456100,0.0,0.0
2020-02-10 00:00:00-05:00,212.128348281237,215.7235870361328,211.75177705392161,215.7235870361328,2568000,0.0,0.0
2020-02-11 00:00:00-05:00,215.72361386624357,217.37329866115454,215.356017043733,216.64707946777344,2692400,0.0,0.0
2020-02-12 00:00:00-05:00,217.08640439680505,217.2388195890826,214.1366827140358,216.6022491455078,3592100,0.0,0.0
2020-02-13 00:00:00-05:00,216.0463865494876,218.4043690728754,215.53533528966125,217.29261779785156,2468100,0.0,0.0
2020-02-14 00:00:00-05:00,218.26093508795626,219.83889287204778,217.53471580277454,219.6864776611328,2841600,0.0,0.0
2020-02-18 00:00:00-05:00,219.51607456363516,220.65472166680263,218.00984436024055,218.70916748046875,2892600,0.0,0.0
2020-02-19 00:00:00-05:00,219.57886328319438,220.10783606208506,217.87537284056552,218.44021606445312,2713300,0.0,0.0
2020-02-20 00:00:00-05:00,218.4850183097,221.56024505294891,217.1042936522933,221.47059631347656,3701800,0.0,0.0
2020-02-21 00:00:00-05:00,221.00441002271216,221.77546043857393,218.7629859859707,219.96438598632812,3881100,0.0,0.0
2020-02-24 00:00:00-05:00,213.81389891639932,217.9650202420099,213.1145757734132,214.90771484375,5350100,0.0,0.0
2020-02-25 00:00:00-05:00,220.6457858238331,221.42579700438543,212.02077689901432,212.82769775390625,8061500,0.0,0.0
2020-02-26 00:00:00-05:00,214.36981855724844,216.1091522658431,210.08421652937517,210.94491577148438,6963000,0.0,0.0
2020-02-27 00:00:00-05:00,207.17034569093977,210.53248171775417,201.34264324446147,201.486083984375,7612800,0.0,0.0
2020-02-28 00:00:00-05:00,196.01702877027031,198.1956864732488,190.36863718691413,195.30873107910156,11809600,0.0,0.0
2020-03-02 00:00:00-05:00,197.22737227224303,206.21100328959156,195.89149235432058,206.15721130371094,7150800,0.0,0.0
2020-03-03 00:00:00-05:00,206.23787107099082,211.42901588742512,202.239178954435,204.36404418945312,8432500,0.0,0.0
2020-03-04 00:00:00-05:00,208.90968091787417,216.3601859049122,207.82483934561145,216.14500427246094,6770000,0.0,0.0
2020-03-05 00:00:00-05:00,212.12838110162502,214.82705077782333,209.03520491659066,210.5235137939453,6473900,0.0,0.0
2020-03-06 00:00:00-05:00,204.03234291029548,206.47099954619293,199.26258624761786,204.87510681152344,7399900,0.0,0.0
2020-03-09 00:00:00-04:00,191.7493236018535,193.82039705532966,185.81403761060102,188.69203186035156,10120500,0.0,0.0
2020-03-10 00:00:00-04:00,194.74386204800538,202.47228655916246,189.17615957840582,202.35572814941406,7206600,0.0,0.0
2020-03-11 00:00:00-04:00,196.12806449829355,197.79780733593796,189.9905982378532,192.14773559570312,7253900,1.5,0.0
2020-03-12 00:00:00-04:00,176.37083152635347,186.45251531062502,166.83068032592857,172.02044677734375,10928700,0.0,0.0
2020-03-13 00:00:00-04:00,180.91977321729453,185.76657328807258,171.4879393096813,185.6311798095703,10292300,0.0,0.0
2020-03-16 00:00:00-04:00,164.24027846280734,167.967888219666,147.21784767051452,148.88760375976562,12536600,0.0,0.0
2020-03-17 00:00:00-04:00,151.820926545031,157.75078947205512,140.1687736441917,156.72186279296875,16234400,0.0,0.0
2020-03-18 00:00:00-04:00,144.2303820485088,146.51387819088407,126.92815359435369,140.4666748046875,14681900,0.0,0.0
2020-03-19 00:00:00-04:00,138.23730357265552,147.03734064243022,128.16464245210332,145.43077087402344,13499100,0.0,0.0
2020-03-20 00:00:00-04:00,146.91999992317392,153.63510722331506,137.0188290754696,137.32569885253906,12602400,0.0,0.0
2020-03-23 00:00:00-04:00,135.43934397910382,148.86052494945505,132.08179011311256,146.56800842285156,12241600,0.0,0.0
2020-03-24 00:00:00-04:00,156.49626897837527,167.57980320055543,155.25072069939543,166.7223663330078,14676600,0.0,0.0
2020-03-25 00:00:00-04:00,166.45160034143456,172.88691503056694,162.46225116004493,164.05076599121094,11497400,0.0,0.0
2020-03-26 00:00:00-04:00,165.6122094186856,178.88897715793033,164.71866212918138,176.1903076171875,10170300,0.0,0.0
2020-03-27 00:00:00-04:00,170.12508669277264,177.24634931175297,168.32897099869194,171.984375,7121700,0.0,0.0
2020-03-30 00:00:00-04:00,172.0024061706612,178.88899127823507,169.33079858552696,176.9936065673828,6936700,0.0,0.0
2020-03-31 00:00:00-04:00,175.82023433397342,176.44300840501296,167.38121873648694,168.51846313476562,7335400,0.0,0.0
2020-04-01 00:00:00-04:00,158.77073725021762,164.95331967266765,157.94939708009844,161.22572326660156,7858200,0.0,0.0
2020-04-02 00:00:00-04:00,157.90427431425738,164.91723177332264,157.04683743898082,163.6446075439453,6353900,0.0,0.0
2020-04-03 00:00:00-04:00,162.0651036640287,163.68070805440854,157.89524401948302,161.2888946533203,7299800,0.0,0.0
2020-04-06 00:00:00-04:00,169.68280109670602,173.66312968305417,167.0924350827792,172.6883544921875,7454000,0.0,0.0
2020-04-07 00:00:00-04:00,183.14908043700228,184.22313846394889,173.15766073700627,173.55477905273438,6438800,0.0,0.0
2020-04-08 00:00:00-04:00,175.2877507979386,177.5983228518042,172.8778819334707,175.83831787109375,6094700,0.0,0.0
2020-04-09 00:00:00-04:00,180.33307730995438,185.91997506653627,177.35460035116492,181.89451599121094,7125100,0.0,0.0
2020-04-13 00:00:00-04:00,180.91975977294433,180.91975977294433,176.3347125047329,179.42149353027344,4415600,0.0,0.0
2020-04-14 00:00:00-04:00,182.21043708216519,189.2955878069183,180.63094304025208,186.98501586914062,5655400,0.0,0.0
2020-04-15 00:00:00-04:00,179.31321378587901,182.53538871135729,177.4539255892365,179.1417236328125,5693900,0.0,0.0
2020-04-16 00:00:00-04:00,179.71931984810496,182.5082651880805,177.6434246494936,180.37820434570312,7262800,0.0,0.0
2020-04-17 00:00:00-04:00,186.9849997095064,189.76491063567917,186.07341104205221,189.01577758789062,6717600,0.0,0.0
2020-04-20 00:00:00-04:00,186.04635870881606,190.46893669621102,185.35137744607835,185.97415161132812,4753100,0.0,0.0
2020-04-21 00:00:00-04:00,181.19055271333156,184.4307690057412,180.0713632703728,181.06419372558594,4845000,0.0,0.0
2020-04-22 00:00:00-04:00,182.21944413516462,185.66726033862085,181.5425181679818,184.2772979736328,4067700,0.0,0.0
2020-04-23 00:00:00-04:00,183.51015784698157,186.8045259954947,182.49025145831953,182.6075897216797,3565500,0.0,0.0
2020-04-24 00:00:00-04:00,184.78273779117603,192.18379243678828,183.98848733766027,191.50686645507812,5025200,0.0,0.0
2020-04-27 00:00:00-04:00,194.08822670184352,199.41338644060878,193.158582715514,196.543212890625,5472800,0.0,0.0
2020-04-28 00:00:00-04:00,202.16622137922397,202.37380817340954,195.776037967286,196.42588806152344,5080700,0.0,0.0
2020-04-29 00:00:00-04:00,199.7744155577827,202.32868487729303,198.40252199184533,200.19862365722656,4381100,0.0,0.0
2020-04-30 00:00:00-04:00,195.66771504712656,200.4693835253849,195.42403159757143,198.41152954101562,5152700,0.0,0.0
2020-05-01 00:00:00-04:00,195.64971225673793,198.29423046789424,194.74714405818395,197.2743377685547,3819300,0.0,0.0
2020-05-04 00:00:00-04:00,195.56842340551876,200.96578984485492,194.24166114450122,200.22567749023438,4090900,0.0,0.0
2020-05-05 00:00:00-04:00,203.02366848318076,206.55271302238359,201.823251270149,203.62838745117188,4655200,0.0,0.0
2020-05-06 00:00:00-04:00,205.21688422686935,206.18263860911722,201.99472358951468,202.10302734375,3321100,0.0,0.0
2020-05-07 00:00:00-04:00,204.4406709222859,209.0618284066287,204.3594431083037,207.09422302246094,4501300,0.0,0.0
2020-05-08 00:00:00-04:00,210.0275506243328,212.59987468550983,208.6285676046066,211.5889892578125,4365200,0.0,0.0
2020-05-11 00:00:00-04:00,209.18818013674166,215.50615586252104,208.718840940926,213.511474609375,4378300,0.0,0.0
2020-05-12 00:00:00-04:00,215.3256724749578,215.9394121559549,210.20809936523438,210.20809936523438,4399600,0.0,0.0
2020-05-13 00:00:00-04:00,210.33447753737786,213.27685854739434,206.27292082528143,207.68093872070312,6237200,0.0,0.0
2020-05-14 00:00:00-04:00,204.31429827933724,211.79659414504414,204.16086338360887,211.63412475585938,6434500,0.0,0.0
2020-05-15 00:00:00-04:00,210.10876468425954,219.53157528406203,210.02753688269738,216.01156616210938,16176300,0.0,0.0
2020-05-18 00:00:00-04:00,221.88731787332372,224.12569647017497,220.26269268918813,221.445068359375,8314800,0.0,0.0
2020-05-19 00:00:00-04:00,217.02243917150335,218.83660938415,214.6306398514625,214.9014129638672,9387000,0.0,0.0
2020-05-20 00:00:00-04:00,218.4214787681246,218.66517600971395,212.05837095041906,214.98269653320312,7534200,0.0,0.0
2020-05-21 00:00:00-04:00,214.46824816895793,217.681388710859,212.81654673424185,217.41062927246094,4772700,0.0,0.0
2020-05-22 00:00:00-04:00,217.2480883388091,218.72829912732254,215.4068559031824,218.31312561035156,3041800,0.0,0.0
2020-05-26 00:00:00-04:00,223.9722183627986,224.0354047262585,218.4846176628187,218.8546600341797,4535200,0.0,0.0
2020-05-27 00:00:00-04:00,219.04422549039893,223.28629224625348,217.32031734155962,223.25921630859375,4664800,0.0,0.0
2020-05-28 00:00:00-04:00,225.2087449500646,227.65469623241998,220.61466389908082,221.2554931640625,5259300,0.0,0.0
2020-05-29 00:00:00-04:00,221.18332992475814,225.38027973048102,220.88548080780262,224.27011108398438,5341600,0.0,0.0
2020-06-01 00:00:00-04:00,225.10948314526956,225.44342889072246,221.9143847844324,223.19602966308594,3407800,0.0,0.0
2020-06-02 00:00:00-04:00,224.40551782566936,228.09701815983874,222.93432737157147,228.08799743652344,5301000,0.0,0.0
2020-06-03 00:00:00-04:00,228.6236617360793,229.55885669101397,227.34343855742245,227.8972930908203,4638100,1.5,0.0
2020-06-04 00:00:00-04:00,226.78051190403605,228.9596040091776,224.69220722158306,226.03598022460938,4759400,0.0,0.0
2020-06-05 00:00:00-04:00,229.114000681874,232.3009404912808,227.33441167461282,231.43836975097656,5054300,0.0,0.0
2020-06-08 00:00:00-04:00,229.2501724408464,233.1725412649449,229.04133226051522,233.13621520996094,3811900,0.0,0.0
2020-06-09 00:00:00-04:00,231.82875002586653,234.5163098567635,230.49405162345317,233.12713623046875,3716100,0.0,0.0
2020-06-10 00:00:00-04:00,233.7536252186973,235.42426337747582,230.82091307361782,231.0297393798828,3589800,0.0,0.0
2020-06-11 00:00:00-04:00,225.95424601479968,227.55224581712616,216.76572290634783,217.42852783203125,6563700,0.0,0.0
2020-06-12 00:00:00-04:00,220.69720507658224,223.71161634756817,215.2312978175716,220.13426208496094,5238500,0.0,0.0
2020-06-15 00:00:00-04:00,215.74882671973086,219.92543618076402,212.74349002927437,219.14459228515625,6250900,0.0,0.0
2020-06-16 00:00:00-04:00,226.4445598904532,228.4874639490836,220.51559944197453,226.94393920898438,5291600,0.0,0.0
2020-06-17 00:00:00-04:00,229.5043694846554,231.18408216889344,227.06196214283463,227.76109313964844,4234000,0.0,0.0
2020-06-18 00:00:00-04:00,226.40823700594427,228.57825443829552,224.38349606927798,226.2720489501953,3347800,0.0,0.0
2020-06-19 00:00:00-04:00,229.80401367587618,230.89355973851858,223.7025390998828,223.9476776123047,11114600,0.0,0.0
2020-06-22 00:00:00-04:00,223.0851306088062,227.04382543052265,222.91261648595892,226.22666931152344,3815200,0.0,0.0
2020-06-23 00:00:00-04:00,229.71322059389735,230.11272406379697,227.10738730750248,227.27081298828125,3105300,0.0,0.0
2020-06-24 00:00:00-04:00,225.00090181245085,227.25263209244238,220.38847695285273,223.4755401611328,3873000,0.0,0.0
2020-06-25 00:00:00-04:00,222.26798446181212,223.67532126707772,219.90728957205494,222.7946014404297,2938400,0.0,0.0
2020-06-26 00:00:00-04:00,222.7673584751065,223.44832653991202,218.13677009269676,218.82681274414062,5002700,0.0,0.0
2020-06-29 00:00:00-04:00,220.32492142777102,223.8114741297431,218.21845384470734,223.46644592285156,3468300,0.0,0.0
2020-06-30 00:00:00-04:00,224.26548228671456,228.48747873944873,223.43923771114518,227.45240783691406,4524600,0.0,0.0
2020-07-01 00:00:00-04:00,226.6715367944453,227.28895496920953,224.20189180404648,225.30960083007812,3677300,0.0,0.0
2020-07-02 00:00:00-04:00,228.7507555796437,229.07762074924378,225.10076349483097,225.62738037109375,3369800,0.0,0.0
2020-07-06 00:00:00-04:00,227.23449518616636,228.3512788736122,224.30178290185682,226.5807647705078,3133800,0.0,0.0
2020-07-07 00:00:00-04:00,224.60143164471972,227.69756989730237,224.32905549115753,224.58328247070312,2927800,0.0,0.0
2020-07-08 00:00:00-04:00,225.05534015945761,226.79861627003822,223.55721636493075,226.23568725585938,2294000,0.0,0.0
2020-07-09 00:00:00-04:00,226.6806402360834,227.4523956877023,223.67530355917867,225.13711547851562,2994700,0.0,0.0
2020-07-10 00:00:00-04:00,225.43674422556245,227.2889851414077,223.93862000761692,227.0892333984375,2745300,0.0,0.0
2020-07-13 00:00:00-04:00,228.73260698040306,234.1258618374432,226.16308609567224,226.64430236816406,4437500,0.0,0.0
2020-07-14 00:00:00-04:00,226.0813498407709,234.41639054626896,225.59105903340603,234.0623016357422,4614200,0.0,0.0
2020-07-15 00:00:00-04:00,236.1960404759547,237.24018589621312,231.6653144163863,234.07139587402344,4343700,0.0,0.0
2020-07-16 00:00:00-04:00,233.12715508639582,236.52290695673818,232.43709858320528,234.3256378173828,2511200,0.0,0.0
2020-07-17 00:00:00-04:00,236.09614981383814,236.65907894031784,233.99877054135564,236.4139404296875,3091300,0.0,0.0
2020-07-20 00:00:00-04:00,235.19725521072755,237.1584462075428,234.2711210766263,236.22325134277344,2451100,0.0,0.0
2020-07-21 00:00:00-04:00,237.53982225301482,239.58272650362412,236.72266609450358,238.26620483398438,2439900,0.0,0.0
2020-07-22 00:00:00-04:00,238.42050094462522,241.14437280878224,237.88480946971322,240.76304626464844,2750000,0.0,0.0
2020-07-23 00:00:00-04:00,243.15096975689684,243.15096975689684,237.7032256006528,239.52822875976562,2680100,0.0,0.0
2020-07-24 00:00:00-04:00,240.64505920845644,242.324786094826,238.783729741904,240.89019775390625,2984500,0.0,0.0
2020-07-27 00:00:00-04:00,240.69039794822712,243.949961338534,240.69039794822712,242.8059539794922,2412500,0.0,0.0
2020-07-28 00:00:00-04:00,243.84102936672292,244.30409649275663,240.30908960163555,240.86293029785156,2227000,0.0,0.0
2020-07-29 00:00:00-04:00,240.42708740934927,242.52446660322457,239.8550975726493,240.29998779296875,2874100,0.0,0.0
2020-07-30 00:00:00-04:00,239.1015218869424,242.74244028549896,237.47627022280744,241.79815673828125,2347800,0.0,0.0
2020-07-31 00:00:00-04:00,240.60874432271183,242.5790243453933,236.62279748452744,241.0536346435547,3640600,0.0,0.0
2020-08-03 00:00:00-04:00,242.17947740335168,243.8591763579409,241.21704481528337,241.68008422851562,2363500,0.0,0.0
2020-08-04 00:00:00-04:00,242.08864991520667,243.23268493547454,239.55544138832357,243.21450805664062,2224000,0.0,0.0
2020-08-05 00:00:00-04:00,243.6867029434287,243.6867029434287,241.41680941495085,242.86045837402344,1959900,0.0,0.0
2020-08-06 00:00:00-04:00,242.06142996050767,245.54798278613666,241.99786629726634,244.5764617919922,2203400,0.0,0.0
2020-08-07 00:00:00-04:00,245.70233527417648,249.61565710536064,244.97598044780932,246.63755798339844,2846300,0.0,0.0
2020-08-10 00:00:00-04:00,247.34572098927515,249.68823845276896,246.78276423094718,249.44309997558594,2393100,0.0,0.0
2020-08-11 00:00:00-04:00,252.13073989185827,253.65610195975268,249.1526401698742,249.61570739746094,3321300,0.0,0.0
2020-08-12 00:00:00-04:00,254.00107835175592,256.92470223862836,251.4678694901982,255.66262817382812,3867900,0.0,0.0
2020-08-13 00:00:00-04:00,255.28131181683761,256.63415950737414,253.99200008718918,255.73529052734375,2202400,0.0,0.0
2020-08-14 00:00:00-04:00,255.2631514895872,256.0439815373811,253.49262351251352,254.72743225097656,2490400,0.0,0.0
2020-08-17 00:00:00-04:00,258.22307224463816,262.59943344791736,257.4694798142169,261.7096252441406,5584400,0.0,0.0
2020-08-18 00:00:00-04:00,262.30891195158557,263.83427387675306,256.9882943880859,258.76788330078125,6934300,0.0,0.0
2020-08-19 00:00:00-04:00,261.0013768545709,261.4644439073583,255.98037449492202,256.82476806640625,4986800,0.0,0.0
2020-08-20 00:00:00-04:00,254.71835936555536,255.96225648525245,253.7196007520055,254.845458984375,3530000,0.0,0.0
2020-08-21 00:00:00-04:00,254.2007866490724,257.4512613388433,252.79346402682287,257.1607360839844,5519100,0.0,0.0
2020-08-24 00:00:00-04:00,258.7587671362273,260.4475822863904,255.97135901368293,260.3567810058594,4430900,0.0,0.0
2020-08-25 00:00:00-04:00,260.82894142030847,261.0196324458173,257.7600683412278,259.79388427734375,2854500,0.0,0.0
2020-08-26 00:00:00-04:00,261.2465930976518,265.2325116815643,259.920955341282,265.05999755859375,4001900,0.0,0.0
2020-08-27 00:00:00-04:00,265.32334588898755,265.9861648494255,260.18430303394155,262.06378173828125,3430900,0.0,0.0
2020-08-28 00:00:00-04:00,261.7732427689167,262.24537072655176,258.5590652375061,259.9391784667969,3100100,0.0,0.0
2020-08-31 00:00:00-04:00,258.76781213574753,260.30226208054324,256.83385879061126,258.80413818359375,4105400,0.0,0.0
2020-09-01 00:00:00-04:00,257.88710563978026,260.2931868948046,257.40588938877545,259.6213073730469,3235100,0.0,0.0
2020-09-02 00:00:00-04:00,259.9955152952453,262.9071751540311,258.8545836218896,262.1404724121094,3464600,1.5,0.0
2020-09-03 00:00:00-04:00,262.23179900170516,262.596919524508,248.42198151050445,250.66732788085938,5380100,0.0,0.0
2020-09-04 00:00:00-04:00,251.50699176000796,252.6205422973178,241.5763448928339,246.1309356689453,5253500,0.0,0.0
2020-09-08 00:00:00-04:00,243.8034137028293,247.39052434270752,239.87861957195295,245.76583862304688,5241200,0.0,0.0
2020-09-09 00:00:00-04:00,248.68659967581607,255.33138496116658,248.03855825212185,252.8669891357422,4754700,0.0,0.0
2020-09-10 00:00:00-04:00,253.75236134252486,256.4632163350446,247.50918605622056,248.9056854248047,3156300,0.0,0.0
2020-09-11 00:00:00-04:00,250.07398849390287,253.7249700030084,249.599343070661,252.2189178466797,3729200,0.0,0.0
2020-09-14 00:00:00-04:00,254.24524671015203,257.8140849412614,253.76149271157507,256.1620178222656,3055800,0.0,0.0
2020-09-15 00:00:00-04:00,258.3435115632776,261.68416366141986,257.7410961500273,260.661865234375,4174900,0.0,0.0
2020-09-16 00:00:00-04:00,260.68922780254707,261.5745920480631,256.1893991913742,257.0565185546875,3379100,0.0,0.0
2020-09-17 00:00:00-04:00,253.66104881056108,258.05135146038066,252.7939296365735,255.53216552734375,3166600,0.0,0.0
2020-09-18 00:00:00-04:00,254.11749333971957,255.41357642929162,247.18062154995494,251.17845153808594,6072900,0.0,0.0
2020-09-21 00:00:00-04:00,248.14813003963854,249.08825684883445,243.2740721095058,248.5862579345703,3548000,0.0,0.0
2020-09-22 00:00:00-04:00,247.97463829551546,249.65408631765234,247.01626686517295,249.46241760253906,2972000,0.0,0.0
2020-09-23 00:00:00-04:00,251.3883416627756,252.48361939217148,241.59457383048934,243.29226684570312,4467600,0.0,0.0
2020-09-24 00:00:00-04:00,242.5256032648847,246.16747681509494,240.85529122665488,242.51649475097656,3095600,0.0,0.0
2020-09-25 00:00:00-04:00,241.138225750135,246.5781809024207,240.89179450320202,245.11778259277344,2457700,0.0,0.0
2020-09-28 00:00:00-04:00,248.20288526426458,250.29308032710603,246.71510559374008,248.56797790527344,3061100,0.0,0.0
2020-09-29 00:00:00-04:00,249.54457577822853,249.94618596489036,247.45438110511742,248.36712646484375,2048900,0.0,0.0
2020-09-30 00:00:00-04:00,249.61763546094895,255.49571838185,248.74137977432406,253.47853088378906,4778800,0.0,0.0
2020-10-01 00:00:00-04:00,255.05761162096388,255.56874688635395,251.78085853024493,253.3964080810547,2696900,0.0,0.0
2020-10-02 00:00:00-04:00,250.95022606948248,256.5544684206135,250.18352326516387,254.9389190673828,2943600,0.0,0.0
2020-10-05 00:00:00-04:00,256.4084711746954,257.7775893876311,255.29492058064983,257.4855041503906,2330700,0.0,0.0
2020-10-06 00:00:00-04:00,257.8505947820428,258.3069675161703,251.7078077529653,252.34674072265625,2992500,0.0,0.0
2020-10-07 00:00:00-04:00,256.34459730460964,259.21974026119784,255.56875800399786,258.1153259277344,3423700,0.0,0.0
2020-10-08 00:00:00-04:00,259.0736756914781,260.08683766655014,256.6366608398285,259.6943359375,2256200,0.0,0.0
2020-10-09 00:00:00-04:00,260.5614823501831,262.2135496248555,259.30188899053576,260.97222900390625,2240100,0.0,0.0
2020-10-12 00:00:00-04:00,262.31398242640324,263.1719377002147,261.10001512848277,261.8758544921875,2411900,0.0,0.0
2020-10-13 00:00:00-04:00,260.7714406187266,265.39903984617484,260.7714406187266,265.0248107910156,2699900,0.0,0.0
2020-10-14 00:00:00-04:00,264.24895644559683,264.9700053292245,260.2693716138345,262.04010009765625,2221000,0.0,0.0
2020-10-15 00:00:00-04:00,259.32920431184385,264.9243377625248,258.4164589621021,262.4508056640625,2699400,0.0,0.0
2020-10-16 00:00:00-04:00,263.0988496710656,267.11492367878367,262.1861043122761,262.5603332519531,3108600,0.0,0.0
2020-10-19 00:00:00-04:00,264.4771826716206,264.79662135830296,258.6538610952503,258.97332763671875,2428100,0.0,0.0
2020-10-20 00:00:00-04:00,260.26023028791803,264.50449072196676,259.33834854319446,261.0816955566406,2281500,0.0,0.0
2020-10-21 00:00:00-04:00,260.48846222871055,262.8889595935001,258.56255466075413,259.68524169921875,2304500,0.0,0.0
2020-10-22 00:00:00-04:00,259.1558280139111,260.753132669014,256.1620238316811,256.6275329589844,2787000,0.0,0.0
2020-10-23 00:00:00-04:00,257.74110901624283,258.4804307296872,255.15802334920363,258.3070068359375,1750600,0.0,0.0
2020-10-26 00:00:00-04:00,255.2401432413574,256.96521760487764,248.2667548452624,251.95425415039062,2911900,0.0,0.0
2020-10-27 00:00:00-04:00,252.82132395527245,255.32226513941976,252.02723996264928,252.68441772460938,3014100,0.0,0.0
2020-10-28 00:00:00-04:00,246.66946871727623,249.79107054974688,245.2455879810003,246.1857147216797,3255900,0.0,0.0
2020-10-29 00:00:00-04:00,246.1583544246342,249.81847306528505,243.98601551636116,246.1035919189453,2872500,0.0,0.0
2020-10-30 00:00:00-04:00,245.36426206068032,246.09444734872173,239.1667120621004,243.4383544921875,3872800,0.0,0.0
2020-11-02 00:00:00-05:00,246.5782284115406,250.80424517013492,245.09044856557819,247.1167449951172,2956400,0.0,0.0
2020-11-03 00:00:00-05:00,250.86807403608773,255.13971574248833,249.8366672967487,253.16818237304688,3037500,0.0,0.0
2020-11-04 00:00:00-05:00,252.61140671078383,261.99442759889,251.92684771256177,258.0513610839844,3525300,0.0,0.0
2020-11-05 00:00:00-05:00,263.19018910666773,263.78346815266326,259.29274771901123,260.9083251953125,2516600,0.0,0.0
2020-11-06 00:00:00-05:00,261.71147548994537,261.7571016140101,258.17001919349417,259.438720703125,2839100,0.0,0.0
2020-11-09 00:00:00-05:00,262.8524331383341,263.25404334702296,245.95750668963748,246.41387939453125,7856400,0.0,0.0
2020-11-10 00:00:00-05:00,248.98783733590588,251.7260736664521,245.75671066652285,251.5252685546875,4828500,0.0,0.0
2020-11-11 00:00:00-05:00,253.12258654835858,257.11127989197655,252.0729348034247,253.5150604248047,2987900,0.0,0.0
2020-11-12 00:00:00-05:00,258.3069319558737,258.93672847065005,249.94618127508204,252.1367645263672,3818600,0.0,0.0
2020-11-13 00:00:00-05:00,252.30108246546635,255.3222673523182,251.24229451453309,252.9856414794922,3939200,0.0,0.0
2020-11-16 00:00:00-05:00,254.82027017369367,256.7461775737616,252.28283891569643,255.17625427246094,5360200,0.0,0.0
2020-11-17 00:00:00-05:00,248.35804364361434,249.6632629578933,245.8936197755125,248.6957550048828,8532200,0.0,0.0
2020-11-18 00:00:00-05:00,246.89768462016002,251.3518876016812,245.5285662211573,246.2861328125,5122200,0.0,0.0
2020-11-19 00:00:00-05:00,246.82460366319503,248.61357670535557,245.25468058605668,247.2900848388672,3929400,0.0,0.0
2020-11-20 00:00:00-05:00,247.76479942586022,248.60450976279046,245.40990022514518,246.26788330078125,4111000,0.0,0.0
2020-11-23 00:00:00-05:00,246.4504144858555,249.80931114690316,246.03053151213857,247.7191162109375,3294200,0.0,0.0
2020-11-24 00:00:00-05:00,250.0922140926874,251.50695817648375,248.78699498895583,249.46241760253906,4773400,0.0,0.0
2020-11-25 00:00:00-05:00,249.61764035931637,250.76768070656092,247.54569032203003,250.0557403564453,3001700,0.0,0.0
2020-11-27 00:00:00-05:00,251.22405600502046,252.44713160079453,250.42083552904194,251.9086151123047,1625300,0.0,0.0
2020-11-30 00:00:00-05:00,251.2058426181631,253.52422421817175,248.19379331038914,253.2047576904297,4624100,0.0,0.0
2020-12-01 00:00:00-05:00,254.4096068062322,254.6104119648081,251.50705444958288,252.4654541015625,3942400,0.0,0.0
2020-12-02 00:00:00-05:00,251.42838370892477,251.55685026953378,247.39041112509065,248.79452514648438,4168600,1.5,0.0
2020-12-03 00:00:00-05:00,248.36322966615924,249.55625764148706,245.16038729659988,246.07810974121094,4168900,0.0,0.0
2020-12-04 00:00:00-05:00,245.46319987503279,246.61953900664588,241.1957965175677,242.26951599121094,7732800,0.0,0.0
2020-12-07 00:00:00-05:00,241.81985220982855,242.73757460910684,239.52554621163281,241.03062438964844,6379000,0.0,0.0
2020-12-08 00:00:00-05:00,240.186279296875,240.90210156411334,237.44229860690507,240.186279296875,5338100,0.0,0.0
2020-12-09 00:00:00-05:00,242.83849169352942,243.90305295447862,240.67268044331962,243.7286834716797,4550100,0.0,0.0
2020-12-10 00:00:00-05:00,242.35208634746098,244.17837272141387,240.54417234329318,243.02203369140625,4234300,0.0,0.0
2020-12-11 00:00:00-05:00,241.69130980966483,243.52675424506018,241.0397348769641,242.7834014892578,3454500,0.0,0.0
2020-12-14 00:00:00-05:00,244.24263374133002,246.5002228256439,243.444191790621,243.7286834716797,4576800,0.0,0.0
2020-12-15 00:00:00-05:00,245.49994373847125,246.64709681114303,244.2977295588446,245.9312744140625,3754100,0.0,0.0
2020-12-16 00:00:00-05:00,246.43598423901597,248.473328998718,245.49991751410676,247.4087677001953,4669600,0.0,0.0
2020-12-17 00:00:00-05:00,249.7673001507895,251.7587418231521,248.97804442315962,251.42837524414062,4247000,0.0,0.0
2020-12-18 00:00:00-05:00,251.99733817235338,253.05271311205772,248.06030205131904,248.19798278808594,9817000,0.0,0.0
2020-12-21 00:00:00-05:00,246.46351438821978,249.574606627112,244.00402518873977,248.69357299804688,4339000,0.0,0.0
2020-12-22 00:00:00-05:00,247.84009119044657,249.03311902155266,246.41763277592295,247.82174682617188,3140100,0.0,0.0
2020-12-23 00:00:00-05:00,247.84010259104164,248.70276386490693,246.1331524150939,247.6106719970703,2337100,0.0,0.0
2020-12-24 00:00:00-05:00,247.27109443341996,249.03310553491198,247.23437770019592,248.62933349609375,1093900,0.0,0.0
2020-12-28 00:00:00-05:00,249.77653313427817,249.84993860781358,247.0875850535424,247.09677124023438,2633800,0.0,0.0
2020-12-29 00:00:00-05:00,247.76667323593398,248.20716200962482,243.26065344397722,244.2884979248047,2572100,0.0,0.0
2020-12-30 00:00:00-05:00,244.21506963166146,245.3071614173415,243.12300585264362,243.43502807617188,2511400,0.0,0.0
2020-12-31 00:00:00-05:00,243.71952120521289,244.06826016496157,241.89323475915972,243.76539611816406,2607900,0.0,0.0
2021-01-04 00:00:00-05:00,244.1232819346375,244.5178957437647,239.5805460178136,242.2052459716797,5002000,0.0,0.0
2021-01-05 00:00:00-05:00,241.0489396674393,244.60052044300443,240.68185635335757,244.16000366210938,3822600,0.0,0.0
2021-01-06 00:00:00-05:00,242.3336876934916,247.57387287413553,240.32387411858252,245.55490112304688,3949200,0.0,0.0
2021-01-07 00:00:00-05:00,244.98595272710745,246.66537203178464,244.27013053068876,244.35272216796875,3833200,0.0,0.0
2021-01-08 00:00:00-05:00,245.35309261845046,248.45499885421248,245.03188417269624,246.94992065429688,3757700,0.0,0.0
2021-01-11 00:00:00-05:00,245.4632188456197,250.8777755674614,245.27050497767823,248.9138641357422,3764400,0.0,0.0
2021-01-12 00:00:00-05:00,248.80368094709166,255.07173998107027,248.38153652817903,253.5941925048828,4030900,0.0,0.0
2021-01-13 00:00:00-05:00,255.4112757450508,257.4027453394726,251.40083401578624,251.50177001953125,3921400,0.0,0.0
2021-01-14 00:00:00-05:00,251.91478497298692,252.28186831150555,245.6467536479571,246.26161193847656,4641400,0.0,0.0
2021-01-15 00:00:00-05:00,246.52776035771268,253.64929478462105,245.9495907938103,252.91510009765625,5131700,0.0,0.0
2021-01-19 00:00:00-05:00,255.12676585614884,255.12676585614884,250.5564993206453,250.7125244140625,3615800,0.0,0.0
2021-01-20 00:00:00-05:00,250.76761921548348,254.40179169234935,249.16160518574114,251.73121643066406,3498400,0.0,0.0
2021-01-21 00:00:00-05:00,253.4932211082146,257.60462654774,252.98848511301617,256.0903625488281,4397900,0.0,0.0
2021-01-22 00:00:00-05:00,256.2831832114869,261.62430664507383,255.00753554853964,260.6331787109375,4501900,0.0,0.0
2021-01-25 00:00:00-05:00,260.49542627301986,262.25743703878913,258.2653682694731,261.62420654296875,4025900,0.0,0.0
2021-01-26 00:00:00-05:00,261.93631124487035,262.1473694496517,258.52238316787475,259.34832763671875,2472200,0.0,0.0
2021-01-27 00:00:00-05:00,256.9530423949294,257.70558135736786,250.61157832168584,251.50177001953125,4337000,0.0,0.0
2021-01-28 00:00:00-05:00,253.44737409821667,259.6786882074336,252.30937942779946,255.17266845703125,3463000,0.0,0.0
2021-01-29 00:00:00-05:00,253.11693042517487,254.26408305137454,247.81249780189378,248.53750610351562,4079500,0.0,0.0
2021-02-01 00:00:00-05:00,248.91388090661567,250.2170311579567,245.2613353160474,247.8493194580078,3707800,0.0,0.0
2021-02-02 00:00:00-05:00,247.78508049717547,253.00692387855688,247.7758943098379,249.76736450195312,4111800,0.0,0.0
2021-02-03 00:00:00-05:00,249.51953272652852,253.03439685677728,248.4365991138535,251.6119384765625,2802700,0.0,0.0
2021-02-04 00:00:00-05:00,251.68533594399702,256.4483168301064,251.68533594399702,255.87933349609375,2976000,0.0,0.0
2021-02-05 00:00:00-05:00,257.2283950770774,258.5774479981065,254.95243365733785,255.91603088378906,2389900,0.0,0.0
2021-02-08 00:00:00-05:00,256.67772390709786,257.3476711943168,254.10811295428076,256.98974609375,3475600,0.0,0.0
2021-02-09 00:00:00-05:00,256.6502320954431,257.1458099992293,253.86034834943194,253.9980010986328,2507800,0.0,0.0
2021-02-10 00:00:00-05:00,255.1542336215473,255.98017777840005,253.520689664518,255.7599334716797,2410600,0.0,0.0
2021-02-11 00:00:00-05:00,255.0625435317305,257.1916659176609,253.30053245877235,254.26412963867188,2595300,0.0,0.0
2021-02-12 00:00:00-05:00,254.31929030788382,255.77846592627785,253.8237122466665,254.67721557617188,2392200,0.0,0.0
2021-02-16 00:00:00-05:00,254.21828843360763,255.7049942256137,252.26353526016828,252.73158264160156,2873500,0.0,0.0
2021-02-17 00:00:00-05:00,252.86922877567204,258.60499356784845,252.74073420112856,257.80657958984375,3536400,0.0,0.0
2021-02-18 00:00:00-05:00,257.6964465586533,261.2572140600686,256.80625468329947,259.7613220214844,3532000,0.0,0.0
2021-02-19 00:00:00-05:00,259.5960605631484,260.5504994427542,256.4482803045021,256.6318359375,4079900,0.0,0.0
2021-02-22 00:00:00-05:00,255.31949757535085,255.57645868331784,251.11634202217752,253.1536865234375,3995500,0.0,0.0
2021-02-23 00:00:00-05:00,247.2160295549502,247.48217685509516,236.38688996577338,245.25209045410156,12111000,0.0,0.0
2021-02-24 00:00:00-05:00,241.57206026272556,245.02267719691304,233.12900358021759,238.5802764892578,14512700,0.0,0.0
2021-02-25 00:00:00-05:00,238.37836170103128,239.43373671935709,233.75304758156048,234.2486114501953,6545400,0.0,0.0
2021-02-26 00:00:00-05:00,236.56127265882043,238.8280479125036,235.03785024479353,237.08438110351562,7871200,0.0,0.0
2021-03-01 00:00:00-05:00,237.51573051205398,240.88378402041982,237.2037082589444,240.0945281982422,4528900,0.0,0.0
2021-03-02 00:00:00-05:00,240.14956658688794,241.46190276436855,238.3967136196256,238.8739471435547,3740300,0.0,0.0
2021-03-03 00:00:00-05:00,237.9470520692095,239.06667446721116,234.94611003833484,236.1850128173828,4257500,0.0,0.0
2021-03-04 00:00:00-05:00,234.93691655333905,235.72614431418722,226.76919341512195,230.2840576171875,7154900,0.0,0.0
2021-03-05 00:00:00-05:00,231.50462588805027,233.28500941774027,226.30114204807882,232.6609649658203,6351800,0.0,0.0
2021-03-08 00:00:00-05:00,233.3125806904455,241.5720969614203,231.74328310146052,237.7176513671875,5037400,0.0,0.0
2021-03-09 00:00:00-05:00,241.11321076381563,245.55498371823705,240.25054948685522,243.1597137451172,6625300,0.0,0.0
2021-03-10 00:00:00-05:00,245.56994280943184,248.18335889551213,243.87072775660138,245.8654327392578,3798400,1.65,0.0
2021-03-11 00:00:00-05:00,248.0448733086523,250.0580378462196,246.75201664150646,248.27574157714844,4371300,0.0,0.0
2021-03-12 00:00:00-05:00,246.98292812023442,252.85620437088102,246.34572933313282,252.20054626464844,4190500,0.0,0.0
2021-03-15 00:00:00-04:00,253.49334324802166,258.24922365066914,253.34558418339495,257.22418212890625,4355200,0.0,0.0
2021-03-16 00:00:00-04:00,257.22421156858604,260.89961656150103,256.4023069616868,260.4932861328125,4458900,0.0,0.0
2021-03-17 00:00:00-04:00,259.62522843808,262.15553559270995,257.87985083516025,258.60015869140625,5908400,0.0,0.0
2021-03-18 00:00:00-04:00,257.6767129866189,263.6238823518739,256.5039122268306,261.49066162109375,4808100,0.0,0.0
2021-03-19 00:00:00-04:00,261.93391907115466,266.97607421875,260.81649634836674,266.97607421875,13729200,0.0,0.0
2021-03-22 00:00:00-04:00,264.5750315853868,268.11192100363735,262.45105482109113,266.82830810546875,5564700,0.0,0.0
2021-03-23 00:00:00-04:00,267.4470485816921,270.9747228197974,266.8283373459454,267.78875732421875,4801200,0.0,0.0
2021-03-24 00:00:00-04:00,267.12385888661106,274.068366997997,266.87450309345905,270.3467712402344,4842000,0.0,0.0
2021-03-25 00:00:00-04:00,270.60530611052866,275.08415602946917,270.07891970948435,274.4377136230469,5373500,0.0,0.0
2021-03-26 00:00:00-04:00,274.58546174275955,280.73579537863753,273.37571435277306,280.5603332519531,5865900,0.0,0.0
2021-03-29 00:00:00-04:00,280.0893451011393,282.1671593175637,276.9772456505736,279.07354736328125,4642900,0.0,0.0
2021-03-30 00:00:00-04:00,278.5656504304103,282.28724583536115,277.07887229112305,281.4930725097656,5045400,0.0,0.0
2021-03-31 00:00:00-04:00,282.12103551416294,284.4481776091594,280.86512561017963,281.8901672363281,4744100,0.0,0.0
2021-04-01 00:00:00-04:00,283.39540500290065,284.93758916492317,280.63422969026016,284.1988220214844,3923900,0.0,0.0
2021-04-05 00:00:00-04:00,286.12885928294105,291.6789408051545,286.03650635027105,291.26336669921875,4697200,0.0,0.0
2021-04-06 00:00:00-04:00,289.6103616876368,291.76206961674353,289.16711267245677,289.7673645019531,3988600,0.0,0.0
2021-04-07 00:00:00-04:00,288.89932825124544,291.0233333422213,287.13549120547066,288.5576477050781,3799300,0.0,0.0
2021-04-08 00:00:00-04:00,288.77008515834825,291.12493058010284,286.82154202297477,290.36767578125,4035600,0.0,0.0
2021-04-09 00:00:00-04:00,291.2357027184713,294.883432682236,290.66315391410893,294.8003234863281,4607800,0.0,0.0
2021-04-12 00:00:00-04:00,293.4058973945414,296.72116270083296,293.02727001208495,296.240966796875,3556800,0.0,0.0
2021-04-13 00:00:00-04:00,296.0008543612152,296.34253492532486,292.7409951950053,295.88079833984375,3635100,0.0,0.0
2021-04-14 00:00:00-04:00,295.24354130192745,298.00474470178096,294.8556984287145,295.5298156738281,3440600,0.0,0.0
2021-04-15 00:00:00-04:00,295.70536184883827,298.6512437744716,295.55760274679966,298.041748046875,3508200,0.0,0.0
2021-04-16 00:00:00-04:00,299.9809788306373,303.51789635465525,299.1498587313496,302.9730224609375,6213100,0.0,0.0
2021-04-19 00:00:00-04:00,301.5047237495939,303.6656474242349,300.5350882663369,301.8371887207031,4494300,0.0,0.0
2021-04-20 00:00:00-04:00,301.05222795941904,302.61289973930315,297.5060946683823,299.1683349609375,4462900,0.0,0.0
2021-04-21 00:00:00-04:00,300.09184587554324,302.8161031128708,299.1037509611169,301.006103515625,3740100,0.0,0.0
2021-04-22 00:00:00-04:00,301.236962207309,301.4493430018544,294.4401849563923,296.85968017578125,4875000,0.0,0.0
2021-04-23 00:00:00-04:00,297.53381363505036,300.6182105449775,295.1235340816535,299.1037292480469,3405700,0.0,0.0
2021-04-26 00:00:00-04:00,298.9097540854289,299.20527222912705,294.88342506064726,295.50213623046875,2848500,0.0,0.0
2021-04-27 00:00:00-04:00,295.97319571564003,297.7924392627702,295.8623834276392,296.0563049316406,3335800,0.0,0.0
2021-04-28 00:00:00-04:00,297.3121903173468,298.24487902996214,294.8649639372691,295.24359130859375,2713400,0.0,0.0
2021-04-29 00:00:00-04:00,297.0905671815891,300.85835377052854,296.5087745331377,300.4427795410156,3261900,0.0,0.0
2021-04-30 00:00:00-04:00,300.1749123860501,300.8952202587758,296.99816274680813,298.9005432128906,3118700,0.0,0.0
2021-05-03 00:00:00-04:00,301.3108042024927,306.24214721165015,300.75671470190093,304.9954528808594,3683700,0.0,0.0
2021-05-04 00:00:00-04:00,303.9335273176058,307.72901722697594,303.71190274438777,307.30419921875,3954400,0.0,0.0
2021-05-05 00:00:00-04:00,308.6708424956533,308.6708424956533,305.817314379198,306.6391906738281,3227200,0.0,0.0
2021-05-06 00:00:00-04:00,308.1353079043919,311.9584722090798,307.7289774512336,311.7460632324219,3539600,0.0,0.0
2021-05-07 00:00:00-04:00,310.91490597534835,313.8053811892384,309.85291758288105,313.2882385253906,2998100,0.0,0.0
2021-05-10 00:00:00-04:00,314.39648644423323,319.23547736689403,313.5561223856043,315.01519775390625,4840600,0.0,0.0
2021-05-11 00:00:00-04:00,311.71833639863524,312.13391057018845,303.0931009499458,305.3556213378906,5500900,0.0,0.0
2021-05-12 00:00:00-04:00,301.5324203860167,303.63793788427245,292.0668213018906,292.740966796875,5822000,0.0,0.0
2021-05-13 00:00:00-04:00,294.5879223093127,302.3635783014531,294.30164789957263,300.5166320800781,5159800,0.0,0.0
2021-05-14 00:00:00-04:00,301.320058878737,302.27123508608327,297.22905144823073,298.8636169433594,3998000,0.0,0.0
2021-05-17 00:00:00-04:00,296.4348898273598,298.1248333411764,291.180325195473,295.5206604003906,4388000,0.0,0.0
2021-05-18 00:00:00-04:00,295.51138886148385,299.722423898187,290.6908582033944,292.5101013183594,7010300,0.0,0.0
2021-05-19 00:00:00-04:00,288.1235881799296,290.66313903728474,285.4178189392661,290.3861083984375,5242100,0.0,0.0
2021-05-20 00:00:00-04:00,290.7924395657811,295.2435582073752,290.7924395657811,291.7251281738281,3854700,0.0,0.0
2021-05-21 00:00:00-04:00,292.7409846439856,294.8465022706053,290.38613941577165,291.6051025390625,3920600,0.0,0.0
2021-05-24 00:00:00-04:00,292.5931616925153,294.34775463467656,290.51534758628713,290.7462158203125,2930600,0.0,0.0
2021-05-25 00:00:00-04:00,291.3834630210385,292.83332253635905,290.20141859287907,292.5101013183594,3523300,0.0,0.0
2021-05-26 00:00:00-04:00,293.48902314282697,296.7858293171026,292.44549389028316,293.0457458496094,2881600,0.0,0.0
2021-05-27 00:00:00-04:00,293.0179817968489,295.88999758125027,293.0179817968489,294.37548828125,3734800,0.0,0.0
2021-05-28 00:00:00-04:00,295.85302335303675,296.90579603945395,294.4493546199716,294.5047607421875,3194000,0.0,0.0
2021-06-01 00:00:00-04:00,296.12090412847954,296.6749936557873,291.05104554526594,292.1037902832031,3549800,0.0,0.0
2021-06-02 00:00:00-04:00,292.8650162564063,294.2574896591147,290.0150805596766,290.77630615234375,3380100,1.65,0.0
2021-06-03 00:00:00-04:00,288.7061777347398,290.4978202057393,287.4900864550503,289.1053466796875,2652500,0.0,0.0
2021-06-04 00:00:00-04:00,289.73654800845327,290.98051575560754,287.1744163964085,288.7154235839844,2638700,0.0,0.0
2021-06-07 00:00:00-04:00,288.8175416218966,289.94079555261084,285.809808178025,287.7406921386719,3974800,0.0,0.0
2021-06-08 00:00:00-04:00,288.95684511147806,289.9037453463386,286.8310223546726,288.6133728027344,2913500,0.0,0.0
2021-06-09 00:00:00-04:00,289.12389389897675,290.5442155794811,284.9000410824853,285.3085021972656,3603700,0.0,0.0
2021-06-10 00:00:00-04:00,285.59623176633494,287.45286259638414,284.19449475400575,286.20892333984375,3286300,0.0,0.0
2021-06-11 00:00:00-04:00,287.1001717842701,288.9289547537489,286.24613724833983,288.4926452636719,2785100,0.0,0.0
2021-06-14 00:00:00-04:00,286.784519260824,287.8335203768143,284.26879202464994,287.1465759277344,3393500,0.0,0.0
2021-06-15 00:00:00-04:00,286.6175063888241,286.80318088283747,281.7345561617656,284.4823913574219,5270600,0.0,0.0
2021-06-16 00:00:00-04:00,284.70515740682583,285.3178491966269,279.5808647056914,281.075439453125,4492500,0.0,0.0
2021-06-17 00:00:00-04:00,281.32600232643216,283.33116721588533,278.52249970142475,281.3909912109375,4481100,0.0,0.0
2021-06-18 00:00:00-04:00,277.79841500398754,282.050087553745,277.0093411583723,280.91754150390625,8792700,0.0,0.0
2021-06-21 00:00:00-04:00,283.36834882245904,286.58960522318813,283.0155843468258,285.5498962402344,3774200,0.0,0.0
2021-06-22 00:00:00-04:00,286.97022153833666,292.3358848644021,286.19970368374226,290.2935791015625,4418400,0.0,0.0
2021-06-23 00:00:00-04:00,289.6529822323887,291.17543319883595,288.36263846296606,289.3280944824219,2564500,0.0,0.0
2021-06-24 00:00:00-04:00,290.67420486629777,292.27090898929646,289.32816411123605,289.4859619140625,2649200,0.0,0.0
2021-06-25 00:00:00-04:00,289.8572716813415,292.84644923013343,289.21673161160425,291.14764404296875,11733500,0.0,0.0
2021-06-28 00:00:00-04:00,291.1754864348476,292.6700610137575,289.0496356912957,291.75103759765625,2635400,0.0,0.0
2021-06-29 00:00:00-04:00,293.1527376993353,297.3394210260944,292.9392149515647,295.4270935058594,3150100,0.0,0.0
2021-06-30 00:00:00-04:00,295.14863702471797,297.3301841503592,294.9165581460315,296.0305480957031,3061500,0.0,0.0
2021-07-01 00:00:00-04:00,296.977411289498,298.62981172562934,295.6684830512794,298.4905700683594,2578000,0.0,0.0
2021-07-02 00:00:00-04:00,299.4096482380947,299.9573510770808,298.3142425601225,299.5674743652344,2201600,0.0,0.0
2021-07-06 00:00:00-04:00,299.68808832943364,300.6164038539964,294.09034684951763,296.3740234375,3109500,0.0,0.0
2021-07-07 00:00:00-04:00,295.65922040899375,301.16415333660524,295.4364337350739,300.2915344238281,2939900,0.0,0.0
2021-07-08 00:00:00-04:00,296.19763352343995,297.3672917896301,292.23370820541425,295.70562744140625,3663000,0.0,0.0
2021-07-09 00:00:00-04:00,297.5622514903071,300.13367516766095,297.2280431863889,299.0011291503906,2587400,0.0,0.0
2021-07-12 00:00:00-04:00,298.0542834536461,300.7742412434827,297.5529851191897,298.6762390136719,2521800,0.0,0.0
2021-07-13 00:00:00-04:00,299.3260523608501,300.1151262025618,294.11818766950574,294.3224182128906,3213800,0.0,0.0
2021-07-14 00:00:00-04:00,295.90063505949837,297.11672638346477,295.2136904938846,296.3369445800781,3381600,0.0,0.0
2021-07-15 00:00:00-04:00,294.6288114780628,299.8088000928377,294.6102270347841,299.57672119140625,2603900,0.0,0.0
2021-07-16 00:00:00-04:00,300.77421823740826,302.89077641773315,298.3605923016138,298.4905700683594,3623700,0.0,0.0
2021-07-19 00:00:00-04:00,295.19513200703614,296.1327400300821,292.3359318098547,296.0120544433594,3752600,0.0,0.0
2021-07-20 00:00:00-04:00,295.6685584719506,302.7516119879164,295.4550356563765,302.02752685546875,4251700,0.0,0.0
2021-07-21 00:00:00-04:00,304.116187950083,304.92381796731394,301.67471345573176,302.9650573730469,2832600,0.0,0.0
2021-07-22 00:00:00-04:00,304.4318341983051,304.45968253439423,302.00891563877036,303.24359130859375,2208100,0.0,0.0
2021-07-23 00:00:00-04:00,305.8521412696173,309.5468475492024,304.4318195375808,308.9805603027344,2786400,0.0,0.0
2021-07-26 00:00:00-04:00,306.40906715945056,307.792248023088,303.447738802986,307.4394836425781,2752000,0.0,0.0
2021-07-27 00:00:00-04:00,308.0058051567628,308.0893501514862,302.6865471865152,303.800537109375,2910300,0.0,0.0
2021-07-28 00:00:00-04:00,303.0208094903684,305.7221831242687,301.4333693179375,302.185302734375,2376200,0.0,0.0
2021-07-29 00:00:00-04:00,303.08575508180365,305.0073751977384,302.11103502122796,303.9583740234375,2172400,0.0,0.0
2021-07-30 00:00:00-04:00,303.41993997029755,306.4462293668886,302.9464899792298,304.66387939453125,2381200,0.0,0.0
2021-08-02 00:00:00-04:00,306.3442054886314,306.3442054886314,303.0208474821445,303.76348876953125,2016400,0.0,0.0
2021-08-03 00:00:00-04:00,304.81243098324046,309.1383850512619,304.5153631939473,308.14508056640625,2405900,0.0,0.0
2021-08-04 00:00:00-04:00,306.9846919555359,308.12653035691534,305.77789299208314,306.6319274902344,1783700,0.0,0.0
2021-08-05 00:00:00-04:00,308.1636438797246,311.9140468998332,307.3560138267929,309.231201171875,2284000,0.0,0.0
2021-08-06 00:00:00-04:00,310.69792308797173,311.6447947178642,305.52719885182574,306.1955871582031,2656600,0.0,0.0
2021-08-09 00:00:00-04:00,305.6293331153297,307.3374302963838,303.85624704778235,305.1930236816406,1995300,0.0,0.0
2021-08-10 00:00:00-04:00,305.1095441895831,309.35192555528585,303.69848614536966,307.7181091308594,1868100,0.0,0.0
2021-08-11 00:00:00-04:00,309.8717552717576,314.2812546467359,309.5004346745907,312.8423767089844,3258600,0.0,0.0
2021-08-12 00:00:00-04:00,313.16726498236085,313.9284905532663,308.46069821657005,310.0759582519531,2554200,0.0,0.0
2021-08-13 00:00:00-04:00,309.9274509262779,311.7283855630618,307.25392563749494,307.5695495605469,2217000,0.0,0.0
2021-08-16 00:00:00-04:00,307.00318840171855,311.5705127896148,304.45961318513196,311.0320739746094,3496300,0.0,0.0
2021-08-17 00:00:00-04:00,297.9893115691068,300.3936456055384,293.91399243245206,297.7572326660156,9322800,0.0,0.0
2021-08-18 00:00:00-04:00,296.4482780226942,304.35751614143845,296.13265414201044,298.4998474121094,4880600,0.0,0.0
2021-08-19 00:00:00-04:00,295.9378093908221,301.87902499693587,295.0187574609271,299.753173828125,2974700,0.0,0.0
2021-08-20 00:00:00-04:00,299.51181052058985,306.04713307595387,299.3539843761514,305.638671875,2929900,0.0,0.0
2021-08-23 00:00:00-04:00,306.3442186255748,306.83622487380575,303.9120357256426,304.2462158203125,2792700,0.0,0.0
2021-08-24 00:00:00-04:00,305.19299249845204,305.2672452683277,301.2476518864868,301.60968017578125,2359500,0.0,0.0
2021-08-25 00:00:00-04:00,300.9135073370545,303.1507514163867,299.9480511445337,300.6628723144531,2586900,0.0,0.0
2021-08-26 00:00:00-04:00,300.04090452684204,301.6933053124506,297.98933479598986,298.4349365234375,2952300,0.0,0.0
2021-08-27 00:00:00-04:00,297.8778806951065,300.8206249507416,296.73604243699214,300.19866943359375,2985400,0.0,0.0
2021-08-30 00:00:00-04:00,302.54737114983794,305.88002109080884,301.89753883223386,303.6520690917969,2926900,0.0,0.0
2021-08-31 00:00:00-04:00,303.55919921903137,304.738149824558,300.42148797871647,302.7979736328125,4183100,0.0,0.0
2021-09-01 00:00:00-04:00,303.7590023534661,303.9642712802952,298.8325765835492,301.96759033203125,3339100,1.65,0.0
2021-09-02 00:00:00-04:00,303.26451168412257,306.2035676617647,302.0235870620896,305.79302978515625,3109000,0.0,0.0
2021-09-03 00:00:00-04:00,303.544416298762,308.7414306896695,303.38581621462043,308.21893310546875,2774800,0.0,0.0
2021-09-07 00:00:00-04:00,308.862667405365,310.2902102439089,305.00922714555,306.9219665527344,2555200,0.0,0.0
2021-09-08 00:00:00-04:00,306.9219953948755,309.702422565466,305.69038187655747,309.3758544921875,2219500,0.0,0.0
2021-09-09 00:00:00-04:00,310.1876779487313,311.38196230592376,308.71346584398714,309.5531921386719,3011900,0.0,0.0
2021-09-10 00:00:00-04:00,311.6338416623626,312.78148552151333,309.2546126440543,309.72113037109375,3178600,0.0,0.0
2021-09-13 00:00:00-04:00,312.5201766985156,314.5728372187858,310.46748770426854,312.9866943359375,3908700,0.0,0.0
2021-09-14 00:00:00-04:00,313.52788053873076,314.890104233574,310.1596364528965,310.812744140625,2857200,0.0,0.0
2021-09-15 00:00:00-04:00,311.0366505250635,312.25895302929655,307.99497464718524,311.0459899902344,2875500,0.0,0.0
2021-09-16 00:00:00-04:00,312.305587995617,315.2166536805571,311.7924299517382,313.86376953125,3043800,0.0,0.0
2021-09-17 00:00:00-04:00,312.52022995024714,316.9054794048492,312.52022995024714,313.1920166015625,7098400,0.0,0.0
2021-09-20 00:00:00-04:00,309.60911702709876,312.9307491696334,306.43680243593747,309.0306396484375,4036600,0.0,0.0
2021-09-21 00:00:00-04:00,310.72873603942594,314.4048972954627,309.76771084654183,311.83905029296875,3171100,0.0,0.0
2021-09-22 00:00:00-04:00,313.3599094998769,316.29896498413757,311.1299414774648,313.4345397949219,2872800,0.0,0.0
2021-09-23 00:00:00-04:00,315.21664486438186,316.7841373472046,313.12665488728493,313.4158935546875,2426600,0.0,0.0
2021-09-24 00:00:00-04:00,314.22765904374296,315.2166742840669,313.080015257791,314.8901062011719,2004900,0.0,0.0
2021-09-27 00:00:00-04:00,314.3116490032851,320.7215980198977,314.3116490032851,318.5476379394531,2966100,0.0,0.0
2021-09-28 00:00:00-04:00,318.510258179676,318.510258179676,310.19691017782213,311.4471740722656,3304100,0.0,0.0
2021-09-29 00:00:00-04:00,311.0367016834467,316.18707588453003,311.0367016834467,314.3676452636719,2424000,0.0,0.0
2021-09-30 00:00:00-04:00,315.58987296809573,316.02840072891365,305.69038140598695,306.2781982421875,4255000,0.0,0.0
2021-10-01 00:00:00-04:00,306.1755744963284,310.4488927647062,302.84463113573344,307.77105712890625,2814200,0.0,0.0
2021-10-04 00:00:00-04:00,306.50215414073716,308.47084532934997,302.45278358814545,304.60809326171875,2919900,0.0,0.0
2021-10-05 00:00:00-04:00,305.0092869852364,309.945052554395,304.4774499378751,307.4165344238281,2514300,0.0,0.0
2021-10-06 00:00:00-04:00,306.1848881140795,308.50813705608726,303.6097014007353,308.237548828125,2226800,0.0,0.0
2021-10-07 00:00:00-04:00,311.1672770242378,316.5042401559365,310.5701207561421,314.8807678222656,2789500,0.0,0.0
2021-10-08 00:00:00-04:00,310.7007553999748,312.9493738934705,308.72272511662817,311.9510192871094,2912200,0.0,0.0
2021-10-11 00:00:00-04:00,313.1266838106488,318.0344306190494,312.1936484169782,314.4049377441406,2589100,0.0,0.0
2021-10-12 00:00:00-04:00,316.42964431988065,318.2117169054795,314.80614333542593,315.1793518066406,2960300,0.0,0.0
2021-10-13 00:00:00-04:00,314.7314913017529,317.4559385801078,314.013035858436,315.627197265625,2477400,0.0,0.0
2021-10-14 00:00:00-04:00,317.7265894269796,321.30944246261134,317.3253909808976,321.0108642578125,2824300,0.0,0.0
2021-10-15 00:00:00-04:00,323.33410375459005,327.4487933906577,322.5969977970317,326.9449462890625,3473500,0.0,0.0
2021-10-18 00:00:00-04:00,325.6293560680301,332.11396351685687,325.6293560680301,331.2369079589844,3487500,0.0,0.0
2021-10-19 00:00:00-04:00,333.0376277751641,334.1106126931376,330.68638903085855,334.0173034667969,2375600,0.0,0.0
2021-10-20 00:00:00-04:00,333.7840652775085,335.49153595579406,332.3565222955546,334.24127197265625,2574800,0.0,0.0
2021-10-21 00:00:00-04:00,334.2133276900414,340.418008073966,334.13866890456575,340.2033996582031,2885400,0.0,0.0
2021-10-22 00:00:00-04:00,340.55793245257973,342.45199323931564,337.89877577835915,341.48162841796875,2734700,0.0,0.0
2021-10-25 00:00:00-04:00,342.6105607421505,346.77189005187824,341.4815675700905,346.398681640625,2923400,0.0,0.0
2021-10-26 00:00:00-04:00,348.38607435004207,349.00185260864436,344.36466589537366,344.4766540527344,2989500,0.0,0.0
2021-10-27 00:00:00-04:00,345.101808166301,350.0282340724465,344.57931060610235,347.38775634765625,2840300,0.0,0.0
2021-10-28 00:00:00-04:00,348.02222213826565,348.89927773739055,346.05353101030323,346.68798828125,2553500,0.0,0.0
2021-10-29 00:00:00-04:00,345.53097433511465,350.0282116300338,345.25107511509054,346.8465576171875,3820200,0.0,0.0
2021-11-01 00:00:00-04:00,348.02222367115763,348.5540607126682,340.27804080747813,341.9388427734375,3380500,0.0,0.0
2021-11-02 00:00:00-04:00,341.6776053358977,344.1874730636131,340.50197151539635,342.6946105957031,2367100,0.0,0.0
2021-11-03 00:00:00-04:00,342.0788157879472,344.6259845232849,340.7912222200258,344.2621154785156,2378800,0.0,0.0
2021-11-04 00:00:00-04:00,345.9508667220076,348.23681485646046,344.67261277153483,347.2571105957031,3210000,0.0,0.0
2021-11-05 00:00:00-04:00,348.7779493778964,349.3377762946861,342.95581778083476,343.730224609375,3090200,0.0,0.0
2021-11-08 00:00:00-05:00,345.4283534190675,347.9382208248382,343.21706416337634,343.9075012207031,2357200,0.0,0.0
2021-11-09 00:00:00-05:00,344.91520287335425,348.8432738666138,344.01946840360034,345.8295593261719,2183300,0.0,0.0
2021-11-10 00:00:00-05:00,343.59024320915967,346.3520196760906,343.09573564777696,343.89813232421875,2161400,0.0,0.0
2021-11-11 00:00:00-05:00,346.1561042626489,347.0891395841116,341.3322991221365,343.01177978515625,2387300,0.0,0.0
2021-11-12 00:00:00-05:00,344.40203843395676,348.4887382333334,342.144108605559,347.677001953125,2793300,0.0,0.0
2021-11-15 00:00:00-05:00,349.3191165972321,349.76695533963317,344.56063064136737,346.2307434082031,3650600,0.0,0.0
2021-11-16 00:00:00-05:00,356.4194968072559,367.97047877270984,353.6203908113874,366.0577392578125,8648200,0.0,0.0
2021-11-17 00:00:00-05:00,366.52427740041617,372.68231663015405,364.63955617520327,368.4090270996094,4647000,0.0,0.0
2021-11-18 00:00:00-05:00,371.34806077468255,379.31619045346633,369.5659598802181,378.6723937988281,4503700,0.0,0.0
2021-11-19 00:00:00-05:00,380.3331894353544,382.6377877988859,377.04888690816455,381.32220458984375,3542000,0.0,0.0
2021-11-22 00:00:00-05:00,382.35787368159527,388.6652017368538,381.3315575794259,381.41552734375,4006400,0.0,0.0
2021-11-23 00:00:00-05:00,378.5045030134526,382.24595580053824,376.0226253029621,381.023681640625,3557000,0.0,0.0
2021-11-24 00:00:00-05:00,376.6290220957595,385.1103093190028,375.9012557210449,384.5131530761719,2676300,0.0,0.0
2021-11-26 00:00:00-05:00,379.98803793991027,386.40732658536666,375.31352108274274,375.7333984375,3007800,0.0,0.0
2021-11-29 00:00:00-05:00,379.65205339027136,383.30022478705183,378.84965670925953,379.5774230957031,3725500,0.0,0.0
2021-11-30 00:00:00-05:00,376.56375039620093,381.07963827607324,373.4474156041644,373.7832946777344,7773500,0.0,0.0
2021-12-01 00:00:00-05:00,376.7064032764576,384.36084138793774,374.96379380736363,375.15118408203125,3516200,1.65,0.0
2021-12-02 00:00:00-05:00,376.4534417857565,384.7824446285543,375.69455980018273,382.0373229980469,3705000,0.0,0.0
2021-12-03 00:00:00-05:00,383.9861319839406,389.6824367091598,378.9269085164064,382.0748596191406,5237500,0.0,0.0
2021-12-06 00:00:00-05:00,387.42449827707446,394.06707504959115,385.26965294817103,389.4669494628906,4624500,0.0,0.0
2021-12-07 00:00:00-05:00,390.6849166695142,392.14646946611816,386.9560671238611,389.9166564941406,4204500,0.0,0.0
2021-12-08 00:00:00-05:00,389.9166109132006,393.35502511602584,382.5151526485986,385.2977294921875,4079400,0.0,0.0
2021-12-09 00:00:00-05:00,384.8761186963592,389.04530924476967,382.52453374090015,385.3820495605469,3822900,0.0,0.0
2021-12-10 00:00:00-05:00,386.1784296196879,389.38259183067714,384.3702306427692,389.18585205078125,2625200,0.0,0.0
2021-12-13 00:00:00-05:00,389.18590314882834,390.2164926412601,378.983138653119,379.66705322265625,3766400,0.0,0.0
2021-12-14 00:00:00-05:00,377.98996537199946,380.07922107818223,372.95881964807717,376.81884765625,4662800,0.0,0.0
2021-12-15 00:00:00-05:00,375.33858736022705,382.1872823597033,374.1862256777148,382.0748596191406,4421400,0.0,0.0
2021-12-16 00:00:00-05:00,382.62756838357626,383.0679097814768,372.9962975836421,374.31732177734375,4632800,0.0,0.0
2021-12-17 00:00:00-05:00,371.91885416084546,372.8651263566472,362.9715268910544,363.4961853027344,11097500,0.0,0.0
2021-12-20 00:00:00-05:00,360.0390834390449,365.5480259604517,356.8629983477623,364.82659912109375,4294800,0.0,0.0
2021-12-21 00:00:00-05:00,366.91587172305725,368.9114608980628,359.055315840926,365.8290710449219,3038200,0.0,0.0
2021-12-22 00:00:00-05:00,366.3256485563622,370.79462379687385,364.3206811548047,370.6728515625,3267800,0.0,0.0
2021-12-23 00:00:00-05:00,373.1555852680286,374.60775978818936,369.71717109949117,372.0125732421875,2743900,0.0,0.0
2021-12-27 00:00:00-05:00,373.8582950141145,378.9268964120333,373.080656763822,378.589599609375,2228300,0.0,0.0
2021-12-28 00:00:00-05:00,379.43275394154733,381.33464792880574,377.56834372610297,380.58514404296875,2521400,0.0,0.0
2021-12-29 00:00:00-05:00,380.7350646638678,386.3470517001846,380.669475208695,384.9136047363281,2209300,0.0,0.0
2021-12-30 00:00:00-05:00,385.85987537507356,387.3495336965332,382.6275790037753,384.0704040527344,1804400,0.0,0.0
2021-12-31 00:00:00-05:00,384.11723797779456,390.2445339568756,384.0235714326343,388.8204650878906,2386100,0.0,0.0
2022-01-03 00:00:00-05:00,390.2819803090965,391.47182551761364,377.8119221826261,382.8524169921875,3715700,0.0,0.0
2022-01-04 00:00:00-05:00,382.85244569132465,387.5087822479456,382.43083187995796,386.7873840332031,3266500,0.0,0.0
2022-01-05 00:00:00-05:00,387.8742162278822,388.0803341048131,381.1379443398701,381.5408020019531,4443200,0.0,0.0
2022-01-06 00:00:00-05:00,382.77749768408046,383.2553228824527,377.5870957341943,380.1542053222656,3315100,0.0,0.0
2022-01-07 00:00:00-05:00,377.90565407139997,378.589597172566,368.0870205491714,368.77093505859375,4520700,0.0,0.0
2022-01-10 00:00:00-05:00,362.95282183622265,363.1308340286611,356.8723873850921,363.009033203125,6440000,0.0,0.0
2022-01-11 00:00:00-05:00,363.58053653341045,367.112617349877,360.06718330778693,362.2688903808594,4385400,0.0,0.0
2022-01-12 00:00:00-05:00,363.78666027355376,368.6210378210793,361.9971889040667,364.82659912109375,3623300,0.0,0.0
2022-01-13 00:00:00-05:00,367.74038088448884,369.4267791421256,361.5100110848021,362.5593566894531,3466300,0.0,0.0
2022-01-14 00:00:00-05:00,357.26586890511055,357.90297871972285,348.05621108188427,348.524658203125,6336200,0.0,0.0
2022-01-18 00:00:00-05:00,342.996980498656,344.86139085165513,337.3100257073385,343.5778503417969,6435200,0.0,0.0
2022-01-19 00:00:00-05:00,344.00884533462056,345.4329429822642,336.7291868505698,336.99151611328125,5175100,0.0,0.0
2022-01-20 00:00:00-05:00,338.52797734581156,339.0151806409612,326.99481173679237,327.51947021484375,5440600,0.0,0.0
2022-01-21 00:00:00-05:00,329.5244213547156,337.36622104810954,325.27091378187765,327.06976318359375,7718400,0.0,0.0
2022-01-24 00:00:00-05:00,322.0854527395646,341.385476929012,321.92616816210784,340.8514404296875,8584300,0.0,0.0
2022-01-25 00:00:00-05:00,335.5393062395788,338.70598465369454,329.96477425095395,336.3262939453125,5536700,0.0,0.0
2022-01-26 00:00:00-05:00,337.28196583496987,342.8096367789159,332.08221363171265,334.7336120605469,6103300,0.0,0.0
2022-01-27 00:00:00-05:00,337.6847716464418,341.1419135522819,331.5762317192454,333.93719482421875,3941000,0.0,0.0
2022-01-28 00:00:00-05:00,337.44116870149423,343.57781376754264,330.57371877178184,343.4091796875,4551300,0.0,0.0
2022-01-31 00:00:00-05:00,341.78836866878856,344.2242992918433,339.35243804573383,343.8214416503906,4084600,0.0,0.0
2022-02-01 00:00:00-05:00,346.15425948211947,347.29727141197714,339.502305745792,345.432861328125,3406800,0.0,0.0
2022-02-02 00:00:00-05:00,345.133087640416,351.026160124315,344.55221781501666,350.1454772949219,3839300,0.0,0.0
2022-02-03 00:00:00-05:00,346.82888678331216,348.637085834682,340.2800050857352,341.78839111328125,4009700,0.0,0.0
2022-02-04 00:00:00-05:00,340.5610399903544,341.65721877921794,331.8947686838598,336.9727478027344,3728100,0.0,0.0
2022-02-07 00:00:00-05:00,337.52549873337085,338.96829515159055,333.0096620268104,334.79913330078125,2809300,0.0,0.0
2022-02-08 00:00:00-05:00,334.799118455063,340.073836908873,332.41002130147837,338.6310119628906,3225100,0.0,0.0
2022-02-09 00:00:00-05:00,342.2568425667419,344.2711595234808,340.0926190961966,341.37615966796875,2777500,0.0,0.0
2022-02-10 00:00:00-05:00,336.19511599440204,340.0925993518678,330.6018563985818,332.6817626953125,4291800,0.0,0.0
2022-02-11 00:00:00-05:00,332.30705223453134,334.7898164909772,326.5638854162695,328.1847229003906,3308700,0.0,0.0
2022-02-14 00:00:00-05:00,326.03917076493076,330.6393245650656,324.942992006993,329.37451171875,3654300,0.0,0.0
2022-02-15 00:00:00-05:00,333.1220998645619,334.8647379463597,329.20588896587867,330.9672546386719,3552500,0.0,0.0
2022-02-16 00:00:00-05:00,329.3183694570026,330.5925320699812,323.9031211683496,327.9973449707031,3594900,0.0,0.0
2022-02-17 00:00:00-05:00,326.96669866759464,330.0771942827354,325.4676908165918,325.98297119140625,3927000,0.0,0.0
2022-02-18 00:00:00-05:00,326.4045968058942,328.4751250630464,322.385312525281,324.9804992675781,5526100,0.0,0.0
2022-02-22 00:00:00-05:00,313.9438880325151,315.4429245376423,292.63892212478214,296.2178649902344,19752800,0.0,0.0
2022-02-23 00:00:00-05:00,299.16908243420454,300.1809156562234,287.7202334153872,288.98504638671875,11026000,0.0,0.0
2022-02-24 00:00:00-05:00,281.06830622175147,293.66016862782567,280.40311923604906,293.4727783203125,8416700,0.0,0.0
2022-02-25 00:00:00-05:00,293.41651749947164,297.40769592458076,288.16055478290497,296.66754150390625,6510600,0.0,0.0
2022-02-28 00:00:00-05:00,293.2197882192241,296.1335155496176,290.88693073657834,295.8992919921875,5735100,0.0,0.0
2022-03-01 00:00:00-05:00,294.7375800037156,302.0828280242089,293.95997030031486,300.0404052734375,5640900,0.0,0.0
2022-03-02 00:00:00-05:00,300.79925926500476,310.2900023917463,299.5063406526313,306.7110595703125,5645600,0.0,0.0
2022-03-03 00:00:00-05:00,308.4161752694023,309.8121383480699,302.45751384449403,303.8909606933594,3858400,0.0,0.0
2022-03-04 00:00:00-05:00,301.87668243336753,306.04587320172357,299.347085162463,303.7973327636719,3630900,0.0,0.0
2022-03-07 00:00:00-05:00,303.79732849813814,308.80034019487374,299.90919461722723,302.4013366699219,4670000,0.0,0.0
2022-03-08 00:00:00-05:00,299.57195308844763,307.76040013922375,296.01176617726105,296.75189208984375,5092500,0.0,0.0
2022-03-09 00:00:00-05:00,301.6154419709044,303.93410262705453,298.71240599822204,298.976318359375,4443600,1.9,0.0
2022-03-10 00:00:00-05:00,296.2994888854319,299.9754505038774,291.01180638836166,299.673828125,3895200,0.0,0.0
2022-03-11 00:00:00-05:00,300.93677949597264,303.30258461454747,298.06201907431364,298.58984375,2973300,0.0,0.0
2022-03-14 00:00:00-04:00,304.35825282431944,305.38562694473364,298.04316816882067,300.06964111328125,3604200,0.0,0.0
2022-03-15 00:00:00-04:00,301.9453228318238,311.21055901863417,301.92645345860365,309.664794921875,3775300,0.0,0.0
2022-03-16 00:00:00-04:00,312.53011177586063,314.7639751166553,305.6024056885023,311.89862060546875,3942400,0.0,0.0
2022-03-17 00:00:00-04:00,310.23029183655854,317.03546142578125,309.0049620622234,317.03546142578125,3123200,0.0,0.0
2022-03-18 00:00:00-04:00,314.46237518783266,321.16387939453125,313.21820460256123,321.16387939453125,9409600,0.0,0.0
2022-03-21 00:00:00-04:00,318.61898771413667,321.1167345825648,308.2886391814766,310.44708251953125,4521200,0.0,0.0
2022-03-22 00:00:00-04:00,310.3999897625709,312.266216847356,305.39506096635574,310.78643798828125,4852800,0.0,0.0
2022-03-23 00:00:00-04:00,308.1189741023641,309.33486922890387,297.7038289014397,298.8348693847656,5207700,0.0,0.0
2022-03-24 00:00:00-04:00,298.92916488860953,301.0498984025408,296.24289668477206,297.63787841796875,4599900,0.0,0.0
2022-03-25 00:00:00-04:00,300.1827336099741,300.4843271455046,290.5875719515341,292.8308410644531,5176500,0.0,0.0
2022-03-28 00:00:00-04:00,293.1325029783964,296.2900453388994,291.46420294681474,296.22406005859375,3936600,0.0,0.0
2022-03-29 00:00:00-04:00,298.70294318662815,302.5579617396336,294.94218520322147,299.45697021484375,5306100,0.0,0.0
2022-03-30 00:00:00-04:00,295.12127757863715,297.12891001347805,288.514033708211,290.7384338378906,7223800,0.0,0.0
2022-03-31 00:00:00-04:00,288.61763944364134,290.26709858318895,281.71820936079,282.1329040527344,11044600,0.0,0.0
2022-04-01 00:00:00-04:00,283.2357729704179,285.94088207337273,281.7276898905955,284.5459289550781,5554600,0.0,0.0
2022-04-04 00:00:00-04:00,284.1688460806026,288.8721811329485,282.35916965436553,288.02386474609375,4659500,0.0,0.0
2022-04-05 00:00:00-04:00,288.6648052635336,291.3416385544805,284.8474680022227,287.34521484375,4376100,0.0,0.0
2022-04-06 00:00:00-04:00,280.96420847483733,283.3865644159779,278.04230310450697,281.38836669921875,6499900,0.0,0.0
2022-04-07 00:00:00-04:00,279.73889644907575,287.0907611166866,276.7227306158415,285.3564758300781,5241000,0.0,0.0
2022-04-08 00:00:00-04:00,284.140531433557,294.3483430787758,283.97087968539705,293.2361145019531,5741900,0.0,0.0
2022-04-11 00:00:00-04:00,290.1257321449863,296.12035309662355,288.3537370915823,289.0983581542969,4100600,0.0,0.0
2022-04-12 00:00:00-04:00,291.6620440126496,295.2908594235633,287.5713893043713,288.6930236816406,4122600,0.0,0.0
2022-04-13 00:00:00-04:00,288.5234364498935,293.7923065794801,288.1558575828819,292.5858459472656,3185300,0.0,0.0
2022-04-14 00:00:00-04:00,292.97225737879097,294.3106885386006,286.8456938063301,287.0247802734375,4569200,0.0,0.0
2022-04-18 00:00:00-04:00,285.5921508189102,288.69314295276115,281.5580450206208,282.9624328613281,3192400,0.0,0.0
2022-04-19 00:00:00-04:00,283.33940894886473,290.4273900309849,282.585381872349,290.1163330078125,3389700,0.0,0.0
2022-04-20 00:00:00-04:00,293.13250442453534,297.9395062306574,291.9543191173628,297.03466796875,4720800,0.0,0.0
2022-04-21 00:00:00-04:00,298.7877694870616,300.1073311704246,291.94486057751783,292.52923583984375,3014200,0.0,0.0
2022-04-22 00:00:00-04:00,292.0202660003336,292.0202660003336,282.55707480343466,282.86810302734375,4043200,0.0,0.0
2022-04-25 00:00:00-04:00,282.764463824751,287.62801605425136,279.24874863605265,287.420654296875,4396900,0.0,0.0
2022-04-26 00:00:00-04:00,284.88521975434344,289.89014885732115,282.5005737387332,282.7267761230469,3415200,0.0,0.0
2022-04-27 00:00:00-04:00,283.98974027487384,288.8156108660698,281.9349922533716,284.27252197265625,3446200,0.0,0.0
2022-04-28 00:00:00-04:00,287.2415442837688,296.4690985839974,285.60151973262674,293.84881591796875,4149500,0.0,0.0
2022-04-29 00:00:00-04:00,290.44622819607935,293.8111322443982,282.4911189193431,283.1414794921875,4878200,0.0,0.0
2022-05-02 00:00:00-04:00,284.64014464092315,291.0494901757629,282.67965688329457,289.33404541015625,4233900,0.0,0.0
2022-05-03 00:00:00-04:00,288.1275541660667,291.2473863268717,285.6109378803538,287.4394836425781,3336600,0.0,0.0
2022-05-04 00:00:00-04:00,286.6099992309657,297.6095476631129,285.5260747231334,297.19482421875,4021300,0.0,0.0
2022-05-05 00:00:00-04:00,293.132479107737,293.47178264003924,276.83581329240934,281.9255676269531,4959600,0.0,0.0
2022-05-06 00:00:00-04:00,279.27699823614444,279.70115639857113,272.7828566052458,277.4013366699219,4325300,0.0,0.0
2022-05-09 00:00:00-04:00,273.6028876043641,283.46193362359145,271.92515297574386,279.965087890625,5243600,0.0,0.0
2022-05-10 00:00:00-04:00,281.3129330130934,283.7729988188287,271.13342376720203,274.4323425292969,4392900,0.0,0.0
2022-05-11 00:00:00-04:00,274.7056839402289,276.4776503912886,266.3358513358207,266.70343017578125,3880500,0.0,0.0
2022-05-12 00:00:00-04:00,265.3932968592913,276.3362673774237,264.5072992725763,273.0467834472656,4447700,0.0,0.0
2022-05-13 00:00:00-04:00,273.29190177603925,282.2178356766022,271.87807927076085,279.0225830078125,3949100,0.0,0.0
2022-05-16 00:00:00-04:00,277.18456224834244,282.3591714307001,273.14105117700313,278.9848327636719,4267900,0.0,0.0
2022-05-17 00:00:00-04:00,288.89101239868455,293.07592854990963,274.18725528067387,283.6598815917969,12425900,0.0,0.0
2022-05-18 00:00:00-04:00,276.1666325299542,278.4664525217905,265.0257055019375,268.7958984375,7799500,0.0,0.0
2022-05-19 00:00:00-04:00,269.09755369422186,275.69539213856353,268.58856953165633,271.22772216796875,5211500,0.0,0.0
2022-05-20 00:00:00-04:00,273.16930534874194,273.810231172326,263.52702764457007,270.6903991699219,5621800,0.0,0.0
2022-05-23 00:00:00-04:00,272.48124093313334,273.659426119342,264.2151040218367,269.5970458984375,4305600,0.0,0.0
2022-05-24 00:00:00-04:00,267.6836775587804,272.69804067563433,264.5261354685219,271.37847900390625,4241900,0.0,0.0
2022-05-25 00:00:00-04:00,269.38967483438586,278.5135336972773,269.2482983697897,276.703857421875,4612900,0.0,0.0
2022-05-26 00:00:00-04:00,280.2384144020394,288.0709869909592,279.93679209971543,285.4129943847656,4170800,0.0,0.0
2022-05-27 00:00:00-04:00,286.10111241717624,290.7761438230198,284.27256645633554,290.7384338378906,3899300,0.0,0.0
2022-05-31 00:00:00-04:00,288.98529225823177,290.18231815182156,283.54677057727974,285.3564758300781,5966600,0.0,0.0
2022-06-01 00:00:00-04:00,286.20061569506703,287.37677634386927,281.733185132367,281.88494873046875,3080800,1.9,0.0
2022-06-02 00:00:00-04:00,283.42150693907166,290.26968351546736,280.65190095736233,290.117919921875,4086400,0.0,0.0
2022-06-03 00:00:00-04:00,287.7086846809047,292.57449756646645,286.35233572081154,289.3685607910156,2956600,0.0,0.0
2022-06-06 00:00:00-04:00,289.8239400503002,291.76835536631125,287.6329052313206,288.2399597167969,2562000,0.0,0.0
2022-06-07 00:00:00-04:00,279.86466276306936,286.8076960382217,277.53135874127037,286.2290954589844,3547800,0.0,0.0
2022-06-08 00:00:00-04:00,284.3415546734936,285.10034369777406,280.45269579567787,282.2074279785156,3003100,0.0,0.0
2022-06-09 00:00:00-04:00,282.42562133018464,291.07594441933065,282.036732509587,284.4174499511719,4168400,0.0,0.0
2022-06-10 00:00:00-04:00,276.4879814083751,281.23048537764396,273.7752830320079,274.3443603515625,4623900,0.0,0.0
2022-06-13 00:00:00-04:00,269.71563705150606,272.0489695444564,266.7942677195247,268.57745361328125,4704600,0.0,0.0
2022-06-14 00:00:00-04:00,268.6249293087499,271.6316898702607,262.34585803996373,264.3187561035156,3987000,0.0,0.0
2022-06-15 00:00:00-04:00,266.5287433943405,268.98535716421213,261.28353476224714,265.32415771484375,4050400,0.0,0.0
2022-06-16 00:00:00-04:00,260.7618461345184,261.890535427949,255.8391247902628,259.37701416015625,6181000,0.0,0.0
2022-06-17 00:00:00-04:00,257.04374351347906,262.3743139321113,256.4651718594052,256.78765869140625,10775600,0.0,0.0
2022-06-21 00:00:00-04:00,259.5952006045377,259.8133662211275,253.64811068063423,255.33644104003906,5498400,0.0,0.0
2022-06-22 00:00:00-04:00,252.6711179585594,257.77402746230393,250.88793199291916,255.1277313232422,4678400,0.0,0.0
2022-06-23 00:00:00-04:00,256.0952571218298,261.3973739716897,255.99093591113333,261.23614501953125,3747500,0.0,0.0
2022-06-24 00:00:00-04:00,263.18054199078887,268.86205303510684,259.8133754239388,268.4257507324219,10310700,0.0,0.0
2022-06-27 00:00:00-04:00,269.8105192817168,270.32271779925395,266.99347085418145,268.1316833496094,2538600,0.0,0.0
2022-06-28 00:00:00-04:00,269.1655263952489,270.89180460926616,255.92446478187694,256.2374572753906,4052100,0.0,0.0
2022-06-29 00:00:00-04:00,257.5938550657365,261.93800528582597,254.96651806079998,259.76593017578125,2460500,0.0,0.0
2022-06-30 00:00:00-04:00,256.7876223251004,262.7726598318226,254.2361529536006,260.1452941894531,4058000,0.0,0.0
2022-07-01 00:00:00-04:00,261.53012616273685,266.2915895790142,260.4108732619362,264.70758056640625,2818300,0.0,0.0
2022-07-05 00:00:00-04:00,261.3119321649969,269.11810302734375,260.8661356963877,269.11810302734375,3241300,0.0,0.0
2022-07-06 00:00:00-04:00,270.3132809484141,271.1954088454267,266.07348047395544,268.97589111328125,2206100,0.0,0.0
2022-07-07 00:00:00-04:00,268.27395592168295,272.19126875662,266.95555489537077,271.9256896972656,3133900,0.0,0.0
2022-07-08 00:00:00-04:00,271.26178065125015,273.1587825737926,269.288911388025,271.7170715332031,1891000,0.0,0.0
2022-07-11 00:00:00-04:00,270.49346743841164,274.67635969108176,270.45554824521685,271.64117431640625,2453200,0.0,0.0
2022-07-12 00:00:00-04:00,274.088287965921,278.51779960996174,268.8146256290276,270.4365539550781,2696100,0.0,0.0
2022-07-13 00:00:00-04:00,267.12627424360875,274.86604393533776,265.3525824499524,272.39044189453125,2941600,0.0,0.0
2022-07-14 00:00:00-04:00,267.3349557627338,275.34030481524377,267.14524402471426,274.572021484375,2822200,0.0,0.0
2022-07-15 00:00:00-04:00,279.6275314902045,280.23458592439,275.9663321266,277.35113525390625,2647200,0.0,0.0
2022-07-18 00:00:00-04:00,281.94190647343413,283.1180383849165,276.9622765020783,277.95819091796875,2664000,0.0,0.0
2022-07-19 00:00:00-04:00,280.2250736650092,284.55972919065283,278.20476236572483,284.38897705078125,2614900,0.0,0.0
2022-07-20 00:00:00-04:00,285.4323395378381,288.0502110153362,282.9188182005035,286.7317810058594,2533400,0.0,0.0
2022-07-21 00:00:00-04:00,287.2535144201617,289.5299108786661,283.47847027219217,289.29278564453125,1965000,0.0,0.0
2022-07-22 00:00:00-04:00,291.81580628570225,294.6708034131429,288.6857357773906,290.8009033203125,2391500,0.0,0.0
2022-07-25 00:00:00-04:00,291.00000355331736,291.59756362643174,288.1829553128814,290.38348388671875,1910500,0.0,0.0
2022-07-26 00:00:00-04:00,281.7047505609081,285.15730752581095,280.670888114855,282.823974609375,2690200,0.0,0.0
2022-07-27 00:00:00-04:00,282.8524562229735,284.8443139791953,276.76309641921,283.51641845703125,3233700,0.0,0.0
2022-07-28 00:00:00-04:00,279.80774679791034,285.72638275561013,278.072003003144,284.1993103027344,3992100,0.0,0.0
2022-07-29 00:00:00-04:00,284.55024042707976,285.91608389680556,282.11258642039377,285.44183349609375,3236000,0.0,0.0
2022-08-01 00:00:00-04:00,285.1572988495139,292.5650878972699,284.5597387048509,290.0705261230469,3303900,0.0,0.0
2022-08-02 00:00:00-04:00,289.6721653268364,289.87134240839595,284.5597605938077,285.22369384765625,3091000,0.0,0.0
2022-08-03 00:00:00-04:00,287.7277315278292,292.2046565870562,284.87273477716366,290.5921936035156,3329400,0.0,0.0
2022-08-04 00:00:00-04:00,288.8564211088078,294.00677313797917,288.76156524639225,291.3509826660156,2718400,0.0,0.0
2022-08-05 00:00:00-04:00,289.6531447697951,293.8265420083395,288.81845953289746,293.7411804199219,2029100,0.0,0.0
2022-08-08 00:00:00-04:00,295.7994279425062,299.5365231871758,294.4525730966085,295.9037780761719,2505100,0.0,0.0
2022-08-09 00:00:00-04:00,292.98241768558927,293.99729151384776,287.6897671621658,289.4919128417969,2607000,0.0,0.0
2022-08-10 00:00:00-04:00,293.5609752167832,296.86176816964786,293.1341383109495,295.5338439941406,3863400,0.0,0.0
2022-08-11 00:00:00-04:00,297.6774996348217,298.41732913089817,293.6368768007394,294.6897277832031,2444100,0.0,0.0
2022-08-12 00:00:00-04:00,296.51082178009983,298.7113505874773,294.20597177857087,298.6734313964844,2273800,0.0,0.0
2022-08-15 00:00:00-04:00,295.9702117416384,299.49863604243495,294.17753125075734,298.4078369140625,3917300,0.0,0.0
2022-08-16 00:00:00-04:00,296.86179663753614,315.83181301027525,296.7669407664829,310.52020263671875,10089800,0.0,0.0
2022-08-17 00:00:00-04:00,311.19363679679753,312.5310264533134,307.38067384452467,308.983642578125,3162600,0.0,0.0
2022-08-18 00:00:00-04:00,308.2248193742996,311.051362247721,305.6259363816703,308.4619445800781,2899600,0.0,0.0
2022-08-19 00:00:00-04:00,308.23429989274314,309.51478173600555,303.3020842542312,304.77227783203125,3489100,0.0,0.0
2022-08-22 00:00:00-04:00,301.7086287806181,303.27364937773206,295.65718878889237,296.1314392089844,3144200,0.0,0.0
2022-08-23 00:00:00-04:00,295.18294608028356,295.47697903274616,289.8998182613608,291.09490966796875,3317500,0.0,0.0
2022-08-24 00:00:00-04:00,289.34020414547746,294.0163358428721,287.91745271592237,292.24261474609375,2495600,0.0,0.0
2022-08-25 00:00:00-04:00,292.7452927730786,293.9972917958036,290.0799789679437,293.8265686035156,2529700,0.0,0.0
2022-08-26 00:00:00-04:00,294.3198008608554,295.46750772530766,282.67221163276423,282.74810791015625,3315500,0.0,0.0
2022-08-29 00:00:00-04:00,281.2969091523636,284.27518682368793,279.1343283328331,281.0597839355469,2711800,0.0,0.0
2022-08-30 00:00:00-04:00,283.18442196257183,284.4554096751942,276.6492659156008,278.005615234375,2892400,0.0,0.0
2022-08-31 00:00:00-04:00,278.7789252571737,279.218074324622,275.21792248606795,275.3515930175781,4376200,1.9,0.0
2022-09-01 00:00:00-04:00,275.3324922475489,280.2777776963371,273.72862061034454,280.0773010253906,3742500,0.0,0.0
2022-09-02 00:00:00-04:00,282.6930623137346,283.35180032600897,276.9744821700275,278.673828125,2753600,0.0,0.0
2022-09-06 00:00:00-04:00,279.9340572638118,281.1560586623849,274.24411598309445,276.4208068847656,4110000,0.0,0.0
2022-09-07 00:00:00-04:00,277.2800493992787,284.2111052095329,277.14637887073917,283.99151611328125,3016000,0.0,0.0
2022-09-08 00:00:00-04:00,282.58814792488096,286.58830005230567,281.19430913678406,286.3114318847656,2703200,0.0,0.0
2022-09-09 00:00:00-04:00,285.9104168863408,288.78401241879055,284.8125006729308,286.187255859375,2769200,0.0,0.0
2022-09-12 00:00:00-04:00,287.170617870338,289.10863657839707,282.9222666631182,284.058349609375,3632900,0.0,0.0
2022-09-13 00:00:00-04:00,278.77892993549096,280.75511533957945,264.75453685166497,265.3368835449219,4797200,0.0,0.0
2022-09-14 00:00:00-04:00,266.7402564051099,266.8739269278033,260.79255911114046,263.81890869140625,4194400,0.0,0.0
2022-09-15 00:00:00-04:00,265.29870440707595,265.41326249641673,258.2817300868086,259.2364196777344,3896100,0.0,0.0
2022-09-16 00:00:00-04:00,256.85920343379235,264.0289310446436,256.71600583290433,263.4656677246094,9535100,0.0,0.0
2022-09-19 00:00:00-04:00,261.18394828203606,268.4873464799559,261.1171421575254,267.71405029296875,3047200,0.0,0.0
2022-09-20 00:00:00-04:00,264.3344231874762,266.14832734028596,259.07407492299865,261.7472229003906,2940700,0.0,0.0
2022-09-21 00:00:00-04:00,263.49431283253057,267.43718529119604,259.20776612444575,259.2650451660156,3173500,0.0,0.0
2022-09-22 00:00:00-04:00,258.93083985334283,258.93083985334283,255.71354149014078,256.9450988769531,3515800,0.0,0.0
2022-09-23 00:00:00-04:00,255.75178291165622,259.0072484523903,254.25291341149867,258.66357421875,3527900,0.0,0.0
2022-09-26 00:00:00-04:00,259.1313793263407,261.16487274323936,253.5750791152006,254.50112915039062,4181800,0.0,0.0
2022-09-27 00:00:00-04:00,257.15512852644,261.2889500359978,254.88299217707592,256.5155029296875,3701000,0.0,0.0
2022-09-28 00:00:00-04:00,262.7496519635819,270.654480056997,260.3533719351755,269.4038391113281,5816600,0.0,0.0
2022-09-29 00:00:00-04:00,265.89055519999806,266.12922755097003,262.2818304186936,265.71868896484375,4518600,0.0,0.0
2022-09-30 00:00:00-04:00,265.231863289224,269.02198204693735,262.31051553625554,263.4370422363281,4789100,0.0,0.0
2022-10-03 00:00:00-04:00,268.26775510897795,273.09848174919455,266.88344365111004,270.8454284667969,3580000,0.0,0.0
2022-10-04 00:00:00-04:00,274.47325269579324,278.1106176442115,273.5758421648897,276.4399108886719,3641300,0.0,0.0
2022-10-05 00:00:00-04:00,273.2798480806881,278.8743141300508,272.4397167245824,276.71673583984375,2728000,0.0,0.0
2022-10-06 00:00:00-04:00,276.4398911987196,279.6953859123842,274.73098882416815,277.2322998046875,2641500,0.0,0.0
2022-10-07 00:00:00-04:00,274.50189279525705,275.55205715648304,269.6234430435265,271.4373474121094,2406000,0.0,0.0
2022-10-10 00:00:00-04:00,270.71178549954413,271.95287034787316,267.52312567454373,269.66162109375,2115400,0.0,0.0
2022-10-11 00:00:00-04:00,268.3632410849095,273.23216366681885,268.17229151902546,270.0721435546875,2771900,0.0,0.0
2022-10-12 00:00:00-04:00,271.5327909884337,271.74282383653906,267.78083924115174,267.8094787597656,2258200,0.0,0.0
2022-10-13 00:00:00-04:00,262.2150342657054,271.9242106354433,256.55373224887353,270.01483154296875,3881600,0.0,0.0
2022-10-14 00:00:00-04:00,273.6522166003255,273.6522166003255,263.4465833528474,263.9048156738281,2783100,0.0,0.0
2022-10-17 00:00:00-04:00,266.931172729876,271.00768614218657,266.68294415282145,268.5159606933594,3426700,0.0,0.0
2022-10-18 00:00:00-04:00,274.90286559242276,276.72629698112746,270.39672978355145,272.143798828125,3166500,0.0,0.0
2022-10-19 00:00:00-04:00,269.67112805267686,269.9575232315713,260.6493011649765,263.00738525390625,4323000,0.0,0.0
2022-10-20 00:00:00-04:00,262.48231901210846,265.4036663905142,255.7326576262975,257.2506103515625,3959500,0.0,0.0
2022-10-21 00:00:00-04:00,256.1813735174728,263.21743037707245,255.85678258797878,263.04559326171875,3429100,0.0,0.0
2022-10-24 00:00:00-04:00,264.4203787996695,271.5805507759018,264.4203787996695,270.4253845214844,2937100,0.0,0.0
2022-10-25 00:00:00-04:00,272.5733796512978,278.8934188115645,272.5733796512978,277.108154296875,2791600,0.0,0.0
2022-10-26 00:00:00-04:00,277.4327652250669,278.6452103608833,273.2034978742224,277.0031433105469,2615000,0.0,0.0
2022-10-27 00:00:00-04:00,278.6261305715743,280.9364627977351,276.3348816464821,277.8719177246094,3041500,0.0,0.0
2022-10-28 00:00:00-04:00,276.85998281451066,285.60494300924324,276.85998281451066,285.1180419921875,3243100,0.0,0.0
2022-10-31 00:00:00-04:00,281.07015205771995,285.71948547398256,279.2944143563301,282.71221923828125,4210900,0.0,0.0
2022-11-01 00:00:00-04:00,286.76009537044627,288.51672064564707,280.0581852203507,282.6453857421875,3309100,0.0,0.0
2022-11-02 00:00:00-04:00,281.8243332738614,286.5691409380718,275.4469856963751,275.6474914550781,4426400,0.0,0.0
2022-11-03 00:00:00-04:00,270.7213316135254,272.99349747902545,267.7999838249722,268.7451171875,4823900,0.0,0.0
2022-11-04 00:00:00-04:00,272.9362297888907,275.7525466905346,264.9263698823317,271.1604919433594,4401600,0.0,0.0
2022-11-07 00:00:00-05:00,273.5185073079967,278.4829037367944,270.02434068181185,277.11767578125,3260200,0.0,0.0
2022-11-08 00:00:00-05:00,279.1798929539338,280.04866404902816,274.5973941959937,277.9483642578125,3371800,0.0,0.0
2022-11-09 00:00:00-05:00,275.90528418649876,279.24669766280584,273.28944410247294,273.7572326660156,3071400,0.0,0.0
2022-11-10 00:00:00-05:00,284.2492934368734,300.47901785052375,283.61919475757725,297.5767822265625,7794000,0.0,0.0
2022-11-11 00:00:00-05:00,297.8631323356674,303.2857618550644,296.1828694455058,300.669921875,4945400,0.0,0.0
2022-11-14 00:00:00-05:00,300.11616853410465,301.6627899525055,292.45956945462245,293.0133056640625,6394800,0.0,0.0
2022-11-15 00:00:00-05:00,290.2829230481433,302.2833785441269,289.5096267880026,297.79632568359375,9290400,0.0,0.0
2022-11-16 00:00:00-05:00,292.0013086452314,302.07330008069135,290.71250116268425,300.6412658691406,5249500,0.0,0.0
2022-11-17 00:00:00-05:00,297.86311498397004,299.46698630306764,292.2781757510585,297.3284912109375,3642100,0.0,0.0
2022-11-18 00:00:00-05:00,299.90620806123326,301.6819167510696,296.20200771297255,298.98968505859375,3559300,0.0,0.0
2022-11-21 00:00:00-05:00,302.59838131024895,304.39320226472597,299.9634580536107,302.4265441894531,4069000,0.0,0.0
2022-11-22 00:00:00-05:00,305.50065622936955,312.0116459576131,304.90875336949523,310.1595458984375,6054700,0.0,0.0
2022-11-23 00:00:00-05:00,311.9543500956327,312.9663186340449,305.92070546806514,306.9422302246094,4243400,0.0,0.0
2022-11-25 00:00:00-05:00,308.25969581946634,314.1691968130101,307.3145334359708,311.591552734375,3393500,0.0,0.0
2022-11-28 00:00:00-05:00,310.3313520814174,313.901881321933,303.4480492648457,304.4695739746094,4733700,0.0,0.0
2022-11-29 00:00:00-05:00,301.68184197291373,305.5005994662418,301.3190553494784,301.6436462402344,3505600,0.0,0.0
2022-11-30 00:00:00-05:00,300.55837868158204,311.37322659742694,299.1849204314339,311.1811218261719,15106500,1.9,0.0
2022-12-01 00:00:00-05:00,313.409410815732,316.6365892710589,311.6133455027138,314.1393737792969,3830100,0.0,0.0
2022-12-02 00:00:00-05:00,308.3861316402789,315.4935970648881,307.66578279138497,315.02294921875,3644100,0.0,0.0
2022-12-05 00:00:00-05:00,312.29525531775226,312.6506227535739,306.90705959091235,307.4256896972656,5057300,0.0,0.0
2022-12-06 00:00:00-05:00,307.0031098484581,308.9336249642203,302.1047314781921,304.8996887207031,3341500,0.0,0.0
2022-12-07 00:00:00-05:00,303.4685684936367,310.11500040167743,302.0086719795851,307.492919921875,4038200,0.0,0.0
2022-12-08 00:00:00-05:00,305.95620526818055,311.6901842006169,305.95620526818055,311.2771911621094,3483600,0.0,0.0
2022-12-09 00:00:00-05:00,308.7703100057091,311.61327830222814,307.2815716148098,307.8098449707031,3738800,0.0,0.0
2022-12-12 00:00:00-05:00,310.2302397571695,315.3591200797893,308.5878525773193,315.01336669921875,4900200,0.0,0.0
2022-12-13 00:00:00-05:00,330.73620168936736,333.52154494258417,316.91509321624056,319.7292785644531,5787700,0.0,0.0
2022-12-14 00:00:00-05:00,317.4625814111841,325.65534891159484,316.00268476707004,320.2479248046875,4546000,0.0,0.0
2022-12-15 00:00:00-05:00,316.41569013106397,316.97274710705403,310.58565873730544,314.6484375,5056900,0.0,0.0
2022-12-16 00:00:00-05:00,310.6432926098509,314.97500059928507,306.618940558659,310.5568542480469,9615000,0.0,0.0
2022-12-19 00:00:00-05:00,306.86864631026566,309.18337107206315,303.52621669987644,304.784423828125,3000600,0.0,0.0
2022-12-20 00:00:00-05:00,300.93292589603004,304.36179326623824,298.5413479153373,302.392822265625,2632200,0.0,0.0
2022-12-21 00:00:00-05:00,305.4758934874132,306.9550178524312,302.29675655780966,306.7341003417969,2610400,0.0,0.0
2022-12-22 00:00:00-05:00,303.89115195610566,303.89115195610566,298.4453312501086,303.6222229003906,3064400,0.0,0.0
2022-12-23 00:00:00-05:00,301.7301723237446,306.48448734921084,300.68326864953235,306.1291198730469,2064900,0.0,0.0
2022-12-27 00:00:00-05:00,305.8217413595282,308.837586979001,304.95732850355563,306.9166564941406,1610200,0.0,0.0
2022-12-28 00:00:00-05:00,307.8771005373974,308.72231458230965,303.02676312152875,303.2476806640625,1568200,0.0,0.0
2022-12-29 00:00:00-05:00,306.0522475534043,309.10652002874724,305.03415672829004,307.74267578125,1559100,0.0,0.0
2022-12-30 00:00:00-05:00,304.93806038789967,305.5911989433821,300.6447801456895,303.37249755859375,2581600,0.0,0.0
2023-01-03 00:00:00-05:00,304.87090522906936,306.5997310265284,299.4538669245019,303.42059326171875,2822400,0.0,0.0
2023-01-04 00:00:00-05:00,308.3765583814134,309.75963056757774,303.8719744006967,307.08953857421875,3560900,0.0,0.0
2023-01-05 00:00:00-05:00,305.2646083604169,305.50472463425615,300.84649237062996,302.9979248046875,2935100,0.0,0.0
2023-01-06 00:00:00-05:00,303.78553404449264,306.2443225122907,296.7837348122116,304.97650146484375,4022500,0.0,0.0
2023-01-09 00:00:00-05:00,307.34884335487675,309.79801772593305,304.52507351166827,305.24542236328125,3466300,0.0,0.0
2023-01-10 00:00:00-05:00,303.7951485225971,308.0500318799308,301.5476633425562,307.9539794921875,2111300,0.0,0.0
2023-01-11 00:00:00-05:00,309.7980299004351,316.0314688062165,309.38503691060384,315.9930419921875,2864800,0.0,0.0
2023-01-12 00:00:00-05:00,319.07612879959254,319.07612879959254,313.79357031689545,316.8286437988281,2481800,0.0,0.0
2023-01-13 00:00:00-05:00,313.5822648338172,319.2490328012161,313.1116462787691,318.11566162109375,2798600,0.0,0.0
2023-01-17 00:00:00-05:00,317.2704676872005,321.9095311792357,314.16818374206235,314.5811767578125,3988900,0.0,0.0
2023-01-18 00:00:00-05:00,316.95353887561737,321.2948313409574,310.16304238686683,310.89300537109375,2952200,0.0,0.0
2023-01-19 00:00:00-05:00,307.67540879784127,308.63587396708385,298.3493002115956,298.58941650390625,5359300,0.0,0.0
2023-01-20 00:00:00-05:00,297.7537972833429,302.7770110352645,295.2373833920748,302.5465087890625,3725100,0.0,0.0
2023-01-23 00:00:00-05:00,301.14420288811334,304.9764488405149,298.7910519247751,303.00750732421875,3237900,0.0,0.0
2023-01-24 00:00:00-05:00,302.66181569061763,305.5240127897406,300.27026651231944,305.1302185058594,2127900,0.0,0.0
2023-01-25 00:00:00-05:00,302.863473522297,305.5431795923008,299.2329162998378,304.7171936035156,2060400,0.0,0.0
2023-01-26 00:00:00-05:00,301.73014963535485,306.6381422592315,300.17420063451357,301.4035949707031,3555300,0.0,0.0
2023-01-27 00:00:00-05:00,299.68435320821413,305.6584481649928,299.02162984866726,304.16973876953125,2761200,0.0,0.0
2023-01-30 00:00:00-05:00,303.3436949064384,305.5623963653109,301.2883147307263,301.8165588378906,2643100,0.0,0.0
2023-01-31 00:00:00-05:00,303.49737661871035,311.52688060044426,302.64257786781394,311.35400390625,3526800,0.0,0.0
2023-02-01 00:00:00-05:00,309.6443845950762,317.48175469912877,305.0821749731978,315.1190185546875,3076500,0.0,0.0
2023-02-02 00:00:00-05:00,320.2671300295054,327.9700503181456,319.53716710396805,326.3564758300781,4776600,0.0,0.0
2023-02-03 00:00:00-05:00,319.3834734835141,321.47728046488584,317.2704384401581,318.3941955566406,3389700,0.0,0.0
2023-02-06 00:00:00-05:00,315.98345127519013,317.92360982734834,314.5139406241681,316.25238037109375,2229700,0.0,0.0
2023-02-07 00:00:00-05:00,311.19072228122826,314.07211785790633,308.04039762316984,312.3432922363281,3865500,0.0,0.0
2023-02-08 00:00:00-05:00,310.17262978756906,311.1811065093374,306.93586679764195,308.1076354980469,2777200,0.0,0.0
2023-02-09 00:00:00-05:00,310.3262975764229,311.08507325629955,302.38323198206547,303.07476806640625,3063300,0.0,0.0
2023-02-10 00:00:00-05:00,301.4420417858788,304.6596064193039,300.3855240883411,304.02569580078125,2768800,0.0,0.0
2023-02-13 00:00:00-05:00,304.7940067158184,310.8929662711707,303.1323914568837,310.7392883300781,2432500,0.0,0.0
2023-02-14 00:00:00-05:00,307.9346881391893,310.1917868874325,303.1900177194196,305.84088134765625,3380800,0.0,0.0
2023-02-15 00:00:00-05:00,303.3917312125335,308.8183533573273,303.30529286780336,308.0115661621094,2585500,0.0,0.0
2023-02-16 00:00:00-05:00,302.546472238541,310.94092688238055,302.47923265449896,308.5397644042969,3169200,0.0,0.0
2023-02-17 00:00:00-05:00,306.08106473458236,307.9251709469969,300.57761750509883,305.37994384765625,4985500,0.0,0.0
2023-02-21 00:00:00-05:00,293.4701066094178,295.8328719159774,283.3660240674016,283.81744384765625,10891800,0.0,0.0
2023-02-22 00:00:00-05:00,285.7864581733709,288.5237903310281,283.423721578091,284.58587646484375,5922100,0.0,0.0
2023-02-23 00:00:00-05:00,285.0564451414137,288.02427878209966,282.9722229782358,287.476806640625,4354500,0.0,0.0
2023-02-24 00:00:00-05:00,280.83998889138815,286.53553988986727,280.4558087142673,284.93157958984375,3713300,0.0,0.0
2023-02-27 00:00:00-05:00,287.5248161061078,288.61014635072314,283.3756291816987,284.3072814941406,3238300,0.0,0.0
2023-02-28 00:00:00-05:00,283.3372206693346,286.8909534665646,282.6744973676292,284.81634521484375,3949500,0.0,0.0
2023-03-01 00:00:00-05:00,280.3790009693143,282.10782652403935,277.24787518419436,279.2936706542969,5905100,0.0,0.0
2023-03-02 00:00:00-05:00,277.0557971723545,282.4824199601916,275.91284118259045,281.4355163574219,4103700,0.0,0.0
2023-03-03 00:00:00-05:00,282.9914482226175,286.8044664917729,282.14623425353994,286.65081787109375,4036700,0.0,0.0
2023-03-06 00:00:00-05:00,286.21859862286624,288.2451659062186,285.23893477688006,286.4202880859375,3763200,0.0,0.0
2023-03-07 00:00:00-05:00,287.2367198616012,287.2367198616012,278.93831578996304,279.2072448730469,4512400,0.0,0.0
2023-03-08 00:00:00-05:00,280.01017757123566,282.9317767035208,278.8782826538185,281.9933776855469,4680300,2.09,0.0
2023-03-09 00:00:00-05:00,283.50252646903715,284.77952843785494,278.37521033816864,278.6170654296875,3248000,0.0,0.0
2023-03-10 00:00:00-05:00,279.15884323353396,283.60898321686227,274.8441562846673,276.9821472167969,4730900,0.0,0.0
2023-03-13 00:00:00-04:00,274.7376998754685,282.815665823961,273.39300092090133,277.1852722167969,3892100,0.0,0.0
2023-03-14 00:00:00-04:00,279.8747252641655,280.3584354907011,272.22245546090204,276.2662658691406,5116000,0.0,0.0
2023-03-15 00:00:00-04:00,274.69908416376904,279.73933709451217,273.4607870083274,278.5881042480469,4835500,0.0,0.0
2023-03-16 00:00:00-04:00,277.6496816744148,278.64612360192984,275.71484068713664,277.38848876953125,4400200,0.0,0.0
2023-03-17 00:00:00-04:00,278.44294804918326,282.43839904551527,276.9337745792686,278.994384765625,8342000,0.0,0.0
2023-03-20 00:00:00-04:00,278.065693870208,280.38749738798833,277.27240189860527,279.8360900878906,3677800,0.0,0.0
2023-03-21 00:00:00-04:00,281.9353291434056,283.3477842295758,278.2301218826422,280.00048828125,4788200,0.0,0.0
2023-03-22 00:00:00-04:00,280.6389637188061,281.7224697790824,273.2478876514497,273.40264892578125,3723400,0.0,0.0
2023-03-23 00:00:00-04:00,275.9663935106069,276.78867735339287,271.0905857079377,274.6603698730469,6005800,0.0,0.0
2023-03-24 00:00:00-04:00,273.3543417479398,275.64712367320254,271.6806936078263,273.7993469238281,3851000,0.0,0.0
2023-03-27 00:00:00-04:00,274.5055672312786,275.65679998963924,271.7580965505124,272.1063537597656,4269700,0.0,0.0
2023-03-28 00:00:00-04:00,271.6516532036927,274.0605502235825,270.81000212770556,271.6710205078125,3633300,0.0,0.0
2023-03-29 00:00:00-04:00,272.0870222473759,274.7377450344265,272.0870222473759,274.1282653808594,3607500,0.0,0.0
2023-03-30 00:00:00-04:00,276.0630798339844,276.7789910283081,274.6022950600166,276.0630798339844,3432800,0.0,0.0
2023-03-31 00:00:00-04:00,277.6399937374809,285.921110673371,277.41750592230886,285.505126953125,5800600,0.0,0.0
2023-04-03 00:00:00-04:00,285.26325259736484,288.26226178380006,285.1374832198807,288.03009033203125,4007600,0.0,0.0
2023-04-04 00:00:00-04:00,287.8075981280979,290.0326534639577,284.8085886799121,285.350341796875,2965700,0.0,0.0
2023-04-05 00:00:00-04:00,285.38904809412355,286.07590838402086,279.0814770493915,279.2652893066406,4002400,0.0,0.0
2023-04-06 00:00:00-04:00,277.89153665598974,280.3487929751114,274.9795915241566,279.20721435546875,3193400,0.0,0.0
2023-04-10 00:00:00-04:00,276.8080303401765,283.1059471960337,276.3533415276083,281.683837890625,2799900,0.0,0.0
2023-04-11 00:00:00-04:00,283.15429557766004,285.4857824190009,282.2546016393406,284.1990966796875,2497000,0.0,0.0
2023-04-12 00:00:00-04:00,286.5499825043046,288.7169951174618,280.145633579112,280.9776306152344,3341400,0.0,0.0
2023-04-13 00:00:00-04:00,281.412997588085,282.94150917342614,277.04023750217056,282.6319274902344,3505800,0.0,0.0
2023-04-14 00:00:00-04:00,282.63188817587013,286.54995884563124,281.88698503243256,282.67059326171875,2653200,0.0,0.0
2023-04-17 00:00:00-04:00,282.1965629510189,285.8727489282431,282.0514262618331,285.7760009765625,2621900,0.0,0.0
2023-04-18 00:00:00-04:00,286.66603713829204,289.4908883419779,286.2790748598414,289.2103576660156,2847800,0.0,0.0
2023-04-19 00:00:00-04:00,286.7918112548537,288.57186138376863,285.4373989729288,287.23681640625,2889300,0.0,0.0
2023-04-20 00:00:00-04:00,286.3274739919051,291.49349641393457,285.8727851324193,288.8427734375,3371800,0.0,0.0
2023-04-21 00:00:00-04:00,291.79334281872474,293.321883617809,289.59730909024546,290.26483154296875,3506700,0.0,0.0
2023-04-24 00:00:00-04:00,290.226099589848,292.0641923159186,289.4715129118474,291.81268310546875,2515400,0.0,0.0
2023-04-25 00:00:00-04:00,291.67729747693676,292.8285302998234,286.48225381774733,286.67572021484375,4529500,0.0,0.0
2023-04-26 00:00:00-04:00,285.80501475141364,286.3274300578266,277.7270481374798,278.684814453125,4037400,0.0,0.0
2023-04-27 00:00:00-04:00,278.6171156345565,285.1084991940926,278.4236197171442,284.3539123535156,3133600,0.0,0.0
2023-04-28 00:00:00-04:00,284.19908015616494,291.01941168719924,283.8218015524592,290.74853515625,4062300,0.0,0.0
2023-05-01 00:00:00-04:00,289.23939570896374,289.80048661643946,287.6818333303425,288.0010986328125,2970000,0.0,0.0
2023-05-02 00:00:00-04:00,288.71694677534396,288.9394640959249,281.56769584226623,284.6924743652344,3413200,0.0,0.0
2023-05-03 00:00:00-04:00,284.9633786544039,289.0265565428655,282.97049479650696,283.5315856933594,2743400,0.0,0.0
2023-05-04 00:00:00-04:00,283.1832897615597,284.99236111614726,276.0340391097302,276.44036865234375,4422500,0.0,0.0
2023-05-05 00:00:00-04:00,277.81413335335634,281.3935711721221,276.7789864244992,280.1842956542969,3806300,0.0,0.0
2023-05-08 00:00:00-04:00,279.5844938308767,280.3971234189353,275.17305919665705,278.5493469238281,3736500,0.0,0.0
2023-05-09 00:00:00-04:00,276.8467086121184,281.57737901178194,276.4500627056717,281.1130065917969,2570000,0.0,0.0
2023-05-10 00:00:00-04:00,282.2062050545393,284.0056224044665,276.60486202787274,279.613525390625,3571000,0.0,0.0
2023-05-11 00:00:00-04:00,279.33301002866506,280.0198999002328,275.73420427458217,278.3172302246094,3859700,0.0,0.0
2023-05-12 00:00:00-04:00,278.61712285439535,281.4903631147646,278.08505335272173,281.00665283203125,3436100,0.0,0.0
2023-05-15 00:00:00-04:00,280.474510087476,281.44193040031126,277.5915869268298,279.13946533203125,5353600,0.0,0.0
2023-05-16 00:00:00-04:00,272.5706840886271,276.76928487216213,268.06250170695307,273.13177490234375,12362100,0.0,0.0
2023-05-17 00:00:00-04:00,272.95766939266116,284.46996664602557,272.04829182335385,282.86407470703125,7956900,0.0,0.0
2023-05-18 00:00:00-04:00,283.1155884679656,286.2887263594474,282.0998088059449,285.5438232421875,4547000,0.0,0.0
2023-05-19 00:00:00-04:00,286.12430672694495,286.12430672694495,280.50359578344984,281.4032897949219,4469900,0.0,0.0
2023-05-22 00:00:00-04:00,281.25815620415284,283.4445063308868,278.6944684098774,281.1904296875,3736200,0.0,0.0
2023-05-23 00:00:00-04:00,279.85542022217993,288.06881138212646,279.85542022217993,285.3310241699219,5352200,0.0,0.0
2023-05-24 00:00:00-04:00,287.6818354190947,287.82694259248416,280.7260795157582,281.6161193847656,4978200,0.0,0.0
2023-05-25 00:00:00-04:00,282.28361359671567,282.28361359671567,276.7402839425045,277.4078063964844,5355900,0.0,0.0
2023-05-26 00:00:00-04:00,277.6496853249138,283.74442270564055,276.3823668234505,283.28973388671875,4626100,0.0,0.0
2023-05-30 00:00:00-04:00,283.7250835444863,284.85697852168835,279.5361657625851,282.8737487792969,5193300,0.0,0.0
2023-05-31 00:00:00-04:00,282.17219302216733,282.5716945033909,274.73762954352776,276.1894836425781,18288800,2.09,0.0
2023-06-01 00:00:00-04:00,276.7740722397279,281.81165622642766,272.80834753244085,281.0029296875,4305100,0.0,0.0
2023-06-02 00:00:00-04:00,283.20505207788347,288.6226314042235,282.29888097962953,288.35955810546875,4514600,0.0,0.0
2023-06-05 00:00:00-04:00,288.04772495835294,288.14516941771103,283.9065881905653,285.59228515625,3028800,0.0,0.0
2023-06-06 00:00:00-04:00,284.3450765496661,289.3144466734107,284.179417993329,288.4179992675781,2855400,0.0,0.0
2023-06-07 00:00:00-04:00,289.69445024484247,294.4592079620435,289.49956131801866,293.9720153808594,4842700,0.0,0.0
2023-06-08 00:00:00-04:00,294.42022377043725,297.62595927567554,293.08532085781417,293.37762451171875,3757300,0.0,0.0
2023-06-09 00:00:00-04:00,293.2704209007713,293.7088763285291,288.5154171339422,289.7333984375,3485800,0.0,0.0
2023-06-12 00:00:00-04:00,290.75649399500793,294.85864674388534,290.0257052049388,293.1534729003906,4456600,0.0,0.0
2023-06-13 00:00:00-04:00,294.65404366789284,296.3299872030219,291.0196063328985,292.3934631347656,4043400,0.0,0.0
2023-06-14 00:00:00-04:00,293.280170761332,294.80020918525224,288.0574807377853,292.032958984375,4176000,0.0,0.0
2023-06-15 00:00:00-04:00,293.13401565508224,295.65766954518904,291.90628088956447,294.2837829589844,4109700,0.0,0.0
2023-06-16 00:00:00-04:00,296.54434755269153,298.1423533348754,292.4519481151581,292.685791015625,10808400,0.0,0.0
2023-06-20 00:00:00-04:00,292.09141673729397,294.9950951000055,290.5908850622215,293.6894226074219,3371100,0.0,0.0
2023-06-21 00:00:00-04:00,295.1120187027362,295.7941001860921,292.4909203318278,292.99761962890625,2713300,0.0,0.0
2023-06-22 00:00:00-04:00,293.77711188677836,295.07303100468346,291.92578611725366,293.4653015136719,3052000,0.0,0.0
2023-06-23 00:00:00-04:00,292.62732768288015,294.57609779839873,291.4385767229789,293.1047668457031,8525900,0.0,0.0
2023-06-26 00:00:00-04:00,294.91718697717806,301.2896448922311,294.24485879797606,300.00347900390625,4440100,0.0,0.0
2023-06-27 00:00:00-04:00,300.2567734268947,307.3795263854398,300.00345351216924,305.7035827636719,5342500,0.0,0.0
2023-06-28 00:00:00-04:00,304.00817864297295,304.92410309852374,298.22032824763085,298.6588134765625,4025600,0.0,0.0
2023-06-29 00:00:00-04:00,298.92184241050904,300.23726816621047,296.24228354128735,299.9352111816406,3279700,0.0,0.0
2023-06-30 00:00:00-04:00,301.65010789801323,303.4527261709719,300.4028962350135,302.6829833984375,3229900,0.0,0.0
2023-07-03 00:00:00-04:00,301.84501451379975,303.4235136150543,300.98755086969277,302.078857421875,1483300,0.0,0.0
2023-07-05 00:00:00-04:00,302.5465940496219,304.3004754541101,302.04964809947086,302.8388977050781,2496000,0.0,0.0
2023-07-06 00:00:00-04:00,298.98032636954946,300.0911396785178,293.81609713278635,294.2837829589844,4828300,0.0,0.0
2023-07-07 00:00:00-04:00,294.2545249727811,297.8013007465035,293.1827252311059,295.05352783203125,2951100,0.0,0.0
2023-07-10 00:00:00-04:00,295.4335807779864,302.5758106358807,295.4335807779864,302.33221435546875,3246700,0.0,0.0
2023-07-11 00:00:00-04:00,304.8948520277977,306.51233489827496,302.7804232297275,305.6256408691406,2913800,0.0,0.0
2023-07-12 00:00:00-04:00,308.2077516111123,313.03096979755,307.915447972608,309.3867492675781,5300500,0.0,0.0
2023-07-13 00:00:00-04:00,309.95191286410113,310.26372323935726,305.44050499719634,306.54156494140625,3235600,0.0,0.0
2023-07-14 00:00:00-04:00,306.77543082844767,308.7826619486797,306.17131676606976,308.3929138183594,2941000,0.0,0.0
2023-07-17 00:00:00-04:00,307.6328422452301,309.67905675130834,306.10305061458325,307.9543762207031,2002500,0.0,0.0
2023-07-18 00:00:00-04:00,306.47338101383457,310.16630931110825,304.134862440971,308.6462707519531,2317000,0.0,0.0
2023-07-19 00:00:00-04:00,308.8800840140835,311.7447786547875,308.57802700480084,311.29656982421875,2361400,0.0,0.0
2023-07-20 00:00:00-04:00,312.1345157848553,313.2160986961014,309.73753679239826,310.9165344238281,2101900,0.0,0.0
2023-07-21 00:00:00-04:00,312.84580639442447,313.64480924969735,311.3062614063746,312.26116943359375,3672900,0.0,0.0
2023-07-24 00:00:00-04:00,312.74837935904475,317.31824774911644,312.7289023624186,316.7823181152344,2621900,0.0,0.0
2023-07-25 00:00:00-04:00,316.74335812301234,318.5264696963951,315.53510043000375,316.80181884765625,2890800,0.0,0.0
2023-07-26 00:00:00-04:00,316.37310194317564,322.48248584317105,315.9346167518231,321.1475830078125,3448100,0.0,0.0
2023-07-27 00:00:00-04:00,323.21326600626617,324.89896289668843,320.50447667794816,321.2644958496094,2608600,0.0,0.0
2023-07-28 00:00:00-04:00,323.4958559012563,324.47024100939257,321.0598931309155,322.8819885253906,2268200,0.0,0.0
2023-07-31 00:00:00-04:00,323.15479068503214,325.51281555186983,322.9891618812857,325.2886962890625,2690000,0.0,0.0
2023-08-01 00:00:00-04:00,323.26202989361605,326.38979792823477,322.404566195881,323.5640869140625,2547200,0.0,0.0
2023-08-02 00:00:00-04:00,321.5763182903114,324.0122810776319,319.5203799710324,320.08551025390625,2752600,0.0,0.0
2023-08-03 00:00:00-04:00,319.28651113299685,323.5933064761555,319.24755713776403,321.40093994140625,2451300,0.0,0.0
2023-08-04 00:00:00-04:00,319.7542088426114,321.07935826750645,316.99668243635927,318.0685119628906,3591000,0.0,0.0
2023-08-07 00:00:00-04:00,318.82852616367575,320.9721851833489,318.2244121860966,320.73834228515625,2111000,0.0,0.0
2023-08-08 00:00:00-04:00,318.2146427083567,320.11470536758543,315.1063818910147,319.41314697265625,3272600,0.0,0.0
2023-08-09 00:00:00-04:00,318.96496058829473,322.44352244636076,318.3900769617369,319.80291748046875,2698900,0.0,0.0
2023-08-10 00:00:00-04:00,322.1901981868904,324.37281141363997,320.514254534672,320.96246337890625,3075100,0.0,0.0
2023-08-11 00:00:00-04:00,320.1050080659169,323.096377699868,319.9393792376985,322.628662109375,3103000,0.0,0.0
2023-08-14 00:00:00-04:00,322.96965322343686,325.23998699194993,320.0172677764905,321.49835205078125,3974800,0.0,0.0
2023-08-15 00:00:00-04:00,323.26199210868094,329.50780381667215,320.10496434186314,323.63226318359375,5860900,0.0,0.0
2023-08-16 00:00:00-04:00,324.0999797264316,329.15704096968994,323.1840553181734,324.4994812011719,3753900,0.0,0.0
2023-08-17 00:00:00-04:00,325.2205089098187,327.052357682526,318.68239311861237,318.8967590332031,3885100,0.0,0.0
2023-08-18 00:00:00-04:00,316.7336392015522,320.4655510337723,316.1197717901615,318.9844665527344,3471500,0.0,0.0
2023-08-21 00:00:00-04:00,318.24391704461857,319.47165183936266,315.2135935253689,315.7592468261719,3109700,0.0,0.0
2023-08-22 00:00:00-04:00,316.9382303670155,317.95159919576486,313.7812321625299,316.1684875488281,2582200,0.0,0.0
2023-08-23 00:00:00-04:00,316.2074518607724,318.55572359369984,315.77872002446094,317.73724365234375,2728000,0.0,0.0
2023-08-24 00:00:00-04:00,316.7920667982672,320.57268559893646,314.05404715120073,314.3268737792969,2490000,0.0,0.0
2023-08-25 00:00:00-04:00,315.14537247576425,317.9808367455254,312.97251268739456,314.5899658203125,2418100,0.0,0.0
2023-08-28 00:00:00-04:00,314.92125350870975,319.0526365193599,314.5996897968052,317.56182861328125,2099900,0.0,0.0
2023-08-29 00:00:00-04:00,318.4193391333258,321.3912020177699,318.3998323988979,320.9429931640625,2628200,0.0,0.0
2023-08-30 00:00:00-04:00,321.639228937121,325.1890229561708,321.51174518631046,324.2182312011719,2256200,2.09,0.0
2023-08-31 00:00:00-04:00,324.77713223063125,326.1499763915076,323.28659006245846,323.8945617675781,2914700,0.0,0.0
2023-09-01 00:00:00-04:00,325.5616237866335,326.9835163427526,324.7183158725148,326.62066650390625,2317100,0.0,0.0
2023-09-05 00:00:00-04:00,325.404725186702,325.855796168741,321.021409327073,321.4234619140625,3141400,0.0,0.0
2023-09-06 00:00:00-04:00,321.1783371423714,322.23737995588203,319.24653938768625,319.6780090332031,3199700,0.0,0.0
2023-09-07 00:00:00-04:00,318.7267828662565,323.5219668274873,318.01092877893154,322.0510559082031,2454000,0.0,0.0
2023-09-08 00:00:00-04:00,321.1489226471147,323.1003217916882,320.3448173990671,322.33544921875,2210300,0.0,0.0
2023-09-11 00:00:00-04:00,322.90418604306274,323.48274075869716,321.2175402908323,322.00201416015625,2087800,0.0,0.0
2023-09-12 00:00:00-04:00,320.491867204844,322.39424774020773,319.57012388457133,319.9525451660156,2190500,0.0,0.0
2023-09-13 00:00:00-04:00,319.71723402162013,321.59998340610053,318.69739398166547,319.5603332519531,2564300,0.0,0.0
2023-09-14 00:00:00-04:00,321.0410589463407,323.89460003808387,318.9621461990798,323.23760986328125,2707600,0.0,0.0
2023-09-15 00:00:00-04:00,320.97238358527636,322.78651304698246,314.11791831623896,315.16717529296875,7112600,0.0,0.0
2023-09-18 00:00:00-04:00,313.95123810721554,315.4123334142464,310.76426436853046,311.10748291015625,2740400,0.0,0.0
2023-09-19 00:00:00-04:00,309.82289022203014,310.7838662291788,306.2828822868773,308.50885009765625,2776500,0.0,0.0
2023-09-20 00:00:00-04:00,308.89130210695583,310.2151279582805,304.7727394418924,304.8315734863281,2320000,0.0,0.0
2023-09-21 00:00:00-04:00,303.39991460706926,304.21383548343897,300.41885981996853,300.8111267089844,2766500,0.0,0.0
2023-09-22 00:00:00-04:00,300.2227709512888,301.68386642915567,299.53633378777675,299.8011169433594,2289200,0.0,0.0
2023-09-25 00:00:00-04:00,298.6047423569962,301.3308294891849,298.6047423569962,300.54632568359375,1882300,0.0,0.0
2023-09-26 00:00:00-04:00,298.61452643110687,299.8795182366748,295.7805868745438,296.6729431152344,2655500,0.0,0.0
2023-09-27 00:00:00-04:00,297.124028441549,298.3203706111824,294.0841396571597,295.9669189453125,2513900,0.0,0.0
2023-09-28 00:00:00-04:00,295.8198096913326,298.95773501454846,294.91763783138055,297.6044921875,2369600,0.0,0.0
2023-09-29 00:00:00-04:00,299.03619560055597,299.74223402406204,294.0056755737948,296.30029296875,3502600,0.0,0.0
2023-10-02 00:00:00-04:00,294.69209384045564,297.5652959615062,292.67204520462064,294.0154724121094,2806800,0.0,0.0
2023-10-03 00:00:00-04:00,292.1327303158717,292.5151516093071,284.44477251754245,286.27850341796875,3609200,0.0,0.0
2023-10-04 00:00:00-04:00,287.6709785846215,288.5045008774052,284.72915632239426,286.7198181152344,2956300,0.0,0.0
2023-10-05 00:00:00-04:00,286.3373526143321,286.9943727208852,284.6114740634265,286.0431823730469,2469300,0.0,0.0
2023-10-06 00:00:00-04:00,285.1214002447976,288.82809479933934,281.8167582914383,287.1414489746094,2922000,0.0,0.0
2023-10-09 00:00:00-04:00,284.67030084935203,289.7988880471759,284.0623290823647,289.6321716308594,1929900,0.0,0.0
2023-10-10 00:00:00-04:00,290.936392521142,294.83922048645405,289.44588014569786,293.4173278808594,3116300,0.0,0.0
2023-10-11 00:00:00-04:00,293.9272177176233,295.0157073642127,290.16168933831193,292.2699890136719,2292800,0.0,0.0
2023-10-12 00:00:00-04:00,291.9268200733457,291.9268200733457,285.13118839407986,287.3375549316406,2546400,0.0,0.0
2023-10-13 00:00:00-04:00,287.25911985777344,289.0144153956541,285.24888675809575,286.2589111328125,2092700,0.0,0.0
2023-10-16 00:00:00-04:00,288.72020956622384,292.5838048481994,287.88668734890734,291.56396484375,2567000,0.0,0.0
2023-10-17 00:00:00-04:00,290.9364138067731,292.57401141707817,288.78888119263775,290.2009582519531,2139700,0.0,0.0
2023-10-18 00:00:00-04:00,287.3179358912134,287.64152312949045,283.96424579299884,284.6114501953125,2720100,0.0,0.0
2023-10-19 00:00:00-04:00,285.356750789278,285.69015371113613,280.8655821057033,281.2087707519531,3028600,0.0,0.0
2023-10-20 00:00:00-04:00,280.31639143193973,281.6108002640596,278.11002498318265,280.8557434082031,2884000,0.0,0.0
2023-10-23 00:00:00-04:00,280.27720356884686,282.66007227785286,278.8160782490114,279.541748046875,2590900,0.0,0.0
2023-10-24 00:00:00-04:00,281.17936373998907,282.3266875956839,276.5607111429894,277.8158874511719,2705200,0.0,0.0
2023-10-25 00:00:00-04:00,276.2860997767208,277.73740931723296,273.7855631953629,275.48199462890625,2962800,0.0,0.0
2023-10-26 00:00:00-04:00,275.0897609217414,277.74719828930046,272.36367386193587,272.60882568359375,3108200,0.0,0.0
2023-10-27 00:00:00-04:00,273.56984346969284,274.2464649208923,268.94137567890266,271.09869384765625,2907300,0.0,0.0
2023-10-30 00:00:00-04:00,272.0891173311122,276.84506887164076,271.58899801605594,276.0213623046875,3074400,0.0,0.0
2023-10-31 00:00:00-04:00,277.1098468535888,279.86535130601754,276.15865646043903,279.16912841796875,3036000,0.0,0.0
2023-11-01 00:00:00-04:00,280.05163220771067,281.26757567040636,276.55085700213215,281.07147216796875,2747300,0.0,0.0
2023-11-02 00:00:00-04:00,284.62129983559487,288.9457820908552,284.3761479838846,288.81829833984375,3628000,0.0,0.0
2023-11-03 00:00:00-04:00,288.4750276620165,292.0346366940851,288.4652419392344,289.8772888183594,3071100,0.0,0.0
2023-11-06 00:00:00-05:00,289.03401556803595,290.69124437875496,287.5336875239499,288.8575134277344,2890300,0.0,0.0
2023-11-07 00:00:00-05:00,288.89671861680654,290.25977720521007,287.86709286391704,289.0536193847656,2629000,0.0,0.0
2023-11-08 00:00:00-05:00,289.30858055757966,292.23080118622,288.40640864295057,290.18133544921875,2454900,0.0,0.0
2023-11-09 00:00:00-05:00,286.28830903492553,287.0629672440939,282.1010967724346,282.28741455078125,4059100,0.0,0.0
2023-11-10 00:00:00-05:00,283.6210534081903,285.9352722167969,281.2283692590239,285.9352722167969,3653500,0.0,0.0
2023-11-13 00:00:00-05:00,282.20898217945887,284.30746623213145,281.66963021104175,282.4835510253906,4586700,0.0,0.0
2023-11-14 00:00:00-05:00,295.0549666647577,302.2624069117511,294.3195111354105,297.7418212890625,7952800,0.0,0.0
2023-11-15 00:00:00-05:00,298.2026984714649,302.9390187625611,298.11444740184015,302.21337890625,3985900,0.0,0.0
2023-11-16 00:00:00-05:00,299.94814627718864,301.9780104388474,298.42818710521743,300.4972839355469,3114000,0.0,0.0
2023-11-17 00:00:00-05:00,302.51737610992086,302.7232952800853,299.52653557735624,301.31121826171875,2770300,0.0,0.0
2023-11-20 00:00:00-05:00,301.23277156495993,303.6646885446333,299.81087894978486,302.21337890625,3459000,0.0,0.0
2023-11-21 00:00:00-05:00,299.64419059708706,300.1344942646835,296.47681813113996,299.41864013671875,2977200,0.0,0.0
2023-11-22 00:00:00-05:00,301.42892986423595,303.85100146825505,300.5365735189725,303.2038269042969,2873500,0.0,0.0
2023-11-24 00:00:00-05:00,303.1842011906925,305.3415495295224,302.33107750580746,304.67474365234375,1259900,0.0,0.0
2023-11-27 00:00:00-05:00,304.664891437071,306.82223951698484,303.74311815981326,304.89044189453125,2992600,0.0,0.0
2023-11-28 00:00:00-05:00,304.68448677419565,308.4794322491608,303.3901078776506,307.26348876953125,3116900,0.0,0.0
2023-11-29 00:00:00-05:00,310.03751003527987,310.03751003527987,306.92786133157915,307.03643798828125,3083800,2.09,0.0
2023-11-30 00:00:00-05:00,308.536978210916,309.7413535860938,304.6375579865178,309.47479248046875,4493700,0.0,0.0
2023-12-01 00:00:00-05:00,309.8104559656247,316.00016916386505,308.9910998511645,315.52630615234375,3613600,0.0,0.0
2023-12-04 00:00:00-05:00,315.5262954012386,320.9163551692815,314.8747450801134,319.86993408203125,3827900,0.0,0.0
2023-12-05 00:00:00-05:00,317.8758099657675,319.7712317778365,315.91130761304726,319.3565979003906,3269800,0.0,0.0
2023-12-06 00:00:00-05:00,320.8373674383575,324.1049702165932,320.0574774020297,321.9331359863281,3030800,0.0,0.0
2023-12-07 00:00:00-05:00,321.9331724033635,323.2165400943149,320.5214950573554,321.992431640625,2742300,0.0,0.0
2023-12-08 00:00:00-05:00,321.8245622989242,323.0881667372382,320.8965994944288,322.2885437011719,2889300,0.0,0.0
2023-12-11 00:00:00-05:00,325.5857523774798,327.83654866465184,324.5985604949183,327.0862731933594,3520700,0.0,0.0
2023-12-12 00:00:00-05:00,326.2077135973564,330.2354435374768,326.089255382457,328.932373046875,2893400,0.0,0.0
2023-12-13 00:00:00-05:00,330.61057742472855,339.4360758517168,327.65888314017576,339.001708984375,5822700,0.0,0.0
2023-12-14 00:00:00-05:00,345.2605214369671,348.5478876774219,343.54281699255125,347.30401611328125,7594800,0.0,0.0
2023-12-15 00:00:00-05:00,343.75997424615014,349.84108013558694,342.3088009074583,349.4659423828125,11212800,0.0,0.0
2023-12-18 00:00:00-05:00,349.17965358675673,350.3741775285497,345.83308856718077,346.3168029785156,4420500,0.0,0.0
2023-12-19 00:00:00-05:00,346.9584662039965,348.43925409439436,345.9120451715853,347.5606689453125,4654700,0.0,0.0
2023-12-20 00:00:00-05:00,346.5043613982838,350.22606406398444,343.84881274267326,344.1943359375,3259500,0.0,0.0
2023-12-21 00:00:00-05:00,347.36321675927593,347.7383545098932,342.55559691961093,344.5003662109375,2794200,0.0,0.0
2023-12-22 00:00:00-05:00,344.56949257643146,346.8400220497117,342.2495854287794,344.125244140625,2029900,0.0,0.0
2023-12-26 00:00:00-05:00,343.96729528772045,345.6060375941406,343.70076429801736,344.8360290527344,1585500,0.0,0.0
2023-12-27 00:00:00-05:00,345.42833923431385,345.51718289471046,342.73329436212043,344.0660095214844,2764300,0.0,0.0
2023-12-28 00:00:00-05:00,344.0363935049285,344.5694855917485,341.37096319753596,342.9109802246094,2859400,0.0,0.0
2023-12-29 00:00:00-05:00,341.40057923263566,343.09855059379225,338.6265722598605,342.1113586425781,10325700,0.0,0.0
2024-01-02 00:00:00-05:00,339.80133458651744,342.85175411398114,338.82402419106324,340.6601867675781,2833600,0.0,0.0
2024-01-03 00:00:00-05:00,338.09350241155425,338.31068584082396,332.27892749370574,333.92755126953125,3309600,0.0,0.0
2024-01-04 00:00:00-05:00,335.57616004420777,338.5278845286958,334.20397886806467,334.2533264160156,3652400,0.0,0.0
2024-01-05 00:00:00-05:00,333.5425370392826,339.42619258546307,333.49318949280394,338.547607421875,2664000,0.0,0.0
2024-01-08 00:00:00-05:00,339.0313299961594,343.9969043850976,338.85364267250947,343.47369384765625,2736200,0.0,0.0
2024-01-09 00:00:00-05:00,341.3808741704629,344.63859582532814,340.8280490426883,341.7560119628906,2338100,0.0,0.0
2024-01-10 00:00:00-05:00,346.12926305376476,352.2893316504374,345.82323593609095,352.2301025390625,4109300,0.0,0.0
2024-01-11 00:00:00-05:00,352.51635655521704,356.37628054978376,348.73542478463634,351.9635314941406,3530400,0.0,0.0
2024-01-12 00:00:00-05:00,353.9379413639557,353.9379413639557,348.9032562124543,351.154052734375,1956100,0.0,0.0
2024-01-16 00:00:00-05:00,353.4739466801768,355.0435782631331,351.6476355500566,353.8392028808594,3669400,0.0,0.0
2024-01-17 00:00:00-05:00,352.0622768577475,355.1521925421581,349.51530470580883,351.1441955566406,2646100,0.0,0.0
2024-01-18 00:00:00-05:00,351.55877860698496,354.1156020418661,349.49555112771884,353.31597900390625,2510700,0.0,0.0
2024-01-19 00:00:00-05:00,354.21435235415817,358.31119305067995,351.7167578468616,357.76824951171875,3233600,0.0,0.0
2024-01-22 00:00:00-05:00,354.7572760498559,356.8303851196997,351.13429855256203,352.1214904785156,4003700,0.0,0.0
2024-01-23 00:00:00-05:00,351.29224052923996,351.3218550809095,344.5891991521255,346.28717041015625,3878400,0.0,0.0
2024-01-24 00:00:00-05:00,347.43234329660083,348.35042459555507,342.62472323730066,342.8221435546875,3474400,0.0,0.0
2024-01-25 00:00:00-05:00,348.0740081111551,348.36030221384055,343.79948019791374,346.4747619628906,3064200,0.0,0.0
2024-01-26 00:00:00-05:00,346.96836607180194,352.47688405899095,346.52411763055886,350.7492980957031,3177700,0.0,0.0
2024-01-29 00:00:00-05:00,350.6012218974607,351.805597305164,348.48864674889074,351.1441955566406,2732000,0.0,0.0
2024-01-30 00:00:00-05:00,349.9595400673745,354.33279309789145,349.5054402139075,352.5262451171875,2336500,0.0,0.0
2024-01-31 00:00:00-05:00,353.3357638921325,354.3821849723696,347.83709737740026,348.43927001953125,3377900,0.0,0.0
2024-02-01 00:00:00-05:00,348.87360775859946,355.52730158065,347.8074537735841,355.45819091796875,2439100,0.0,0.0
2024-02-02 00:00:00-05:00,349.643648434136,354.9448645493153,345.5369261799211,352.65460205078125,3697600,0.0,0.0
2024-02-05 00:00:00-05:00,349.13031467209925,351.5094509278265,346.2674639930779,350.59136962890625,2653800,0.0,0.0
2024-02-06 00:00:00-05:00,350.30507107811013,353.41471970942985,349.762097427113,351.6871337890625,2045300,0.0,0.0
2024-02-07 00:00:00-05:00,353.8885775838527,359.07133527012735,353.1383020687219,358.0446472167969,3272200,0.0,0.0
2024-02-08 00:00:00-05:00,358.2124312018753,360.9667049832132,357.01793746226633,359.0614318847656,2521900,0.0,0.0
2024-02-09 00:00:00-05:00,359.4662077309518,359.76235326375064,356.1788416833485,358.4987487792969,2389900,0.0,0.0
2024-02-12 00:00:00-05:00,359.55503024290397,363.99739373384426,359.3871943663847,360.769287109375,3119700,0.0,0.0
2024-02-13 00:00:00-05:00,353.878713017451,354.8264088901152,349.3475054093491,353.0099792480469,3106500,0.0,0.0
2024-02-14 00:00:00-05:00,352.5953636064483,354.38217863376383,349.4462188617967,353.64178466796875,2998900,0.0,0.0
2024-02-15 00:00:00-05:00,354.30318997860337,357.00811644707403,352.2794585023763,356.45526123046875,2662800,0.0,0.0
2024-02-16 00:00:00-05:00,356.0603910536659,359.3279940508718,354.54998855080856,357.7090148925781,3899100,0.0,0.0
2024-02-20 00:00:00-05:00,350.7591550725829,360.57184506645825,350.01876114020826,357.9261779785156,4830000,0.0,0.0
2024-02-21 00:00:00-05:00,355.9715490299423,360.4336458910194,354.3525698641989,359.4662170410156,3278900,0.0,0.0
2024-02-22 00:00:00-05:00,362.7338196493387,368.18310847485486,362.4475255427322,366.5838623046875,3387500,0.0,0.0
2024-02-23 00:00:00-05:00,367.31435054224227,369.4565702305925,365.5078026128974,367.1958923339844,3398200,0.0,0.0
2024-02-26 00:00:00-05:00,368.7260552761504,370.07850335545385,365.9717814466449,366.84051513671875,2461000,0.0,0.0
2024-02-27 00:00:00-05:00,367.8869661833101,370.9867333287346,365.8632045521286,370.74981689453125,2802900,0.0,0.0
2024-02-28 00:00:00-05:00,370.7497976532892,374.9749778953172,370.2562016898434,372.7735290527344,2282500,0.0,0.0
2024-02-29 00:00:00-05:00,373.93844099885195,376.8901352400462,373.30662370046946,375.735107421875,4382800,0.0,0.0
2024-03-01 00:00:00-05:00,375.488328731224,380.1676392235123,374.96511818455247,379.5259704589844,2750400,0.0,0.0
2024-03-04 00:00:00-05:00,377.9957939063656,379.6049216148307,375.2415199137982,375.4981994628906,2619000,0.0,0.0
2024-03-05 00:00:00-05:00,375.23167444858,376.10040820390316,372.19110630494896,373.6028137207031,3011600,0.0,0.0
2024-03-06 00:00:00-05:00,375.91673033200397,377.1978330078057,373.2949719355719,374.8342590332031,2496300,2.25,0.0
2024-03-07 00:00:00-05:00,375.26127273322095,377.67448933159966,372.98707384936716,373.95037841796875,2368500,0.0,0.0
2024-03-08 00:00:00-05:00,372.4110942082158,374.0199052860925,369.53112114105073,370.7724914550781,2162400,0.0,0.0
2024-03-11 00:00:00-04:00,368.9948409785891,370.4050509915001,366.32340963608516,368.9551086425781,2833700,0.0,0.0
2024-03-12 00:00:00-04:00,369.9383004563924,373.3048810450142,369.8389847682231,371.95428466796875,2843800,0.0,0.0
2024-03-13 00:00:00-04:00,373.43397876508755,380.0678543897362,373.1857047045223,376.37353515625,3761200,0.0,0.0
2024-03-14 00:00:00-04:00,375.3903627490852,377.5751865068891,369.60062525124107,372.67919921875,3877500,0.0,0.0
2024-03-15 00:00:00-04:00,371.5371602059124,375.8074922191307,369.96808148281673,370.6533203125,9234500,0.0,0.0
2024-03-18 00:00:00-04:00,373.8908053297914,374.99315795006555,368.57776452603554,369.3424377441406,3455600,0.0,0.0
2024-03-19 00:00:00-04:00,372.3018653035556,376.8402921034847,370.55400621664677,376.7906494140625,3493800,0.0,0.0
2024-03-20 00:00:00-04:00,376.8005934317861,382.2228904841206,373.63261396198504,381.7561340332031,2750400,0.0,0.0
2024-03-21 00:00:00-04:00,385.72851716286283,394.13010293153576,385.6093504622549,392.4716491699219,4212200,0.0,0.0
2024-03-22 00:00:00-04:00,391.96515988979706,393.68322730643473,387.39691109528593,387.5856018066406,2910900,0.0,0.0
2024-03-25 00:00:00-04:00,386.41373935314186,387.168471860112,380.2466204071982,380.8623352050781,2683900,0.0,0.0
2024-03-26 00:00:00-04:00,379.76992687499165,381.60716093247515,376.7806975723125,377.3070373535156,2720200,0.0,0.0
2024-03-27 00:00:00-04:00,378.22070810799914,383.65294573932437,378.11145176229184,383.2259216308594,2536500,0.0,0.0
2024-03-28 00:00:00-04:00,384.45734968301224,384.93401647863067,377.0985029567339,380.95172119140625,4108200,0.0,0.0
2024-04-01 00:00:00-04:00,378.8364122578429,380.4948962627733,365.3005060729837,365.48919677734375,4333200,0.0,0.0
2024-04-02 00:00:00-04:00,361.98357132840744,364.3272638547211,360.45419466731806,360.4939270019531,4650500,0.0,0.0
2024-04-03 00:00:00-04:00,359.50082178692253,359.898054202657,356.52153320857786,357.4153137207031,4723000,0.0,0.0
2024-04-04 00:00:00-04:00,360.1066201277187,362.48013473534905,354.4459896324256,355.2106628417969,4381600,0.0,0.0
2024-04-05 00:00:00-04:00,355.2106623137586,356.84926507819983,353.5621188885309,355.39935302734375,3243400,0.0,0.0
2024-04-08 00:00:00-04:00,355.59797249583596,360.06690550753706,354.7935669782811,359.55047607421875,4339600,0.0,0.0
2024-04-09 00:00:00-04:00,361.1195999841576,361.9339461957729,356.2534343430865,358.92486572265625,3022600,0.0,0.0
2024-04-10 00:00:00-04:00,349.4407546212622,351.54611371360727,346.3422993301211,348.1398010253906,4805200,0.0,0.0
2024-04-11 00:00:00-04:00,348.6165087714527,349.4804976417222,343.4027535683448,344.9718322753906,4104700,0.0,0.0
2024-04-12 00:00:00-04:00,343.7304619139993,343.7304619139993,339.1523028458621,340.5028991699219,3546900,0.0,0.0
2024-04-15 00:00:00-04:00,343.5318751900011,343.6907439231984,334.862133838973,335.5970153808594,4209200,0.0,0.0
2024-04-16 00:00:00-04:00,334.4946842341896,335.77575656820346,330.6613169721187,332.5184020996094,4525500,0.0,0.0
2024-04-17 00:00:00-04:00,334.45493817113595,334.9216945990129,329.64835618347297,330.5321960449219,4273800,0.0,0.0
2024-04-18 00:00:00-04:00,333.3327524519886,334.62379576964827,329.04256935000797,330.5918273925781,3717300,0.0,0.0
2024-04-19 00:00:00-04:00,332.3992322782619,333.5512275475064,330.28393244894426,333.04473876953125,3076100,0.0,0.0
2024-04-22 00:00:00-04:00,335.88499953254217,337.10651877468257,331.40612595158495,333.78955078125,3112800,0.0,0.0
2024-04-23 00:00:00-04:00,335.6665411755047,337.84142444376727,333.9683550300439,336.6596374511719,3697400,0.0,0.0
2024-04-24 00:00:00-04:00,334.74296696636895,335.2196337795059,329.52921154943255,330.71099853515625,4029200,0.0,0.0
2024-04-25 00:00:00-04:00,327.4437030850188,330.61168260824195,324.6431643322879,329.6881103515625,3787800,0.0,0.0
2024-04-26 00:00:00-04:00,328.71485139335437,333.51149283847275,328.70491073287127,332.776611328125,2465300,0.0,0.0
2024-04-29 00:00:00-04:00,332.68723141947885,335.01107292152227,331.843093576887,334.47479248046875,2427400,0.0,0.0
2024-04-30 00:00:00-04:00,333.4022725411381,335.1103992945958,330.5620015212165,331.9126281738281,3089900,0.0,0.0
2024-05-01 00:00:00-04:00,330.71099020168623,333.07456411357475,327.1556886731993,329.67816162109375,3267500,0.0,0.0
2024-05-02 00:00:00-04:00,333.1838008532698,333.68034899165025,328.69501659279223,333.2135925292969,3213600,0.0,0.0
2024-05-03 00:00:00-04:00,338.9238943242359,344.485239505998,338.02017308034647,340.4830627441406,4165100,0.0,0.0
2024-05-06 00:00:00-04:00,343.61128885565904,343.98867026477654,338.08967634946623,339.9269104003906,3366100,0.0,0.0
2024-05-07 00:00:00-04:00,341.2278652804744,343.1544743606865,338.03009425828753,338.33795166015625,2930700,0.0,0.0
2024-05-08 00:00:00-04:00,336.4411410024541,338.08968438801617,335.29908639452816,336.49078369140625,3123200,0.0,0.0
2024-05-09 00:00:00-04:00,336.9078908940375,345.60742343448817,336.54045014363885,345.0413513183594,3801400,0.0,0.0
2024-05-10 00:00:00-04:00,345.06121801364924,347.39500028602765,342.3202929447364,344.038330078125,3413700,0.0,0.0
2024-05-13 00:00:00-04:00,345.65706833360946,346.3820394855817,338.0499476422301,338.6060791015625,4055600,0.0,0.0
2024-05-14 00:00:00-04:00,332.7368749758275,341.8733722838011,330.7010398562259,338.1492614746094,5854300,0.0,0.0
2024-05-15 00:00:00-04:00,342.7969519408695,348.02064784762814,342.3103444827649,346.26287841796875,4151100,0.0,0.0
2024-05-16 00:00:00-04:00,345.5974979736126,345.8457720382488,340.3043082506012,340.3638916015625,3101600,0.0,0.0
2024-05-17 00:00:00-04:00,342.37986979841054,342.54867918754707,338.23864513776635,341.8336486816406,2739000,0.0,0.0
2024-05-20 00:00:00-04:00,338.7749084181829,340.1850880372663,335.20969673002224,335.4877624511719,3237400,0.0,0.0
2024-05-21 00:00:00-04:00,336.65961492562434,336.65961492562434,330.035649875094,333.82928466796875,4275100,0.0,0.0
2024-05-22 00:00:00-04:00,332.34958714236154,332.9355102797778,326.65913484812774,328.30767822265625,4024400,0.0,0.0
2024-05-23 00:00:00-04:00,328.6949996721259,328.7148506861577,323.749369557968,324.63323974609375,4021100,0.0,0.0
2024-05-24 00:00:00-04:00,324.1366934444736,325.27874804896044,322.1802926567593,322.8555908203125,2736200,0.0,0.0
2024-05-28 00:00:00-04:00,323.14360939068297,328.7049242493909,322.2398881494197,326.4307556152344,3807500,0.0,0.0
2024-05-29 00:00:00-04:00,324.2757184902662,324.53393321441933,321.53476313200173,323.6600036621094,3506200,0.0,0.0
2024-05-30 00:00:00-04:00,326.260009765625,330.2200012207031,325.7099914550781,329.17999267578125,2921800,2.25,0.0
2024-05-31 00:00:00-04:00,330.04998779296875,335.1700134277344,328.010009765625,334.8699951171875,5557800,0.0,0.0
2024-06-03 00:00:00-04:00,333.6499938964844,333.6499938964844,326.8399963378906,328.010009765625,3712800,0.0,0.0
2024-06-04 00:00:00-04:00,326.8699951171875,329.7900085449219,325.1000061035156,328.260009765625,4296800,0.0,0.0
2024-06-05 00:00:00-04:00,328.5,330.4599914550781,325.9200134277344,330.260009765625,2422400,0.0,0.0
2024-06-06 00:00:00-04:00,329.79998779296875,331.8399963378906,328.05999755859375,331.1000061035156,2979400,0.0,0.0
2024-06-07 00:00:00-04:00,325.7300109863281,328.82000732421875,323.92999267578125,327.0299987792969,2583800,0.0,0.0
2024-06-10 00:00:00-04:00,327.0,332.79998779296875,326.5,332.55999755859375,2691400,0.0,0.0
2024-06-11 00:00:00-04:00,333.0,336.30999755859375,330.32000732421875,335.7200012207031,3250900,0.0,0.0
2024-06-12 00:00:00-04:00,347.0299987792969,350.489990234375,343.05999755859375,344.1400146484375,4793000,0.0,0.0
2024-06-13 00:00:00-04:00,345.8999938964844,348.69000244140625,343.07000732421875,347.8800048828125,3380800,0.0,0.0
2024-06-14 00:00:00-04:00,344.80999755859375,347.5,341.69000244140625,346.8399963378906,2589000,0.0,0.0
2024-06-17 00:00:00-04:00,344.8900146484375,350.69000244140625,344.3999938964844,349.5,2680200,0.0,0.0
2024-06-18 00:00:00-04:00,352.95001220703125,356.4100036621094,352.1099853515625,353.8699951171875,3655000,0.0,0.0
2024-06-20 00:00:00-04:00,352.0,354.9200134277344,349.5899963378906,353.44000244140625,3661200,0.0,0.0
2024-06-21 00:00:00-04:00,354.8399963378906,356.25,352.04998779296875,355.79998779296875,6596400,0.0,0.0
2024-06-24 00:00:00-04:00,356.8999938964844,357.69000244140625,350.7200012207031,350.8800048828125,4278900,0.0,0.0
2024-06-25 00:00:00-04:00,346.30999755859375,346.989990234375,334.5299987792969,338.32000732421875,4980500,0.0,0.0
2024-06-26 00:00:00-04:00,339.4599914550781,342.5899963378906,337.5299987792969,341.82000732421875,3365300,0.0,0.0
2024-06-27 00:00:00-04:00,342.8299865722656,344.760009765625,338.45001220703125,341.489990234375,2912600,0.0,0.0
2024-06-28 00:00:00-04:00,341.3500061035156,345.2799987792969,340.7099914550781,344.239990234375,6344000,0.0,0.0
2024-07-01 00:00:00-04:00,343.9200134277344,344.6499938964844,335.3900146484375,336.19000244140625,2643600,0.0,0.0
2024-07-02 00:00:00-04:00,335.0,336.8299865722656,332.5299987792969,334.9700012207031,2995900,0.0,0.0
2024-07-03 00:00:00-04:00,337.0,339.6400146484375,333.5400085449219,333.6400146484375,1733000,0.0,0.0
2024-07-05 00:00:00-04:00,332.7099914550781,335.9200134277344,331.6400146484375,334.5799865722656,3437500,0.0,0.0
2024-07-08 00:00:00-04:00,335.8800048828125,340.760009765625,335.0,339.6000061035156,3534500,0.0,0.0
2024-07-09 00:00:00-04:00,338.95001220703125,339.260009765625,335.57000732421875,337.0899963378906,2254300,0.0,0.0
2024-07-10 00:00:00-04:00,338.6400146484375,344.2900085449219,337.6199951171875,344.17999267578125,3263100,0.0,0.0
2024-07-11 00:00:00-04:00,350.7799987792969,354.1300048828125,345.0,353.7900085449219,4146900,0.0,0.0
2024-07-12 00:00:00-04:00,355.0,363.95001220703125,354.0899963378906,359.7699890136719,4019900,0.0,0.0
2024-07-15 00:00:00-04:00,359.1400146484375,361.17999267578125,355.0299987792969,358.4599914550781,2884000,0.0,0.0
2024-07-16 00:00:00-04:00,360.05999755859375,369.4200134277344,359.5,369.1199951171875,3210400,0.0,0.0
2024-07-17 00:00:00-04:00,366.6400146484375,375.19000244140625,365.4200134277344,371.8900146484375,3991100,0.0,0.0
2024-07-18 00:00:00-04:00,369.8999938964844,375.739990234375,365.7799987792969,366.0799865722656,2395000,0.0,0.0
2024-07-19 00:00:00-04:00,366.42999267578125,367.6000061035156,361.95001220703125,363.3599853515625,2472200,0.0,0.0
