Date,Open,High,Low,Close,Volume,Dividends,Stock Splits,Capital Gains
2013-04-05 00:00:00-04:00,14.329999923706055,14.329999923706055,14.329999923706055,14.329999923706055,130,0.0,0.0,0.0
2013-04-08 00:00:00-04:00,14.329999923706055,14.329999923706055,14.329999923706055,14.329999923706055,0,0.0,0.0,0.0
2013-04-09 00:00:00-04:00,14.329999923706055,14.329999923706055,14.329999923706055,14.329999923706055,0,0.0,0.0,0.0
2013-04-10 00:00:00-04:00,14.329999923706055,14.329999923706055,14.329999923706055,14.329999923706055,0,0.0,0.0,0.0
2013-04-11 00:00:00-04:00,14.329999923706055,14.329999923706055,14.329999923706055,14.329999923706055,0,0.0,0.0,0.0
2013-04-12 00:00:00-04:00,14.329999923706055,14.329999923706055,14.329999923706055,14.329999923706055,0,0.0,0.0,0.0
2013-04-15 00:00:00-04:00,14.215800285339355,14.215800285339355,14.215800285339355,14.215800285339355,130,0.0,0.0,0.0
2013-04-16 00:00:00-04:00,14.215800285339355,14.215800285339355,14.215800285339355,14.215800285339355,0,0.0,0.0,0.0
2013-04-17 00:00:00-04:00,14.215800285339355,14.215800285339355,14.215800285339355,14.215800285339355,0,0.0,0.0,0.0
2013-04-18 00:00:00-04:00,14.215800285339355,14.215800285339355,14.215800285339355,14.215800285339355,0,0.0,0.0,0.0
2013-04-19 00:00:00-04:00,14.215800285339355,14.215800285339355,14.215800285339355,14.215800285339355,0,0.0,0.0,0.0
2013-04-22 00:00:00-04:00,14.215800285339355,14.215800285339355,14.215800285339355,14.215800285339355,0,0.0,0.0,0.0
2013-04-23 00:00:00-04:00,14.215800285339355,14.215800285339355,14.215800285339355,14.215800285339355,0,0.0,0.0,0.0
2013-04-24 00:00:00-04:00,14.215800285339355,14.215800285339355,14.215800285339355,14.215800285339355,0,0.0,0.0,0.0
2013-04-25 00:00:00-04:00,14.215800285339355,14.215800285339355,14.215800285339355,14.215800285339355,0,0.0,0.0,0.0
2013-04-26 00:00:00-04:00,14.215800285339355,14.215800285339355,14.215800285339355,14.215800285339355,0,0.0,0.0,0.0
2013-04-29 00:00:00-04:00,14.215800285339355,14.215800285339355,14.215800285339355,14.215800285339355,0,0.0,0.0,0.0
2013-04-30 00:00:00-04:00,14.215800285339355,14.215800285339355,14.215800285339355,14.215800285339355,0,0.0,0.0,0.0
2013-05-01 00:00:00-04:00,14.215800285339355,14.215800285339355,14.215800285339355,14.215800285339355,0,0.0,0.0,0.0
2013-05-02 00:00:00-04:00,14.215800285339355,14.215800285339355,14.215800285339355,14.215800285339355,0,0.0,0.0,0.0
2013-05-03 00:00:00-04:00,14.215800285339355,14.215800285339355,14.215800285339355,14.215800285339355,0,0.0,0.0,0.0
2013-05-06 00:00:00-04:00,14.215800285339355,14.215800285339355,14.215800285339355,14.215800285339355,0,0.0,0.0,0.0
2013-05-07 00:00:00-04:00,14.215800285339355,14.215800285339355,14.215800285339355,14.215800285339355,0,0.0,0.0,0.0
2013-05-08 00:00:00-04:00,14.215800285339355,14.215800285339355,14.215800285339355,14.215800285339355,0,0.0,0.0,0.0
2013-05-09 00:00:00-04:00,14.215800285339355,14.215800285339355,14.215800285339355,14.215800285339355,0,0.0,0.0,0.0
2013-05-10 00:00:00-04:00,14.215800285339355,14.215800285339355,14.215800285339355,14.215800285339355,0,0.0,0.0,0.0
2013-05-13 00:00:00-04:00,14.215800285339355,14.215800285339355,14.215800285339355,14.215800285339355,0,0.0,0.0,0.0
2013-05-14 00:00:00-04:00,14.215800285339355,14.215800285339355,14.215800285339355,14.215800285339355,0,0.0,0.0,0.0
2013-05-15 00:00:00-04:00,14.215800285339355,14.215800285339355,14.215800285339355,14.215800285339355,0,0.0,0.0,0.0
2013-05-16 00:00:00-04:00,14.215800285339355,14.215800285339355,14.215800285339355,14.215800285339355,0,0.0,0.0,0.0
2013-05-17 00:00:00-04:00,14.215800285339355,14.215800285339355,14.215800285339355,14.215800285339355,0,0.0,0.0,0.0
2013-05-20 00:00:00-04:00,14.044300079345703,14.044300079345703,14.044300079345703,14.044300079345703,100,0.0,0.0,0.0
2013-05-21 00:00:00-04:00,14.044300079345703,14.044300079345703,14.044300079345703,14.044300079345703,0,0.0,0.0,0.0
2013-05-22 00:00:00-04:00,14.044300079345703,14.044300079345703,14.044300079345703,14.044300079345703,0,0.0,0.0,0.0
2013-05-23 00:00:00-04:00,14.044300079345703,14.044300079345703,14.044300079345703,14.044300079345703,0,0.0,0.0,0.0
2013-05-24 00:00:00-04:00,14.044300079345703,14.044300079345703,14.044300079345703,14.044300079345703,0,0.0,0.0,0.0
2013-05-28 00:00:00-04:00,13.59000015258789,13.600000381469727,13.59000015258789,13.600000381469727,1100,0.0,0.0,0.0
2013-05-29 00:00:00-04:00,13.569999694824219,13.569999694824219,13.569999694824219,13.569999694824219,400,0.0,0.0,0.0
2013-05-30 00:00:00-04:00,13.569999694824219,13.569999694824219,13.569999694824219,13.569999694824219,0,0.0,0.0,0.0
2013-05-31 00:00:00-04:00,13.6899995803833,13.6899995803833,13.6899995803833,13.6899995803833,200,0.0,0.0,0.0
2013-06-03 00:00:00-04:00,13.6899995803833,13.6899995803833,13.6899995803833,13.6899995803833,0,0.0,0.0,0.0
2013-06-04 00:00:00-04:00,13.6899995803833,13.6899995803833,13.6899995803833,13.6899995803833,0,0.0,0.0,0.0
2013-06-05 00:00:00-04:00,13.6899995803833,13.6899995803833,13.6899995803833,13.6899995803833,0,0.0,0.0,0.0
2013-06-06 00:00:00-04:00,13.6899995803833,13.6899995803833,13.6899995803833,13.6899995803833,0,0.0,0.0,0.0
2013-06-07 00:00:00-04:00,13.6899995803833,13.6899995803833,13.6899995803833,13.6899995803833,0,0.0,0.0,0.0
2013-06-10 00:00:00-04:00,13.6899995803833,13.6899995803833,13.6899995803833,13.6899995803833,0,0.0,0.0,0.0
2013-06-11 00:00:00-04:00,13.6899995803833,13.6899995803833,13.6899995803833,13.6899995803833,0,0.0,0.0,0.0
2013-06-12 00:00:00-04:00,13.6899995803833,13.6899995803833,13.6899995803833,13.6899995803833,0,0.0,0.0,0.0
2013-06-13 00:00:00-04:00,13.6899995803833,13.6899995803833,13.6899995803833,13.6899995803833,0,0.0,0.0,0.0
2013-06-14 00:00:00-04:00,13.6899995803833,13.6899995803833,13.6899995803833,13.6899995803833,0,0.0,0.0,0.0
2013-06-17 00:00:00-04:00,12.880000114440918,12.880000114440918,12.880000114440918,12.880000114440918,1700,0.0,0.0,0.0
2013-06-18 00:00:00-04:00,12.880000114440918,12.880000114440918,12.880000114440918,12.880000114440918,0,0.0,0.0,0.0
2013-06-19 00:00:00-04:00,12.880000114440918,12.880000114440918,12.880000114440918,12.880000114440918,0,0.0,0.0,0.0
2013-06-20 00:00:00-04:00,12.880000114440918,12.880000114440918,12.880000114440918,12.880000114440918,0,0.0,0.0,0.0
2013-06-21 00:00:00-04:00,12.279999732971191,12.279999732971191,12.279999732971191,12.279999732971191,177,0.0,0.0,0.0
2013-06-24 00:00:00-04:00,12.279999732971191,12.279999732971191,12.279999732971191,12.279999732971191,0,0.0,0.0,0.0
2013-06-25 00:00:00-04:00,12.279999732971191,12.279999732971191,12.279999732971191,12.279999732971191,0,0.0,0.0,0.0
2013-06-26 00:00:00-04:00,12.279999732971191,12.279999732971191,12.279999732971191,12.279999732971191,0,0.0,0.0,0.0
2013-06-27 00:00:00-04:00,12.279999732971191,12.279999732971191,12.279999732971191,12.279999732971191,0,0.0,0.0,0.0
2013-06-28 00:00:00-04:00,12.279999732971191,12.279999732971191,12.279999732971191,12.279999732971191,0,0.0,0.0,0.0
2013-07-01 00:00:00-04:00,12.279999732971191,12.279999732971191,12.279999732971191,12.279999732971191,0,0.0,0.0,0.0
2013-07-02 00:00:00-04:00,12.279999732971191,12.279999732971191,12.279999732971191,12.279999732971191,0,0.0,0.0,0.0
2013-07-03 00:00:00-04:00,12.279999732971191,12.279999732971191,12.279999732971191,12.279999732971191,0,0.0,0.0,0.0
2013-07-05 00:00:00-04:00,12.279999732971191,12.279999732971191,12.279999732971191,12.279999732971191,0,0.0,0.0,0.0
2013-07-08 00:00:00-04:00,12.279999732971191,12.279999732971191,12.279999732971191,12.279999732971191,0,0.0,0.0,0.0
2013-07-09 00:00:00-04:00,12.470000267028809,12.470000267028809,12.470000267028809,12.470000267028809,100,0.0,0.0,0.0
2013-07-10 00:00:00-04:00,12.470000267028809,12.470000267028809,12.470000267028809,12.470000267028809,0,0.0,0.0,0.0
2013-07-11 00:00:00-04:00,12.470000267028809,12.470000267028809,12.470000267028809,12.470000267028809,0,0.0,0.0,0.0
2013-07-12 00:00:00-04:00,12.470000267028809,12.470000267028809,12.470000267028809,12.470000267028809,0,0.0,0.0,0.0
2013-07-15 00:00:00-04:00,12.470000267028809,12.470000267028809,12.470000267028809,12.470000267028809,0,0.0,0.0,0.0
2013-07-16 00:00:00-04:00,12.470000267028809,12.470000267028809,12.470000267028809,12.470000267028809,0,0.0,0.0,0.0
2013-07-17 00:00:00-04:00,12.470000267028809,12.470000267028809,12.470000267028809,12.470000267028809,0,0.0,0.0,0.0
2013-07-18 00:00:00-04:00,12.470000267028809,12.470000267028809,12.470000267028809,12.470000267028809,0,0.0,0.0,0.0
2013-07-19 00:00:00-04:00,12.470000267028809,12.470000267028809,12.470000267028809,12.470000267028809,0,0.0,0.0,0.0
2013-07-22 00:00:00-04:00,12.470000267028809,12.470000267028809,12.470000267028809,12.470000267028809,0,0.0,0.0,0.0
2013-07-23 00:00:00-04:00,12.470000267028809,12.470000267028809,12.470000267028809,12.470000267028809,0,0.0,0.0,0.0
2013-07-24 00:00:00-04:00,12.470000267028809,12.470000267028809,12.470000267028809,12.470000267028809,0,0.0,0.0,0.0
2013-07-25 00:00:00-04:00,12.350000381469727,12.350000381469727,12.350000381469727,12.350000381469727,100,0.0,0.0,0.0
2013-07-26 00:00:00-04:00,12.350000381469727,12.350000381469727,12.350000381469727,12.350000381469727,0,0.0,0.0,0.0
2013-07-29 00:00:00-04:00,12.350000381469727,12.350000381469727,12.350000381469727,12.350000381469727,0,0.0,0.0,0.0
2013-07-30 00:00:00-04:00,12.350000381469727,12.350000381469727,12.350000381469727,12.350000381469727,0,0.0,0.0,0.0
2013-07-31 00:00:00-04:00,12.350000381469727,12.350000381469727,12.350000381469727,12.350000381469727,0,0.0,0.0,0.0
2013-08-01 00:00:00-04:00,12.350000381469727,12.350000381469727,12.350000381469727,12.350000381469727,0,0.0,0.0,0.0
2013-08-02 00:00:00-04:00,12.350000381469727,12.350000381469727,12.350000381469727,12.350000381469727,0,0.0,0.0,0.0
2013-08-05 00:00:00-04:00,12.350000381469727,12.350000381469727,12.350000381469727,12.350000381469727,0,0.0,0.0,0.0
2013-08-06 00:00:00-04:00,12.350000381469727,12.350000381469727,12.350000381469727,12.350000381469727,0,0.0,0.0,0.0
2013-08-07 00:00:00-04:00,12.350000381469727,12.350000381469727,12.350000381469727,12.350000381469727,0,0.0,0.0,0.0
2013-08-08 00:00:00-04:00,12.474499702453613,12.474499702453613,12.474499702453613,12.474499702453613,202,0.0,0.0,0.0
2013-08-09 00:00:00-04:00,12.474499702453613,12.474499702453613,12.474499702453613,12.474499702453613,0,0.0,0.0,0.0
2013-08-12 00:00:00-04:00,12.474499702453613,12.474499702453613,12.474499702453613,12.474499702453613,0,0.0,0.0,0.0
2013-08-13 00:00:00-04:00,12.474499702453613,12.474499702453613,12.474499702453613,12.474499702453613,0,0.0,0.0,0.0
2013-08-14 00:00:00-04:00,12.474499702453613,12.474499702453613,12.474499702453613,12.474499702453613,0,0.0,0.0,0.0
2013-08-15 00:00:00-04:00,13.012499809265137,13.012499809265137,13.012499809265137,13.012499809265137,120,0.0,0.0,0.0
2013-08-16 00:00:00-04:00,13.012499809265137,13.012499809265137,13.012499809265137,13.012499809265137,0,0.0,0.0,0.0
2013-08-19 00:00:00-04:00,13.012499809265137,13.012499809265137,13.012499809265137,13.012499809265137,0,0.0,0.0,0.0
2013-08-20 00:00:00-04:00,13.012499809265137,13.012499809265137,13.012499809265137,13.012499809265137,0,0.0,0.0,0.0
2013-08-21 00:00:00-04:00,13.012499809265137,13.012499809265137,13.012499809265137,13.012499809265137,0,0.0,0.0,0.0
2013-08-22 00:00:00-04:00,13.012499809265137,13.012499809265137,13.012499809265137,13.012499809265137,0,0.0,0.0,0.0
2013-08-23 00:00:00-04:00,13.012499809265137,13.012499809265137,13.012499809265137,13.012499809265137,0,0.0,0.0,0.0
2013-08-26 00:00:00-04:00,13.012499809265137,13.012499809265137,13.012499809265137,13.012499809265137,0,0.0,0.0,0.0
2013-08-27 00:00:00-04:00,13.583000183105469,13.583000183105469,13.583000183105469,13.583000183105469,424,0.0,0.0,0.0
2013-08-28 00:00:00-04:00,13.583000183105469,13.583000183105469,13.583000183105469,13.583000183105469,0,0.0,0.0,0.0
2013-08-29 00:00:00-04:00,13.583000183105469,13.583000183105469,13.583000183105469,13.583000183105469,0,0.0,0.0,0.0
2013-08-30 00:00:00-04:00,13.583000183105469,13.583000183105469,13.583000183105469,13.583000183105469,0,0.0,0.0,0.0
2013-09-03 00:00:00-04:00,13.583000183105469,13.583000183105469,13.583000183105469,13.583000183105469,0,0.0,0.0,0.0
2013-09-04 00:00:00-04:00,13.583000183105469,13.583000183105469,13.583000183105469,13.583000183105469,0,0.0,0.0,0.0
2013-09-05 00:00:00-04:00,13.583000183105469,13.583000183105469,13.583000183105469,13.583000183105469,0,0.0,0.0,0.0
2013-09-06 00:00:00-04:00,13.583000183105469,13.583000183105469,13.583000183105469,13.583000183105469,0,0.0,0.0,0.0
2013-09-09 00:00:00-04:00,13.583000183105469,13.583000183105469,13.583000183105469,13.583000183105469,0,0.0,0.0,0.0
2013-09-10 00:00:00-04:00,13.583000183105469,13.583000183105469,13.583000183105469,13.583000183105469,0,0.0,0.0,0.0
2013-09-11 00:00:00-04:00,13.583000183105469,13.583000183105469,13.583000183105469,13.583000183105469,0,0.0,0.0,0.0
2013-09-12 00:00:00-04:00,13.583000183105469,13.583000183105469,13.583000183105469,13.583000183105469,0,0.0,0.0,0.0
2013-09-13 00:00:00-04:00,13.583000183105469,13.583000183105469,13.583000183105469,13.583000183105469,0,0.0,0.0,0.0
2013-09-16 00:00:00-04:00,13.583000183105469,13.583000183105469,13.583000183105469,13.583000183105469,0,0.0,0.0,0.0
2013-09-17 00:00:00-04:00,13.86989974975586,13.86989974975586,13.86989974975586,13.86989974975586,740,0.0,0.0,0.0
2013-09-18 00:00:00-04:00,13.86989974975586,13.86989974975586,13.86989974975586,13.86989974975586,0,0.0,0.0,0.0
2013-09-19 00:00:00-04:00,13.86989974975586,13.86989974975586,13.86989974975586,13.86989974975586,0,0.0,0.0,0.0
2013-09-20 00:00:00-04:00,13.86989974975586,13.86989974975586,13.86989974975586,13.86989974975586,0,0.0,0.0,0.0
2013-09-23 00:00:00-04:00,13.86989974975586,13.86989974975586,13.86989974975586,13.86989974975586,0,0.0,0.0,0.0
2013-09-24 00:00:00-04:00,13.86989974975586,13.86989974975586,13.86989974975586,13.86989974975586,0,0.0,0.0,0.0
2013-09-25 00:00:00-04:00,13.86989974975586,13.86989974975586,13.86989974975586,13.86989974975586,0,0.0,0.0,0.0
2013-09-26 00:00:00-04:00,13.86989974975586,13.86989974975586,13.86989974975586,13.86989974975586,0,0.0,0.0,0.0
2013-09-27 00:00:00-04:00,13.86989974975586,13.86989974975586,13.86989974975586,13.86989974975586,0,0.0,0.0,0.0
2013-09-30 00:00:00-04:00,13.86989974975586,13.86989974975586,13.86989974975586,13.86989974975586,0,0.0,0.0,0.0
2013-10-01 00:00:00-04:00,13.86989974975586,13.86989974975586,13.86989974975586,13.86989974975586,0,0.0,0.0,0.0
2013-10-02 00:00:00-04:00,13.86989974975586,13.86989974975586,13.86989974975586,13.86989974975586,0,0.0,0.0,0.0
2013-10-03 00:00:00-04:00,13.86989974975586,13.86989974975586,13.86989974975586,13.86989974975586,0,0.0,0.0,0.0
2013-10-04 00:00:00-04:00,13.86989974975586,13.86989974975586,13.86989974975586,13.86989974975586,0,0.0,0.0,0.0
2013-10-07 00:00:00-04:00,13.86989974975586,13.86989974975586,13.86989974975586,13.86989974975586,0,0.0,0.0,0.0
2013-10-08 00:00:00-04:00,13.86989974975586,13.86989974975586,13.86989974975586,13.86989974975586,0,0.0,0.0,0.0
2013-10-09 00:00:00-04:00,13.86989974975586,13.86989974975586,13.86989974975586,13.86989974975586,0,0.0,0.0,0.0
2013-10-10 00:00:00-04:00,13.86989974975586,13.86989974975586,13.86989974975586,13.86989974975586,0,0.0,0.0,0.0
2013-10-11 00:00:00-04:00,13.86989974975586,13.86989974975586,13.86989974975586,13.86989974975586,0,0.0,0.0,0.0
2013-10-14 00:00:00-04:00,13.86989974975586,13.86989974975586,13.86989974975586,13.86989974975586,0,0.0,0.0,0.0
2013-10-15 00:00:00-04:00,13.86989974975586,13.86989974975586,13.86989974975586,13.86989974975586,0,0.0,0.0,0.0
2013-10-16 00:00:00-04:00,13.86989974975586,13.86989974975586,13.86989974975586,13.86989974975586,0,0.0,0.0,0.0
2013-10-17 00:00:00-04:00,13.86989974975586,13.86989974975586,13.86989974975586,13.86989974975586,0,0.0,0.0,0.0
2013-10-18 00:00:00-04:00,13.86989974975586,13.86989974975586,13.86989974975586,13.86989974975586,0,0.0,0.0,0.0
2013-10-21 00:00:00-04:00,13.86989974975586,13.86989974975586,13.86989974975586,13.86989974975586,0,0.0,0.0,0.0
2013-10-22 00:00:00-04:00,13.86989974975586,13.86989974975586,13.86989974975586,13.86989974975586,0,0.0,0.0,0.0
2013-10-23 00:00:00-04:00,13.86989974975586,13.86989974975586,13.86989974975586,13.86989974975586,0,0.0,0.0,0.0
2013-10-24 00:00:00-04:00,13.86989974975586,13.86989974975586,13.86989974975586,13.86989974975586,0,0.0,0.0,0.0
2013-10-25 00:00:00-04:00,13.86989974975586,13.86989974975586,13.86989974975586,13.86989974975586,0,0.0,0.0,0.0
2013-10-28 00:00:00-04:00,13.86989974975586,13.86989974975586,13.86989974975586,13.86989974975586,0,0.0,0.0,0.0
2013-10-29 00:00:00-04:00,13.86989974975586,13.86989974975586,13.86989974975586,13.86989974975586,0,0.0,0.0,0.0
2013-10-30 00:00:00-04:00,13.86989974975586,13.86989974975586,13.86989974975586,13.86989974975586,0,0.0,0.0,0.0
2013-10-31 00:00:00-04:00,13.86989974975586,13.86989974975586,13.86989974975586,13.86989974975586,0,0.0,0.0,0.0
2013-11-01 00:00:00-04:00,9.729999542236328,9.729999542236328,9.729999542236328,9.729999542236328,500,0.0,0.0,0.0
2013-11-04 00:00:00-05:00,9.729999542236328,9.729999542236328,9.729999542236328,9.729999542236328,0,0.0,0.0,0.0
2013-11-05 00:00:00-05:00,10.449999809265137,10.449999809265137,10.449999809265137,10.449999809265137,2302,0.0,0.0,0.0
2013-11-06 00:00:00-05:00,10.449999809265137,10.449999809265137,10.449999809265137,10.449999809265137,0,0.0,0.0,0.0
2013-11-07 00:00:00-05:00,10.449999809265137,10.449999809265137,10.449999809265137,10.449999809265137,0,0.0,0.0,0.0
2013-11-08 00:00:00-05:00,10.449999809265137,10.449999809265137,10.449999809265137,10.449999809265137,0,0.0,0.0,0.0
2013-11-11 00:00:00-05:00,10.449999809265137,10.449999809265137,10.449999809265137,10.449999809265137,0,0.0,0.0,0.0
2013-11-12 00:00:00-05:00,10.449999809265137,10.449999809265137,10.449999809265137,10.449999809265137,0,0.0,0.0,0.0
2013-11-13 00:00:00-05:00,10.449999809265137,10.449999809265137,10.449999809265137,10.449999809265137,0,0.0,0.0,0.0
2013-11-14 00:00:00-05:00,10.246600151062012,10.380000114440918,10.21399974822998,10.380000114440918,2347,0.0,0.0,0.0
2013-11-15 00:00:00-05:00,10.380000114440918,10.380000114440918,10.380000114440918,10.380000114440918,0,0.0,0.0,0.0
2013-11-18 00:00:00-05:00,10.380000114440918,10.380000114440918,10.380000114440918,10.380000114440918,0,0.0,0.0,0.0
2013-11-19 00:00:00-05:00,10.380000114440918,10.380000114440918,10.380000114440918,10.380000114440918,0,0.0,0.0,0.0
2013-11-20 00:00:00-05:00,10.199999809265137,10.199999809265137,10.199999809265137,10.199999809265137,128,0.0,0.0,0.0
2013-11-21 00:00:00-05:00,10.18589973449707,10.34000015258789,10.18589973449707,10.34000015258789,1784,0.0,0.0,0.0
2013-11-22 00:00:00-05:00,10.34000015258789,10.34000015258789,10.34000015258789,10.34000015258789,0,0.0,0.0,0.0
2013-11-25 00:00:00-05:00,10.34000015258789,10.34000015258789,10.34000015258789,10.34000015258789,0,0.0,0.0,0.0
2013-11-26 00:00:00-05:00,10.34000015258789,10.34000015258789,10.34000015258789,10.34000015258789,0,0.0,0.0,0.0
2013-11-27 00:00:00-05:00,10.34000015258789,10.34000015258789,10.34000015258789,10.34000015258789,0,0.0,0.0,0.0
2013-11-29 00:00:00-05:00,10.34000015258789,10.34000015258789,10.34000015258789,10.34000015258789,0,0.0,0.0,0.0
2013-12-02 00:00:00-05:00,10.34000015258789,10.34000015258789,10.34000015258789,10.34000015258789,0,0.0,0.0,0.0
2013-12-03 00:00:00-05:00,9.811100006103516,9.90999984741211,9.811100006103516,9.90999984741211,436,0.0,0.0,0.0
2013-12-04 00:00:00-05:00,9.480899810791016,9.480899810791016,9.473400115966797,9.473400115966797,281,0.0,0.0,0.0
2013-12-05 00:00:00-05:00,9.473400115966797,9.473400115966797,9.473400115966797,9.473400115966797,0,0.0,0.0,0.0
2013-12-06 00:00:00-05:00,9.473400115966797,9.473400115966797,9.473400115966797,9.473400115966797,0,0.0,0.0,0.0
2013-12-09 00:00:00-05:00,9.473400115966797,9.473400115966797,9.473400115966797,9.473400115966797,0,0.0,0.0,0.0
2013-12-10 00:00:00-05:00,9.473400115966797,9.473400115966797,9.473400115966797,9.473400115966797,0,0.0,0.0,0.0
2013-12-11 00:00:00-05:00,9.135199546813965,9.135199546813965,9.135199546813965,9.135199546813965,2298,0.0,0.0,0.0
2013-12-12 00:00:00-05:00,9.135199546813965,9.135199546813965,9.135199546813965,9.135199546813965,0,0.0,0.0,0.0
2013-12-13 00:00:00-05:00,9.135199546813965,9.135199546813965,9.135199546813965,9.135199546813965,0,0.0,0.0,0.0
2013-12-16 00:00:00-05:00,9.684100151062012,9.684100151062012,9.684100151062012,9.684100151062012,416,0.0,0.0,0.0
2013-12-17 00:00:00-05:00,9.510000228881836,9.550000190734863,9.5,9.5,2434,0.0,0.0,0.0
2013-12-18 00:00:00-05:00,9.5,9.5,9.5,9.5,0,0.0,0.0,0.0
2013-12-19 00:00:00-05:00,9.5,9.5,9.5,9.5,0,0.0,0.0,0.0
2013-12-20 00:00:00-05:00,9.5,9.5,9.5,9.5,0,0.0,0.0,0.0
2013-12-23 00:00:00-05:00,9.5,9.5,9.5,9.5,0,0.0,0.0,0.0
2013-12-24 00:00:00-05:00,9.5,9.5,9.5,9.5,0,0.0,0.0,0.0
2013-12-26 00:00:00-05:00,9.5,9.5,9.5,9.5,0,0.0,0.0,0.0
2013-12-27 00:00:00-05:00,9.5,9.5,9.5,9.5,0,0.0,0.0,0.0
2013-12-30 00:00:00-05:00,10.529999732971191,10.529999732971191,10.300000190734863,10.380000114440918,2241,0.0,0.0,0.0
2013-12-31 00:00:00-05:00,10.380000114440918,10.380000114440918,10.380000114440918,10.380000114440918,0,0.0,0.0,0.0
2014-01-02 00:00:00-05:00,10.380000114440918,10.380000114440918,10.380000114440918,10.380000114440918,0,0.0,0.0,0.0
2014-01-03 00:00:00-05:00,10.380000114440918,10.380000114440918,10.380000114440918,10.380000114440918,0,0.0,0.0,0.0
2014-01-06 00:00:00-05:00,10.380000114440918,10.380000114440918,10.380000114440918,10.380000114440918,0,0.0,0.0,0.0
2014-01-07 00:00:00-05:00,10.380000114440918,10.380000114440918,10.380000114440918,10.380000114440918,0,0.0,0.0,0.0
2014-01-08 00:00:00-05:00,10.380000114440918,10.380000114440918,10.380000114440918,10.380000114440918,0,0.0,0.0,0.0
2014-01-09 00:00:00-05:00,10.380000114440918,10.380000114440918,10.380000114440918,10.380000114440918,0,0.0,0.0,0.0
2014-01-10 00:00:00-05:00,10.380000114440918,10.380000114440918,10.380000114440918,10.380000114440918,0,0.0,0.0,0.0
2014-01-13 00:00:00-05:00,10.380000114440918,10.380000114440918,10.380000114440918,10.380000114440918,0,0.0,0.0,0.0
2014-01-14 00:00:00-05:00,10.380000114440918,10.380000114440918,10.380000114440918,10.380000114440918,0,0.0,0.0,0.0
2014-01-15 00:00:00-05:00,11.09000015258789,11.09000015258789,11.09000015258789,11.09000015258789,940,0.0,0.0,0.0
2014-01-16 00:00:00-05:00,11.09000015258789,11.09000015258789,11.09000015258789,11.09000015258789,0,0.0,0.0,0.0
2014-01-17 00:00:00-05:00,11.09000015258789,11.09000015258789,11.09000015258789,11.09000015258789,0,0.0,0.0,0.0
2014-01-21 00:00:00-05:00,11.09000015258789,11.09000015258789,11.09000015258789,11.09000015258789,0,0.0,0.0,0.0
2014-01-22 00:00:00-05:00,11.09000015258789,11.09000015258789,11.09000015258789,11.09000015258789,0,0.0,0.0,0.0
2014-01-23 00:00:00-05:00,11.09000015258789,11.09000015258789,11.09000015258789,11.09000015258789,0,0.0,0.0,0.0
2014-01-24 00:00:00-05:00,11.09000015258789,11.09000015258789,11.09000015258789,11.09000015258789,0,0.0,0.0,0.0
2014-01-27 00:00:00-05:00,11.09000015258789,11.09000015258789,11.09000015258789,11.09000015258789,0,0.0,0.0,0.0
2014-01-28 00:00:00-05:00,11.09000015258789,11.09000015258789,11.09000015258789,11.09000015258789,0,0.0,0.0,0.0
2014-01-29 00:00:00-05:00,11.09000015258789,11.09000015258789,11.09000015258789,11.09000015258789,0,0.0,0.0,0.0
2014-01-30 00:00:00-05:00,11.09000015258789,11.09000015258789,11.09000015258789,11.09000015258789,0,0.0,0.0,0.0
2014-01-31 00:00:00-05:00,10.14579963684082,10.14579963684082,10.14579963684082,10.14579963684082,181,0.0,0.0,0.0
2014-02-03 00:00:00-05:00,10.25,10.25,10.25,10.25,267,0.0,0.0,0.0
2014-02-04 00:00:00-05:00,10.25,10.25,10.25,10.25,0,0.0,0.0,0.0
2014-02-05 00:00:00-05:00,10.25,10.25,10.25,10.25,0,0.0,0.0,0.0
2014-02-06 00:00:00-05:00,10.25,10.25,10.25,10.25,0,0.0,0.0,0.0
2014-02-07 00:00:00-05:00,10.25,10.25,10.25,10.25,0,0.0,0.0,0.0
2014-02-10 00:00:00-05:00,10.25,10.25,10.25,10.25,0,0.0,0.0,0.0
2014-02-11 00:00:00-05:00,10.25,10.25,10.25,10.25,0,0.0,0.0,0.0
2014-02-12 00:00:00-05:00,10.25,10.25,10.25,10.25,0,0.0,0.0,0.0
2014-02-13 00:00:00-05:00,10.25,10.25,10.25,10.25,0,0.0,0.0,0.0
2014-02-14 00:00:00-05:00,10.25,10.25,10.25,10.25,0,0.0,0.0,0.0
2014-02-18 00:00:00-05:00,10.25,10.25,10.25,10.25,0,0.0,0.0,0.0
2014-02-19 00:00:00-05:00,10.25,10.25,10.25,10.25,0,0.0,0.0,0.0
2014-02-20 00:00:00-05:00,10.25,10.25,10.25,10.25,0,0.0,0.0,0.0
2014-02-21 00:00:00-05:00,10.25,10.25,10.25,10.25,0,0.0,0.0,0.0
2014-02-24 00:00:00-05:00,10.25,10.25,10.25,10.25,0,0.0,0.0,0.0
2014-02-25 00:00:00-05:00,10.25,10.25,10.25,10.25,0,0.0,0.0,0.0
2014-02-26 00:00:00-05:00,9.90999984741211,9.90999984741211,9.90999984741211,9.90999984741211,242,0.0,0.0,0.0
2014-02-27 00:00:00-05:00,9.90999984741211,9.90999984741211,9.90999984741211,9.90999984741211,0,0.0,0.0,0.0
2014-02-28 00:00:00-05:00,9.90999984741211,9.90999984741211,9.90999984741211,9.90999984741211,0,0.0,0.0,0.0
2014-03-03 00:00:00-05:00,9.734999656677246,9.734999656677246,9.734999656677246,9.734999656677246,255,0.0,0.0,0.0
2014-03-04 00:00:00-05:00,9.734999656677246,9.734999656677246,9.734999656677246,9.734999656677246,0,0.0,0.0,0.0
2014-03-05 00:00:00-05:00,10.350000381469727,10.350000381469727,10.350000381469727,10.350000381469727,137,0.0,0.0,0.0
2014-03-06 00:00:00-05:00,10.350000381469727,10.350000381469727,10.350000381469727,10.350000381469727,0,0.0,0.0,0.0
2014-03-07 00:00:00-05:00,10.786999702453613,10.786999702453613,10.786999702453613,10.786999702453613,165,0.0,0.0,0.0
2014-03-10 00:00:00-04:00,10.406999588012695,10.406999588012695,10.406999588012695,10.406999588012695,149,0.0,0.0,0.0
2014-03-11 00:00:00-04:00,10.399999618530273,10.399999618530273,10.399999618530273,10.399999618530273,128,0.0,0.0,0.0
2014-03-12 00:00:00-04:00,10.399999618530273,10.399999618530273,10.399999618530273,10.399999618530273,0,0.0,0.0,0.0
2014-03-13 00:00:00-04:00,9.892600059509277,10.399999618530273,9.892600059509277,10.399999618530273,597,0.0,0.0,0.0
2014-03-14 00:00:00-04:00,10.399999618530273,10.399999618530273,10.399999618530273,10.399999618530273,0,0.0,0.0,0.0
2014-03-17 00:00:00-04:00,10.399999618530273,10.399999618530273,10.399999618530273,10.399999618530273,0,0.0,0.0,0.0
2014-03-18 00:00:00-04:00,10.399999618530273,10.399999618530273,10.399999618530273,10.399999618530273,0,0.0,0.0,0.0
2014-03-19 00:00:00-04:00,10.399999618530273,10.399999618530273,10.399999618530273,10.399999618530273,0,0.0,0.0,0.0
2014-03-20 00:00:00-04:00,10.088700294494629,10.088700294494629,10.088700294494629,10.088700294494629,577,0.0,0.0,0.0
2014-03-21 00:00:00-04:00,10.088700294494629,10.088700294494629,10.088700294494629,10.088700294494629,0,0.0,0.0,0.0
2014-03-24 00:00:00-04:00,10.088700294494629,10.088700294494629,10.088700294494629,10.088700294494629,0,0.0,0.0,0.0
2014-03-25 00:00:00-04:00,10.088700294494629,10.088700294494629,10.088700294494629,10.088700294494629,0,0.0,0.0,0.0
2014-03-26 00:00:00-04:00,10.088700294494629,10.088700294494629,10.088700294494629,10.088700294494629,0,0.0,0.0,0.0
2014-03-27 00:00:00-04:00,10.088700294494629,10.088700294494629,10.088700294494629,10.088700294494629,0,0.0,0.0,0.0
2014-03-28 00:00:00-04:00,10.088700294494629,10.088700294494629,10.088700294494629,10.088700294494629,0,0.0,0.0,0.0
2014-03-31 00:00:00-04:00,10.088700294494629,10.088700294494629,10.088700294494629,10.088700294494629,0,0.0,0.0,0.0
2014-04-01 00:00:00-04:00,10.088700294494629,10.088700294494629,10.088700294494629,10.088700294494629,0,0.0,0.0,0.0
2014-04-02 00:00:00-04:00,10.088700294494629,10.088700294494629,10.088700294494629,10.088700294494629,0,0.0,0.0,0.0
2014-04-03 00:00:00-04:00,10.088700294494629,10.088700294494629,10.088700294494629,10.088700294494629,0,0.0,0.0,0.0
2014-04-04 00:00:00-04:00,10.088700294494629,10.088700294494629,10.088700294494629,10.088700294494629,0,0.0,0.0,0.0
2014-04-07 00:00:00-04:00,10.088700294494629,10.088700294494629,10.088700294494629,10.088700294494629,0,0.0,0.0,0.0
2014-04-08 00:00:00-04:00,10.600000381469727,10.600000381469727,10.600000381469727,10.600000381469727,249,0.0,0.0,0.0
2014-04-09 00:00:00-04:00,10.600000381469727,10.600000381469727,10.600000381469727,10.600000381469727,0,0.0,0.0,0.0
2014-04-10 00:00:00-04:00,11.100000381469727,11.100000381469727,11.039999961853027,11.039999961853027,816,0.0,0.0,0.0
2014-04-11 00:00:00-04:00,10.758500099182129,10.758500099182129,10.758500099182129,10.758500099182129,708,0.0,0.0,0.0
2014-04-14 00:00:00-04:00,10.758500099182129,10.758500099182129,10.758500099182129,10.758500099182129,0,0.0,0.0,0.0
2014-04-15 00:00:00-04:00,10.699999809265137,10.699999809265137,10.699999809265137,10.699999809265137,690,0.0,0.0,0.0
2014-04-16 00:00:00-04:00,10.699999809265137,10.699999809265137,10.699999809265137,10.699999809265137,0,0.0,0.0,0.0
2014-04-17 00:00:00-04:00,10.699999809265137,10.699999809265137,10.699999809265137,10.699999809265137,0,0.0,0.0,0.0
2014-04-21 00:00:00-04:00,10.699999809265137,10.699999809265137,10.699999809265137,10.699999809265137,0,0.0,0.0,0.0
2014-04-22 00:00:00-04:00,10.699999809265137,10.699999809265137,10.699999809265137,10.699999809265137,0,0.0,0.0,0.0
2014-04-23 00:00:00-04:00,10.699999809265137,10.699999809265137,10.699999809265137,10.699999809265137,0,0.0,0.0,0.0
2014-04-24 00:00:00-04:00,10.699999809265137,10.699999809265137,10.699999809265137,10.699999809265137,0,0.0,0.0,0.0
2014-04-25 00:00:00-04:00,10.850700378417969,10.850700378417969,10.850700378417969,10.850700378417969,543,0.0,0.0,0.0
2014-04-28 00:00:00-04:00,10.850700378417969,10.850700378417969,10.850700378417969,10.850700378417969,0,0.0,0.0,0.0
2014-04-29 00:00:00-04:00,10.850700378417969,10.850700378417969,10.850700378417969,10.850700378417969,0,0.0,0.0,0.0
2014-04-30 00:00:00-04:00,10.850700378417969,10.850700378417969,10.850700378417969,10.850700378417969,0,0.0,0.0,0.0
2014-05-01 00:00:00-04:00,10.850700378417969,10.850700378417969,10.850700378417969,10.850700378417969,0,0.0,0.0,0.0
2014-05-02 00:00:00-04:00,10.850700378417969,10.850700378417969,10.850700378417969,10.850700378417969,0,0.0,0.0,0.0
2014-05-05 00:00:00-04:00,11.11989974975586,11.11989974975586,11.11989974975586,11.11989974975586,308,0.0,0.0,0.0
2014-05-06 00:00:00-04:00,11.11989974975586,11.11989974975586,11.11989974975586,11.11989974975586,0,0.0,0.0,0.0
2014-05-07 00:00:00-04:00,11.11989974975586,11.11989974975586,11.11989974975586,11.11989974975586,0,0.0,0.0,0.0
2014-05-08 00:00:00-04:00,11.11989974975586,11.11989974975586,11.11989974975586,11.11989974975586,0,0.0,0.0,0.0
2014-05-09 00:00:00-04:00,11.11989974975586,11.11989974975586,11.11989974975586,11.11989974975586,0,0.0,0.0,0.0
2014-05-12 00:00:00-04:00,11.11989974975586,11.11989974975586,11.11989974975586,11.11989974975586,0,0.0,0.0,0.0
2014-05-13 00:00:00-04:00,11.11989974975586,11.11989974975586,11.11989974975586,11.11989974975586,0,0.0,0.0,0.0
2014-05-14 00:00:00-04:00,11.11989974975586,11.11989974975586,11.11989974975586,11.11989974975586,0,0.0,0.0,0.0
2014-05-15 00:00:00-04:00,11.774900436401367,11.774900436401367,11.774900436401367,11.774900436401367,237,0.0,0.0,0.0
2014-05-16 00:00:00-04:00,11.774900436401367,11.774900436401367,11.774900436401367,11.774900436401367,0,0.0,0.0,0.0
2014-05-19 00:00:00-04:00,11.774900436401367,11.774900436401367,11.774900436401367,11.774900436401367,0,0.0,0.0,0.0
2014-05-20 00:00:00-04:00,11.774900436401367,11.774900436401367,11.774900436401367,11.774900436401367,0,0.0,0.0,0.0
2014-05-21 00:00:00-04:00,11.774900436401367,11.774900436401367,11.774900436401367,11.774900436401367,0,0.0,0.0,0.0
2014-05-22 00:00:00-04:00,11.774900436401367,11.774900436401367,11.774900436401367,11.774900436401367,0,0.0,0.0,0.0
2014-05-23 00:00:00-04:00,11.774900436401367,11.774900436401367,11.774900436401367,11.774900436401367,0,0.0,0.0,0.0
2014-05-27 00:00:00-04:00,11.774900436401367,11.774900436401367,11.774900436401367,11.774900436401367,0,0.0,0.0,0.0
2014-05-28 00:00:00-04:00,11.774900436401367,11.774900436401367,11.774900436401367,11.774900436401367,0,0.0,0.0,0.0
2014-05-29 00:00:00-04:00,11.774900436401367,11.774900436401367,11.774900436401367,11.774900436401367,0,0.0,0.0,0.0
2014-05-30 00:00:00-04:00,11.774900436401367,11.774900436401367,11.774900436401367,11.774900436401367,0,0.0,0.0,0.0
2014-06-02 00:00:00-04:00,11.774900436401367,11.774900436401367,11.774900436401367,11.774900436401367,0,0.0,0.0,0.0
2014-06-03 00:00:00-04:00,11.010000228881836,11.010000228881836,11.010000228881836,11.010000228881836,180,0.0,0.0,0.0
2014-06-04 00:00:00-04:00,11.010000228881836,11.010000228881836,11.010000228881836,11.010000228881836,0,0.0,0.0,0.0
2014-06-05 00:00:00-04:00,11.010000228881836,11.010000228881836,11.010000228881836,11.010000228881836,0,0.0,0.0,0.0
2014-06-06 00:00:00-04:00,11.010000228881836,11.010000228881836,11.010000228881836,11.010000228881836,0,0.0,0.0,0.0
2014-06-09 00:00:00-04:00,11.010000228881836,11.010000228881836,11.010000228881836,11.010000228881836,0,0.0,0.0,0.0
2014-06-10 00:00:00-04:00,11.010000228881836,11.010000228881836,11.010000228881836,11.010000228881836,0,0.0,0.0,0.0
2014-06-11 00:00:00-04:00,10.75879955291748,10.75879955291748,10.600000381469727,10.600000381469727,15470,0.0,0.0,0.0
2014-06-12 00:00:00-04:00,10.600000381469727,10.600000381469727,10.600000381469727,10.600000381469727,0,0.0,0.0,0.0
2014-06-13 00:00:00-04:00,11.020000457763672,11.020000457763672,11.020000457763672,11.020000457763672,463,0.0,0.0,0.0
2014-06-16 00:00:00-04:00,11.020000457763672,11.020000457763672,11.020000457763672,11.020000457763672,0,0.0,0.0,0.0
2014-06-17 00:00:00-04:00,11.020000457763672,11.020000457763672,11.020000457763672,11.020000457763672,0,0.0,0.0,0.0
2014-06-18 00:00:00-04:00,11.020000457763672,11.020000457763672,11.020000457763672,11.020000457763672,0,0.0,0.0,0.0
2014-06-19 00:00:00-04:00,11.020000457763672,11.020000457763672,11.020000457763672,11.020000457763672,0,0.0,0.0,0.0
2014-06-20 00:00:00-04:00,11.020000457763672,11.020000457763672,11.020000457763672,11.020000457763672,0,0.0,0.0,0.0
2014-06-23 00:00:00-04:00,11.020000457763672,11.020000457763672,11.020000457763672,11.020000457763672,0,0.0,0.0,0.0
2014-06-24 00:00:00-04:00,11.020000457763672,11.020000457763672,11.020000457763672,11.020000457763672,0,0.0,0.0,0.0
2014-06-25 00:00:00-04:00,11.020000457763672,11.020000457763672,11.020000457763672,11.020000457763672,0,0.0,0.0,0.0
2014-06-26 00:00:00-04:00,10.420000076293945,10.420000076293945,10.420000076293945,10.420000076293945,227,0.0,0.0,0.0
2014-06-27 00:00:00-04:00,10.399999618530273,10.399999618530273,10.399999618530273,10.399999618530273,110,0.0,0.0,0.0
2014-06-30 00:00:00-04:00,10.399999618530273,10.399999618530273,10.399999618530273,10.399999618530273,0,0.0,0.0,0.0
2014-07-01 00:00:00-04:00,10.399999618530273,10.399999618530273,10.399999618530273,10.399999618530273,0,0.0,0.0,0.0
2014-07-02 00:00:00-04:00,10.399999618530273,10.399999618530273,10.399999618530273,10.399999618530273,0,0.0,0.0,0.0
2014-07-03 00:00:00-04:00,10.399999618530273,10.399999618530273,10.399999618530273,10.399999618530273,0,0.0,0.0,0.0
2014-07-07 00:00:00-04:00,10.257800102233887,10.257800102233887,10.257800102233887,10.257800102233887,178,0.0,0.0,0.0
2014-07-08 00:00:00-04:00,10.257800102233887,10.257800102233887,10.257800102233887,10.257800102233887,0,0.0,0.0,0.0
2014-07-09 00:00:00-04:00,10.257800102233887,10.257800102233887,10.257800102233887,10.257800102233887,0,0.0,0.0,0.0
2014-07-10 00:00:00-04:00,10.257800102233887,10.257800102233887,10.257800102233887,10.257800102233887,0,0.0,0.0,0.0
2014-07-11 00:00:00-04:00,10.257800102233887,10.257800102233887,10.257800102233887,10.257800102233887,0,0.0,0.0,0.0
2014-07-14 00:00:00-04:00,10.257800102233887,10.257800102233887,10.257800102233887,10.257800102233887,0,0.0,0.0,0.0
2014-07-15 00:00:00-04:00,10.257800102233887,10.257800102233887,10.257800102233887,10.257800102233887,0,0.0,0.0,0.0
2014-07-16 00:00:00-04:00,10.257800102233887,10.257800102233887,10.257800102233887,10.257800102233887,0,0.0,0.0,0.0
2014-07-17 00:00:00-04:00,10.257800102233887,10.257800102233887,10.257800102233887,10.257800102233887,0,0.0,0.0,0.0
2014-07-18 00:00:00-04:00,10.257800102233887,10.257800102233887,10.257800102233887,10.257800102233887,0,0.0,0.0,0.0
2014-07-21 00:00:00-04:00,10.257800102233887,10.257800102233887,10.257800102233887,10.257800102233887,0,0.0,0.0,0.0
2014-07-22 00:00:00-04:00,10.257800102233887,10.257800102233887,10.257800102233887,10.257800102233887,0,0.0,0.0,0.0
2014-07-23 00:00:00-04:00,11.044400215148926,11.044400215148926,11.044400215148926,11.044400215148926,1868,0.0,0.0,0.0
2014-07-24 00:00:00-04:00,11.044400215148926,11.044400215148926,11.044400215148926,11.044400215148926,0,0.0,0.0,0.0
2014-07-25 00:00:00-04:00,11.044400215148926,11.044400215148926,11.044400215148926,11.044400215148926,0,0.0,0.0,0.0
2014-07-28 00:00:00-04:00,11.044400215148926,11.044400215148926,11.044400215148926,11.044400215148926,0,0.0,0.0,0.0
2014-07-29 00:00:00-04:00,11.044400215148926,11.044400215148926,11.044400215148926,11.044400215148926,0,0.0,0.0,0.0
2014-07-30 00:00:00-04:00,11.044400215148926,11.044400215148926,11.044400215148926,11.044400215148926,0,0.0,0.0,0.0
2014-07-31 00:00:00-04:00,11.044400215148926,11.044400215148926,11.044400215148926,11.044400215148926,0,0.0,0.0,0.0
2014-08-01 00:00:00-04:00,11.044400215148926,11.044400215148926,11.044400215148926,11.044400215148926,0,0.0,0.0,0.0
2014-08-04 00:00:00-04:00,11.044400215148926,11.044400215148926,11.044400215148926,11.044400215148926,0,0.0,0.0,0.0
2014-08-05 00:00:00-04:00,11.044400215148926,11.044400215148926,11.044400215148926,11.044400215148926,0,0.0,0.0,0.0
2014-08-06 00:00:00-04:00,11.044400215148926,11.044400215148926,11.044400215148926,11.044400215148926,0,0.0,0.0,0.0
2014-08-07 00:00:00-04:00,11.044400215148926,11.044400215148926,11.044400215148926,11.044400215148926,0,0.0,0.0,0.0
2014-08-08 00:00:00-04:00,11.044400215148926,11.044400215148926,11.044400215148926,11.044400215148926,0,0.0,0.0,0.0
2014-08-11 00:00:00-04:00,11.044400215148926,11.044400215148926,11.044400215148926,11.044400215148926,0,0.0,0.0,0.0
2014-08-12 00:00:00-04:00,11.044400215148926,11.044400215148926,11.044400215148926,11.044400215148926,0,0.0,0.0,0.0
2014-08-13 00:00:00-04:00,11.044400215148926,11.044400215148926,11.044400215148926,11.044400215148926,0,0.0,0.0,0.0
2014-08-14 00:00:00-04:00,11.044400215148926,11.044400215148926,11.044400215148926,11.044400215148926,0,0.0,0.0,0.0
2014-08-15 00:00:00-04:00,9.34000015258789,9.399999618530273,9.34000015258789,9.34570026397705,63449,0.0,0.0,0.0
2014-08-18 00:00:00-04:00,9.34570026397705,9.34570026397705,9.34570026397705,9.34570026397705,0,0.0,0.0,0.0
2014-08-19 00:00:00-04:00,9.34570026397705,9.34570026397705,9.34570026397705,9.34570026397705,0,0.0,0.0,0.0
2014-08-20 00:00:00-04:00,9.34570026397705,9.34570026397705,9.34570026397705,9.34570026397705,0,0.0,0.0,0.0
2014-08-21 00:00:00-04:00,9.34570026397705,9.34570026397705,9.34570026397705,9.34570026397705,0,0.0,0.0,0.0
2014-08-22 00:00:00-04:00,9.34570026397705,9.34570026397705,9.34570026397705,9.34570026397705,0,0.0,0.0,0.0
2014-08-25 00:00:00-04:00,9.34570026397705,9.34570026397705,9.34570026397705,9.34570026397705,0,0.0,0.0,0.0
2014-08-26 00:00:00-04:00,9.34570026397705,9.34570026397705,9.34570026397705,9.34570026397705,0,0.0,0.0,0.0
2014-08-27 00:00:00-04:00,9.34570026397705,9.34570026397705,9.34570026397705,9.34570026397705,0,0.0,0.0,0.0
2014-08-28 00:00:00-04:00,9.34570026397705,9.34570026397705,9.34570026397705,9.34570026397705,0,0.0,0.0,0.0
2014-08-29 00:00:00-04:00,9.34570026397705,9.34570026397705,9.34570026397705,9.34570026397705,0,0.0,0.0,0.0
2014-09-02 00:00:00-04:00,9.34570026397705,9.34570026397705,9.34570026397705,9.34570026397705,0,0.0,0.0,0.0
2014-09-03 00:00:00-04:00,9.34570026397705,9.34570026397705,9.34570026397705,9.34570026397705,0,0.0,0.0,0.0
2014-09-04 00:00:00-04:00,9.34570026397705,9.34570026397705,9.34570026397705,9.34570026397705,0,0.0,0.0,0.0
2014-09-05 00:00:00-04:00,9.34570026397705,9.34570026397705,9.34570026397705,9.34570026397705,0,0.0,0.0,0.0
2014-09-08 00:00:00-04:00,9.34570026397705,9.34570026397705,9.34570026397705,9.34570026397705,0,0.0,0.0,0.0
2014-09-09 00:00:00-04:00,9.34570026397705,9.34570026397705,9.34570026397705,9.34570026397705,0,0.0,0.0,0.0
2014-09-10 00:00:00-04:00,9.34570026397705,9.34570026397705,9.34570026397705,9.34570026397705,0,0.0,0.0,0.0
2014-09-11 00:00:00-04:00,9.34570026397705,9.34570026397705,9.34570026397705,9.34570026397705,0,0.0,0.0,0.0
2014-09-12 00:00:00-04:00,9.34570026397705,9.34570026397705,9.34570026397705,9.34570026397705,0,0.0,0.0,0.0
2014-09-15 00:00:00-04:00,9.34570026397705,9.34570026397705,9.34570026397705,9.34570026397705,0,0.0,0.0,0.0
2014-09-16 00:00:00-04:00,9.34570026397705,9.34570026397705,9.34570026397705,9.34570026397705,0,0.0,0.0,0.0
2014-09-17 00:00:00-04:00,9.34570026397705,9.34570026397705,9.34570026397705,9.34570026397705,0,0.0,0.0,0.0
2014-09-18 00:00:00-04:00,9.34570026397705,9.34570026397705,9.34570026397705,9.34570026397705,0,0.0,0.0,0.0
2014-09-19 00:00:00-04:00,9.34570026397705,9.34570026397705,9.34570026397705,9.34570026397705,0,0.0,0.0,0.0
2014-09-22 00:00:00-04:00,9.34570026397705,9.34570026397705,9.34570026397705,9.34570026397705,0,0.0,0.0,0.0
2014-09-23 00:00:00-04:00,9.34570026397705,9.34570026397705,9.34570026397705,9.34570026397705,0,0.0,0.0,0.0
2014-09-24 00:00:00-04:00,9.34570026397705,9.34570026397705,9.34570026397705,9.34570026397705,0,0.0,0.0,0.0
2014-09-25 00:00:00-04:00,9.34570026397705,9.34570026397705,9.34570026397705,9.34570026397705,0,0.0,0.0,0.0
2014-09-26 00:00:00-04:00,9.34570026397705,9.34570026397705,9.34570026397705,9.34570026397705,0,0.0,0.0,0.0
2014-09-29 00:00:00-04:00,9.34570026397705,9.34570026397705,9.34570026397705,9.34570026397705,0,0.0,0.0,0.0
2014-09-30 00:00:00-04:00,9.34570026397705,9.34570026397705,9.34570026397705,9.34570026397705,0,0.0,0.0,0.0
2014-10-01 00:00:00-04:00,9.34570026397705,9.34570026397705,9.34570026397705,9.34570026397705,0,0.0,0.0,0.0
2014-10-02 00:00:00-04:00,9.34570026397705,9.34570026397705,9.34570026397705,9.34570026397705,0,0.0,0.0,0.0
2014-10-03 00:00:00-04:00,9.34570026397705,9.34570026397705,9.34570026397705,9.34570026397705,0,0.0,0.0,0.0
2014-10-06 00:00:00-04:00,9.34570026397705,9.34570026397705,9.34570026397705,9.34570026397705,0,0.0,0.0,0.0
2014-10-07 00:00:00-04:00,9.34570026397705,9.34570026397705,9.34570026397705,9.34570026397705,0,0.0,0.0,0.0
2014-10-08 00:00:00-04:00,9.34570026397705,9.34570026397705,9.34570026397705,9.34570026397705,0,0.0,0.0,0.0
2014-10-09 00:00:00-04:00,9.34570026397705,9.34570026397705,9.34570026397705,9.34570026397705,0,0.0,0.0,0.0
2014-10-10 00:00:00-04:00,6.650000095367432,6.650000095367432,6.650000095367432,6.650000095367432,135,0.0,0.0,0.0
2014-10-13 00:00:00-04:00,6.650000095367432,6.650000095367432,6.650000095367432,6.650000095367432,0,0.0,0.0,0.0
2014-10-14 00:00:00-04:00,6.650000095367432,6.650000095367432,6.650000095367432,6.650000095367432,0,0.0,0.0,0.0
2014-10-15 00:00:00-04:00,6.650000095367432,6.650000095367432,6.650000095367432,6.650000095367432,0,0.0,0.0,0.0
2014-10-16 00:00:00-04:00,6.650000095367432,6.650000095367432,6.650000095367432,6.650000095367432,0,0.0,0.0,0.0
2014-10-17 00:00:00-04:00,6.650000095367432,6.650000095367432,6.650000095367432,6.650000095367432,0,0.0,0.0,0.0
2014-10-20 00:00:00-04:00,6.650000095367432,6.650000095367432,6.650000095367432,6.650000095367432,0,0.0,0.0,0.0
2014-10-21 00:00:00-04:00,6.650000095367432,6.650000095367432,6.650000095367432,6.650000095367432,0,0.0,0.0,0.0
2014-10-22 00:00:00-04:00,6.650000095367432,6.650000095367432,6.650000095367432,6.650000095367432,0,0.0,0.0,0.0
2014-10-23 00:00:00-04:00,6.650000095367432,6.650000095367432,6.650000095367432,6.650000095367432,0,0.0,0.0,0.0
2014-10-24 00:00:00-04:00,6.650000095367432,6.650000095367432,6.650000095367432,6.650000095367432,0,0.0,0.0,0.0
2014-10-27 00:00:00-04:00,6.650000095367432,6.650000095367432,6.650000095367432,6.650000095367432,0,0.0,0.0,0.0
2014-10-28 00:00:00-04:00,6.650000095367432,6.650000095367432,6.650000095367432,6.650000095367432,0,0.0,0.0,0.0
2014-10-29 00:00:00-04:00,6.650000095367432,6.650000095367432,6.650000095367432,6.650000095367432,0,0.0,0.0,0.0
2014-10-30 00:00:00-04:00,6.650000095367432,6.650000095367432,6.650000095367432,6.650000095367432,0,0.0,0.0,0.0
2014-10-31 00:00:00-04:00,6.650000095367432,6.650000095367432,6.650000095367432,6.650000095367432,0,0.0,0.0,0.0
2014-11-03 00:00:00-05:00,6.650000095367432,6.650000095367432,6.650000095367432,6.650000095367432,0,0.0,0.0,0.0
2014-11-04 00:00:00-05:00,6.0,6.0,6.0,6.0,17528,0.0,0.0,0.0
2014-11-05 00:00:00-05:00,6.0,6.0,6.0,6.0,0,0.0,0.0,0.0
2014-11-06 00:00:00-05:00,6.25,6.25,6.25,6.25,500,0.0,0.0,0.0
2014-11-07 00:00:00-05:00,6.25,6.25,6.25,6.25,0,0.0,0.0,0.0
2014-11-10 00:00:00-05:00,6.25,6.25,6.25,6.25,0,0.0,0.0,0.0
2014-11-11 00:00:00-05:00,6.25,6.25,6.25,6.25,0,0.0,0.0,0.0
2014-11-12 00:00:00-05:00,6.25,6.25,6.25,6.25,0,0.0,0.0,0.0
2014-11-13 00:00:00-05:00,6.25,6.25,6.25,6.25,0,0.0,0.0,0.0
2014-11-14 00:00:00-05:00,6.25,6.25,6.25,6.25,0,0.0,0.0,0.0
2014-11-17 00:00:00-05:00,6.25,6.25,6.25,6.25,0,0.0,0.0,0.0
2014-11-18 00:00:00-05:00,6.25,6.25,6.25,6.25,0,0.0,0.0,0.0
2014-11-19 00:00:00-05:00,6.25,6.25,6.25,6.25,0,0.0,0.0,0.0
2014-11-20 00:00:00-05:00,6.25,6.25,6.25,6.25,0,0.0,0.0,0.0
2014-11-21 00:00:00-05:00,6.25,6.25,6.25,6.25,0,0.0,0.0,0.0
2014-11-24 00:00:00-05:00,6.25,6.25,6.25,6.25,0,0.0,0.0,0.0
2014-11-25 00:00:00-05:00,6.25,6.25,6.25,6.25,0,0.0,0.0,0.0
2014-11-26 00:00:00-05:00,6.25,6.25,6.25,6.25,0,0.0,0.0,0.0
2014-11-28 00:00:00-05:00,6.25,6.25,6.25,6.25,0,0.0,0.0,0.0
2014-12-01 00:00:00-05:00,6.25,6.25,6.25,6.25,0,0.0,0.0,0.0
2014-12-02 00:00:00-05:00,6.25,6.25,6.25,6.25,0,0.0,0.0,0.0
2014-12-03 00:00:00-05:00,6.25,6.25,6.25,6.25,0,0.0,0.0,0.0
2014-12-04 00:00:00-05:00,6.25,6.25,6.25,6.25,0,0.0,0.0,0.0
2014-12-05 00:00:00-05:00,6.25,6.25,6.25,6.25,0,0.0,0.0,0.0
2014-12-08 00:00:00-05:00,6.25,6.25,6.25,6.25,0,0.0,0.0,0.0
2014-12-09 00:00:00-05:00,6.25,6.25,6.25,6.25,0,0.0,0.0,0.0
2014-12-10 00:00:00-05:00,6.25,6.25,6.25,6.25,0,0.0,0.0,0.0
2014-12-11 00:00:00-05:00,6.25,6.25,6.25,6.25,0,0.0,0.0,0.0
2014-12-12 00:00:00-05:00,5.34499979019165,5.34499979019165,5.34499979019165,5.34499979019165,325,0.0,0.0,0.0
2014-12-15 00:00:00-05:00,5.34499979019165,5.34499979019165,5.34499979019165,5.34499979019165,0,0.0,0.0,0.0
2014-12-16 00:00:00-05:00,5.34499979019165,5.34499979019165,5.34499979019165,5.34499979019165,0,0.0,0.0,0.0
2014-12-17 00:00:00-05:00,5.34499979019165,5.34499979019165,5.34499979019165,5.34499979019165,0,0.0,0.0,0.0
2014-12-18 00:00:00-05:00,5.400000095367432,5.400000095367432,5.400000095367432,5.400000095367432,463,0.0,0.0,0.0
2014-12-19 00:00:00-05:00,5.400000095367432,5.400000095367432,5.400000095367432,5.400000095367432,0,0.0,0.0,0.0
2014-12-22 00:00:00-05:00,5.400000095367432,5.400000095367432,5.400000095367432,5.400000095367432,0,0.0,0.0,0.0
2014-12-23 00:00:00-05:00,5.400000095367432,5.400000095367432,5.400000095367432,5.400000095367432,0,0.0,0.0,0.0
2014-12-24 00:00:00-05:00,5.400000095367432,5.400000095367432,5.400000095367432,5.400000095367432,0,0.0,0.0,0.0
2014-12-26 00:00:00-05:00,5.400000095367432,5.400000095367432,5.400000095367432,5.400000095367432,0,0.0,0.0,0.0
2014-12-29 00:00:00-05:00,5.400000095367432,5.400000095367432,5.400000095367432,5.400000095367432,0,0.0,0.0,0.0
2014-12-30 00:00:00-05:00,5.400000095367432,5.400000095367432,5.400000095367432,5.400000095367432,0,0.0,0.0,0.0
2014-12-31 00:00:00-05:00,5.400000095367432,5.400000095367432,5.400000095367432,5.400000095367432,0,0.0,0.0,0.0
2015-01-02 00:00:00-05:00,5.400000095367432,5.400000095367432,5.400000095367432,5.400000095367432,0,0.0,0.0,0.0
2015-01-05 00:00:00-05:00,5.400000095367432,5.400000095367432,5.400000095367432,5.400000095367432,0,0.0,0.0,0.0
2015-01-06 00:00:00-05:00,5.400000095367432,5.400000095367432,5.400000095367432,5.400000095367432,0,0.0,0.0,0.0
2015-01-07 00:00:00-05:00,5.400000095367432,5.400000095367432,5.400000095367432,5.400000095367432,0,0.0,0.0,0.0
2015-01-08 00:00:00-05:00,5.400000095367432,5.400000095367432,5.400000095367432,5.400000095367432,0,0.0,0.0,0.0
2015-01-09 00:00:00-05:00,5.400000095367432,5.400000095367432,5.400000095367432,5.400000095367432,0,0.0,0.0,0.0
2015-01-12 00:00:00-05:00,5.400000095367432,5.400000095367432,5.400000095367432,5.400000095367432,0,0.0,0.0,0.0
2015-01-13 00:00:00-05:00,5.400000095367432,5.400000095367432,5.400000095367432,5.400000095367432,0,0.0,0.0,0.0
2015-01-14 00:00:00-05:00,5.400000095367432,5.400000095367432,5.400000095367432,5.400000095367432,0,0.0,0.0,0.0
2015-01-15 00:00:00-05:00,5.400000095367432,5.400000095367432,5.400000095367432,5.400000095367432,0,0.0,0.0,0.0
2015-01-16 00:00:00-05:00,5.400000095367432,5.400000095367432,5.400000095367432,5.400000095367432,0,0.0,0.0,0.0
2015-01-20 00:00:00-05:00,5.400000095367432,5.400000095367432,5.400000095367432,5.400000095367432,0,0.0,0.0,0.0
2015-01-21 00:00:00-05:00,5.400000095367432,5.400000095367432,5.400000095367432,5.400000095367432,0,0.0,0.0,0.0
2015-01-22 00:00:00-05:00,5.400000095367432,5.400000095367432,5.400000095367432,5.400000095367432,0,0.0,0.0,0.0
2015-01-23 00:00:00-05:00,5.400000095367432,5.400000095367432,5.400000095367432,5.400000095367432,0,0.0,0.0,0.0
2015-01-26 00:00:00-05:00,5.400000095367432,5.400000095367432,5.400000095367432,5.400000095367432,0,0.0,0.0,0.0
2015-01-27 00:00:00-05:00,5.400000095367432,5.400000095367432,5.400000095367432,5.400000095367432,0,0.0,0.0,0.0
2015-01-28 00:00:00-05:00,5.400000095367432,5.400000095367432,5.400000095367432,5.400000095367432,0,0.0,0.0,0.0
2015-01-29 00:00:00-05:00,5.400000095367432,5.400000095367432,5.400000095367432,5.400000095367432,0,0.0,0.0,0.0
2015-01-30 00:00:00-05:00,5.400000095367432,5.400000095367432,5.400000095367432,5.400000095367432,0,0.0,0.0,0.0
2015-02-02 00:00:00-05:00,5.400000095367432,5.400000095367432,5.400000095367432,5.400000095367432,0,0.0,0.0,0.0
2015-02-03 00:00:00-05:00,5.400000095367432,5.400000095367432,5.400000095367432,5.400000095367432,0,0.0,0.0,0.0
2015-02-04 00:00:00-05:00,5.400000095367432,5.400000095367432,5.400000095367432,5.400000095367432,0,0.0,0.0,0.0
2015-02-05 00:00:00-05:00,5.400000095367432,5.400000095367432,5.400000095367432,5.400000095367432,0,0.0,0.0,0.0
2015-02-06 00:00:00-05:00,5.400000095367432,5.400000095367432,5.400000095367432,5.400000095367432,0,0.0,0.0,0.0
2015-02-09 00:00:00-05:00,5.400000095367432,5.400000095367432,5.400000095367432,5.400000095367432,0,0.0,0.0,0.0
2015-02-10 00:00:00-05:00,5.400000095367432,5.400000095367432,5.400000095367432,5.400000095367432,0,0.0,0.0,0.0
2015-02-11 00:00:00-05:00,5.400000095367432,5.400000095367432,5.400000095367432,5.400000095367432,0,0.0,0.0,0.0
2015-02-12 00:00:00-05:00,5.400000095367432,5.400000095367432,5.400000095367432,5.400000095367432,0,0.0,0.0,0.0
2015-02-13 00:00:00-05:00,5.400000095367432,5.400000095367432,5.400000095367432,5.400000095367432,0,0.0,0.0,0.0
2015-02-17 00:00:00-05:00,5.400000095367432,5.400000095367432,5.400000095367432,5.400000095367432,0,0.0,0.0,0.0
2015-02-18 00:00:00-05:00,5.400000095367432,5.400000095367432,5.400000095367432,5.400000095367432,0,0.0,0.0,0.0
2015-02-19 00:00:00-05:00,5.400000095367432,5.400000095367432,5.400000095367432,5.400000095367432,0,0.0,0.0,0.0
2015-02-20 00:00:00-05:00,5.400000095367432,5.400000095367432,5.400000095367432,5.400000095367432,0,0.0,0.0,0.0
2015-02-23 00:00:00-05:00,5.400000095367432,5.400000095367432,5.400000095367432,5.400000095367432,0,0.0,0.0,0.0
2015-02-24 00:00:00-05:00,5.400000095367432,5.400000095367432,5.400000095367432,5.400000095367432,0,0.0,0.0,0.0
2015-02-25 00:00:00-05:00,5.400000095367432,5.400000095367432,5.400000095367432,5.400000095367432,0,0.0,0.0,0.0
2015-02-26 00:00:00-05:00,5.400000095367432,5.400000095367432,5.400000095367432,5.400000095367432,0,0.0,0.0,0.0
2015-02-27 00:00:00-05:00,5.400000095367432,5.400000095367432,5.400000095367432,5.400000095367432,0,0.0,0.0,0.0
2015-03-02 00:00:00-05:00,5.400000095367432,5.400000095367432,5.400000095367432,5.400000095367432,0,0.0,0.0,0.0
2015-03-03 00:00:00-05:00,5.400000095367432,5.400000095367432,5.400000095367432,5.400000095367432,0,0.0,0.0,0.0
2015-03-04 00:00:00-05:00,5.400000095367432,5.400000095367432,5.400000095367432,5.400000095367432,0,0.0,0.0,0.0
2015-03-05 00:00:00-05:00,5.400000095367432,5.400000095367432,5.400000095367432,5.400000095367432,0,0.0,0.0,0.0
2015-03-06 00:00:00-05:00,5.400000095367432,5.400000095367432,5.400000095367432,5.400000095367432,0,0.0,0.0,0.0
2015-03-09 00:00:00-04:00,5.400000095367432,5.400000095367432,5.400000095367432,5.400000095367432,0,0.0,0.0,0.0
2015-03-10 00:00:00-04:00,5.400000095367432,5.400000095367432,5.400000095367432,5.400000095367432,0,0.0,0.0,0.0
2015-03-11 00:00:00-04:00,5.400000095367432,5.400000095367432,5.400000095367432,5.400000095367432,0,0.0,0.0,0.0
2015-03-12 00:00:00-04:00,5.400000095367432,5.400000095367432,5.400000095367432,5.400000095367432,0,0.0,0.0,0.0
2015-03-13 00:00:00-04:00,5.400000095367432,5.400000095367432,5.400000095367432,5.400000095367432,0,0.0,0.0,0.0
2015-03-16 00:00:00-04:00,5.400000095367432,5.400000095367432,5.400000095367432,5.400000095367432,0,0.0,0.0,0.0
2015-03-17 00:00:00-04:00,5.400000095367432,5.400000095367432,5.400000095367432,5.400000095367432,0,0.0,0.0,0.0
2015-03-18 00:00:00-04:00,5.400000095367432,5.400000095367432,5.400000095367432,5.400000095367432,0,0.0,0.0,0.0
2015-03-19 00:00:00-04:00,5.400000095367432,5.400000095367432,5.400000095367432,5.400000095367432,0,0.0,0.0,0.0
2015-03-20 00:00:00-04:00,5.400000095367432,5.400000095367432,5.400000095367432,5.400000095367432,0,0.0,0.0,0.0
2015-03-23 00:00:00-04:00,5.400000095367432,5.400000095367432,5.400000095367432,5.400000095367432,0,0.0,0.0,0.0
2015-03-24 00:00:00-04:00,5.400000095367432,5.400000095367432,5.400000095367432,5.400000095367432,0,0.0,0.0,0.0
2015-03-25 00:00:00-04:00,5.400000095367432,5.400000095367432,5.400000095367432,5.400000095367432,0,0.0,0.0,0.0
2015-03-26 00:00:00-04:00,5.400000095367432,5.400000095367432,5.400000095367432,5.400000095367432,0,0.0,0.0,0.0
2015-03-27 00:00:00-04:00,5.400000095367432,5.400000095367432,5.400000095367432,5.400000095367432,0,0.0,0.0,0.0
2015-03-30 00:00:00-04:00,5.400000095367432,5.400000095367432,5.400000095367432,5.400000095367432,0,0.0,0.0,0.0
2015-03-31 00:00:00-04:00,5.400000095367432,5.400000095367432,5.400000095367432,5.400000095367432,0,0.0,0.0,0.0
2015-04-01 00:00:00-04:00,5.400000095367432,5.400000095367432,5.400000095367432,5.400000095367432,0,0.0,0.0,0.0
2015-04-02 00:00:00-04:00,5.400000095367432,5.400000095367432,5.400000095367432,5.400000095367432,0,0.0,0.0,0.0
2015-04-06 00:00:00-04:00,5.400000095367432,5.400000095367432,5.400000095367432,5.400000095367432,0,0.0,0.0,0.0
2015-04-07 00:00:00-04:00,5.400000095367432,5.400000095367432,5.400000095367432,5.400000095367432,0,0.0,0.0,0.0
2015-04-08 00:00:00-04:00,5.400000095367432,5.400000095367432,5.400000095367432,5.400000095367432,0,0.0,0.0,0.0
2015-04-09 00:00:00-04:00,5.400000095367432,5.400000095367432,5.400000095367432,5.400000095367432,0,0.0,0.0,0.0
2015-04-10 00:00:00-04:00,5.400000095367432,5.400000095367432,5.400000095367432,5.400000095367432,0,0.0,0.0,0.0
2015-04-13 00:00:00-04:00,5.400000095367432,5.400000095367432,5.400000095367432,5.400000095367432,0,0.0,0.0,0.0
2015-04-14 00:00:00-04:00,5.400000095367432,5.400000095367432,5.400000095367432,5.400000095367432,0,0.0,0.0,0.0
2015-04-15 00:00:00-04:00,5.400000095367432,5.400000095367432,5.400000095367432,5.400000095367432,0,0.0,0.0,0.0
2015-04-16 00:00:00-04:00,5.400000095367432,5.400000095367432,5.400000095367432,5.400000095367432,0,0.0,0.0,0.0
2015-04-17 00:00:00-04:00,5.400000095367432,5.400000095367432,5.400000095367432,5.400000095367432,0,0.0,0.0,0.0
2015-04-20 00:00:00-04:00,5.400000095367432,5.400000095367432,5.400000095367432,5.400000095367432,0,0.0,0.0,0.0
2015-04-21 00:00:00-04:00,5.400000095367432,5.400000095367432,5.400000095367432,5.400000095367432,0,0.0,0.0,0.0
2015-04-22 00:00:00-04:00,6.380000114440918,6.380000114440918,6.380000114440918,6.380000114440918,500,0.0,0.0,0.0
2015-04-23 00:00:00-04:00,6.380000114440918,6.380000114440918,6.380000114440918,6.380000114440918,0,0.0,0.0,0.0
2015-04-24 00:00:00-04:00,6.380000114440918,6.380000114440918,6.380000114440918,6.380000114440918,0,0.0,0.0,0.0
2015-04-27 00:00:00-04:00,6.380000114440918,6.380000114440918,6.380000114440918,6.380000114440918,0,0.0,0.0,0.0
2015-04-28 00:00:00-04:00,6.380000114440918,6.380000114440918,6.380000114440918,6.380000114440918,0,0.0,0.0,0.0
2015-04-29 00:00:00-04:00,6.380000114440918,6.380000114440918,6.380000114440918,6.380000114440918,0,0.0,0.0,0.0
2015-04-30 00:00:00-04:00,6.380000114440918,6.380000114440918,6.380000114440918,6.380000114440918,0,0.0,0.0,0.0
2015-05-01 00:00:00-04:00,6.380000114440918,6.380000114440918,6.380000114440918,6.380000114440918,0,0.0,0.0,0.0
2015-05-04 00:00:00-04:00,6.380000114440918,6.380000114440918,6.380000114440918,6.380000114440918,0,0.0,0.0,0.0
2015-05-05 00:00:00-04:00,6.380000114440918,6.380000114440918,6.380000114440918,6.380000114440918,0,0.0,0.0,0.0
2015-05-06 00:00:00-04:00,6.380000114440918,6.380000114440918,6.380000114440918,6.380000114440918,0,0.0,0.0,0.0
2015-05-07 00:00:00-04:00,6.380000114440918,6.380000114440918,6.380000114440918,6.380000114440918,0,0.0,0.0,0.0
2015-05-08 00:00:00-04:00,6.380000114440918,6.380000114440918,6.380000114440918,6.380000114440918,0,0.0,0.0,0.0
2015-05-11 00:00:00-04:00,6.380000114440918,6.380000114440918,6.380000114440918,6.380000114440918,0,0.0,0.0,0.0
2015-05-12 00:00:00-04:00,6.380000114440918,6.380000114440918,6.380000114440918,6.380000114440918,0,0.0,0.0,0.0
2015-05-13 00:00:00-04:00,6.380000114440918,6.380000114440918,6.380000114440918,6.380000114440918,0,0.0,0.0,0.0
2015-05-14 00:00:00-04:00,6.380000114440918,6.380000114440918,6.380000114440918,6.380000114440918,0,0.0,0.0,0.0
2015-05-15 00:00:00-04:00,6.380000114440918,6.380000114440918,6.380000114440918,6.380000114440918,0,0.0,0.0,0.0
2015-05-18 00:00:00-04:00,6.380000114440918,6.380000114440918,6.380000114440918,6.380000114440918,0,0.0,0.0,0.0
2015-05-19 00:00:00-04:00,6.880000114440918,6.880000114440918,6.880000114440918,6.880000114440918,156,0.0,0.0,0.0
2015-05-20 00:00:00-04:00,6.880000114440918,6.880000114440918,6.880000114440918,6.880000114440918,0,0.0,0.0,0.0
2015-05-21 00:00:00-04:00,6.880000114440918,6.880000114440918,6.880000114440918,6.880000114440918,0,0.0,0.0,0.0
2015-05-22 00:00:00-04:00,6.880000114440918,6.880000114440918,6.880000114440918,6.880000114440918,0,0.0,0.0,0.0
2015-05-26 00:00:00-04:00,6.880000114440918,6.880000114440918,6.880000114440918,6.880000114440918,0,0.0,0.0,0.0
2015-05-27 00:00:00-04:00,6.880000114440918,6.880000114440918,6.880000114440918,6.880000114440918,0,0.0,0.0,0.0
2015-05-28 00:00:00-04:00,6.880000114440918,6.880000114440918,6.880000114440918,6.880000114440918,0,0.0,0.0,0.0
2015-05-29 00:00:00-04:00,6.880000114440918,6.880000114440918,6.880000114440918,6.880000114440918,0,0.0,0.0,0.0
2015-06-01 00:00:00-04:00,6.880000114440918,6.880000114440918,6.880000114440918,6.880000114440918,0,0.0,0.0,0.0
2015-06-02 00:00:00-04:00,6.880000114440918,6.880000114440918,6.880000114440918,6.880000114440918,0,0.0,0.0,0.0
2015-06-03 00:00:00-04:00,6.880000114440918,6.880000114440918,6.880000114440918,6.880000114440918,0,0.0,0.0,0.0
2015-06-04 00:00:00-04:00,6.880000114440918,6.880000114440918,6.880000114440918,6.880000114440918,0,0.0,0.0,0.0
2015-06-05 00:00:00-04:00,6.880000114440918,6.880000114440918,6.880000114440918,6.880000114440918,0,0.0,0.0,0.0
2015-06-08 00:00:00-04:00,6.880000114440918,6.880000114440918,6.880000114440918,6.880000114440918,0,0.0,0.0,0.0
2015-06-09 00:00:00-04:00,6.880000114440918,6.880000114440918,6.880000114440918,6.880000114440918,0,0.0,0.0,0.0
2015-06-10 00:00:00-04:00,6.880000114440918,6.880000114440918,6.880000114440918,6.880000114440918,0,0.0,0.0,0.0
2015-06-11 00:00:00-04:00,6.880000114440918,6.880000114440918,6.880000114440918,6.880000114440918,0,0.0,0.0,0.0
2015-06-12 00:00:00-04:00,6.880000114440918,6.880000114440918,6.880000114440918,6.880000114440918,0,0.0,0.0,0.0
2015-06-15 00:00:00-04:00,6.880000114440918,6.880000114440918,6.880000114440918,6.880000114440918,0,0.0,0.0,0.0
2015-06-16 00:00:00-04:00,6.880000114440918,6.880000114440918,6.880000114440918,6.880000114440918,0,0.0,0.0,0.0
2015-06-17 00:00:00-04:00,6.880000114440918,6.880000114440918,6.880000114440918,6.880000114440918,0,0.0,0.0,0.0
2015-06-18 00:00:00-04:00,6.880000114440918,6.880000114440918,6.880000114440918,6.880000114440918,0,0.0,0.0,0.0
2015-06-19 00:00:00-04:00,6.880000114440918,6.880000114440918,6.880000114440918,6.880000114440918,0,0.0,0.0,0.0
2015-06-22 00:00:00-04:00,6.880000114440918,6.880000114440918,6.880000114440918,6.880000114440918,0,0.0,0.0,0.0
2015-06-23 00:00:00-04:00,6.880000114440918,6.880000114440918,6.880000114440918,6.880000114440918,0,0.0,0.0,0.0
2015-06-24 00:00:00-04:00,6.880000114440918,6.880000114440918,6.880000114440918,6.880000114440918,0,0.0,0.0,0.0
2015-06-25 00:00:00-04:00,6.880000114440918,6.880000114440918,6.880000114440918,6.880000114440918,0,0.0,0.0,0.0
2015-06-26 00:00:00-04:00,6.880000114440918,6.880000114440918,6.880000114440918,6.880000114440918,0,0.0,0.0,0.0
2015-06-29 00:00:00-04:00,6.880000114440918,6.880000114440918,6.880000114440918,6.880000114440918,0,0.0,0.0,0.0
2015-06-30 00:00:00-04:00,6.880000114440918,6.880000114440918,6.880000114440918,6.880000114440918,0,0.0,0.0,0.0
2015-07-01 00:00:00-04:00,6.880000114440918,6.880000114440918,6.880000114440918,6.880000114440918,0,0.0,0.0,0.0
2015-07-02 00:00:00-04:00,6.880000114440918,6.880000114440918,6.880000114440918,6.880000114440918,0,0.0,0.0,0.0
2015-07-06 00:00:00-04:00,6.880000114440918,6.880000114440918,6.880000114440918,6.880000114440918,0,0.0,0.0,0.0
2015-07-07 00:00:00-04:00,6.880000114440918,6.880000114440918,6.880000114440918,6.880000114440918,0,0.0,0.0,0.0
2015-07-08 00:00:00-04:00,6.880000114440918,6.880000114440918,6.880000114440918,6.880000114440918,0,0.0,0.0,0.0
2015-07-09 00:00:00-04:00,6.880000114440918,6.880000114440918,6.880000114440918,6.880000114440918,0,0.0,0.0,0.0
2015-07-10 00:00:00-04:00,6.880000114440918,6.880000114440918,6.880000114440918,6.880000114440918,0,0.0,0.0,0.0
2015-07-13 00:00:00-04:00,6.880000114440918,6.880000114440918,6.880000114440918,6.880000114440918,0,0.0,0.0,0.0
2015-07-14 00:00:00-04:00,6.880000114440918,6.880000114440918,6.880000114440918,6.880000114440918,0,0.0,0.0,0.0
2015-07-15 00:00:00-04:00,6.880000114440918,6.880000114440918,6.880000114440918,6.880000114440918,0,0.0,0.0,0.0
2015-07-16 00:00:00-04:00,6.880000114440918,6.880000114440918,6.880000114440918,6.880000114440918,0,0.0,0.0,0.0
2015-07-17 00:00:00-04:00,6.880000114440918,6.880000114440918,6.880000114440918,6.880000114440918,0,0.0,0.0,0.0
2015-07-20 00:00:00-04:00,6.880000114440918,6.880000114440918,6.880000114440918,6.880000114440918,0,0.0,0.0,0.0
2015-07-21 00:00:00-04:00,6.880000114440918,6.880000114440918,6.880000114440918,6.880000114440918,0,0.0,0.0,0.0
2015-07-22 00:00:00-04:00,6.880000114440918,6.880000114440918,6.880000114440918,6.880000114440918,0,0.0,0.0,0.0
2015-07-23 00:00:00-04:00,6.880000114440918,6.880000114440918,6.880000114440918,6.880000114440918,0,0.0,0.0,0.0
2015-07-24 00:00:00-04:00,6.880000114440918,6.880000114440918,6.880000114440918,6.880000114440918,0,0.0,0.0,0.0
2015-07-27 00:00:00-04:00,6.880000114440918,6.880000114440918,6.880000114440918,6.880000114440918,0,0.0,0.0,0.0
2015-07-28 00:00:00-04:00,6.880000114440918,6.880000114440918,6.880000114440918,6.880000114440918,0,0.0,0.0,0.0
2015-07-29 00:00:00-04:00,6.880000114440918,6.880000114440918,6.880000114440918,6.880000114440918,0,0.0,0.0,0.0
2015-07-30 00:00:00-04:00,6.880000114440918,6.880000114440918,6.880000114440918,6.880000114440918,0,0.0,0.0,0.0
2015-07-31 00:00:00-04:00,6.880000114440918,6.880000114440918,6.880000114440918,6.880000114440918,0,0.0,0.0,0.0
2015-08-03 00:00:00-04:00,6.880000114440918,6.880000114440918,6.880000114440918,6.880000114440918,0,0.0,0.0,0.0
2015-08-04 00:00:00-04:00,6.880000114440918,6.880000114440918,6.880000114440918,6.880000114440918,0,0.0,0.0,0.0
2015-08-05 00:00:00-04:00,6.880000114440918,6.880000114440918,6.880000114440918,6.880000114440918,0,0.0,0.0,0.0
2015-08-06 00:00:00-04:00,6.880000114440918,6.880000114440918,6.880000114440918,6.880000114440918,0,0.0,0.0,0.0
2015-08-07 00:00:00-04:00,6.880000114440918,6.880000114440918,6.880000114440918,6.880000114440918,0,0.0,0.0,0.0
2015-08-10 00:00:00-04:00,6.880000114440918,6.880000114440918,6.880000114440918,6.880000114440918,0,0.0,0.0,0.0
2015-08-11 00:00:00-04:00,6.880000114440918,6.880000114440918,6.880000114440918,6.880000114440918,0,0.0,0.0,0.0
2015-08-12 00:00:00-04:00,6.880000114440918,6.880000114440918,6.880000114440918,6.880000114440918,0,0.0,0.0,0.0
2015-08-13 00:00:00-04:00,6.880000114440918,6.880000114440918,6.880000114440918,6.880000114440918,0,0.0,0.0,0.0
2015-08-14 00:00:00-04:00,6.880000114440918,6.880000114440918,6.880000114440918,6.880000114440918,0,0.0,0.0,0.0
2015-08-17 00:00:00-04:00,6.880000114440918,6.880000114440918,6.880000114440918,6.880000114440918,0,0.0,0.0,0.0
2015-08-18 00:00:00-04:00,6.880000114440918,6.880000114440918,6.880000114440918,6.880000114440918,0,0.0,0.0,0.0
2015-08-19 00:00:00-04:00,6.880000114440918,6.880000114440918,6.880000114440918,6.880000114440918,0,0.0,0.0,0.0
2015-08-20 00:00:00-04:00,6.880000114440918,6.880000114440918,6.880000114440918,6.880000114440918,0,0.0,0.0,0.0
2015-08-21 00:00:00-04:00,6.880000114440918,6.880000114440918,6.880000114440918,6.880000114440918,0,0.0,0.0,0.0
2015-08-24 00:00:00-04:00,6.880000114440918,6.880000114440918,6.880000114440918,6.880000114440918,0,0.0,0.0,0.0
2015-08-25 00:00:00-04:00,6.880000114440918,6.880000114440918,6.880000114440918,6.880000114440918,0,0.0,0.0,0.0
2015-08-26 00:00:00-04:00,6.880000114440918,6.880000114440918,6.880000114440918,6.880000114440918,0,0.0,0.0,0.0
2015-08-27 00:00:00-04:00,6.880000114440918,6.880000114440918,6.880000114440918,6.880000114440918,0,0.0,0.0,0.0
2015-08-28 00:00:00-04:00,6.880000114440918,6.880000114440918,6.880000114440918,6.880000114440918,0,0.0,0.0,0.0
2015-08-31 00:00:00-04:00,6.880000114440918,6.880000114440918,6.880000114440918,6.880000114440918,0,0.0,0.0,0.0
2015-09-01 00:00:00-04:00,6.880000114440918,6.880000114440918,6.880000114440918,6.880000114440918,0,0.0,0.0,0.0
2015-09-02 00:00:00-04:00,6.880000114440918,6.880000114440918,6.880000114440918,6.880000114440918,0,0.0,0.0,0.0
2015-09-03 00:00:00-04:00,6.880000114440918,6.880000114440918,6.880000114440918,6.880000114440918,0,0.0,0.0,0.0
2015-09-04 00:00:00-04:00,6.880000114440918,6.880000114440918,6.880000114440918,6.880000114440918,0,0.0,0.0,0.0
2015-09-08 00:00:00-04:00,6.880000114440918,6.880000114440918,6.880000114440918,6.880000114440918,0,0.0,0.0,0.0
2015-09-09 00:00:00-04:00,6.880000114440918,6.880000114440918,6.880000114440918,6.880000114440918,0,0.0,0.0,0.0
2015-09-10 00:00:00-04:00,6.880000114440918,6.880000114440918,6.880000114440918,6.880000114440918,0,0.0,0.0,0.0
2015-09-11 00:00:00-04:00,6.880000114440918,6.880000114440918,6.880000114440918,6.880000114440918,0,0.0,0.0,0.0
2015-09-14 00:00:00-04:00,6.880000114440918,6.880000114440918,6.880000114440918,6.880000114440918,0,0.0,0.0,0.0
2015-09-15 00:00:00-04:00,6.880000114440918,6.880000114440918,6.880000114440918,6.880000114440918,0,0.0,0.0,0.0
2015-09-16 00:00:00-04:00,6.880000114440918,6.880000114440918,6.880000114440918,6.880000114440918,0,0.0,0.0,0.0
2015-09-17 00:00:00-04:00,6.880000114440918,6.880000114440918,6.880000114440918,6.880000114440918,0,0.0,0.0,0.0
2015-09-18 00:00:00-04:00,6.880000114440918,6.880000114440918,6.880000114440918,6.880000114440918,0,0.0,0.0,0.0
2015-09-21 00:00:00-04:00,6.880000114440918,6.880000114440918,6.880000114440918,6.880000114440918,0,0.0,0.0,0.0
2015-09-22 00:00:00-04:00,6.880000114440918,6.880000114440918,6.880000114440918,6.880000114440918,0,0.0,0.0,0.0
2015-09-23 00:00:00-04:00,6.880000114440918,6.880000114440918,6.880000114440918,6.880000114440918,0,0.0,0.0,0.0
2015-09-24 00:00:00-04:00,6.880000114440918,6.880000114440918,6.880000114440918,6.880000114440918,0,0.0,0.0,0.0
2015-09-25 00:00:00-04:00,6.880000114440918,6.880000114440918,6.880000114440918,6.880000114440918,0,0.0,0.0,0.0
2015-09-28 00:00:00-04:00,6.880000114440918,6.880000114440918,6.880000114440918,6.880000114440918,0,0.0,0.0,0.0
2015-09-29 00:00:00-04:00,6.880000114440918,6.880000114440918,6.880000114440918,6.880000114440918,0,0.0,0.0,0.0
2015-09-30 00:00:00-04:00,6.880000114440918,6.880000114440918,6.880000114440918,6.880000114440918,0,0.0,0.0,0.0
2015-10-01 00:00:00-04:00,6.880000114440918,6.880000114440918,6.880000114440918,6.880000114440918,0,0.0,0.0,0.0
2015-10-02 00:00:00-04:00,6.880000114440918,6.880000114440918,6.880000114440918,6.880000114440918,0,0.0,0.0,0.0
2015-10-05 00:00:00-04:00,6.880000114440918,6.880000114440918,6.880000114440918,6.880000114440918,0,0.0,0.0,0.0
2015-10-06 00:00:00-04:00,6.880000114440918,6.880000114440918,6.880000114440918,6.880000114440918,0,0.0,0.0,0.0
2015-10-07 00:00:00-04:00,6.880000114440918,6.880000114440918,6.880000114440918,6.880000114440918,0,0.0,0.0,0.0
2015-10-08 00:00:00-04:00,6.880000114440918,6.880000114440918,6.880000114440918,6.880000114440918,0,0.0,0.0,0.0
2015-10-09 00:00:00-04:00,6.880000114440918,6.880000114440918,6.880000114440918,6.880000114440918,0,0.0,0.0,0.0
2015-10-12 00:00:00-04:00,6.880000114440918,6.880000114440918,6.880000114440918,6.880000114440918,0,0.0,0.0,0.0
2015-10-13 00:00:00-04:00,6.880000114440918,6.880000114440918,6.880000114440918,6.880000114440918,0,0.0,0.0,0.0
2015-10-14 00:00:00-04:00,6.880000114440918,6.880000114440918,6.880000114440918,6.880000114440918,0,0.0,0.0,0.0
2015-10-15 00:00:00-04:00,6.880000114440918,6.880000114440918,6.880000114440918,6.880000114440918,0,0.0,0.0,0.0
2015-10-16 00:00:00-04:00,6.880000114440918,6.880000114440918,6.880000114440918,6.880000114440918,0,0.0,0.0,0.0
2015-10-19 00:00:00-04:00,6.880000114440918,6.880000114440918,6.880000114440918,6.880000114440918,0,0.0,0.0,0.0
2015-10-20 00:00:00-04:00,6.880000114440918,6.880000114440918,6.880000114440918,6.880000114440918,0,0.0,0.0,0.0
2015-10-21 00:00:00-04:00,6.880000114440918,6.880000114440918,6.880000114440918,6.880000114440918,0,0.0,0.0,0.0
2015-10-22 00:00:00-04:00,6.880000114440918,6.880000114440918,6.880000114440918,6.880000114440918,0,0.0,0.0,0.0
2015-10-23 00:00:00-04:00,6.880000114440918,6.880000114440918,6.880000114440918,6.880000114440918,0,0.0,0.0,0.0
2015-10-26 00:00:00-04:00,6.880000114440918,6.880000114440918,6.880000114440918,6.880000114440918,0,0.0,0.0,0.0
2015-10-27 00:00:00-04:00,6.880000114440918,6.880000114440918,6.880000114440918,6.880000114440918,0,0.0,0.0,0.0
2015-10-28 00:00:00-04:00,6.880000114440918,6.880000114440918,6.880000114440918,6.880000114440918,0,0.0,0.0,0.0
2015-10-29 00:00:00-04:00,6.880000114440918,6.880000114440918,6.880000114440918,6.880000114440918,0,0.0,0.0,0.0
2015-10-30 00:00:00-04:00,6.880000114440918,6.880000114440918,6.880000114440918,6.880000114440918,0,0.0,0.0,0.0
2015-11-02 00:00:00-05:00,6.880000114440918,6.880000114440918,6.880000114440918,6.880000114440918,0,0.0,0.0,0.0
2015-11-03 00:00:00-05:00,6.880000114440918,6.880000114440918,6.880000114440918,6.880000114440918,0,0.0,0.0,0.0
2015-11-04 00:00:00-05:00,6.880000114440918,6.880000114440918,6.880000114440918,6.880000114440918,0,0.0,0.0,0.0
2015-11-05 00:00:00-05:00,6.880000114440918,6.880000114440918,6.880000114440918,6.880000114440918,0,0.0,0.0,0.0
2015-11-06 00:00:00-05:00,6.880000114440918,6.880000114440918,6.880000114440918,6.880000114440918,0,0.0,0.0,0.0
2015-11-09 00:00:00-05:00,6.880000114440918,6.880000114440918,6.880000114440918,6.880000114440918,0,0.0,0.0,0.0
2015-11-10 00:00:00-05:00,6.880000114440918,6.880000114440918,6.880000114440918,6.880000114440918,0,0.0,0.0,0.0
2015-11-11 00:00:00-05:00,6.880000114440918,6.880000114440918,6.880000114440918,6.880000114440918,0,0.0,0.0,0.0
2015-11-12 00:00:00-05:00,6.880000114440918,6.880000114440918,6.880000114440918,6.880000114440918,0,0.0,0.0,0.0
2015-11-13 00:00:00-05:00,6.880000114440918,6.880000114440918,6.880000114440918,6.880000114440918,0,0.0,0.0,0.0
2015-11-16 00:00:00-05:00,6.880000114440918,6.880000114440918,6.880000114440918,6.880000114440918,0,0.0,0.0,0.0
2015-11-17 00:00:00-05:00,6.880000114440918,6.880000114440918,6.880000114440918,6.880000114440918,0,0.0,0.0,0.0
2015-11-18 00:00:00-05:00,6.880000114440918,6.880000114440918,6.880000114440918,6.880000114440918,0,0.0,0.0,0.0
2015-11-19 00:00:00-05:00,6.880000114440918,6.880000114440918,6.880000114440918,6.880000114440918,0,0.0,0.0,0.0
2015-11-20 00:00:00-05:00,6.880000114440918,6.880000114440918,6.880000114440918,6.880000114440918,0,0.0,0.0,0.0
2015-11-23 00:00:00-05:00,6.880000114440918,6.880000114440918,6.880000114440918,6.880000114440918,0,0.0,0.0,0.0
2015-11-24 00:00:00-05:00,6.880000114440918,6.880000114440918,6.880000114440918,6.880000114440918,0,0.0,0.0,0.0
2015-11-25 00:00:00-05:00,6.880000114440918,6.880000114440918,6.880000114440918,6.880000114440918,0,0.0,0.0,0.0
2015-11-27 00:00:00-05:00,6.880000114440918,6.880000114440918,6.880000114440918,6.880000114440918,0,0.0,0.0,0.0
2015-11-30 00:00:00-05:00,6.880000114440918,6.880000114440918,6.880000114440918,6.880000114440918,0,0.0,0.0,0.0
2015-12-01 00:00:00-05:00,6.880000114440918,6.880000114440918,6.880000114440918,6.880000114440918,0,0.0,0.0,0.0
2015-12-02 00:00:00-05:00,6.880000114440918,6.880000114440918,6.880000114440918,6.880000114440918,0,0.0,0.0,0.0
2015-12-03 00:00:00-05:00,6.880000114440918,6.880000114440918,6.880000114440918,6.880000114440918,0,0.0,0.0,0.0
2015-12-04 00:00:00-05:00,6.880000114440918,6.880000114440918,6.880000114440918,6.880000114440918,0,0.0,0.0,0.0
2015-12-07 00:00:00-05:00,6.880000114440918,6.880000114440918,6.880000114440918,6.880000114440918,0,0.0,0.0,0.0
2015-12-08 00:00:00-05:00,6.880000114440918,6.880000114440918,6.880000114440918,6.880000114440918,0,0.0,0.0,0.0
2015-12-09 00:00:00-05:00,6.880000114440918,6.880000114440918,6.880000114440918,6.880000114440918,0,0.0,0.0,0.0
2015-12-10 00:00:00-05:00,6.880000114440918,6.880000114440918,6.880000114440918,6.880000114440918,0,0.0,0.0,0.0
2015-12-11 00:00:00-05:00,6.880000114440918,6.880000114440918,6.880000114440918,6.880000114440918,0,0.0,0.0,0.0
2015-12-14 00:00:00-05:00,6.880000114440918,6.880000114440918,6.880000114440918,6.880000114440918,0,0.0,0.0,0.0
2015-12-15 00:00:00-05:00,6.880000114440918,6.880000114440918,6.880000114440918,6.880000114440918,0,0.0,0.0,0.0
2015-12-16 00:00:00-05:00,6.880000114440918,6.880000114440918,6.880000114440918,6.880000114440918,0,0.0,0.0,0.0
2015-12-17 00:00:00-05:00,6.880000114440918,6.880000114440918,6.880000114440918,6.880000114440918,0,0.0,0.0,0.0
2015-12-18 00:00:00-05:00,6.880000114440918,6.880000114440918,6.880000114440918,6.880000114440918,0,0.0,0.0,0.0
2015-12-21 00:00:00-05:00,6.880000114440918,6.880000114440918,6.880000114440918,6.880000114440918,0,0.0,0.0,0.0
2015-12-22 00:00:00-05:00,6.880000114440918,6.880000114440918,6.880000114440918,6.880000114440918,0,0.0,0.0,0.0
2015-12-23 00:00:00-05:00,6.880000114440918,6.880000114440918,6.880000114440918,6.880000114440918,0,0.0,0.0,0.0
2015-12-24 00:00:00-05:00,6.880000114440918,6.880000114440918,6.880000114440918,6.880000114440918,0,0.0,0.0,0.0
2015-12-28 00:00:00-05:00,6.880000114440918,6.880000114440918,6.880000114440918,6.880000114440918,0,0.0,0.0,0.0
2015-12-29 00:00:00-05:00,6.880000114440918,6.880000114440918,6.880000114440918,6.880000114440918,0,0.0,0.0,0.0
2015-12-30 00:00:00-05:00,6.880000114440918,6.880000114440918,6.880000114440918,6.880000114440918,0,0.0,0.0,0.0
2015-12-31 00:00:00-05:00,6.880000114440918,6.880000114440918,6.880000114440918,6.880000114440918,0,0.0,0.0,0.0
2016-01-04 00:00:00-05:00,6.880000114440918,6.880000114440918,6.880000114440918,6.880000114440918,0,0.0,0.0,0.0
2016-01-05 00:00:00-05:00,6.880000114440918,6.880000114440918,6.880000114440918,6.880000114440918,0,0.0,0.0,0.0
2016-01-06 00:00:00-05:00,6.880000114440918,6.880000114440918,6.880000114440918,6.880000114440918,0,0.0,0.0,0.0
2016-01-07 00:00:00-05:00,6.880000114440918,6.880000114440918,6.880000114440918,6.880000114440918,0,0.0,0.0,0.0
2016-01-08 00:00:00-05:00,6.880000114440918,6.880000114440918,6.880000114440918,6.880000114440918,0,0.0,0.0,0.0
2016-01-11 00:00:00-05:00,6.880000114440918,6.880000114440918,6.880000114440918,6.880000114440918,0,0.0,0.0,0.0
2016-01-12 00:00:00-05:00,6.880000114440918,6.880000114440918,6.880000114440918,6.880000114440918,0,0.0,0.0,0.0
2016-01-13 00:00:00-05:00,6.880000114440918,6.880000114440918,6.880000114440918,6.880000114440918,0,0.0,0.0,0.0
2016-01-14 00:00:00-05:00,6.880000114440918,6.880000114440918,6.880000114440918,6.880000114440918,0,0.0,0.0,0.0
2016-01-15 00:00:00-05:00,6.880000114440918,6.880000114440918,6.880000114440918,6.880000114440918,0,0.0,0.0,0.0
2016-01-19 00:00:00-05:00,6.880000114440918,6.880000114440918,6.880000114440918,6.880000114440918,0,0.0,0.0,0.0
2016-01-20 00:00:00-05:00,6.880000114440918,6.880000114440918,6.880000114440918,6.880000114440918,0,0.0,0.0,0.0
2016-01-21 00:00:00-05:00,6.880000114440918,6.880000114440918,6.880000114440918,6.880000114440918,0,0.0,0.0,0.0
2016-01-22 00:00:00-05:00,6.880000114440918,6.880000114440918,6.880000114440918,6.880000114440918,0,0.0,0.0,0.0
2016-01-25 00:00:00-05:00,6.880000114440918,6.880000114440918,6.880000114440918,6.880000114440918,0,0.0,0.0,0.0
2016-01-26 00:00:00-05:00,6.880000114440918,6.880000114440918,6.880000114440918,6.880000114440918,0,0.0,0.0,0.0
2016-01-27 00:00:00-05:00,6.880000114440918,6.880000114440918,6.880000114440918,6.880000114440918,0,0.0,0.0,0.0
2016-01-28 00:00:00-05:00,6.880000114440918,6.880000114440918,6.880000114440918,6.880000114440918,0,0.0,0.0,0.0
2016-01-29 00:00:00-05:00,6.880000114440918,6.880000114440918,6.880000114440918,6.880000114440918,0,0.0,0.0,0.0
2016-02-01 00:00:00-05:00,6.880000114440918,6.880000114440918,6.880000114440918,6.880000114440918,0,0.0,0.0,0.0
2016-02-02 00:00:00-05:00,6.880000114440918,6.880000114440918,6.880000114440918,6.880000114440918,0,0.0,0.0,0.0
2016-02-03 00:00:00-05:00,6.880000114440918,6.880000114440918,6.880000114440918,6.880000114440918,0,0.0,0.0,0.0
2016-02-04 00:00:00-05:00,6.880000114440918,6.880000114440918,6.880000114440918,6.880000114440918,0,0.0,0.0,0.0
2016-02-05 00:00:00-05:00,6.880000114440918,6.880000114440918,6.880000114440918,6.880000114440918,0,0.0,0.0,0.0
2016-02-08 00:00:00-05:00,6.880000114440918,6.880000114440918,6.880000114440918,6.880000114440918,0,0.0,0.0,0.0
2016-02-09 00:00:00-05:00,6.880000114440918,6.880000114440918,6.880000114440918,6.880000114440918,0,0.0,0.0,0.0
2016-02-10 00:00:00-05:00,6.880000114440918,6.880000114440918,6.880000114440918,6.880000114440918,0,0.0,0.0,0.0
2016-02-11 00:00:00-05:00,6.880000114440918,6.880000114440918,6.880000114440918,6.880000114440918,0,0.0,0.0,0.0
2016-02-12 00:00:00-05:00,6.880000114440918,6.880000114440918,6.880000114440918,6.880000114440918,0,0.0,0.0,0.0
2016-02-16 00:00:00-05:00,6.880000114440918,6.880000114440918,6.880000114440918,6.880000114440918,0,0.0,0.0,0.0
2016-02-17 00:00:00-05:00,6.880000114440918,6.880000114440918,6.880000114440918,6.880000114440918,0,0.0,0.0,0.0
2016-02-18 00:00:00-05:00,6.880000114440918,6.880000114440918,6.880000114440918,6.880000114440918,0,0.0,0.0,0.0
2016-02-19 00:00:00-05:00,6.880000114440918,6.880000114440918,6.880000114440918,6.880000114440918,0,0.0,0.0,0.0
2016-02-22 00:00:00-05:00,6.880000114440918,6.880000114440918,6.880000114440918,6.880000114440918,0,0.0,0.0,0.0
2016-02-23 00:00:00-05:00,6.880000114440918,6.880000114440918,6.880000114440918,6.880000114440918,0,0.0,0.0,0.0
2016-02-24 00:00:00-05:00,6.880000114440918,6.880000114440918,6.880000114440918,6.880000114440918,0,0.0,0.0,0.0
2016-02-25 00:00:00-05:00,3.0,3.0,3.0,3.0,2000,0.0,0.0,0.0
2016-02-26 00:00:00-05:00,3.0,3.0,3.0,3.0,0,0.0,0.0,0.0
2016-02-29 00:00:00-05:00,3.0,3.0,3.0,3.0,0,0.0,0.0,0.0
2016-03-01 00:00:00-05:00,3.0,3.0,3.0,3.0,0,0.0,0.0,0.0
2016-03-02 00:00:00-05:00,3.0,3.0,3.0,3.0,0,0.0,0.0,0.0
2016-03-03 00:00:00-05:00,3.0,3.0,3.0,3.0,0,0.0,0.0,0.0
2016-03-04 00:00:00-05:00,3.0,3.0,3.0,3.0,0,0.0,0.0,0.0
2016-03-07 00:00:00-05:00,3.0,3.0,3.0,3.0,0,0.0,0.0,0.0
2016-03-08 00:00:00-05:00,3.0,3.0,3.0,3.0,0,0.0,0.0,0.0
2016-03-09 00:00:00-05:00,3.0,3.0,3.0,3.0,0,0.0,0.0,0.0
2016-03-10 00:00:00-05:00,3.0,3.0,3.0,3.0,0,0.0,0.0,0.0
2016-03-11 00:00:00-05:00,3.0,3.0,3.0,3.0,0,0.0,0.0,0.0
2016-03-14 00:00:00-04:00,3.9100000858306885,3.9100000858306885,3.9100000858306885,3.9100000858306885,200,0.0,0.0,0.0
2016-03-15 00:00:00-04:00,3.9100000858306885,3.9100000858306885,3.9100000858306885,3.9100000858306885,0,0.0,0.0,0.0
2016-03-16 00:00:00-04:00,3.9100000858306885,3.9100000858306885,3.9100000858306885,3.9100000858306885,0,0.0,0.0,0.0
2016-03-17 00:00:00-04:00,3.9100000858306885,3.9100000858306885,3.9100000858306885,3.9100000858306885,0,0.0,0.0,0.0
2016-03-18 00:00:00-04:00,3.950000047683716,3.950000047683716,3.950000047683716,3.950000047683716,100,0.0,0.0,0.0
2016-03-21 00:00:00-04:00,3.950000047683716,3.950000047683716,3.950000047683716,3.950000047683716,0,0.0,0.0,0.0
2016-03-22 00:00:00-04:00,3.950000047683716,3.950000047683716,3.950000047683716,3.950000047683716,0,0.0,0.0,0.0
2016-03-23 00:00:00-04:00,3.950000047683716,3.950000047683716,3.950000047683716,3.950000047683716,0,0.0,0.0,0.0
2016-03-24 00:00:00-04:00,3.950000047683716,3.950000047683716,3.950000047683716,3.950000047683716,0,0.0,0.0,0.0
2016-03-28 00:00:00-04:00,3.950000047683716,3.950000047683716,3.950000047683716,3.950000047683716,0,0.0,0.0,0.0
2016-03-29 00:00:00-04:00,3.950000047683716,3.950000047683716,3.950000047683716,3.950000047683716,0,0.0,0.0,0.0
2016-03-30 00:00:00-04:00,3.950000047683716,3.950000047683716,3.950000047683716,3.950000047683716,0,0.0,0.0,0.0
2016-03-31 00:00:00-04:00,3.950000047683716,3.950000047683716,3.950000047683716,3.950000047683716,0,0.0,0.0,0.0
2016-04-01 00:00:00-04:00,3.950000047683716,3.950000047683716,3.950000047683716,3.950000047683716,0,0.0,0.0,0.0
2016-04-04 00:00:00-04:00,3.950000047683716,3.950000047683716,3.950000047683716,3.950000047683716,0,0.0,0.0,0.0
2016-04-05 00:00:00-04:00,3.950000047683716,3.950000047683716,3.950000047683716,3.950000047683716,0,0.0,0.0,0.0
2016-04-06 00:00:00-04:00,3.950000047683716,3.950000047683716,3.950000047683716,3.950000047683716,0,0.0,0.0,0.0
2016-04-07 00:00:00-04:00,3.950000047683716,3.950000047683716,3.950000047683716,3.950000047683716,0,0.0,0.0,0.0
2016-04-08 00:00:00-04:00,3.950000047683716,3.950000047683716,3.950000047683716,3.950000047683716,0,0.0,0.0,0.0
2016-04-11 00:00:00-04:00,3.950000047683716,3.950000047683716,3.950000047683716,3.950000047683716,0,0.0,0.0,0.0
2016-04-12 00:00:00-04:00,3.950000047683716,3.950000047683716,3.950000047683716,3.950000047683716,0,0.0,0.0,0.0
2016-04-13 00:00:00-04:00,3.950000047683716,3.950000047683716,3.950000047683716,3.950000047683716,0,0.0,0.0,0.0
2016-04-14 00:00:00-04:00,3.950000047683716,3.950000047683716,3.950000047683716,3.950000047683716,0,0.0,0.0,0.0
2016-04-15 00:00:00-04:00,3.950000047683716,3.950000047683716,3.950000047683716,3.950000047683716,0,0.0,0.0,0.0
2016-04-18 00:00:00-04:00,3.950000047683716,3.950000047683716,3.950000047683716,3.950000047683716,0,0.0,0.0,0.0
2016-04-19 00:00:00-04:00,4.210000038146973,4.210000038146973,4.210000038146973,4.210000038146973,1200,0.0,0.0,0.0
2016-04-20 00:00:00-04:00,4.210000038146973,4.210000038146973,4.210000038146973,4.210000038146973,0,0.0,0.0,0.0
2016-04-21 00:00:00-04:00,4.210000038146973,4.210000038146973,4.210000038146973,4.210000038146973,0,0.0,0.0,0.0
2016-04-22 00:00:00-04:00,4.210000038146973,4.210000038146973,4.210000038146973,4.210000038146973,0,0.0,0.0,0.0
2016-04-25 00:00:00-04:00,4.210000038146973,4.210000038146973,4.210000038146973,4.210000038146973,0,0.0,0.0,0.0
2016-04-26 00:00:00-04:00,4.210000038146973,4.210000038146973,4.210000038146973,4.210000038146973,0,0.0,0.0,0.0
2016-04-27 00:00:00-04:00,4.210000038146973,4.210000038146973,4.210000038146973,4.210000038146973,0,0.0,0.0,0.0
2016-04-28 00:00:00-04:00,4.210000038146973,4.210000038146973,4.210000038146973,4.210000038146973,0,0.0,0.0,0.0
2016-04-29 00:00:00-04:00,4.210000038146973,4.210000038146973,4.210000038146973,4.210000038146973,0,0.0,0.0,0.0
2016-05-02 00:00:00-04:00,4.210000038146973,4.210000038146973,4.210000038146973,4.210000038146973,0,0.0,0.0,0.0
2016-05-03 00:00:00-04:00,3.799999952316284,3.799999952316284,3.799999952316284,3.799999952316284,2000,0.0,0.0,0.0
2016-05-04 00:00:00-04:00,3.799999952316284,3.799999952316284,3.799999952316284,3.799999952316284,0,0.0,0.0,0.0
2016-05-05 00:00:00-04:00,3.799999952316284,3.799999952316284,3.799999952316284,3.799999952316284,0,0.0,0.0,0.0
2016-05-06 00:00:00-04:00,3.799999952316284,3.799999952316284,3.799999952316284,3.799999952316284,0,0.0,0.0,0.0
2016-05-09 00:00:00-04:00,3.799999952316284,3.799999952316284,3.799999952316284,3.799999952316284,0,0.0,0.0,0.0
2016-05-10 00:00:00-04:00,3.799999952316284,3.799999952316284,3.799999952316284,3.799999952316284,0,0.0,0.0,0.0
2016-05-11 00:00:00-04:00,3.799999952316284,3.799999952316284,3.799999952316284,3.799999952316284,0,0.0,0.0,0.0
2016-05-12 00:00:00-04:00,3.799999952316284,3.799999952316284,3.799999952316284,3.799999952316284,0,0.0,0.0,0.0
2016-05-13 00:00:00-04:00,3.799999952316284,3.799999952316284,3.799999952316284,3.799999952316284,0,0.0,0.0,0.0
2016-05-16 00:00:00-04:00,3.799999952316284,3.799999952316284,3.799999952316284,3.799999952316284,0,0.0,0.0,0.0
2016-05-17 00:00:00-04:00,3.799999952316284,3.799999952316284,3.799999952316284,3.799999952316284,0,0.0,0.0,0.0
2016-05-18 00:00:00-04:00,3.799999952316284,3.799999952316284,3.799999952316284,3.799999952316284,0,0.0,0.0,0.0
2016-05-19 00:00:00-04:00,3.799999952316284,3.799999952316284,3.799999952316284,3.799999952316284,0,0.0,0.0,0.0
2016-05-20 00:00:00-04:00,3.799999952316284,3.799999952316284,3.799999952316284,3.799999952316284,0,0.0,0.0,0.0
2016-05-23 00:00:00-04:00,3.799999952316284,3.799999952316284,3.799999952316284,3.799999952316284,0,0.0,0.0,0.0
2016-05-24 00:00:00-04:00,3.799999952316284,3.799999952316284,3.799999952316284,3.799999952316284,0,0.0,0.0,0.0
2016-05-25 00:00:00-04:00,3.799999952316284,3.799999952316284,3.799999952316284,3.799999952316284,0,0.0,0.0,0.0
2016-05-26 00:00:00-04:00,3.799999952316284,3.799999952316284,3.799999952316284,3.799999952316284,0,0.0,0.0,0.0
2016-05-27 00:00:00-04:00,3.799999952316284,3.799999952316284,3.799999952316284,3.799999952316284,0,0.0,0.0,0.0
2016-05-31 00:00:00-04:00,3.799999952316284,3.799999952316284,3.799999952316284,3.799999952316284,0,0.0,0.0,0.0
2016-06-01 00:00:00-04:00,3.799999952316284,3.799999952316284,3.799999952316284,3.799999952316284,0,0.0,0.0,0.0
2016-06-02 00:00:00-04:00,3.799999952316284,3.799999952316284,3.799999952316284,3.799999952316284,0,0.0,0.0,0.0
2016-06-03 00:00:00-04:00,3.799999952316284,3.799999952316284,3.799999952316284,3.799999952316284,0,0.0,0.0,0.0
2016-06-06 00:00:00-04:00,3.799999952316284,3.799999952316284,3.799999952316284,3.799999952316284,0,0.0,0.0,0.0
2016-06-07 00:00:00-04:00,3.799999952316284,3.799999952316284,3.799999952316284,3.799999952316284,0,0.0,0.0,0.0
2016-06-08 00:00:00-04:00,3.799999952316284,3.799999952316284,3.799999952316284,3.799999952316284,0,0.0,0.0,0.0
2016-06-09 00:00:00-04:00,3.799999952316284,3.799999952316284,3.799999952316284,3.799999952316284,0,0.0,0.0,0.0
2016-06-10 00:00:00-04:00,3.799999952316284,3.799999952316284,3.799999952316284,3.799999952316284,0,0.0,0.0,0.0
2016-06-13 00:00:00-04:00,4.329999923706055,4.329999923706055,4.329999923706055,4.329999923706055,100,0.0,0.0,0.0
2016-06-14 00:00:00-04:00,4.329999923706055,4.329999923706055,4.329999923706055,4.329999923706055,0,0.0,0.0,0.0
2016-06-15 00:00:00-04:00,4.159999847412109,4.159999847412109,4.159999847412109,4.159999847412109,200,0.0,0.0,0.0
2016-06-16 00:00:00-04:00,4.159999847412109,4.159999847412109,4.159999847412109,4.159999847412109,0,0.0,0.0,0.0
2016-06-17 00:00:00-04:00,4.159999847412109,4.159999847412109,4.159999847412109,4.159999847412109,0,0.0,0.0,0.0
2016-06-20 00:00:00-04:00,4.159999847412109,4.159999847412109,4.159999847412109,4.159999847412109,0,0.0,0.0,0.0
2016-06-21 00:00:00-04:00,4.159999847412109,4.159999847412109,4.159999847412109,4.159999847412109,0,0.0,0.0,0.0
2016-06-22 00:00:00-04:00,4.159999847412109,4.159999847412109,4.159999847412109,4.159999847412109,0,0.0,0.0,0.0
2016-06-23 00:00:00-04:00,4.159999847412109,4.159999847412109,4.159999847412109,4.159999847412109,0,0.0,0.0,0.0
2016-06-24 00:00:00-04:00,4.159999847412109,4.159999847412109,4.159999847412109,4.159999847412109,0,0.0,0.0,0.0
2016-06-27 00:00:00-04:00,4.159999847412109,4.159999847412109,4.159999847412109,4.159999847412109,0,0.0,0.0,0.0
2016-06-28 00:00:00-04:00,4.159999847412109,4.159999847412109,4.159999847412109,4.159999847412109,0,0.0,0.0,0.0
2016-06-29 00:00:00-04:00,4.159999847412109,4.159999847412109,4.159999847412109,4.159999847412109,0,0.0,0.0,0.0
2016-06-30 00:00:00-04:00,4.159999847412109,4.159999847412109,4.159999847412109,4.159999847412109,0,0.0,0.0,0.0
2016-07-01 00:00:00-04:00,4.159999847412109,4.159999847412109,4.159999847412109,4.159999847412109,0,0.0,0.0,0.0
2016-07-05 00:00:00-04:00,4.159999847412109,4.159999847412109,4.159999847412109,4.159999847412109,0,0.0,0.0,0.0
2016-07-06 00:00:00-04:00,4.159999847412109,4.159999847412109,4.159999847412109,4.159999847412109,0,0.0,0.0,0.0
2016-07-07 00:00:00-04:00,4.159999847412109,4.159999847412109,4.159999847412109,4.159999847412109,0,0.0,0.0,0.0
2016-07-08 00:00:00-04:00,4.159999847412109,4.159999847412109,4.159999847412109,4.159999847412109,0,0.0,0.0,0.0
2016-07-11 00:00:00-04:00,4.159999847412109,4.159999847412109,4.159999847412109,4.159999847412109,0,0.0,0.0,0.0
2016-07-12 00:00:00-04:00,4.159999847412109,4.159999847412109,4.159999847412109,4.159999847412109,0,0.0,0.0,0.0
2016-07-13 00:00:00-04:00,4.159999847412109,4.159999847412109,4.159999847412109,4.159999847412109,0,0.0,0.0,0.0
2016-07-14 00:00:00-04:00,4.159999847412109,4.159999847412109,4.159999847412109,4.159999847412109,0,0.0,0.0,0.0
2016-07-15 00:00:00-04:00,4.159999847412109,4.159999847412109,4.159999847412109,4.159999847412109,0,0.0,0.0,0.0
2016-07-18 00:00:00-04:00,4.159999847412109,4.159999847412109,4.159999847412109,4.159999847412109,0,0.0,0.0,0.0
2016-07-19 00:00:00-04:00,4.159999847412109,4.159999847412109,4.159999847412109,4.159999847412109,0,0.0,0.0,0.0
2016-07-20 00:00:00-04:00,4.159999847412109,4.159999847412109,4.159999847412109,4.159999847412109,0,0.0,0.0,0.0
2016-07-21 00:00:00-04:00,4.159999847412109,4.159999847412109,4.159999847412109,4.159999847412109,0,0.0,0.0,0.0
2016-07-22 00:00:00-04:00,4.159999847412109,4.159999847412109,4.159999847412109,4.159999847412109,0,0.0,0.0,0.0
2016-07-25 00:00:00-04:00,4.159999847412109,4.159999847412109,4.159999847412109,4.159999847412109,0,0.0,0.0,0.0
2016-07-26 00:00:00-04:00,4.159999847412109,4.159999847412109,4.159999847412109,4.159999847412109,0,0.0,0.0,0.0
2016-07-27 00:00:00-04:00,4.159999847412109,4.159999847412109,4.159999847412109,4.159999847412109,0,0.0,0.0,0.0
2016-07-28 00:00:00-04:00,4.159999847412109,4.159999847412109,4.159999847412109,4.159999847412109,0,0.0,0.0,0.0
2016-07-29 00:00:00-04:00,4.800000190734863,4.800000190734863,4.800000190734863,4.800000190734863,156,0.0,0.0,0.0
2016-08-01 00:00:00-04:00,4.800000190734863,4.800000190734863,4.800000190734863,4.800000190734863,0,0.0,0.0,0.0
2016-08-02 00:00:00-04:00,4.800000190734863,4.800000190734863,4.800000190734863,4.800000190734863,0,0.0,0.0,0.0
2016-08-03 00:00:00-04:00,4.800000190734863,4.800000190734863,4.800000190734863,4.800000190734863,0,0.0,0.0,0.0
2016-08-04 00:00:00-04:00,4.800000190734863,4.800000190734863,4.800000190734863,4.800000190734863,0,0.0,0.0,0.0
2016-08-05 00:00:00-04:00,4.800000190734863,4.800000190734863,4.800000190734863,4.800000190734863,0,0.0,0.0,0.0
2016-08-08 00:00:00-04:00,4.539999961853027,4.539999961853027,4.539999961853027,4.539999961853027,100,0.0,0.0,0.0
2016-08-09 00:00:00-04:00,4.539999961853027,4.539999961853027,4.539999961853027,4.539999961853027,0,0.0,0.0,0.0
2016-08-10 00:00:00-04:00,4.539999961853027,4.539999961853027,4.539999961853027,4.539999961853027,0,0.0,0.0,0.0
2016-08-11 00:00:00-04:00,4.539999961853027,4.539999961853027,4.539999961853027,4.539999961853027,0,0.0,0.0,0.0
2016-08-12 00:00:00-04:00,4.539999961853027,4.539999961853027,4.539999961853027,4.539999961853027,0,0.0,0.0,0.0
2016-08-15 00:00:00-04:00,4.539999961853027,4.539999961853027,4.539999961853027,4.539999961853027,0,0.0,0.0,0.0
2016-08-16 00:00:00-04:00,4.539999961853027,4.539999961853027,4.539999961853027,4.539999961853027,0,0.0,0.0,0.0
2016-08-17 00:00:00-04:00,4.539999961853027,4.539999961853027,4.539999961853027,4.539999961853027,0,0.0,0.0,0.0
2016-08-18 00:00:00-04:00,4.539999961853027,4.539999961853027,4.539999961853027,4.539999961853027,0,0.0,0.0,0.0
2016-08-19 00:00:00-04:00,4.539999961853027,4.539999961853027,4.539999961853027,4.539999961853027,0,0.0,0.0,0.0
2016-08-22 00:00:00-04:00,4.539999961853027,4.539999961853027,4.539999961853027,4.539999961853027,0,0.0,0.0,0.0
2016-08-23 00:00:00-04:00,4.539999961853027,4.539999961853027,4.539999961853027,4.539999961853027,0,0.0,0.0,0.0
2016-08-24 00:00:00-04:00,4.539999961853027,4.539999961853027,4.539999961853027,4.539999961853027,0,0.0,0.0,0.0
2016-08-25 00:00:00-04:00,4.539999961853027,4.539999961853027,4.539999961853027,4.539999961853027,0,0.0,0.0,0.0
2016-08-26 00:00:00-04:00,4.539999961853027,4.539999961853027,4.539999961853027,4.539999961853027,0,0.0,0.0,0.0
2016-08-29 00:00:00-04:00,4.539999961853027,4.539999961853027,4.539999961853027,4.539999961853027,0,0.0,0.0,0.0
2016-08-30 00:00:00-04:00,4.539999961853027,4.539999961853027,4.539999961853027,4.539999961853027,0,0.0,0.0,0.0
2016-08-31 00:00:00-04:00,4.539999961853027,4.539999961853027,4.539999961853027,4.539999961853027,0,0.0,0.0,0.0
2016-09-01 00:00:00-04:00,4.539999961853027,4.539999961853027,4.539999961853027,4.539999961853027,0,0.0,0.0,0.0
2016-09-02 00:00:00-04:00,4.5131001472473145,4.5131001472473145,4.5131001472473145,4.5131001472473145,100,0.0,0.0,0.0
2016-09-06 00:00:00-04:00,4.5131001472473145,4.5131001472473145,4.5131001472473145,4.5131001472473145,0,0.0,0.0,0.0
2016-09-07 00:00:00-04:00,4.5131001472473145,4.5131001472473145,4.5131001472473145,4.5131001472473145,0,0.0,0.0,0.0
2016-09-08 00:00:00-04:00,4.5131001472473145,4.5131001472473145,4.5131001472473145,4.5131001472473145,0,0.0,0.0,0.0
2016-09-09 00:00:00-04:00,4.5131001472473145,4.5131001472473145,4.5131001472473145,4.5131001472473145,0,0.0,0.0,0.0
2016-09-12 00:00:00-04:00,4.5131001472473145,4.5131001472473145,4.5131001472473145,4.5131001472473145,0,0.0,0.0,0.0
2016-09-13 00:00:00-04:00,4.5131001472473145,4.5131001472473145,4.5131001472473145,4.5131001472473145,0,0.0,0.0,0.0
2016-09-14 00:00:00-04:00,4.5131001472473145,4.5131001472473145,4.5131001472473145,4.5131001472473145,0,0.0,0.0,0.0
2016-09-15 00:00:00-04:00,4.5131001472473145,4.5131001472473145,4.5131001472473145,4.5131001472473145,0,0.0,0.0,0.0
2016-09-16 00:00:00-04:00,4.5131001472473145,4.5131001472473145,4.5131001472473145,4.5131001472473145,0,0.0,0.0,0.0
2016-09-19 00:00:00-04:00,4.5131001472473145,4.5131001472473145,4.5131001472473145,4.5131001472473145,0,0.0,0.0,0.0
2016-09-20 00:00:00-04:00,4.5131001472473145,4.5131001472473145,4.5131001472473145,4.5131001472473145,0,0.0,0.0,0.0
2016-09-21 00:00:00-04:00,4.5131001472473145,4.5131001472473145,4.5131001472473145,4.5131001472473145,0,0.0,0.0,0.0
2016-09-22 00:00:00-04:00,4.5131001472473145,4.5131001472473145,4.5131001472473145,4.5131001472473145,0,0.0,0.0,0.0
2016-09-23 00:00:00-04:00,4.5131001472473145,4.5131001472473145,4.5131001472473145,4.5131001472473145,0,0.0,0.0,0.0
2016-09-26 00:00:00-04:00,4.5131001472473145,4.5131001472473145,4.5131001472473145,4.5131001472473145,0,0.0,0.0,0.0
2016-09-27 00:00:00-04:00,4.5131001472473145,4.5131001472473145,4.5131001472473145,4.5131001472473145,0,0.0,0.0,0.0
2016-09-28 00:00:00-04:00,4.5131001472473145,4.5131001472473145,4.5131001472473145,4.5131001472473145,0,0.0,0.0,0.0
2016-09-29 00:00:00-04:00,4.5131001472473145,4.5131001472473145,4.5131001472473145,4.5131001472473145,0,0.0,0.0,0.0
2016-09-30 00:00:00-04:00,4.5131001472473145,4.5131001472473145,4.5131001472473145,4.5131001472473145,0,0.0,0.0,0.0
2016-10-03 00:00:00-04:00,4.5131001472473145,4.5131001472473145,4.5131001472473145,4.5131001472473145,0,0.0,0.0,0.0
2016-10-04 00:00:00-04:00,4.5131001472473145,4.5131001472473145,4.5131001472473145,4.5131001472473145,0,0.0,0.0,0.0
2016-10-05 00:00:00-04:00,4.5131001472473145,4.5131001472473145,4.5131001472473145,4.5131001472473145,0,0.0,0.0,0.0
2016-10-06 00:00:00-04:00,4.5131001472473145,4.5131001472473145,4.5131001472473145,4.5131001472473145,0,0.0,0.0,0.0
2016-10-07 00:00:00-04:00,4.5131001472473145,4.5131001472473145,4.5131001472473145,4.5131001472473145,0,0.0,0.0,0.0
2016-10-10 00:00:00-04:00,4.5131001472473145,4.5131001472473145,4.5131001472473145,4.5131001472473145,0,0.0,0.0,0.0
2016-10-11 00:00:00-04:00,4.5131001472473145,4.5131001472473145,4.5131001472473145,4.5131001472473145,0,0.0,0.0,0.0
2016-10-12 00:00:00-04:00,4.5131001472473145,4.5131001472473145,4.5131001472473145,4.5131001472473145,0,0.0,0.0,0.0
2016-10-13 00:00:00-04:00,4.5131001472473145,4.5131001472473145,4.5131001472473145,4.5131001472473145,0,0.0,0.0,0.0
2016-10-14 00:00:00-04:00,4.5131001472473145,4.5131001472473145,4.5131001472473145,4.5131001472473145,0,0.0,0.0,0.0
2016-10-17 00:00:00-04:00,4.5131001472473145,4.5131001472473145,4.5131001472473145,4.5131001472473145,0,0.0,0.0,0.0
2016-10-18 00:00:00-04:00,4.5131001472473145,4.5131001472473145,4.5131001472473145,4.5131001472473145,0,0.0,0.0,0.0
2016-10-19 00:00:00-04:00,4.5131001472473145,4.5131001472473145,4.5131001472473145,4.5131001472473145,0,0.0,0.0,0.0
2016-10-20 00:00:00-04:00,4.5131001472473145,4.5131001472473145,4.5131001472473145,4.5131001472473145,0,0.0,0.0,0.0
2016-10-21 00:00:00-04:00,4.5131001472473145,4.5131001472473145,4.5131001472473145,4.5131001472473145,0,0.0,0.0,0.0
2016-10-24 00:00:00-04:00,4.5131001472473145,4.5131001472473145,4.5131001472473145,4.5131001472473145,0,0.0,0.0,0.0
2016-10-25 00:00:00-04:00,4.5131001472473145,4.5131001472473145,4.5131001472473145,4.5131001472473145,0,0.0,0.0,0.0
2016-10-26 00:00:00-04:00,4.5131001472473145,4.5131001472473145,4.5131001472473145,4.5131001472473145,0,0.0,0.0,0.0
2016-10-27 00:00:00-04:00,4.5131001472473145,4.5131001472473145,4.5131001472473145,4.5131001472473145,0,0.0,0.0,0.0
2016-10-28 00:00:00-04:00,4.5131001472473145,4.5131001472473145,4.5131001472473145,4.5131001472473145,0,0.0,0.0,0.0
2016-10-31 00:00:00-04:00,4.5131001472473145,4.5131001472473145,4.5131001472473145,4.5131001472473145,0,0.0,0.0,0.0
2016-11-01 00:00:00-04:00,4.5131001472473145,4.5131001472473145,4.5131001472473145,4.5131001472473145,0,0.0,0.0,0.0
2016-11-02 00:00:00-04:00,4.5131001472473145,4.5131001472473145,4.5131001472473145,4.5131001472473145,0,0.0,0.0,0.0
2016-11-03 00:00:00-04:00,4.5131001472473145,4.5131001472473145,4.5131001472473145,4.5131001472473145,0,0.0,0.0,0.0
2016-11-04 00:00:00-04:00,4.5131001472473145,4.5131001472473145,4.5131001472473145,4.5131001472473145,0,0.0,0.0,0.0
2016-11-07 00:00:00-05:00,4.5131001472473145,4.5131001472473145,4.5131001472473145,4.5131001472473145,0,0.0,0.0,0.0
2016-11-08 00:00:00-05:00,4.5131001472473145,4.5131001472473145,4.5131001472473145,4.5131001472473145,0,0.0,0.0,0.0
2016-11-09 00:00:00-05:00,4.5131001472473145,4.5131001472473145,4.5131001472473145,4.5131001472473145,0,0.0,0.0,0.0
2016-11-10 00:00:00-05:00,4.5131001472473145,4.5131001472473145,4.5131001472473145,4.5131001472473145,0,0.0,0.0,0.0
2016-11-11 00:00:00-05:00,4.5131001472473145,4.5131001472473145,4.5131001472473145,4.5131001472473145,0,0.0,0.0,0.0
2016-11-14 00:00:00-05:00,4.5131001472473145,4.5131001472473145,4.5131001472473145,4.5131001472473145,0,0.0,0.0,0.0
2016-11-15 00:00:00-05:00,4.5131001472473145,4.5131001472473145,4.5131001472473145,4.5131001472473145,0,0.0,0.0,0.0
2016-11-16 00:00:00-05:00,4.5131001472473145,4.5131001472473145,4.5131001472473145,4.5131001472473145,0,0.0,0.0,0.0
2016-11-17 00:00:00-05:00,4.5131001472473145,4.5131001472473145,4.5131001472473145,4.5131001472473145,0,0.0,0.0,0.0
2016-11-18 00:00:00-05:00,4.5131001472473145,4.5131001472473145,4.5131001472473145,4.5131001472473145,0,0.0,0.0,0.0
2016-11-21 00:00:00-05:00,4.5131001472473145,4.5131001472473145,4.5131001472473145,4.5131001472473145,0,0.0,0.0,0.0
2016-11-22 00:00:00-05:00,4.5131001472473145,4.5131001472473145,4.5131001472473145,4.5131001472473145,0,0.0,0.0,0.0
2016-11-23 00:00:00-05:00,4.5131001472473145,4.5131001472473145,4.5131001472473145,4.5131001472473145,0,0.0,0.0,0.0
2016-11-25 00:00:00-05:00,4.5131001472473145,4.5131001472473145,4.5131001472473145,4.5131001472473145,0,0.0,0.0,0.0
2016-11-28 00:00:00-05:00,4.5131001472473145,4.5131001472473145,4.5131001472473145,4.5131001472473145,0,0.0,0.0,0.0
2016-11-29 00:00:00-05:00,4.5131001472473145,4.5131001472473145,4.5131001472473145,4.5131001472473145,0,0.0,0.0,0.0
2016-11-30 00:00:00-05:00,4.5131001472473145,4.5131001472473145,4.5131001472473145,4.5131001472473145,0,0.0,0.0,0.0
2016-12-01 00:00:00-05:00,4.5131001472473145,4.5131001472473145,4.5131001472473145,4.5131001472473145,0,0.0,0.0,0.0
2016-12-02 00:00:00-05:00,4.5131001472473145,4.5131001472473145,4.5131001472473145,4.5131001472473145,0,0.0,0.0,0.0
2016-12-05 00:00:00-05:00,4.5131001472473145,4.5131001472473145,4.5131001472473145,4.5131001472473145,0,0.0,0.0,0.0
2016-12-06 00:00:00-05:00,4.5131001472473145,4.5131001472473145,4.5131001472473145,4.5131001472473145,0,0.0,0.0,0.0
2016-12-07 00:00:00-05:00,4.5131001472473145,4.5131001472473145,4.5131001472473145,4.5131001472473145,0,0.0,0.0,0.0
2016-12-08 00:00:00-05:00,4.5131001472473145,4.5131001472473145,4.5131001472473145,4.5131001472473145,0,0.0,0.0,0.0
2016-12-09 00:00:00-05:00,4.5131001472473145,4.5131001472473145,4.5131001472473145,4.5131001472473145,0,0.0,0.0,0.0
2016-12-12 00:00:00-05:00,4.5131001472473145,4.5131001472473145,4.5131001472473145,4.5131001472473145,0,0.0,0.0,0.0
2016-12-13 00:00:00-05:00,4.5131001472473145,4.5131001472473145,4.5131001472473145,4.5131001472473145,0,0.0,0.0,0.0
2016-12-14 00:00:00-05:00,4.5131001472473145,4.5131001472473145,4.5131001472473145,4.5131001472473145,0,0.0,0.0,0.0
2016-12-15 00:00:00-05:00,4.5131001472473145,4.5131001472473145,4.5131001472473145,4.5131001472473145,0,0.0,0.0,0.0
2016-12-16 00:00:00-05:00,4.5131001472473145,4.5131001472473145,4.5131001472473145,4.5131001472473145,0,0.0,0.0,0.0
2016-12-19 00:00:00-05:00,4.5131001472473145,4.5131001472473145,4.5131001472473145,4.5131001472473145,0,0.0,0.0,0.0
2016-12-20 00:00:00-05:00,4.5131001472473145,4.5131001472473145,4.5131001472473145,4.5131001472473145,0,0.0,0.0,0.0
2016-12-21 00:00:00-05:00,4.5131001472473145,4.5131001472473145,4.5131001472473145,4.5131001472473145,0,0.0,0.0,0.0
2016-12-22 00:00:00-05:00,4.5131001472473145,4.5131001472473145,4.5131001472473145,4.5131001472473145,0,0.0,0.0,0.0
2016-12-23 00:00:00-05:00,4.5131001472473145,4.5131001472473145,4.5131001472473145,4.5131001472473145,0,0.0,0.0,0.0
2016-12-27 00:00:00-05:00,4.5131001472473145,4.5131001472473145,4.5131001472473145,4.5131001472473145,0,0.0,0.0,0.0
2016-12-28 00:00:00-05:00,4.5131001472473145,4.5131001472473145,4.5131001472473145,4.5131001472473145,0,0.0,0.0,0.0
2016-12-29 00:00:00-05:00,4.5131001472473145,4.5131001472473145,4.5131001472473145,4.5131001472473145,0,0.0,0.0,0.0
2016-12-30 00:00:00-05:00,4.5131001472473145,4.5131001472473145,4.5131001472473145,4.5131001472473145,0,0.0,0.0,0.0
2017-01-03 00:00:00-05:00,4.5131001472473145,4.5131001472473145,4.5131001472473145,4.5131001472473145,0,0.0,0.0,0.0
2017-01-04 00:00:00-05:00,5.300000190734863,5.300000190734863,5.300000190734863,5.300000190734863,500,0.0,0.0,0.0
2017-01-05 00:00:00-05:00,5.300000190734863,5.300000190734863,5.300000190734863,5.300000190734863,0,0.0,0.0,0.0
2017-01-06 00:00:00-05:00,5.300000190734863,5.300000190734863,5.300000190734863,5.300000190734863,0,0.0,0.0,0.0
2017-01-09 00:00:00-05:00,5.300000190734863,5.300000190734863,5.300000190734863,5.300000190734863,0,0.0,0.0,0.0
2017-01-10 00:00:00-05:00,5.300000190734863,5.300000190734863,5.300000190734863,5.300000190734863,0,0.0,0.0,0.0
2017-01-11 00:00:00-05:00,5.300000190734863,5.300000190734863,5.300000190734863,5.300000190734863,0,0.0,0.0,0.0
2017-01-12 00:00:00-05:00,5.300000190734863,5.300000190734863,5.300000190734863,5.300000190734863,0,0.0,0.0,0.0
2017-01-13 00:00:00-05:00,5.300000190734863,5.300000190734863,5.300000190734863,5.300000190734863,0,0.0,0.0,0.0
2017-01-17 00:00:00-05:00,5.300000190734863,5.300000190734863,5.300000190734863,5.300000190734863,0,0.0,0.0,0.0
2017-01-18 00:00:00-05:00,5.300000190734863,5.300000190734863,5.300000190734863,5.300000190734863,0,0.0,0.0,0.0
2017-01-19 00:00:00-05:00,5.300000190734863,5.300000190734863,5.300000190734863,5.300000190734863,0,0.0,0.0,0.0
2017-01-20 00:00:00-05:00,5.300000190734863,5.300000190734863,5.300000190734863,5.300000190734863,0,0.0,0.0,0.0
2017-01-23 00:00:00-05:00,5.300000190734863,5.300000190734863,5.300000190734863,5.300000190734863,0,0.0,0.0,0.0
2017-01-24 00:00:00-05:00,5.900000095367432,5.900000095367432,5.900000095367432,5.900000095367432,1500,0.0,0.0,0.0
2017-01-25 00:00:00-05:00,5.96999979019165,5.96999979019165,5.96999979019165,5.96999979019165,1000,0.0,0.0,0.0
2017-01-26 00:00:00-05:00,5.96999979019165,5.96999979019165,5.96999979019165,5.96999979019165,0,0.0,0.0,0.0
2017-01-27 00:00:00-05:00,5.96999979019165,5.96999979019165,5.96999979019165,5.96999979019165,0,0.0,0.0,0.0
2017-01-30 00:00:00-05:00,5.96999979019165,5.96999979019165,5.96999979019165,5.96999979019165,0,0.0,0.0,0.0
2017-01-31 00:00:00-05:00,5.96999979019165,5.96999979019165,5.96999979019165,5.96999979019165,0,0.0,0.0,0.0
2017-02-01 00:00:00-05:00,5.96999979019165,5.96999979019165,5.96999979019165,5.96999979019165,0,0.0,0.0,0.0
2017-02-02 00:00:00-05:00,5.96999979019165,5.96999979019165,5.96999979019165,5.96999979019165,0,0.0,0.0,0.0
2017-02-03 00:00:00-05:00,5.900000095367432,5.900000095367432,5.900000095367432,5.900000095367432,2000,0.0,0.0,0.0
2017-02-06 00:00:00-05:00,5.900000095367432,5.900000095367432,5.900000095367432,5.900000095367432,0,0.0,0.0,0.0
2017-02-07 00:00:00-05:00,5.900000095367432,5.900000095367432,5.900000095367432,5.900000095367432,0,0.0,0.0,0.0
2017-02-08 00:00:00-05:00,5.900000095367432,5.900000095367432,5.900000095367432,5.900000095367432,0,0.0,0.0,0.0
2017-02-09 00:00:00-05:00,5.900000095367432,5.900000095367432,5.900000095367432,5.900000095367432,0,0.0,0.0,0.0
2017-02-10 00:00:00-05:00,5.900000095367432,5.900000095367432,5.900000095367432,5.900000095367432,0,0.0,0.0,0.0
2017-02-13 00:00:00-05:00,5.900000095367432,5.900000095367432,5.900000095367432,5.900000095367432,0,0.0,0.0,0.0
2017-02-14 00:00:00-05:00,5.900000095367432,5.900000095367432,5.900000095367432,5.900000095367432,0,0.0,0.0,0.0
2017-02-15 00:00:00-05:00,5.900000095367432,5.900000095367432,5.900000095367432,5.900000095367432,0,0.0,0.0,0.0
2017-02-16 00:00:00-05:00,5.900000095367432,5.900000095367432,5.900000095367432,5.900000095367432,0,0.0,0.0,0.0
2017-02-17 00:00:00-05:00,5.900000095367432,5.900000095367432,5.900000095367432,5.900000095367432,0,0.0,0.0,0.0
2017-02-21 00:00:00-05:00,5.900000095367432,5.900000095367432,5.900000095367432,5.900000095367432,0,0.0,0.0,0.0
2017-02-22 00:00:00-05:00,5.900000095367432,5.900000095367432,5.900000095367432,5.900000095367432,0,0.0,0.0,0.0
2017-02-23 00:00:00-05:00,5.900000095367432,5.900000095367432,5.900000095367432,5.900000095367432,0,0.0,0.0,0.0
2017-02-24 00:00:00-05:00,5.900000095367432,5.900000095367432,5.900000095367432,5.900000095367432,0,0.0,0.0,0.0
2017-02-27 00:00:00-05:00,5.900000095367432,5.900000095367432,5.900000095367432,5.900000095367432,0,0.0,0.0,0.0
2017-02-28 00:00:00-05:00,5.900000095367432,5.900000095367432,5.900000095367432,5.900000095367432,0,0.0,0.0,0.0
2017-03-01 00:00:00-05:00,5.900000095367432,5.900000095367432,5.900000095367432,5.900000095367432,0,0.0,0.0,0.0
2017-03-02 00:00:00-05:00,5.900000095367432,5.900000095367432,5.900000095367432,5.900000095367432,0,0.0,0.0,0.0
2017-03-03 00:00:00-05:00,5.900000095367432,5.900000095367432,5.900000095367432,5.900000095367432,0,0.0,0.0,0.0
2017-03-06 00:00:00-05:00,5.900000095367432,5.900000095367432,5.900000095367432,5.900000095367432,0,0.0,0.0,0.0
2017-03-07 00:00:00-05:00,5.900000095367432,5.900000095367432,5.900000095367432,5.900000095367432,0,0.0,0.0,0.0
2017-03-08 00:00:00-05:00,5.900000095367432,5.900000095367432,5.900000095367432,5.900000095367432,0,0.0,0.0,0.0
2017-03-09 00:00:00-05:00,5.900000095367432,5.900000095367432,5.900000095367432,5.900000095367432,0,0.0,0.0,0.0
2017-03-10 00:00:00-05:00,5.900000095367432,5.900000095367432,5.900000095367432,5.900000095367432,0,0.0,0.0,0.0
2017-03-13 00:00:00-04:00,5.900000095367432,5.900000095367432,5.900000095367432,5.900000095367432,0,0.0,0.0,0.0
2017-03-14 00:00:00-04:00,5.900000095367432,5.900000095367432,5.900000095367432,5.900000095367432,0,0.0,0.0,0.0
2017-03-15 00:00:00-04:00,5.900000095367432,5.900000095367432,5.900000095367432,5.900000095367432,0,0.0,0.0,0.0
2017-03-16 00:00:00-04:00,5.900000095367432,5.900000095367432,5.900000095367432,5.900000095367432,0,0.0,0.0,0.0
2017-03-17 00:00:00-04:00,5.900000095367432,5.900000095367432,5.900000095367432,5.900000095367432,0,0.0,0.0,0.0
2017-03-20 00:00:00-04:00,5.900000095367432,5.900000095367432,5.900000095367432,5.900000095367432,0,0.0,0.0,0.0
2017-03-21 00:00:00-04:00,5.900000095367432,5.900000095367432,5.900000095367432,5.900000095367432,0,0.0,0.0,0.0
2017-03-22 00:00:00-04:00,5.900000095367432,5.900000095367432,5.900000095367432,5.900000095367432,0,0.0,0.0,0.0
2017-03-23 00:00:00-04:00,5.900000095367432,5.900000095367432,5.900000095367432,5.900000095367432,0,0.0,0.0,0.0
2017-03-24 00:00:00-04:00,5.900000095367432,5.900000095367432,5.900000095367432,5.900000095367432,0,0.0,0.0,0.0
2017-03-27 00:00:00-04:00,5.900000095367432,5.900000095367432,5.900000095367432,5.900000095367432,0,0.0,0.0,0.0
2017-03-28 00:00:00-04:00,5.900000095367432,5.900000095367432,5.900000095367432,5.900000095367432,0,0.0,0.0,0.0
2017-03-29 00:00:00-04:00,5.900000095367432,5.900000095367432,5.900000095367432,5.900000095367432,0,0.0,0.0,0.0
2017-03-30 00:00:00-04:00,5.900000095367432,5.900000095367432,5.900000095367432,5.900000095367432,0,0.0,0.0,0.0
2017-03-31 00:00:00-04:00,5.900000095367432,5.900000095367432,5.900000095367432,5.900000095367432,0,0.0,0.0,0.0
2017-04-03 00:00:00-04:00,5.900000095367432,5.900000095367432,5.900000095367432,5.900000095367432,0,0.0,0.0,0.0
2017-04-04 00:00:00-04:00,5.900000095367432,5.900000095367432,5.900000095367432,5.900000095367432,0,0.0,0.0,0.0
2017-04-05 00:00:00-04:00,5.900000095367432,5.900000095367432,5.900000095367432,5.900000095367432,0,0.0,0.0,0.0
2017-04-06 00:00:00-04:00,5.900000095367432,5.900000095367432,5.900000095367432,5.900000095367432,0,0.0,0.0,0.0
2017-04-07 00:00:00-04:00,5.900000095367432,5.900000095367432,5.900000095367432,5.900000095367432,0,0.0,0.0,0.0
2017-04-10 00:00:00-04:00,5.900000095367432,5.900000095367432,5.900000095367432,5.900000095367432,0,0.0,0.0,0.0
2017-04-11 00:00:00-04:00,5.900000095367432,5.900000095367432,5.900000095367432,5.900000095367432,0,0.0,0.0,0.0
2017-04-12 00:00:00-04:00,5.900000095367432,5.900000095367432,5.900000095367432,5.900000095367432,0,0.0,0.0,0.0
2017-04-13 00:00:00-04:00,5.900000095367432,5.900000095367432,5.900000095367432,5.900000095367432,0,0.0,0.0,0.0
2017-04-17 00:00:00-04:00,5.900000095367432,5.900000095367432,5.900000095367432,5.900000095367432,0,0.0,0.0,0.0
2017-04-18 00:00:00-04:00,5.900000095367432,5.900000095367432,5.900000095367432,5.900000095367432,0,0.0,0.0,0.0
2017-04-19 00:00:00-04:00,5.900000095367432,5.900000095367432,5.900000095367432,5.900000095367432,0,0.0,0.0,0.0
2017-04-20 00:00:00-04:00,5.900000095367432,5.900000095367432,5.900000095367432,5.900000095367432,0,0.0,0.0,0.0
2017-04-21 00:00:00-04:00,5.900000095367432,5.900000095367432,5.900000095367432,5.900000095367432,0,0.0,0.0,0.0
2017-04-24 00:00:00-04:00,5.900000095367432,5.900000095367432,5.900000095367432,5.900000095367432,0,0.0,0.0,0.0
2017-04-25 00:00:00-04:00,5.900000095367432,5.900000095367432,5.900000095367432,5.900000095367432,0,0.0,0.0,0.0
2017-04-26 00:00:00-04:00,5.900000095367432,5.900000095367432,5.900000095367432,5.900000095367432,0,0.0,0.0,0.0
2017-04-27 00:00:00-04:00,5.900000095367432,5.900000095367432,5.900000095367432,5.900000095367432,0,0.0,0.0,0.0
2017-04-28 00:00:00-04:00,7.550000190734863,7.550000190734863,7.550000190734863,7.550000190734863,1012,0.0,0.0,0.0
2017-05-01 00:00:00-04:00,7.550000190734863,7.550000190734863,7.550000190734863,7.550000190734863,0,0.0,0.0,0.0
2017-05-02 00:00:00-04:00,7.550000190734863,7.550000190734863,7.550000190734863,7.550000190734863,0,0.0,0.0,0.0
2017-05-03 00:00:00-04:00,7.550000190734863,7.550000190734863,7.550000190734863,7.550000190734863,0,0.0,0.0,0.0
2017-05-04 00:00:00-04:00,7.550000190734863,7.550000190734863,7.550000190734863,7.550000190734863,0,0.0,0.0,0.0
2017-05-05 00:00:00-04:00,7.550000190734863,7.550000190734863,7.550000190734863,7.550000190734863,0,0.0,0.0,0.0
2017-05-08 00:00:00-04:00,6.489999771118164,6.489999771118164,6.489999771118164,6.489999771118164,1000,0.0,0.0,0.0
2017-05-09 00:00:00-04:00,6.489999771118164,6.489999771118164,6.489999771118164,6.489999771118164,0,0.0,0.0,0.0
2017-05-10 00:00:00-04:00,6.489999771118164,6.489999771118164,6.489999771118164,6.489999771118164,0,0.0,0.0,0.0
2017-05-11 00:00:00-04:00,6.489999771118164,6.489999771118164,6.489999771118164,6.489999771118164,0,0.0,0.0,0.0
2017-05-12 00:00:00-04:00,6.489999771118164,6.489999771118164,6.489999771118164,6.489999771118164,0,0.0,0.0,0.0
2017-05-15 00:00:00-04:00,6.489999771118164,6.489999771118164,6.489999771118164,6.489999771118164,0,0.0,0.0,0.0
2017-05-16 00:00:00-04:00,6.489999771118164,6.489999771118164,6.489999771118164,6.489999771118164,0,0.0,0.0,0.0
2017-05-17 00:00:00-04:00,6.489999771118164,6.489999771118164,6.489999771118164,6.489999771118164,0,0.0,0.0,0.0
2017-05-18 00:00:00-04:00,6.489999771118164,6.489999771118164,6.489999771118164,6.489999771118164,0,0.0,0.0,0.0
2017-05-19 00:00:00-04:00,6.489999771118164,6.489999771118164,6.489999771118164,6.489999771118164,0,0.0,0.0,0.0
2017-05-22 00:00:00-04:00,6.489999771118164,6.489999771118164,6.489999771118164,6.489999771118164,0,0.0,0.0,0.0
2017-05-23 00:00:00-04:00,6.489999771118164,6.489999771118164,6.489999771118164,6.489999771118164,0,0.0,0.0,0.0
2017-05-24 00:00:00-04:00,6.489999771118164,6.489999771118164,6.489999771118164,6.489999771118164,0,0.0,0.0,0.0
2017-05-25 00:00:00-04:00,6.489999771118164,6.489999771118164,6.489999771118164,6.489999771118164,0,0.0,0.0,0.0
2017-05-26 00:00:00-04:00,6.489999771118164,6.489999771118164,6.489999771118164,6.489999771118164,0,0.0,0.0,0.0
2017-05-30 00:00:00-04:00,6.489999771118164,6.489999771118164,6.489999771118164,6.489999771118164,0,0.0,0.0,0.0
2017-05-31 00:00:00-04:00,6.489999771118164,6.489999771118164,6.489999771118164,6.489999771118164,0,0.0,0.0,0.0
2017-06-01 00:00:00-04:00,6.489999771118164,6.489999771118164,6.489999771118164,6.489999771118164,0,0.0,0.0,0.0
2017-06-02 00:00:00-04:00,6.489999771118164,6.489999771118164,6.489999771118164,6.489999771118164,0,0.0,0.0,0.0
2017-06-05 00:00:00-04:00,6.489999771118164,6.489999771118164,6.489999771118164,6.489999771118164,0,0.0,0.0,0.0
2017-06-06 00:00:00-04:00,6.489999771118164,6.489999771118164,6.489999771118164,6.489999771118164,0,0.0,0.0,0.0
2017-06-07 00:00:00-04:00,6.489999771118164,6.489999771118164,6.489999771118164,6.489999771118164,0,0.0,0.0,0.0
2017-06-08 00:00:00-04:00,6.489999771118164,6.489999771118164,6.489999771118164,6.489999771118164,0,0.0,0.0,0.0
2017-06-09 00:00:00-04:00,6.489999771118164,6.489999771118164,6.489999771118164,6.489999771118164,0,0.0,0.0,0.0
2017-06-12 00:00:00-04:00,6.489999771118164,6.489999771118164,6.489999771118164,6.489999771118164,0,0.0,0.0,0.0
2017-06-13 00:00:00-04:00,6.489999771118164,6.489999771118164,6.489999771118164,6.489999771118164,0,0.0,0.0,0.0
2017-06-14 00:00:00-04:00,6.489999771118164,6.489999771118164,6.489999771118164,6.489999771118164,0,0.0,0.0,0.0
2017-06-15 00:00:00-04:00,6.489999771118164,6.489999771118164,6.489999771118164,6.489999771118164,0,0.0,0.0,0.0
2017-06-16 00:00:00-04:00,6.489999771118164,6.489999771118164,6.489999771118164,6.489999771118164,0,0.0,0.0,0.0
2017-06-19 00:00:00-04:00,6.489999771118164,6.489999771118164,6.489999771118164,6.489999771118164,0,0.0,0.0,0.0
2017-06-20 00:00:00-04:00,6.619999885559082,6.619999885559082,6.619999885559082,6.619999885559082,500,0.0,0.0,0.0
2017-06-21 00:00:00-04:00,6.619999885559082,6.619999885559082,6.619999885559082,6.619999885559082,0,0.0,0.0,0.0
2017-06-22 00:00:00-04:00,6.619999885559082,6.619999885559082,6.619999885559082,6.619999885559082,0,0.0,0.0,0.0
2017-06-23 00:00:00-04:00,6.619999885559082,6.619999885559082,6.619999885559082,6.619999885559082,0,0.0,0.0,0.0
2017-06-26 00:00:00-04:00,6.619999885559082,6.619999885559082,6.619999885559082,6.619999885559082,0,0.0,0.0,0.0
2017-06-27 00:00:00-04:00,6.619999885559082,6.619999885559082,6.619999885559082,6.619999885559082,0,0.0,0.0,0.0
2017-06-28 00:00:00-04:00,6.619999885559082,6.619999885559082,6.619999885559082,6.619999885559082,0,0.0,0.0,0.0
2017-06-29 00:00:00-04:00,6.619999885559082,6.619999885559082,6.619999885559082,6.619999885559082,0,0.0,0.0,0.0
2017-06-30 00:00:00-04:00,6.619999885559082,6.619999885559082,6.619999885559082,6.619999885559082,0,0.0,0.0,0.0
2017-07-03 00:00:00-04:00,6.619999885559082,6.619999885559082,6.619999885559082,6.619999885559082,0,0.0,0.0,0.0
2017-07-05 00:00:00-04:00,6.619999885559082,6.619999885559082,6.619999885559082,6.619999885559082,0,0.0,0.0,0.0
2017-07-06 00:00:00-04:00,6.619999885559082,6.619999885559082,6.619999885559082,6.619999885559082,0,0.0,0.0,0.0
2017-07-07 00:00:00-04:00,6.619999885559082,6.619999885559082,6.619999885559082,6.619999885559082,0,0.0,0.0,0.0
2017-07-10 00:00:00-04:00,6.619999885559082,6.619999885559082,6.619999885559082,6.619999885559082,0,0.0,0.0,0.0
2017-07-11 00:00:00-04:00,6.619999885559082,6.619999885559082,6.619999885559082,6.619999885559082,0,0.0,0.0,0.0
2017-07-12 00:00:00-04:00,6.619999885559082,6.619999885559082,6.619999885559082,6.619999885559082,0,0.0,0.0,0.0
2017-07-13 00:00:00-04:00,6.619999885559082,6.619999885559082,6.619999885559082,6.619999885559082,0,0.0,0.0,0.0
2017-07-14 00:00:00-04:00,6.619999885559082,6.619999885559082,6.619999885559082,6.619999885559082,0,0.0,0.0,0.0
2017-07-17 00:00:00-04:00,6.619999885559082,6.619999885559082,6.619999885559082,6.619999885559082,0,0.0,0.0,0.0
2017-07-18 00:00:00-04:00,6.619999885559082,6.619999885559082,6.619999885559082,6.619999885559082,0,0.0,0.0,0.0
2017-07-19 00:00:00-04:00,6.619999885559082,6.619999885559082,6.619999885559082,6.619999885559082,0,0.0,0.0,0.0
2017-07-20 00:00:00-04:00,6.619999885559082,6.619999885559082,6.619999885559082,6.619999885559082,0,0.0,0.0,0.0
2017-07-21 00:00:00-04:00,6.619999885559082,6.619999885559082,6.619999885559082,6.619999885559082,0,0.0,0.0,0.0
2017-07-24 00:00:00-04:00,6.619999885559082,6.619999885559082,6.619999885559082,6.619999885559082,0,0.0,0.0,0.0
2017-07-25 00:00:00-04:00,6.619999885559082,6.619999885559082,6.619999885559082,6.619999885559082,0,0.0,0.0,0.0
2017-07-26 00:00:00-04:00,6.619999885559082,6.619999885559082,6.619999885559082,6.619999885559082,0,0.0,0.0,0.0
2017-07-27 00:00:00-04:00,6.619999885559082,6.619999885559082,6.619999885559082,6.619999885559082,0,0.0,0.0,0.0
2017-07-28 00:00:00-04:00,6.619999885559082,6.619999885559082,6.619999885559082,6.619999885559082,0,0.0,0.0,0.0
2017-07-31 00:00:00-04:00,6.619999885559082,6.619999885559082,6.619999885559082,6.619999885559082,0,0.0,0.0,0.0
2017-08-01 00:00:00-04:00,6.619999885559082,6.619999885559082,6.619999885559082,6.619999885559082,0,0.0,0.0,0.0
2017-08-02 00:00:00-04:00,6.619999885559082,6.619999885559082,6.619999885559082,6.619999885559082,0,0.0,0.0,0.0
2017-08-03 00:00:00-04:00,6.619999885559082,6.619999885559082,6.619999885559082,6.619999885559082,0,0.0,0.0,0.0
2017-08-04 00:00:00-04:00,6.619999885559082,6.619999885559082,6.619999885559082,6.619999885559082,0,0.0,0.0,0.0
2017-08-07 00:00:00-04:00,6.619999885559082,6.619999885559082,6.619999885559082,6.619999885559082,0,0.0,0.0,0.0
2017-08-08 00:00:00-04:00,6.619999885559082,6.619999885559082,6.619999885559082,6.619999885559082,0,0.0,0.0,0.0
2017-08-09 00:00:00-04:00,6.619999885559082,6.619999885559082,6.619999885559082,6.619999885559082,0,0.0,0.0,0.0
2017-08-10 00:00:00-04:00,6.619999885559082,6.619999885559082,6.619999885559082,6.619999885559082,0,0.0,0.0,0.0
2017-08-11 00:00:00-04:00,6.619999885559082,6.619999885559082,6.619999885559082,6.619999885559082,0,0.0,0.0,0.0
2017-08-14 00:00:00-04:00,6.619999885559082,6.619999885559082,6.619999885559082,6.619999885559082,0,0.0,0.0,0.0
2017-08-15 00:00:00-04:00,6.619999885559082,6.619999885559082,6.619999885559082,6.619999885559082,0,0.0,0.0,0.0
2017-08-16 00:00:00-04:00,6.619999885559082,6.619999885559082,6.619999885559082,6.619999885559082,0,0.0,0.0,0.0
2017-08-17 00:00:00-04:00,6.619999885559082,6.619999885559082,6.619999885559082,6.619999885559082,0,0.0,0.0,0.0
2017-08-18 00:00:00-04:00,6.619999885559082,6.619999885559082,6.619999885559082,6.619999885559082,0,0.0,0.0,0.0
2017-08-21 00:00:00-04:00,6.619999885559082,6.619999885559082,6.619999885559082,6.619999885559082,0,0.0,0.0,0.0
2017-08-22 00:00:00-04:00,6.619999885559082,6.619999885559082,6.619999885559082,6.619999885559082,0,0.0,0.0,0.0
2017-08-23 00:00:00-04:00,6.619999885559082,6.619999885559082,6.619999885559082,6.619999885559082,0,0.0,0.0,0.0
2017-08-24 00:00:00-04:00,6.619999885559082,6.619999885559082,6.619999885559082,6.619999885559082,0,0.0,0.0,0.0
2017-08-25 00:00:00-04:00,6.619999885559082,6.619999885559082,6.619999885559082,6.619999885559082,0,0.0,0.0,0.0
2017-08-28 00:00:00-04:00,6.619999885559082,6.619999885559082,6.619999885559082,6.619999885559082,0,0.0,0.0,0.0
2017-08-29 00:00:00-04:00,6.619999885559082,6.619999885559082,6.619999885559082,6.619999885559082,0,0.0,0.0,0.0
2017-08-30 00:00:00-04:00,6.619999885559082,6.619999885559082,6.619999885559082,6.619999885559082,0,0.0,0.0,0.0
2017-08-31 00:00:00-04:00,6.619999885559082,6.619999885559082,6.619999885559082,6.619999885559082,0,0.0,0.0,0.0
2017-09-01 00:00:00-04:00,6.619999885559082,6.619999885559082,6.619999885559082,6.619999885559082,0,0.0,0.0,0.0
2017-09-05 00:00:00-04:00,6.619999885559082,6.619999885559082,6.619999885559082,6.619999885559082,0,0.0,0.0,0.0
2017-09-06 00:00:00-04:00,6.619999885559082,6.619999885559082,6.619999885559082,6.619999885559082,0,0.0,0.0,0.0
2017-09-07 00:00:00-04:00,6.619999885559082,6.619999885559082,6.619999885559082,6.619999885559082,0,0.0,0.0,0.0
2017-09-08 00:00:00-04:00,6.619999885559082,6.619999885559082,6.619999885559082,6.619999885559082,0,0.0,0.0,0.0
2017-09-11 00:00:00-04:00,6.619999885559082,6.619999885559082,6.619999885559082,6.619999885559082,0,0.0,0.0,0.0
2017-09-12 00:00:00-04:00,6.619999885559082,6.619999885559082,6.619999885559082,6.619999885559082,0,0.0,0.0,0.0
2017-09-13 00:00:00-04:00,6.619999885559082,6.619999885559082,6.619999885559082,6.619999885559082,0,0.0,0.0,0.0
2017-09-14 00:00:00-04:00,6.619999885559082,6.619999885559082,6.619999885559082,6.619999885559082,0,0.0,0.0,0.0
2017-09-15 00:00:00-04:00,6.619999885559082,6.619999885559082,6.619999885559082,6.619999885559082,0,0.0,0.0,0.0
2017-09-18 00:00:00-04:00,6.619999885559082,6.619999885559082,6.619999885559082,6.619999885559082,0,0.0,0.0,0.0
2017-09-19 00:00:00-04:00,6.619999885559082,6.619999885559082,6.619999885559082,6.619999885559082,0,0.0,0.0,0.0
2017-09-20 00:00:00-04:00,6.619999885559082,6.619999885559082,6.619999885559082,6.619999885559082,0,0.0,0.0,0.0
2017-09-21 00:00:00-04:00,6.619999885559082,6.619999885559082,6.619999885559082,6.619999885559082,0,0.0,0.0,0.0
2017-09-22 00:00:00-04:00,7.972819805145264,7.972819805145264,7.972819805145264,7.972819805145264,483,0.0,0.0,0.0
2017-09-25 00:00:00-04:00,7.972819805145264,7.972819805145264,7.972819805145264,7.972819805145264,0,0.0,0.0,0.0
2017-09-26 00:00:00-04:00,7.972819805145264,7.972819805145264,7.972819805145264,7.972819805145264,0,0.0,0.0,0.0
2017-09-27 00:00:00-04:00,7.972819805145264,7.972819805145264,7.972819805145264,7.972819805145264,0,0.0,0.0,0.0
2017-09-28 00:00:00-04:00,7.972819805145264,7.972819805145264,7.972819805145264,7.972819805145264,0,0.0,0.0,0.0
2017-09-29 00:00:00-04:00,7.972819805145264,7.972819805145264,7.972819805145264,7.972819805145264,0,0.0,0.0,0.0
2017-10-02 00:00:00-04:00,7.972819805145264,7.972819805145264,7.972819805145264,7.972819805145264,0,0.0,0.0,0.0
2017-10-03 00:00:00-04:00,7.972819805145264,7.972819805145264,7.972819805145264,7.972819805145264,0,0.0,0.0,0.0
2017-10-04 00:00:00-04:00,7.972819805145264,7.972819805145264,7.972819805145264,7.972819805145264,0,0.0,0.0,0.0
2017-10-05 00:00:00-04:00,7.972819805145264,7.972819805145264,7.972819805145264,7.972819805145264,0,0.0,0.0,0.0
2017-10-06 00:00:00-04:00,7.972819805145264,7.972819805145264,7.972819805145264,7.972819805145264,0,0.0,0.0,0.0
2017-10-09 00:00:00-04:00,7.972819805145264,7.972819805145264,7.972819805145264,7.972819805145264,0,0.0,0.0,0.0
2017-10-10 00:00:00-04:00,7.972819805145264,7.972819805145264,7.972819805145264,7.972819805145264,0,0.0,0.0,0.0
2017-10-11 00:00:00-04:00,7.972819805145264,7.972819805145264,7.972819805145264,7.972819805145264,0,0.0,0.0,0.0
2017-10-12 00:00:00-04:00,7.972819805145264,7.972819805145264,7.972819805145264,7.972819805145264,0,0.0,0.0,0.0
2017-10-13 00:00:00-04:00,7.972819805145264,7.972819805145264,7.972819805145264,7.972819805145264,0,0.0,0.0,0.0
2017-10-16 00:00:00-04:00,7.900000095367432,7.900000095367432,7.900000095367432,7.900000095367432,3000,0.0,0.0,0.0
2017-10-17 00:00:00-04:00,7.900000095367432,7.900000095367432,7.900000095367432,7.900000095367432,0,0.0,0.0,0.0
2017-10-18 00:00:00-04:00,7.900000095367432,7.900000095367432,7.900000095367432,7.900000095367432,0,0.0,0.0,0.0
2017-10-19 00:00:00-04:00,7.900000095367432,7.900000095367432,7.900000095367432,7.900000095367432,0,0.0,0.0,0.0
2017-10-20 00:00:00-04:00,7.900000095367432,7.900000095367432,7.900000095367432,7.900000095367432,0,0.0,0.0,0.0
2017-10-23 00:00:00-04:00,7.900000095367432,7.900000095367432,7.900000095367432,7.900000095367432,0,0.0,0.0,0.0
2017-10-24 00:00:00-04:00,7.900000095367432,7.900000095367432,7.900000095367432,7.900000095367432,0,0.0,0.0,0.0
2017-10-25 00:00:00-04:00,7.900000095367432,7.900000095367432,7.900000095367432,7.900000095367432,0,0.0,0.0,0.0
2017-10-26 00:00:00-04:00,7.900000095367432,7.900000095367432,7.900000095367432,7.900000095367432,0,0.0,0.0,0.0
2017-10-27 00:00:00-04:00,7.900000095367432,7.900000095367432,7.900000095367432,7.900000095367432,0,0.0,0.0,0.0
2017-10-30 00:00:00-04:00,7.900000095367432,7.900000095367432,7.900000095367432,7.900000095367432,0,0.0,0.0,0.0
2017-10-31 00:00:00-04:00,7.900000095367432,7.900000095367432,7.900000095367432,7.900000095367432,0,0.0,0.0,0.0
2017-11-01 00:00:00-04:00,7.900000095367432,7.900000095367432,7.900000095367432,7.900000095367432,0,0.0,0.0,0.0
2017-11-02 00:00:00-04:00,7.900000095367432,7.900000095367432,7.900000095367432,7.900000095367432,0,0.0,0.0,0.0
2017-11-03 00:00:00-04:00,7.900000095367432,7.900000095367432,7.900000095367432,7.900000095367432,0,0.0,0.0,0.0
2017-11-06 00:00:00-05:00,7.900000095367432,7.900000095367432,7.900000095367432,7.900000095367432,0,0.0,0.0,0.0
2017-11-07 00:00:00-05:00,7.900000095367432,7.900000095367432,7.900000095367432,7.900000095367432,0,0.0,0.0,0.0
2017-11-08 00:00:00-05:00,7.900000095367432,7.900000095367432,7.900000095367432,7.900000095367432,0,0.0,0.0,0.0
2017-11-09 00:00:00-05:00,7.900000095367432,7.900000095367432,7.900000095367432,7.900000095367432,0,0.0,0.0,0.0
2017-11-10 00:00:00-05:00,7.900000095367432,7.900000095367432,7.900000095367432,7.900000095367432,0,0.0,0.0,0.0
2017-11-13 00:00:00-05:00,7.900000095367432,7.900000095367432,7.900000095367432,7.900000095367432,0,0.0,0.0,0.0
2017-11-14 00:00:00-05:00,7.900000095367432,7.900000095367432,7.900000095367432,7.900000095367432,0,0.0,0.0,0.0
2017-11-15 00:00:00-05:00,7.900000095367432,7.900000095367432,7.900000095367432,7.900000095367432,0,0.0,0.0,0.0
2017-11-16 00:00:00-05:00,7.900000095367432,7.900000095367432,7.900000095367432,7.900000095367432,0,0.0,0.0,0.0
2017-11-17 00:00:00-05:00,7.900000095367432,7.900000095367432,7.900000095367432,7.900000095367432,0,0.0,0.0,0.0
2017-11-20 00:00:00-05:00,7.900000095367432,7.900000095367432,7.900000095367432,7.900000095367432,0,0.0,0.0,0.0
2017-11-21 00:00:00-05:00,7.900000095367432,7.900000095367432,7.900000095367432,7.900000095367432,0,0.0,0.0,0.0
2017-11-22 00:00:00-05:00,7.900000095367432,7.900000095367432,7.900000095367432,7.900000095367432,0,0.0,0.0,0.0
2017-11-24 00:00:00-05:00,7.900000095367432,7.900000095367432,7.900000095367432,7.900000095367432,0,0.0,0.0,0.0
2017-11-27 00:00:00-05:00,7.900000095367432,7.900000095367432,7.900000095367432,7.900000095367432,0,0.0,0.0,0.0
2017-11-28 00:00:00-05:00,7.900000095367432,7.900000095367432,7.900000095367432,7.900000095367432,0,0.0,0.0,0.0
2017-11-29 00:00:00-05:00,7.878910064697266,7.878910064697266,7.878910064697266,7.878910064697266,9592,0.0,0.0,0.0
2017-11-30 00:00:00-05:00,7.878910064697266,7.878910064697266,7.878910064697266,7.878910064697266,0,0.0,0.0,0.0
2017-12-01 00:00:00-05:00,7.878910064697266,7.878910064697266,7.878910064697266,7.878910064697266,0,0.0,0.0,0.0
2017-12-04 00:00:00-05:00,7.878910064697266,7.878910064697266,7.878910064697266,7.878910064697266,0,0.0,0.0,0.0
2017-12-05 00:00:00-05:00,7.878910064697266,7.878910064697266,7.878910064697266,7.878910064697266,0,0.0,0.0,0.0
2017-12-06 00:00:00-05:00,7.878910064697266,7.878910064697266,7.878910064697266,7.878910064697266,0,0.0,0.0,0.0
2017-12-07 00:00:00-05:00,7.878910064697266,7.878910064697266,7.878910064697266,7.878910064697266,0,0.0,0.0,0.0
2017-12-08 00:00:00-05:00,7.878910064697266,7.878910064697266,7.878910064697266,7.878910064697266,0,0.0,0.0,0.0
2017-12-11 00:00:00-05:00,7.878910064697266,7.878910064697266,7.878910064697266,7.878910064697266,0,0.0,0.0,0.0
2017-12-12 00:00:00-05:00,7.878910064697266,7.878910064697266,7.878910064697266,7.878910064697266,0,0.0,0.0,0.0
2017-12-13 00:00:00-05:00,7.878910064697266,7.878910064697266,7.878910064697266,7.878910064697266,0,0.0,0.0,0.0
2017-12-14 00:00:00-05:00,7.878910064697266,7.878910064697266,7.878910064697266,7.878910064697266,0,0.0,0.0,0.0
2017-12-15 00:00:00-05:00,7.878910064697266,7.878910064697266,7.878910064697266,7.878910064697266,0,0.0,0.0,0.0
2017-12-18 00:00:00-05:00,7.878910064697266,7.878910064697266,7.878910064697266,7.878910064697266,0,0.0,0.0,0.0
2017-12-19 00:00:00-05:00,7.878910064697266,7.878910064697266,7.878910064697266,7.878910064697266,0,0.0,0.0,0.0
2017-12-20 00:00:00-05:00,7.878910064697266,7.878910064697266,7.878910064697266,7.878910064697266,0,0.0,0.0,0.0
2017-12-21 00:00:00-05:00,7.878910064697266,7.878910064697266,7.878910064697266,7.878910064697266,0,0.0,0.0,0.0
2017-12-22 00:00:00-05:00,7.878910064697266,7.878910064697266,7.878910064697266,7.878910064697266,0,0.0,0.0,0.0
2017-12-26 00:00:00-05:00,7.878910064697266,7.878910064697266,7.878910064697266,7.878910064697266,0,0.0,0.0,0.0
2017-12-27 00:00:00-05:00,7.878910064697266,7.878910064697266,7.878910064697266,7.878910064697266,0,0.0,0.0,0.0
2017-12-28 00:00:00-05:00,8.449660301208496,8.449660301208496,8.449660301208496,8.449660301208496,452,0.0,0.0,0.0
2017-12-29 00:00:00-05:00,8.449660301208496,8.449660301208496,8.449660301208496,8.449660301208496,0,0.0,0.0,0.0
2018-01-02 00:00:00-05:00,8.449660301208496,8.449660301208496,8.449660301208496,8.449660301208496,0,0.0,0.0,0.0
2018-01-03 00:00:00-05:00,8.449660301208496,8.449660301208496,8.449660301208496,8.449660301208496,0,0.0,0.0,0.0
2018-01-04 00:00:00-05:00,8.449660301208496,8.449660301208496,8.449660301208496,8.449660301208496,0,0.0,0.0,0.0
2018-01-05 00:00:00-05:00,8.930000305175781,8.930000305175781,8.930000305175781,8.930000305175781,3000,0.0,0.0,0.0
2018-01-08 00:00:00-05:00,8.930000305175781,8.930000305175781,8.930000305175781,8.930000305175781,0,0.0,0.0,0.0
2018-01-09 00:00:00-05:00,8.930000305175781,8.930000305175781,8.930000305175781,8.930000305175781,0,0.0,0.0,0.0
2018-01-10 00:00:00-05:00,8.930000305175781,8.930000305175781,8.930000305175781,8.930000305175781,0,0.0,0.0,0.0
2018-01-11 00:00:00-05:00,8.930000305175781,8.930000305175781,8.930000305175781,8.930000305175781,0,0.0,0.0,0.0
2018-01-12 00:00:00-05:00,8.930000305175781,8.930000305175781,8.930000305175781,8.930000305175781,0,0.0,0.0,0.0
2018-01-16 00:00:00-05:00,8.930000305175781,8.930000305175781,8.930000305175781,8.930000305175781,0,0.0,0.0,0.0
2018-01-17 00:00:00-05:00,8.930000305175781,8.930000305175781,8.930000305175781,8.930000305175781,0,0.0,0.0,0.0
2018-01-18 00:00:00-05:00,8.930000305175781,8.930000305175781,8.930000305175781,8.930000305175781,0,0.0,0.0,0.0
2018-01-19 00:00:00-05:00,8.930000305175781,8.930000305175781,8.930000305175781,8.930000305175781,0,0.0,0.0,0.0
2018-01-22 00:00:00-05:00,8.930000305175781,8.930000305175781,8.930000305175781,8.930000305175781,0,0.0,0.0,0.0
2018-01-23 00:00:00-05:00,9.149999618530273,9.149999618530273,9.149999618530273,9.149999618530273,100,0.0,0.0,0.0
2018-01-24 00:00:00-05:00,9.149999618530273,9.149999618530273,9.149999618530273,9.149999618530273,0,0.0,0.0,0.0
2018-01-25 00:00:00-05:00,9.149999618530273,9.149999618530273,9.149999618530273,9.149999618530273,0,0.0,0.0,0.0
2018-01-26 00:00:00-05:00,9.149999618530273,9.149999618530273,9.149999618530273,9.149999618530273,0,0.0,0.0,0.0
2018-01-29 00:00:00-05:00,9.149999618530273,9.149999618530273,9.149999618530273,9.149999618530273,0,0.0,0.0,0.0
2018-01-30 00:00:00-05:00,9.149999618530273,9.149999618530273,9.149999618530273,9.149999618530273,0,0.0,0.0,0.0
2018-01-31 00:00:00-05:00,9.149999618530273,9.149999618530273,9.149999618530273,9.149999618530273,0,0.0,0.0,0.0
2018-02-01 00:00:00-05:00,9.149999618530273,9.149999618530273,9.149999618530273,9.149999618530273,0,0.0,0.0,0.0
2018-02-02 00:00:00-05:00,9.149999618530273,9.149999618530273,9.149999618530273,9.149999618530273,0,0.0,0.0,0.0
2018-02-05 00:00:00-05:00,9.149999618530273,9.149999618530273,9.149999618530273,9.149999618530273,0,0.0,0.0,0.0
2018-02-06 00:00:00-05:00,9.149999618530273,9.149999618530273,9.149999618530273,9.149999618530273,0,0.0,0.0,0.0
2018-02-07 00:00:00-05:00,9.149999618530273,9.149999618530273,9.149999618530273,9.149999618530273,0,0.0,0.0,0.0
2018-02-08 00:00:00-05:00,9.149999618530273,9.149999618530273,9.149999618530273,9.149999618530273,0,0.0,0.0,0.0
2018-02-09 00:00:00-05:00,9.149999618530273,9.149999618530273,9.149999618530273,9.149999618530273,0,0.0,0.0,0.0
2018-02-12 00:00:00-05:00,9.149999618530273,9.149999618530273,9.149999618530273,9.149999618530273,0,0.0,0.0,0.0
2018-02-13 00:00:00-05:00,9.149999618530273,9.149999618530273,9.149999618530273,9.149999618530273,0,0.0,0.0,0.0
2018-02-14 00:00:00-05:00,9.149999618530273,9.149999618530273,9.149999618530273,9.149999618530273,0,0.0,0.0,0.0
2018-02-15 00:00:00-05:00,9.149999618530273,9.149999618530273,9.149999618530273,9.149999618530273,0,0.0,0.0,0.0
2018-02-16 00:00:00-05:00,9.149999618530273,9.149999618530273,9.149999618530273,9.149999618530273,0,0.0,0.0,0.0
2018-02-20 00:00:00-05:00,9.149999618530273,9.149999618530273,9.149999618530273,9.149999618530273,0,0.0,0.0,0.0
2018-02-21 00:00:00-05:00,9.149999618530273,9.149999618530273,9.149999618530273,9.149999618530273,0,0.0,0.0,0.0
2018-02-22 00:00:00-05:00,9.149999618530273,9.149999618530273,9.149999618530273,9.149999618530273,0,0.0,0.0,0.0
2018-02-23 00:00:00-05:00,9.149999618530273,9.149999618530273,9.149999618530273,9.149999618530273,0,0.0,0.0,0.0
2018-02-26 00:00:00-05:00,9.149999618530273,9.149999618530273,9.149999618530273,9.149999618530273,0,0.0,0.0,0.0
2018-02-27 00:00:00-05:00,9.149999618530273,9.149999618530273,9.149999618530273,9.149999618530273,0,0.0,0.0,0.0
2018-02-28 00:00:00-05:00,9.149999618530273,9.149999618530273,9.149999618530273,9.149999618530273,0,0.0,0.0,0.0
2018-03-01 00:00:00-05:00,9.149999618530273,9.149999618530273,9.149999618530273,9.149999618530273,0,0.0,0.0,0.0
2018-03-02 00:00:00-05:00,9.149999618530273,9.149999618530273,9.149999618530273,9.149999618530273,0,0.0,0.0,0.0
2018-03-05 00:00:00-05:00,9.149999618530273,9.149999618530273,9.149999618530273,9.149999618530273,0,0.0,0.0,0.0
2018-03-06 00:00:00-05:00,9.149999618530273,9.149999618530273,9.149999618530273,9.149999618530273,0,0.0,0.0,0.0
2018-03-07 00:00:00-05:00,9.149999618530273,9.149999618530273,9.149999618530273,9.149999618530273,0,0.0,0.0,0.0
2018-03-08 00:00:00-05:00,9.149999618530273,9.149999618530273,9.149999618530273,9.149999618530273,0,0.0,0.0,0.0
2018-03-09 00:00:00-05:00,9.149999618530273,9.149999618530273,9.149999618530273,9.149999618530273,0,0.0,0.0,0.0
2018-03-12 00:00:00-04:00,9.149999618530273,9.149999618530273,9.149999618530273,9.149999618530273,0,0.0,0.0,0.0
2018-03-13 00:00:00-04:00,9.149999618530273,9.149999618530273,9.149999618530273,9.149999618530273,0,0.0,0.0,0.0
2018-03-14 00:00:00-04:00,9.149999618530273,9.149999618530273,9.149999618530273,9.149999618530273,0,0.0,0.0,0.0
2018-03-15 00:00:00-04:00,9.149999618530273,9.149999618530273,9.149999618530273,9.149999618530273,0,0.0,0.0,0.0
2018-03-16 00:00:00-04:00,9.149999618530273,9.149999618530273,9.149999618530273,9.149999618530273,0,0.0,0.0,0.0
2018-03-19 00:00:00-04:00,9.149999618530273,9.149999618530273,9.149999618530273,9.149999618530273,0,0.0,0.0,0.0
2018-03-20 00:00:00-04:00,9.149999618530273,9.149999618530273,9.149999618530273,9.149999618530273,0,0.0,0.0,0.0
2018-03-21 00:00:00-04:00,9.149999618530273,9.149999618530273,9.149999618530273,9.149999618530273,0,0.0,0.0,0.0
2018-03-22 00:00:00-04:00,9.149999618530273,9.149999618530273,9.149999618530273,9.149999618530273,0,0.0,0.0,0.0
2018-03-23 00:00:00-04:00,9.149999618530273,9.149999618530273,9.149999618530273,9.149999618530273,0,0.0,0.0,0.0
2018-03-26 00:00:00-04:00,9.149999618530273,9.149999618530273,9.149999618530273,9.149999618530273,0,0.0,0.0,0.0
2018-03-27 00:00:00-04:00,9.149999618530273,9.149999618530273,9.149999618530273,9.149999618530273,0,0.0,0.0,0.0
2018-03-28 00:00:00-04:00,9.149999618530273,9.149999618530273,9.149999618530273,9.149999618530273,0,0.0,0.0,0.0
2018-03-29 00:00:00-04:00,9.149999618530273,9.149999618530273,9.149999618530273,9.149999618530273,0,0.0,0.0,0.0
2018-04-02 00:00:00-04:00,9.149999618530273,9.149999618530273,9.149999618530273,9.149999618530273,0,0.0,0.0,0.0
2018-04-03 00:00:00-04:00,9.149999618530273,9.149999618530273,9.149999618530273,9.149999618530273,0,0.0,0.0,0.0
2018-04-04 00:00:00-04:00,9.149999618530273,9.149999618530273,9.149999618530273,9.149999618530273,0,0.0,0.0,0.0
2018-04-05 00:00:00-04:00,9.149999618530273,9.149999618530273,9.149999618530273,9.149999618530273,0,0.0,0.0,0.0
2018-04-06 00:00:00-04:00,9.149999618530273,9.149999618530273,9.149999618530273,9.149999618530273,0,0.0,0.0,0.0
2018-04-09 00:00:00-04:00,9.149999618530273,9.149999618530273,9.149999618530273,9.149999618530273,0,0.0,0.0,0.0
2018-04-10 00:00:00-04:00,9.149999618530273,9.149999618530273,9.149999618530273,9.149999618530273,0,0.0,0.0,0.0
2018-04-11 00:00:00-04:00,9.149999618530273,9.149999618530273,9.149999618530273,9.149999618530273,0,0.0,0.0,0.0
2018-04-12 00:00:00-04:00,9.149999618530273,9.149999618530273,9.149999618530273,9.149999618530273,0,0.0,0.0,0.0
2018-04-13 00:00:00-04:00,9.149999618530273,9.149999618530273,9.149999618530273,9.149999618530273,0,0.0,0.0,0.0
2018-04-16 00:00:00-04:00,9.149999618530273,9.149999618530273,9.149999618530273,9.149999618530273,0,0.0,0.0,0.0
2018-04-17 00:00:00-04:00,8.800000190734863,8.800000190734863,8.800000190734863,8.800000190734863,400,0.0,0.0,0.0
2018-04-18 00:00:00-04:00,8.800000190734863,8.800000190734863,8.800000190734863,8.800000190734863,0,0.0,0.0,0.0
2018-04-19 00:00:00-04:00,8.800000190734863,8.800000190734863,8.800000190734863,8.800000190734863,0,0.0,0.0,0.0
2018-04-20 00:00:00-04:00,8.800000190734863,8.800000190734863,8.800000190734863,8.800000190734863,0,0.0,0.0,0.0
2018-04-23 00:00:00-04:00,8.800000190734863,8.800000190734863,8.800000190734863,8.800000190734863,0,0.0,0.0,0.0
2018-04-24 00:00:00-04:00,8.800000190734863,8.800000190734863,8.800000190734863,8.800000190734863,0,0.0,0.0,0.0
2018-04-25 00:00:00-04:00,8.800000190734863,8.800000190734863,8.800000190734863,8.800000190734863,0,0.0,0.0,0.0
2018-04-26 00:00:00-04:00,8.800000190734863,8.800000190734863,8.800000190734863,8.800000190734863,0,0.0,0.0,0.0
2018-04-27 00:00:00-04:00,8.800000190734863,8.800000190734863,8.800000190734863,8.800000190734863,0,0.0,0.0,0.0
2018-04-30 00:00:00-04:00,8.800000190734863,8.800000190734863,8.800000190734863,8.800000190734863,0,0.0,0.0,0.0
2018-05-01 00:00:00-04:00,8.800000190734863,8.800000190734863,8.800000190734863,8.800000190734863,0,0.0,0.0,0.0
2018-05-02 00:00:00-04:00,8.800000190734863,8.800000190734863,8.800000190734863,8.800000190734863,0,0.0,0.0,0.0
2018-05-03 00:00:00-04:00,8.800000190734863,8.800000190734863,8.800000190734863,8.800000190734863,0,0.0,0.0,0.0
2018-05-04 00:00:00-04:00,8.800000190734863,8.800000190734863,8.800000190734863,8.800000190734863,0,0.0,0.0,0.0
2018-05-07 00:00:00-04:00,8.800000190734863,8.800000190734863,8.800000190734863,8.800000190734863,0,0.0,0.0,0.0
2018-05-08 00:00:00-04:00,8.800000190734863,8.800000190734863,8.800000190734863,8.800000190734863,0,0.0,0.0,0.0
2018-05-09 00:00:00-04:00,8.800000190734863,8.800000190734863,8.800000190734863,8.800000190734863,0,0.0,0.0,0.0
2018-05-10 00:00:00-04:00,8.800000190734863,8.800000190734863,8.800000190734863,8.800000190734863,0,0.0,0.0,0.0
2018-05-11 00:00:00-04:00,8.800000190734863,8.800000190734863,8.800000190734863,8.800000190734863,0,0.0,0.0,0.0
2018-05-14 00:00:00-04:00,8.800000190734863,8.800000190734863,8.800000190734863,8.800000190734863,0,0.0,0.0,0.0
2018-05-15 00:00:00-04:00,8.800000190734863,8.800000190734863,8.800000190734863,8.800000190734863,0,0.0,0.0,0.0
2018-05-16 00:00:00-04:00,8.800000190734863,8.800000190734863,8.800000190734863,8.800000190734863,0,0.0,0.0,0.0
2018-05-17 00:00:00-04:00,8.800000190734863,8.800000190734863,8.800000190734863,8.800000190734863,0,0.0,0.0,0.0
2018-05-18 00:00:00-04:00,8.800000190734863,8.800000190734863,8.800000190734863,8.800000190734863,0,0.0,0.0,0.0
2018-05-21 00:00:00-04:00,8.800000190734863,8.800000190734863,8.800000190734863,8.800000190734863,0,0.0,0.0,0.0
2018-05-22 00:00:00-04:00,8.800000190734863,8.800000190734863,8.800000190734863,8.800000190734863,0,0.0,0.0,0.0
2018-05-23 00:00:00-04:00,8.800000190734863,8.800000190734863,8.800000190734863,8.800000190734863,0,0.0,0.0,0.0
2018-05-24 00:00:00-04:00,8.800000190734863,8.800000190734863,8.800000190734863,8.800000190734863,0,0.0,0.0,0.0
2018-05-25 00:00:00-04:00,8.800000190734863,8.800000190734863,8.800000190734863,8.800000190734863,0,0.0,0.0,0.0
2018-05-29 00:00:00-04:00,8.800000190734863,8.800000190734863,8.800000190734863,8.800000190734863,0,0.0,0.0,0.0
2018-05-30 00:00:00-04:00,8.800000190734863,8.800000190734863,8.800000190734863,8.800000190734863,0,0.0,0.0,0.0
2018-05-31 00:00:00-04:00,8.800000190734863,8.800000190734863,8.800000190734863,8.800000190734863,0,0.0,0.0,0.0
2018-06-01 00:00:00-04:00,8.800000190734863,8.800000190734863,8.800000190734863,8.800000190734863,0,0.0,0.0,0.0
2018-06-04 00:00:00-04:00,8.800000190734863,8.800000190734863,8.800000190734863,8.800000190734863,0,0.0,0.0,0.0
2018-06-05 00:00:00-04:00,8.800000190734863,8.800000190734863,8.800000190734863,8.800000190734863,0,0.0,0.0,0.0
2018-06-06 00:00:00-04:00,8.800000190734863,8.800000190734863,8.800000190734863,8.800000190734863,0,0.0,0.0,0.0
2018-06-07 00:00:00-04:00,8.800000190734863,8.800000190734863,8.800000190734863,8.800000190734863,0,0.0,0.0,0.0
2018-06-08 00:00:00-04:00,8.800000190734863,8.800000190734863,8.800000190734863,8.800000190734863,0,0.0,0.0,0.0
2018-06-11 00:00:00-04:00,8.800000190734863,8.800000190734863,8.800000190734863,8.800000190734863,0,0.0,0.0,0.0
2018-06-12 00:00:00-04:00,8.800000190734863,8.800000190734863,8.800000190734863,8.800000190734863,0,0.0,0.0,0.0
2018-06-13 00:00:00-04:00,8.800000190734863,8.800000190734863,8.800000190734863,8.800000190734863,0,0.0,0.0,0.0
2018-06-14 00:00:00-04:00,8.800000190734863,8.800000190734863,8.800000190734863,8.800000190734863,0,0.0,0.0,0.0
2018-06-15 00:00:00-04:00,8.800000190734863,8.800000190734863,8.800000190734863,8.800000190734863,0,0.0,0.0,0.0
2018-06-18 00:00:00-04:00,8.800000190734863,8.800000190734863,8.800000190734863,8.800000190734863,0,0.0,0.0,0.0
2018-06-19 00:00:00-04:00,8.800000190734863,8.800000190734863,8.800000190734863,8.800000190734863,0,0.0,0.0,0.0
2018-06-20 00:00:00-04:00,8.800000190734863,8.800000190734863,8.800000190734863,8.800000190734863,0,0.0,0.0,0.0
2018-06-21 00:00:00-04:00,8.800000190734863,8.800000190734863,8.800000190734863,8.800000190734863,0,0.0,0.0,0.0
2018-06-22 00:00:00-04:00,8.800000190734863,8.800000190734863,8.800000190734863,8.800000190734863,0,0.0,0.0,0.0
2018-06-25 00:00:00-04:00,8.800000190734863,8.800000190734863,8.800000190734863,8.800000190734863,0,0.0,0.0,0.0
2018-06-26 00:00:00-04:00,8.800000190734863,8.800000190734863,8.800000190734863,8.800000190734863,0,0.0,0.0,0.0
2018-06-27 00:00:00-04:00,8.800000190734863,8.800000190734863,8.800000190734863,8.800000190734863,0,0.0,0.0,0.0
2018-06-28 00:00:00-04:00,8.800000190734863,8.800000190734863,8.800000190734863,8.800000190734863,0,0.0,0.0,0.0
2018-06-29 00:00:00-04:00,8.800000190734863,8.800000190734863,8.800000190734863,8.800000190734863,0,0.0,0.0,0.0
2018-07-02 00:00:00-04:00,8.800000190734863,8.800000190734863,8.800000190734863,8.800000190734863,0,0.0,0.0,0.0
2018-07-03 00:00:00-04:00,8.800000190734863,8.800000190734863,8.800000190734863,8.800000190734863,0,0.0,0.0,0.0
2018-07-05 00:00:00-04:00,8.800000190734863,8.800000190734863,8.800000190734863,8.800000190734863,0,0.0,0.0,0.0
2018-07-06 00:00:00-04:00,8.800000190734863,8.800000190734863,8.800000190734863,8.800000190734863,0,0.0,0.0,0.0
2018-07-09 00:00:00-04:00,8.800000190734863,8.800000190734863,8.800000190734863,8.800000190734863,0,0.0,0.0,0.0
2018-07-10 00:00:00-04:00,8.800000190734863,8.800000190734863,8.800000190734863,8.800000190734863,0,0.0,0.0,0.0
2018-07-11 00:00:00-04:00,8.800000190734863,8.800000190734863,8.800000190734863,8.800000190734863,0,0.0,0.0,0.0
2018-07-12 00:00:00-04:00,8.800000190734863,8.800000190734863,8.800000190734863,8.800000190734863,0,0.0,0.0,0.0
2018-07-13 00:00:00-04:00,8.800000190734863,8.800000190734863,8.800000190734863,8.800000190734863,0,0.0,0.0,0.0
2018-07-16 00:00:00-04:00,8.800000190734863,8.800000190734863,8.800000190734863,8.800000190734863,0,0.0,0.0,0.0
2018-07-17 00:00:00-04:00,8.800000190734863,8.800000190734863,8.800000190734863,8.800000190734863,0,0.0,0.0,0.0
2018-07-18 00:00:00-04:00,8.800000190734863,8.800000190734863,8.800000190734863,8.800000190734863,0,0.0,0.0,0.0
2018-07-19 00:00:00-04:00,8.800000190734863,8.800000190734863,8.800000190734863,8.800000190734863,0,0.0,0.0,0.0
2018-07-20 00:00:00-04:00,8.800000190734863,8.800000190734863,8.800000190734863,8.800000190734863,0,0.0,0.0,0.0
2018-07-23 00:00:00-04:00,8.800000190734863,8.800000190734863,8.800000190734863,8.800000190734863,0,0.0,0.0,0.0
2018-07-24 00:00:00-04:00,8.800000190734863,8.800000190734863,8.800000190734863,8.800000190734863,0,0.0,0.0,0.0
2018-07-25 00:00:00-04:00,8.100000381469727,8.100000381469727,8.100000381469727,8.100000381469727,2000,0.0,0.0,0.0
2018-07-26 00:00:00-04:00,8.100000381469727,8.100000381469727,8.100000381469727,8.100000381469727,0,0.0,0.0,0.0
2018-07-27 00:00:00-04:00,8.65999984741211,8.65999984741211,8.65999984741211,8.65999984741211,1000,0.0,0.0,0.0
2018-07-30 00:00:00-04:00,8.65999984741211,8.65999984741211,8.65999984741211,8.65999984741211,0,0.0,0.0,0.0
2018-07-31 00:00:00-04:00,8.100000381469727,8.100000381469727,8.100000381469727,8.100000381469727,200,0.0,0.0,0.0
2018-08-01 00:00:00-04:00,8.100000381469727,8.100000381469727,8.100000381469727,8.100000381469727,0,0.0,0.0,0.0
2018-08-02 00:00:00-04:00,8.100000381469727,8.100000381469727,8.100000381469727,8.100000381469727,0,0.0,0.0,0.0
2018-08-03 00:00:00-04:00,8.100000381469727,8.100000381469727,8.100000381469727,8.100000381469727,0,0.0,0.0,0.0
2018-08-06 00:00:00-04:00,8.100000381469727,8.100000381469727,8.100000381469727,8.100000381469727,0,0.0,0.0,0.0
2018-08-07 00:00:00-04:00,8.100000381469727,8.100000381469727,8.100000381469727,8.100000381469727,0,0.0,0.0,0.0
2018-08-08 00:00:00-04:00,8.100000381469727,8.100000381469727,8.100000381469727,8.100000381469727,0,0.0,0.0,0.0
2018-08-09 00:00:00-04:00,8.100000381469727,8.100000381469727,8.100000381469727,8.100000381469727,0,0.0,0.0,0.0
2018-08-10 00:00:00-04:00,8.100000381469727,8.100000381469727,8.100000381469727,8.100000381469727,0,0.0,0.0,0.0
2018-08-13 00:00:00-04:00,8.100000381469727,8.100000381469727,8.100000381469727,8.100000381469727,0,0.0,0.0,0.0
2018-08-14 00:00:00-04:00,8.100000381469727,8.100000381469727,8.100000381469727,8.100000381469727,0,0.0,0.0,0.0
2018-08-15 00:00:00-04:00,8.100000381469727,8.100000381469727,8.100000381469727,8.100000381469727,0,0.0,0.0,0.0
2018-08-16 00:00:00-04:00,8.100000381469727,8.100000381469727,8.100000381469727,8.100000381469727,0,0.0,0.0,0.0
2018-08-17 00:00:00-04:00,8.100000381469727,8.100000381469727,8.100000381469727,8.100000381469727,0,0.0,0.0,0.0
2018-08-20 00:00:00-04:00,8.100000381469727,8.100000381469727,8.100000381469727,8.100000381469727,0,0.0,0.0,0.0
2018-08-21 00:00:00-04:00,8.100000381469727,8.100000381469727,8.100000381469727,8.100000381469727,0,0.0,0.0,0.0
2018-08-22 00:00:00-04:00,8.100000381469727,8.100000381469727,8.100000381469727,8.100000381469727,0,0.0,0.0,0.0
2018-08-23 00:00:00-04:00,8.100000381469727,8.100000381469727,8.100000381469727,8.100000381469727,0,0.0,0.0,0.0
2018-08-24 00:00:00-04:00,8.100000381469727,8.100000381469727,8.100000381469727,8.100000381469727,0,0.0,0.0,0.0
2018-08-27 00:00:00-04:00,8.100000381469727,8.100000381469727,8.100000381469727,8.100000381469727,0,0.0,0.0,0.0
2018-08-28 00:00:00-04:00,8.100000381469727,8.100000381469727,8.100000381469727,8.100000381469727,0,0.0,0.0,0.0
2018-08-29 00:00:00-04:00,8.100000381469727,8.100000381469727,8.100000381469727,8.100000381469727,0,0.0,0.0,0.0
2018-08-30 00:00:00-04:00,8.100000381469727,8.100000381469727,8.100000381469727,8.100000381469727,0,0.0,0.0,0.0
2018-08-31 00:00:00-04:00,8.100000381469727,8.100000381469727,8.100000381469727,8.100000381469727,0,0.0,0.0,0.0
2018-09-04 00:00:00-04:00,8.100000381469727,8.100000381469727,8.100000381469727,8.100000381469727,0,0.0,0.0,0.0
2018-09-05 00:00:00-04:00,8.100000381469727,8.100000381469727,8.100000381469727,8.100000381469727,0,0.0,0.0,0.0
2018-09-06 00:00:00-04:00,8.100000381469727,8.100000381469727,8.100000381469727,8.100000381469727,0,0.0,0.0,0.0
2018-09-07 00:00:00-04:00,8.100000381469727,8.100000381469727,8.100000381469727,8.100000381469727,0,0.0,0.0,0.0
2018-09-10 00:00:00-04:00,8.100000381469727,8.100000381469727,8.100000381469727,8.100000381469727,0,0.0,0.0,0.0
2018-09-11 00:00:00-04:00,8.100000381469727,8.100000381469727,8.100000381469727,8.100000381469727,0,0.0,0.0,0.0
2018-09-12 00:00:00-04:00,8.100000381469727,8.100000381469727,8.100000381469727,8.100000381469727,0,0.0,0.0,0.0
2018-09-13 00:00:00-04:00,8.100000381469727,8.100000381469727,8.100000381469727,8.100000381469727,0,0.0,0.0,0.0
2018-09-14 00:00:00-04:00,8.100000381469727,8.100000381469727,8.100000381469727,8.100000381469727,0,0.0,0.0,0.0
2018-09-17 00:00:00-04:00,8.100000381469727,8.100000381469727,8.100000381469727,8.100000381469727,0,0.0,0.0,0.0
2018-09-18 00:00:00-04:00,8.100000381469727,8.100000381469727,8.100000381469727,8.100000381469727,0,0.0,0.0,0.0
2018-09-19 00:00:00-04:00,8.100000381469727,8.100000381469727,8.100000381469727,8.100000381469727,0,0.0,0.0,0.0
2018-09-20 00:00:00-04:00,8.100000381469727,8.100000381469727,8.100000381469727,8.100000381469727,0,0.0,0.0,0.0
2018-09-21 00:00:00-04:00,8.100000381469727,8.100000381469727,8.100000381469727,8.100000381469727,0,0.0,0.0,0.0
2018-09-24 00:00:00-04:00,8.100000381469727,8.100000381469727,8.100000381469727,8.100000381469727,0,0.0,0.0,0.0
2018-09-25 00:00:00-04:00,8.100000381469727,8.100000381469727,8.100000381469727,8.100000381469727,0,0.0,0.0,0.0
2018-09-26 00:00:00-04:00,8.100000381469727,8.100000381469727,8.100000381469727,8.100000381469727,0,0.0,0.0,0.0
2018-09-27 00:00:00-04:00,8.100000381469727,8.100000381469727,8.100000381469727,8.100000381469727,0,0.0,0.0,0.0
2018-09-28 00:00:00-04:00,8.100000381469727,8.100000381469727,8.100000381469727,8.100000381469727,0,0.0,0.0,0.0
2018-10-01 00:00:00-04:00,8.100000381469727,8.100000381469727,8.100000381469727,8.100000381469727,0,0.0,0.0,0.0
2018-10-02 00:00:00-04:00,8.100000381469727,8.100000381469727,8.100000381469727,8.100000381469727,0,0.0,0.0,0.0
2018-10-03 00:00:00-04:00,8.100000381469727,8.100000381469727,8.100000381469727,8.100000381469727,0,0.0,0.0,0.0
2018-10-04 00:00:00-04:00,8.100000381469727,8.100000381469727,8.100000381469727,8.100000381469727,0,0.0,0.0,0.0
2018-10-05 00:00:00-04:00,8.100000381469727,8.100000381469727,8.100000381469727,8.100000381469727,0,0.0,0.0,0.0
2018-10-08 00:00:00-04:00,8.100000381469727,8.100000381469727,8.100000381469727,8.100000381469727,0,0.0,0.0,0.0
2018-10-09 00:00:00-04:00,8.100000381469727,8.100000381469727,8.100000381469727,8.100000381469727,0,0.0,0.0,0.0
2018-10-10 00:00:00-04:00,8.100000381469727,8.100000381469727,8.100000381469727,8.100000381469727,0,0.0,0.0,0.0
2018-10-11 00:00:00-04:00,8.100000381469727,8.100000381469727,8.100000381469727,8.100000381469727,0,0.0,0.0,0.0
2018-10-12 00:00:00-04:00,8.100000381469727,8.100000381469727,8.100000381469727,8.100000381469727,0,0.0,0.0,0.0
2018-10-15 00:00:00-04:00,8.100000381469727,8.100000381469727,8.100000381469727,8.100000381469727,0,0.0,0.0,0.0
2018-10-16 00:00:00-04:00,8.100000381469727,8.100000381469727,8.100000381469727,8.100000381469727,0,0.0,0.0,0.0
2018-10-17 00:00:00-04:00,8.100000381469727,8.100000381469727,8.100000381469727,8.100000381469727,0,0.0,0.0,0.0
2018-10-18 00:00:00-04:00,8.100000381469727,8.100000381469727,8.100000381469727,8.100000381469727,0,0.0,0.0,0.0
2018-10-19 00:00:00-04:00,8.100000381469727,8.100000381469727,8.100000381469727,8.100000381469727,0,0.0,0.0,0.0
2018-10-22 00:00:00-04:00,8.100000381469727,8.100000381469727,8.100000381469727,8.100000381469727,0,0.0,0.0,0.0
2018-10-23 00:00:00-04:00,8.100000381469727,8.100000381469727,8.100000381469727,8.100000381469727,0,0.0,0.0,0.0
2018-10-24 00:00:00-04:00,8.100000381469727,8.100000381469727,8.100000381469727,8.100000381469727,0,0.0,0.0,0.0
2018-10-25 00:00:00-04:00,8.100000381469727,8.100000381469727,8.100000381469727,8.100000381469727,0,0.0,0.0,0.0
2018-10-26 00:00:00-04:00,8.100000381469727,8.100000381469727,8.100000381469727,8.100000381469727,0,0.0,0.0,0.0
2018-10-29 00:00:00-04:00,8.100000381469727,8.100000381469727,8.100000381469727,8.100000381469727,0,0.0,0.0,0.0
2018-10-30 00:00:00-04:00,8.100000381469727,8.100000381469727,8.100000381469727,8.100000381469727,0,0.0,0.0,0.0
2018-10-31 00:00:00-04:00,8.100000381469727,8.100000381469727,8.100000381469727,8.100000381469727,0,0.0,0.0,0.0
2018-11-01 00:00:00-04:00,8.100000381469727,8.100000381469727,8.100000381469727,8.100000381469727,0,0.0,0.0,0.0
2018-11-02 00:00:00-04:00,8.100000381469727,8.100000381469727,8.100000381469727,8.100000381469727,0,0.0,0.0,0.0
2018-11-05 00:00:00-05:00,8.100000381469727,8.100000381469727,8.100000381469727,8.100000381469727,0,0.0,0.0,0.0
2018-11-06 00:00:00-05:00,8.100000381469727,8.100000381469727,8.100000381469727,8.100000381469727,0,0.0,0.0,0.0
2018-11-07 00:00:00-05:00,8.100000381469727,8.100000381469727,8.100000381469727,8.100000381469727,0,0.0,0.0,0.0
2018-11-08 00:00:00-05:00,8.100000381469727,8.100000381469727,8.100000381469727,8.100000381469727,0,0.0,0.0,0.0
2018-11-09 00:00:00-05:00,8.100000381469727,8.100000381469727,8.100000381469727,8.100000381469727,0,0.0,0.0,0.0
2018-11-12 00:00:00-05:00,8.100000381469727,8.100000381469727,8.100000381469727,8.100000381469727,0,0.0,0.0,0.0
2018-11-13 00:00:00-05:00,8.100000381469727,8.100000381469727,8.100000381469727,8.100000381469727,0,0.0,0.0,0.0
2018-11-14 00:00:00-05:00,8.100000381469727,8.100000381469727,8.100000381469727,8.100000381469727,0,0.0,0.0,0.0
2018-11-15 00:00:00-05:00,8.100000381469727,8.100000381469727,8.100000381469727,8.100000381469727,0,0.0,0.0,0.0
2018-11-16 00:00:00-05:00,8.100000381469727,8.100000381469727,8.100000381469727,8.100000381469727,0,0.0,0.0,0.0
2018-11-19 00:00:00-05:00,8.100000381469727,8.100000381469727,8.100000381469727,8.100000381469727,0,0.0,0.0,0.0
2018-11-20 00:00:00-05:00,8.100000381469727,8.100000381469727,8.100000381469727,8.100000381469727,0,0.0,0.0,0.0
2018-11-21 00:00:00-05:00,8.100000381469727,8.100000381469727,8.100000381469727,8.100000381469727,0,0.0,0.0,0.0
2018-11-23 00:00:00-05:00,8.100000381469727,8.100000381469727,8.100000381469727,8.100000381469727,0,0.0,0.0,0.0
2018-11-26 00:00:00-05:00,8.100000381469727,8.100000381469727,8.100000381469727,8.100000381469727,0,0.0,0.0,0.0
2018-11-27 00:00:00-05:00,8.100000381469727,8.100000381469727,8.100000381469727,8.100000381469727,0,0.0,0.0,0.0
2018-11-28 00:00:00-05:00,8.100000381469727,8.100000381469727,8.100000381469727,8.100000381469727,0,0.0,0.0,0.0
2018-11-29 00:00:00-05:00,8.100000381469727,8.100000381469727,8.100000381469727,8.100000381469727,0,0.0,0.0,0.0
2018-11-30 00:00:00-05:00,8.100000381469727,8.100000381469727,8.100000381469727,8.100000381469727,0,0.0,0.0,0.0
2018-12-03 00:00:00-05:00,8.100000381469727,8.100000381469727,8.100000381469727,8.100000381469727,0,0.0,0.0,0.0
2018-12-04 00:00:00-05:00,8.100000381469727,8.100000381469727,8.100000381469727,8.100000381469727,0,0.0,0.0,0.0
2018-12-06 00:00:00-05:00,8.100000381469727,8.100000381469727,8.100000381469727,8.100000381469727,0,0.0,0.0,0.0
2018-12-07 00:00:00-05:00,8.100000381469727,8.100000381469727,8.100000381469727,8.100000381469727,0,0.0,0.0,0.0
2018-12-10 00:00:00-05:00,8.100000381469727,8.100000381469727,8.100000381469727,8.100000381469727,0,0.0,0.0,0.0
2018-12-11 00:00:00-05:00,3.4749999046325684,3.4749999046325684,3.4749999046325684,3.4749999046325684,11667,0.0,0.0,0.0
2018-12-12 00:00:00-05:00,3.4749999046325684,3.4749999046325684,3.4749999046325684,3.4749999046325684,0,0.0,0.0,0.0
2018-12-13 00:00:00-05:00,3.4749999046325684,3.4749999046325684,3.4749999046325684,3.4749999046325684,0,0.0,0.0,0.0
2018-12-14 00:00:00-05:00,3.4749999046325684,3.4749999046325684,3.4749999046325684,3.4749999046325684,0,0.0,0.0,0.0
2018-12-17 00:00:00-05:00,3.4749999046325684,3.4749999046325684,3.4749999046325684,3.4749999046325684,0,0.0,0.0,0.0
2018-12-18 00:00:00-05:00,3.4749999046325684,3.4749999046325684,3.4749999046325684,3.4749999046325684,0,0.0,0.0,0.0
2018-12-19 00:00:00-05:00,3.4749999046325684,3.4749999046325684,3.4749999046325684,3.4749999046325684,0,0.0,0.0,0.0
2018-12-20 00:00:00-05:00,3.4749999046325684,3.4749999046325684,3.4749999046325684,3.4749999046325684,0,0.0,0.0,0.0
2018-12-21 00:00:00-05:00,3.4749999046325684,3.4749999046325684,3.4749999046325684,3.4749999046325684,0,0.0,0.0,0.0
2018-12-24 00:00:00-05:00,3.4749999046325684,3.4749999046325684,3.4749999046325684,3.4749999046325684,0,0.0,0.0,0.0
2018-12-26 00:00:00-05:00,3.4749999046325684,3.4749999046325684,3.4749999046325684,3.4749999046325684,0,0.0,0.0,0.0
2018-12-27 00:00:00-05:00,3.4749999046325684,3.4749999046325684,3.4749999046325684,3.4749999046325684,0,0.0,0.0,0.0
2018-12-28 00:00:00-05:00,3.4749999046325684,3.4749999046325684,3.4749999046325684,3.4749999046325684,0,0.0,0.0,0.0
2018-12-31 00:00:00-05:00,3.4749999046325684,3.4749999046325684,3.4749999046325684,3.4749999046325684,0,0.0,0.0,0.0
2019-01-02 00:00:00-05:00,3.4749999046325684,3.4749999046325684,3.4749999046325684,3.4749999046325684,0,0.0,0.0,0.0
2019-01-03 00:00:00-05:00,3.4749999046325684,3.4749999046325684,3.4749999046325684,3.4749999046325684,0,0.0,0.0,0.0
2019-01-04 00:00:00-05:00,3.4749999046325684,3.4749999046325684,3.4749999046325684,3.4749999046325684,0,0.0,0.0,0.0
2019-01-07 00:00:00-05:00,3.4749999046325684,3.4749999046325684,3.4749999046325684,3.4749999046325684,0,0.0,0.0,0.0
2019-01-08 00:00:00-05:00,3.4749999046325684,3.4749999046325684,3.4749999046325684,3.4749999046325684,0,0.0,0.0,0.0
2019-01-09 00:00:00-05:00,3.4749999046325684,3.4749999046325684,3.4749999046325684,3.4749999046325684,0,0.0,0.0,0.0
2019-01-10 00:00:00-05:00,3.4749999046325684,3.4749999046325684,3.4749999046325684,3.4749999046325684,0,0.0,0.0,0.0
2019-01-11 00:00:00-05:00,3.4749999046325684,3.4749999046325684,3.4749999046325684,3.4749999046325684,0,0.0,0.0,0.0
2019-01-14 00:00:00-05:00,3.4749999046325684,3.4749999046325684,3.4749999046325684,3.4749999046325684,0,0.0,0.0,0.0
2019-01-15 00:00:00-05:00,3.4749999046325684,3.4749999046325684,3.4749999046325684,3.4749999046325684,0,0.0,0.0,0.0
2019-01-16 00:00:00-05:00,3.4749999046325684,3.4749999046325684,3.4749999046325684,3.4749999046325684,0,0.0,0.0,0.0
2019-01-17 00:00:00-05:00,3.4749999046325684,3.4749999046325684,3.4749999046325684,3.4749999046325684,0,0.0,0.0,0.0
2019-01-18 00:00:00-05:00,3.4749999046325684,3.4749999046325684,3.4749999046325684,3.4749999046325684,0,0.0,0.0,0.0
2019-01-22 00:00:00-05:00,3.4749999046325684,3.4749999046325684,3.4749999046325684,3.4749999046325684,0,0.0,0.0,0.0
2019-01-23 00:00:00-05:00,3.4749999046325684,3.4749999046325684,3.4749999046325684,3.4749999046325684,0,0.0,0.0,0.0
2019-01-24 00:00:00-05:00,3.4749999046325684,3.4749999046325684,3.4749999046325684,3.4749999046325684,0,0.0,0.0,0.0
2019-01-25 00:00:00-05:00,3.4749999046325684,3.4749999046325684,3.4749999046325684,3.4749999046325684,0,0.0,0.0,0.0
2019-01-28 00:00:00-05:00,3.4749999046325684,3.4749999046325684,3.4749999046325684,3.4749999046325684,0,0.0,0.0,0.0
2019-01-29 00:00:00-05:00,3.4749999046325684,3.4749999046325684,3.4749999046325684,3.4749999046325684,0,0.0,0.0,0.0
2019-01-30 00:00:00-05:00,3.4749999046325684,3.4749999046325684,3.4749999046325684,3.4749999046325684,0,0.0,0.0,0.0
2019-01-31 00:00:00-05:00,3.4749999046325684,3.4749999046325684,3.4749999046325684,3.4749999046325684,0,0.0,0.0,0.0
2019-02-01 00:00:00-05:00,3.4749999046325684,3.4749999046325684,3.4749999046325684,3.4749999046325684,0,0.0,0.0,0.0
2019-02-04 00:00:00-05:00,3.4749999046325684,3.4749999046325684,3.4749999046325684,3.4749999046325684,0,0.0,0.0,0.0
2019-02-05 00:00:00-05:00,3.4749999046325684,3.4749999046325684,3.4749999046325684,3.4749999046325684,0,0.0,0.0,0.0
2019-02-06 00:00:00-05:00,3.4749999046325684,3.4749999046325684,3.4749999046325684,3.4749999046325684,0,0.0,0.0,0.0
2019-02-07 00:00:00-05:00,3.4749999046325684,3.4749999046325684,3.4749999046325684,3.4749999046325684,0,0.0,0.0,0.0
2019-02-08 00:00:00-05:00,3.4749999046325684,3.4749999046325684,3.4749999046325684,3.4749999046325684,0,0.0,0.0,0.0
2019-02-11 00:00:00-05:00,3.4749999046325684,3.4749999046325684,3.4749999046325684,3.4749999046325684,0,0.0,0.0,0.0
2019-02-12 00:00:00-05:00,3.4749999046325684,3.4749999046325684,3.4749999046325684,3.4749999046325684,0,0.0,0.0,0.0
2019-02-13 00:00:00-05:00,3.4749999046325684,3.4749999046325684,3.4749999046325684,3.4749999046325684,0,0.0,0.0,0.0
2019-02-14 00:00:00-05:00,3.4749999046325684,3.4749999046325684,3.4749999046325684,3.4749999046325684,0,0.0,0.0,0.0
2019-02-15 00:00:00-05:00,3.4749999046325684,3.4749999046325684,3.4749999046325684,3.4749999046325684,0,0.0,0.0,0.0
2019-02-19 00:00:00-05:00,3.4749999046325684,3.4749999046325684,3.4749999046325684,3.4749999046325684,0,0.0,0.0,0.0
2019-02-20 00:00:00-05:00,3.4749999046325684,3.4749999046325684,3.4749999046325684,3.4749999046325684,0,0.0,0.0,0.0
2019-02-21 00:00:00-05:00,3.4749999046325684,3.4749999046325684,3.4749999046325684,3.4749999046325684,0,0.0,0.0,0.0
2019-02-22 00:00:00-05:00,3.4749999046325684,3.4749999046325684,3.4749999046325684,3.4749999046325684,0,0.0,0.0,0.0
2019-02-25 00:00:00-05:00,3.4749999046325684,3.4749999046325684,3.4749999046325684,3.4749999046325684,0,0.0,0.0,0.0
2019-02-26 00:00:00-05:00,3.4749999046325684,3.4749999046325684,3.4749999046325684,3.4749999046325684,0,0.0,0.0,0.0
2019-02-27 00:00:00-05:00,3.4749999046325684,3.4749999046325684,3.4749999046325684,3.4749999046325684,0,0.0,0.0,0.0
2019-02-28 00:00:00-05:00,3.4749999046325684,3.4749999046325684,3.4749999046325684,3.4749999046325684,0,0.0,0.0,0.0
2019-03-01 00:00:00-05:00,3.4749999046325684,3.4749999046325684,3.4749999046325684,3.4749999046325684,0,0.0,0.0,0.0
2019-03-04 00:00:00-05:00,3.4749999046325684,3.4749999046325684,3.4749999046325684,3.4749999046325684,0,0.0,0.0,0.0
2019-03-05 00:00:00-05:00,3.4749999046325684,3.4749999046325684,3.4749999046325684,3.4749999046325684,0,0.0,0.0,0.0
2019-03-06 00:00:00-05:00,3.4749999046325684,3.4749999046325684,3.4749999046325684,3.4749999046325684,0,0.0,0.0,0.0
2019-03-07 00:00:00-05:00,3.4749999046325684,3.4749999046325684,3.4749999046325684,3.4749999046325684,0,0.0,0.0,0.0
2019-03-08 00:00:00-05:00,3.4749999046325684,3.4749999046325684,3.4749999046325684,3.4749999046325684,0,0.0,0.0,0.0
2019-03-11 00:00:00-04:00,3.4749999046325684,3.4749999046325684,3.4749999046325684,3.4749999046325684,0,0.0,0.0,0.0
2019-03-12 00:00:00-04:00,3.4749999046325684,3.4749999046325684,3.4749999046325684,3.4749999046325684,0,0.0,0.0,0.0
2019-03-13 00:00:00-04:00,3.4749999046325684,3.4749999046325684,3.4749999046325684,3.4749999046325684,0,0.0,0.0,0.0
2019-03-14 00:00:00-04:00,3.4749999046325684,3.4749999046325684,3.4749999046325684,3.4749999046325684,0,0.0,0.0,0.0
2019-03-15 00:00:00-04:00,3.4749999046325684,3.4749999046325684,3.4749999046325684,3.4749999046325684,0,0.0,0.0,0.0
2019-03-18 00:00:00-04:00,3.4749999046325684,3.4749999046325684,3.4749999046325684,3.4749999046325684,0,0.0,0.0,0.0
2019-03-19 00:00:00-04:00,3.4749999046325684,3.4749999046325684,3.4749999046325684,3.4749999046325684,0,0.0,0.0,0.0
2019-03-20 00:00:00-04:00,3.4749999046325684,3.4749999046325684,3.4749999046325684,3.4749999046325684,0,0.0,0.0,0.0
2019-03-21 00:00:00-04:00,3.4749999046325684,3.4749999046325684,3.4749999046325684,3.4749999046325684,0,0.0,0.0,0.0
2019-03-22 00:00:00-04:00,3.4749999046325684,3.4749999046325684,3.4749999046325684,3.4749999046325684,0,0.0,0.0,0.0
2019-03-25 00:00:00-04:00,3.4749999046325684,3.4749999046325684,3.4749999046325684,3.4749999046325684,0,0.0,0.0,0.0
2019-03-26 00:00:00-04:00,3.4749999046325684,3.4749999046325684,3.4749999046325684,3.4749999046325684,0,0.0,0.0,0.0
2019-03-27 00:00:00-04:00,3.4749999046325684,3.4749999046325684,3.4749999046325684,3.4749999046325684,0,0.0,0.0,0.0
2019-03-28 00:00:00-04:00,3.4749999046325684,3.4749999046325684,3.4749999046325684,3.4749999046325684,0,0.0,0.0,0.0
2019-03-29 00:00:00-04:00,3.4749999046325684,3.4749999046325684,3.4749999046325684,3.4749999046325684,0,0.0,0.0,0.0
2019-04-01 00:00:00-04:00,3.4749999046325684,3.4749999046325684,3.4749999046325684,3.4749999046325684,0,0.0,0.0,0.0
2019-04-02 00:00:00-04:00,3.4749999046325684,3.4749999046325684,3.4749999046325684,3.4749999046325684,0,0.0,0.0,0.0
2019-04-03 00:00:00-04:00,3.4749999046325684,3.4749999046325684,3.4749999046325684,3.4749999046325684,0,0.0,0.0,0.0
2019-04-04 00:00:00-04:00,3.4749999046325684,3.4749999046325684,3.4749999046325684,3.4749999046325684,0,0.0,0.0,0.0
2019-04-05 00:00:00-04:00,3.4749999046325684,3.4749999046325684,3.4749999046325684,3.4749999046325684,0,0.0,0.0,0.0
2019-04-08 00:00:00-04:00,3.4749999046325684,3.4749999046325684,3.4749999046325684,3.4749999046325684,0,0.0,0.0,0.0
2019-04-09 00:00:00-04:00,3.4749999046325684,3.4749999046325684,3.4749999046325684,3.4749999046325684,0,0.0,0.0,0.0
2019-04-10 00:00:00-04:00,3.4749999046325684,3.4749999046325684,3.4749999046325684,3.4749999046325684,0,0.0,0.0,0.0
2019-04-11 00:00:00-04:00,3.4749999046325684,3.4749999046325684,3.4749999046325684,3.4749999046325684,0,0.0,0.0,0.0
2019-04-12 00:00:00-04:00,3.4749999046325684,3.4749999046325684,3.4749999046325684,3.4749999046325684,0,0.0,0.0,0.0
2019-04-15 00:00:00-04:00,3.4749999046325684,3.4749999046325684,3.4749999046325684,3.4749999046325684,0,0.0,0.0,0.0
2019-04-16 00:00:00-04:00,3.4749999046325684,3.4749999046325684,3.4749999046325684,3.4749999046325684,0,0.0,0.0,0.0
2019-04-17 00:00:00-04:00,3.4749999046325684,3.4749999046325684,3.4749999046325684,3.4749999046325684,0,0.0,0.0,0.0
2019-04-18 00:00:00-04:00,3.4749999046325684,3.4749999046325684,3.4749999046325684,3.4749999046325684,0,0.0,0.0,0.0
2019-04-22 00:00:00-04:00,3.4749999046325684,3.4749999046325684,3.4749999046325684,3.4749999046325684,0,0.0,0.0,0.0
2019-04-23 00:00:00-04:00,3.4749999046325684,3.4749999046325684,3.4749999046325684,3.4749999046325684,0,0.0,0.0,0.0
2019-04-24 00:00:00-04:00,3.4749999046325684,3.4749999046325684,3.4749999046325684,3.4749999046325684,0,0.0,0.0,0.0
2019-04-25 00:00:00-04:00,3.4749999046325684,3.4749999046325684,3.4749999046325684,3.4749999046325684,0,0.0,0.0,0.0
2019-04-26 00:00:00-04:00,3.4749999046325684,3.4749999046325684,3.4749999046325684,3.4749999046325684,0,0.0,0.0,0.0
2019-04-29 00:00:00-04:00,3.4749999046325684,3.4749999046325684,3.4749999046325684,3.4749999046325684,0,0.0,0.0,0.0
2019-04-30 00:00:00-04:00,3.4749999046325684,3.4749999046325684,3.4749999046325684,3.4749999046325684,0,0.0,0.0,0.0
2019-05-01 00:00:00-04:00,3.4749999046325684,3.4749999046325684,3.4749999046325684,3.4749999046325684,0,0.0,0.0,0.0
2019-05-02 00:00:00-04:00,3.4749999046325684,3.4749999046325684,3.4749999046325684,3.4749999046325684,0,0.0,0.0,0.0
2019-05-03 00:00:00-04:00,3.4749999046325684,3.4749999046325684,3.4749999046325684,3.4749999046325684,0,0.0,0.0,0.0
2019-05-06 00:00:00-04:00,3.4749999046325684,3.4749999046325684,3.4749999046325684,3.4749999046325684,0,0.0,0.0,0.0
2019-05-07 00:00:00-04:00,3.4749999046325684,3.4749999046325684,3.4749999046325684,3.4749999046325684,0,0.0,0.0,0.0
2019-05-08 00:00:00-04:00,3.4749999046325684,3.4749999046325684,3.4749999046325684,3.4749999046325684,0,0.0,0.0,0.0
2019-05-09 00:00:00-04:00,3.4749999046325684,3.4749999046325684,3.4749999046325684,3.4749999046325684,0,0.0,0.0,0.0
2019-05-10 00:00:00-04:00,3.4749999046325684,3.4749999046325684,3.4749999046325684,3.4749999046325684,0,0.0,0.0,0.0
2019-05-13 00:00:00-04:00,3.4749999046325684,3.4749999046325684,3.4749999046325684,3.4749999046325684,0,0.0,0.0,0.0
2019-05-14 00:00:00-04:00,3.4749999046325684,3.4749999046325684,3.4749999046325684,3.4749999046325684,0,0.0,0.0,0.0
2019-05-15 00:00:00-04:00,3.4749999046325684,3.4749999046325684,3.4749999046325684,3.4749999046325684,0,0.0,0.0,0.0
2019-05-16 00:00:00-04:00,3.4749999046325684,3.4749999046325684,3.4749999046325684,3.4749999046325684,0,0.0,0.0,0.0
2019-05-17 00:00:00-04:00,3.4749999046325684,3.4749999046325684,3.4749999046325684,3.4749999046325684,0,0.0,0.0,0.0
2019-05-20 00:00:00-04:00,3.4749999046325684,3.4749999046325684,3.4749999046325684,3.4749999046325684,0,0.0,0.0,0.0
2019-05-21 00:00:00-04:00,3.4749999046325684,3.4749999046325684,3.4749999046325684,3.4749999046325684,0,0.0,0.0,0.0
2019-05-22 00:00:00-04:00,3.4749999046325684,3.4749999046325684,3.4749999046325684,3.4749999046325684,0,0.0,0.0,0.0
2019-05-23 00:00:00-04:00,3.4749999046325684,3.4749999046325684,3.4749999046325684,3.4749999046325684,0,0.0,0.0,0.0
2019-05-24 00:00:00-04:00,3.4749999046325684,3.4749999046325684,3.4749999046325684,3.4749999046325684,0,0.0,0.0,0.0
2019-05-28 00:00:00-04:00,3.4749999046325684,3.4749999046325684,3.4749999046325684,3.4749999046325684,0,0.0,0.0,0.0
2019-05-29 00:00:00-04:00,3.4749999046325684,3.4749999046325684,3.4749999046325684,3.4749999046325684,0,0.0,0.0,0.0
2019-05-30 00:00:00-04:00,3.4749999046325684,3.4749999046325684,3.4749999046325684,3.4749999046325684,0,0.0,0.0,0.0
2019-05-31 00:00:00-04:00,3.4749999046325684,3.4749999046325684,3.4749999046325684,3.4749999046325684,0,0.0,0.0,0.0
2019-06-03 00:00:00-04:00,3.4749999046325684,3.4749999046325684,3.4749999046325684,3.4749999046325684,0,0.0,0.0,0.0
2019-06-04 00:00:00-04:00,3.4749999046325684,3.4749999046325684,3.4749999046325684,3.4749999046325684,0,0.0,0.0,0.0
2019-06-05 00:00:00-04:00,3.4749999046325684,3.4749999046325684,3.4749999046325684,3.4749999046325684,0,0.0,0.0,0.0
2019-06-06 00:00:00-04:00,3.4749999046325684,3.4749999046325684,3.4749999046325684,3.4749999046325684,0,0.0,0.0,0.0
2019-06-07 00:00:00-04:00,3.4749999046325684,3.4749999046325684,3.4749999046325684,3.4749999046325684,0,0.0,0.0,0.0
2019-06-10 00:00:00-04:00,3.4749999046325684,3.4749999046325684,3.4749999046325684,3.4749999046325684,0,0.0,0.0,0.0
2019-06-11 00:00:00-04:00,3.4749999046325684,3.4749999046325684,3.4749999046325684,3.4749999046325684,0,0.0,0.0,0.0
2019-06-12 00:00:00-04:00,3.4749999046325684,3.4749999046325684,3.4749999046325684,3.4749999046325684,0,0.0,0.0,0.0
2019-06-13 00:00:00-04:00,3.4749999046325684,3.4749999046325684,3.4749999046325684,3.4749999046325684,0,0.0,0.0,0.0
2019-06-14 00:00:00-04:00,3.4749999046325684,3.4749999046325684,3.4749999046325684,3.4749999046325684,0,0.0,0.0,0.0
2019-06-17 00:00:00-04:00,3.4749999046325684,3.4749999046325684,3.4749999046325684,3.4749999046325684,0,0.0,0.0,0.0
2019-06-18 00:00:00-04:00,3.4749999046325684,3.4749999046325684,3.4749999046325684,3.4749999046325684,0,0.0,0.0,0.0
2019-06-19 00:00:00-04:00,3.4749999046325684,3.4749999046325684,3.4749999046325684,3.4749999046325684,0,0.0,0.0,0.0
2019-06-20 00:00:00-04:00,3.4749999046325684,3.4749999046325684,3.4749999046325684,3.4749999046325684,0,0.0,0.0,0.0
2019-06-21 00:00:00-04:00,3.4749999046325684,3.4749999046325684,3.4749999046325684,3.4749999046325684,0,0.0,0.0,0.0
2019-06-24 00:00:00-04:00,3.4749999046325684,3.4749999046325684,3.4749999046325684,3.4749999046325684,0,0.0,0.0,0.0
2019-06-25 00:00:00-04:00,3.4749999046325684,3.4749999046325684,3.4749999046325684,3.4749999046325684,0,0.0,0.0,0.0
2019-06-26 00:00:00-04:00,3.4749999046325684,3.4749999046325684,3.4749999046325684,3.4749999046325684,0,0.0,0.0,0.0
2019-06-27 00:00:00-04:00,3.4749999046325684,3.4749999046325684,3.4749999046325684,3.4749999046325684,0,0.0,0.0,0.0
2019-06-28 00:00:00-04:00,3.4749999046325684,3.4749999046325684,3.4749999046325684,3.4749999046325684,0,0.0,0.0,0.0
2019-07-01 00:00:00-04:00,3.4749999046325684,3.4749999046325684,3.4749999046325684,3.4749999046325684,0,0.0,0.0,0.0
2019-07-02 00:00:00-04:00,3.4749999046325684,3.4749999046325684,3.4749999046325684,3.4749999046325684,0,0.0,0.0,0.0
2019-07-03 00:00:00-04:00,3.4749999046325684,3.4749999046325684,3.4749999046325684,3.4749999046325684,0,0.0,0.0,0.0
2019-07-05 00:00:00-04:00,3.4749999046325684,3.4749999046325684,3.4749999046325684,3.4749999046325684,0,0.0,0.0,0.0
2019-07-08 00:00:00-04:00,3.4749999046325684,3.4749999046325684,3.4749999046325684,3.4749999046325684,0,0.0,0.0,0.0
2019-07-09 00:00:00-04:00,3.4749999046325684,3.4749999046325684,3.4749999046325684,3.4749999046325684,0,0.0,0.0,0.0
2019-07-10 00:00:00-04:00,3.4749999046325684,3.4749999046325684,3.4749999046325684,3.4749999046325684,0,0.0,0.0,0.0
2019-07-11 00:00:00-04:00,3.4749999046325684,3.4749999046325684,3.4749999046325684,3.4749999046325684,0,0.0,0.0,0.0
2019-07-12 00:00:00-04:00,3.4749999046325684,3.4749999046325684,3.4749999046325684,3.4749999046325684,0,0.0,0.0,0.0
2019-07-15 00:00:00-04:00,3.4749999046325684,3.4749999046325684,3.4749999046325684,3.4749999046325684,0,0.0,0.0,0.0
2019-07-16 00:00:00-04:00,3.4749999046325684,3.4749999046325684,3.4749999046325684,3.4749999046325684,0,0.0,0.0,0.0
2019-07-17 00:00:00-04:00,3.4749999046325684,3.4749999046325684,3.4749999046325684,3.4749999046325684,0,0.0,0.0,0.0
2019-07-18 00:00:00-04:00,3.4749999046325684,3.4749999046325684,3.4749999046325684,3.4749999046325684,0,0.0,0.0,0.0
2019-07-19 00:00:00-04:00,3.4749999046325684,3.4749999046325684,3.4749999046325684,3.4749999046325684,0,0.0,0.0,0.0
2019-07-22 00:00:00-04:00,3.4749999046325684,3.4749999046325684,3.4749999046325684,3.4749999046325684,0,0.0,0.0,0.0
2019-07-23 00:00:00-04:00,3.4749999046325684,3.4749999046325684,3.4749999046325684,3.4749999046325684,0,0.0,0.0,0.0
2019-07-24 00:00:00-04:00,3.4749999046325684,3.4749999046325684,3.4749999046325684,3.4749999046325684,0,0.0,0.0,0.0
2019-07-25 00:00:00-04:00,3.4749999046325684,3.4749999046325684,3.4749999046325684,3.4749999046325684,0,0.0,0.0,0.0
2019-07-26 00:00:00-04:00,3.4749999046325684,3.4749999046325684,3.4749999046325684,3.4749999046325684,0,0.0,0.0,0.0
2019-07-29 00:00:00-04:00,3.4749999046325684,3.4749999046325684,3.4749999046325684,3.4749999046325684,0,0.0,0.0,0.0
2019-07-30 00:00:00-04:00,3.4749999046325684,3.4749999046325684,3.4749999046325684,3.4749999046325684,0,0.0,0.0,0.0
2019-07-31 00:00:00-04:00,3.4749999046325684,3.4749999046325684,3.4749999046325684,3.4749999046325684,0,0.0,0.0,0.0
2019-08-01 00:00:00-04:00,3.4749999046325684,3.4749999046325684,3.4749999046325684,3.4749999046325684,0,0.0,0.0,0.0
2019-08-02 00:00:00-04:00,3.4749999046325684,3.4749999046325684,3.4749999046325684,3.4749999046325684,0,0.0,0.0,0.0
2019-08-05 00:00:00-04:00,3.4749999046325684,3.4749999046325684,3.4749999046325684,3.4749999046325684,0,0.0,0.0,0.0
2019-08-06 00:00:00-04:00,3.4749999046325684,3.4749999046325684,3.4749999046325684,3.4749999046325684,0,0.0,0.0,0.0
2019-08-07 00:00:00-04:00,3.4749999046325684,3.4749999046325684,3.4749999046325684,3.4749999046325684,0,0.0,0.0,0.0
2019-08-08 00:00:00-04:00,3.4749999046325684,3.4749999046325684,3.4749999046325684,3.4749999046325684,0,0.0,0.0,0.0
2019-08-09 00:00:00-04:00,3.4749999046325684,3.4749999046325684,3.4749999046325684,3.4749999046325684,0,0.0,0.0,0.0
2019-08-12 00:00:00-04:00,3.4749999046325684,3.4749999046325684,3.4749999046325684,3.4749999046325684,0,0.0,0.0,0.0
2019-08-13 00:00:00-04:00,3.4749999046325684,3.4749999046325684,3.4749999046325684,3.4749999046325684,0,0.0,0.0,0.0
2019-08-14 00:00:00-04:00,3.4749999046325684,3.4749999046325684,3.4749999046325684,3.4749999046325684,0,0.0,0.0,0.0
2019-08-15 00:00:00-04:00,3.4749999046325684,3.4749999046325684,3.4749999046325684,3.4749999046325684,0,0.0,0.0,0.0
2019-08-16 00:00:00-04:00,3.4749999046325684,3.4749999046325684,3.4749999046325684,3.4749999046325684,0,0.0,0.0,0.0
2019-08-19 00:00:00-04:00,3.4749999046325684,3.4749999046325684,3.4749999046325684,3.4749999046325684,0,0.0,0.0,0.0
2019-08-20 00:00:00-04:00,3.4749999046325684,3.4749999046325684,3.4749999046325684,3.4749999046325684,0,0.0,0.0,0.0
2019-08-21 00:00:00-04:00,3.4749999046325684,3.4749999046325684,3.4749999046325684,3.4749999046325684,0,0.0,0.0,0.0
2019-08-22 00:00:00-04:00,3.4749999046325684,3.4749999046325684,3.4749999046325684,3.4749999046325684,0,0.0,0.0,0.0
2019-08-23 00:00:00-04:00,3.4749999046325684,3.4749999046325684,3.4749999046325684,3.4749999046325684,0,0.0,0.0,0.0
2019-08-26 00:00:00-04:00,3.4749999046325684,3.4749999046325684,3.4749999046325684,3.4749999046325684,0,0.0,0.0,0.0
2019-08-27 00:00:00-04:00,3.4749999046325684,3.4749999046325684,3.4749999046325684,3.4749999046325684,0,0.0,0.0,0.0
2019-08-28 00:00:00-04:00,3.4749999046325684,3.4749999046325684,3.4749999046325684,3.4749999046325684,0,0.0,0.0,0.0
2019-08-29 00:00:00-04:00,3.4749999046325684,3.4749999046325684,3.4749999046325684,3.4749999046325684,0,0.0,0.0,0.0
2019-08-30 00:00:00-04:00,3.4749999046325684,3.4749999046325684,3.4749999046325684,3.4749999046325684,0,0.0,0.0,0.0
2019-09-03 00:00:00-04:00,3.4749999046325684,3.4749999046325684,3.4749999046325684,3.4749999046325684,0,0.0,0.0,0.0
2019-09-04 00:00:00-04:00,3.4749999046325684,3.4749999046325684,3.4749999046325684,3.4749999046325684,0,0.0,0.0,0.0
2019-09-05 00:00:00-04:00,3.4749999046325684,3.4749999046325684,3.4749999046325684,3.4749999046325684,0,0.0,0.0,0.0
2019-09-06 00:00:00-04:00,3.4749999046325684,3.4749999046325684,3.4749999046325684,3.4749999046325684,0,0.0,0.0,0.0
2019-09-09 00:00:00-04:00,3.4749999046325684,3.4749999046325684,3.4749999046325684,3.4749999046325684,0,0.0,0.0,0.0
2019-09-10 00:00:00-04:00,3.4749999046325684,3.4749999046325684,3.4749999046325684,3.4749999046325684,0,0.0,0.0,0.0
2019-09-11 00:00:00-04:00,3.4749999046325684,3.4749999046325684,3.4749999046325684,3.4749999046325684,0,0.0,0.0,0.0
2019-09-12 00:00:00-04:00,3.4749999046325684,3.4749999046325684,3.4749999046325684,3.4749999046325684,0,0.0,0.0,0.0
2019-09-13 00:00:00-04:00,3.4749999046325684,3.4749999046325684,3.4749999046325684,3.4749999046325684,0,0.0,0.0,0.0
2019-09-16 00:00:00-04:00,3.4749999046325684,3.4749999046325684,3.4749999046325684,3.4749999046325684,0,0.0,0.0,0.0
2019-09-17 00:00:00-04:00,3.4749999046325684,3.4749999046325684,3.4749999046325684,3.4749999046325684,0,0.0,0.0,0.0
2019-09-18 00:00:00-04:00,3.4749999046325684,3.4749999046325684,3.4749999046325684,3.4749999046325684,0,0.0,0.0,0.0
2019-09-19 00:00:00-04:00,3.4749999046325684,3.4749999046325684,3.4749999046325684,3.4749999046325684,0,0.0,0.0,0.0
2019-09-20 00:00:00-04:00,3.4749999046325684,3.4749999046325684,3.4749999046325684,3.4749999046325684,0,0.0,0.0,0.0
2019-09-23 00:00:00-04:00,3.4749999046325684,3.4749999046325684,3.4749999046325684,3.4749999046325684,0,0.0,0.0,0.0
2019-09-24 00:00:00-04:00,3.4749999046325684,3.4749999046325684,3.4749999046325684,3.4749999046325684,0,0.0,0.0,0.0
2019-09-25 00:00:00-04:00,3.4749999046325684,3.4749999046325684,3.4749999046325684,3.4749999046325684,0,0.0,0.0,0.0
2019-09-26 00:00:00-04:00,3.4749999046325684,3.4749999046325684,3.4749999046325684,3.4749999046325684,0,0.0,0.0,0.0
2019-09-27 00:00:00-04:00,3.4749999046325684,3.4749999046325684,3.4749999046325684,3.4749999046325684,0,0.0,0.0,0.0
2019-09-30 00:00:00-04:00,3.4749999046325684,3.4749999046325684,3.4749999046325684,3.4749999046325684,0,0.0,0.0,0.0
2019-10-01 00:00:00-04:00,3.4749999046325684,3.4749999046325684,3.4749999046325684,3.4749999046325684,0,0.0,0.0,0.0
2019-10-02 00:00:00-04:00,3.4749999046325684,3.4749999046325684,3.4749999046325684,3.4749999046325684,0,0.0,0.0,0.0
2019-10-03 00:00:00-04:00,3.4749999046325684,3.4749999046325684,3.4749999046325684,3.4749999046325684,0,0.0,0.0,0.0
2019-10-04 00:00:00-04:00,3.4749999046325684,3.4749999046325684,3.4749999046325684,3.4749999046325684,0,0.0,0.0,0.0
2019-10-07 00:00:00-04:00,3.4749999046325684,3.4749999046325684,3.4749999046325684,3.4749999046325684,0,0.0,0.0,0.0
2019-10-08 00:00:00-04:00,3.4749999046325684,3.4749999046325684,3.4749999046325684,3.4749999046325684,0,0.0,0.0,0.0
2019-10-09 00:00:00-04:00,3.4749999046325684,3.4749999046325684,3.4749999046325684,3.4749999046325684,0,0.0,0.0,0.0
2019-10-10 00:00:00-04:00,3.4749999046325684,3.4749999046325684,3.4749999046325684,3.4749999046325684,0,0.0,0.0,0.0
2019-10-11 00:00:00-04:00,3.4749999046325684,3.4749999046325684,3.4749999046325684,3.4749999046325684,0,0.0,0.0,0.0
2019-10-14 00:00:00-04:00,3.4749999046325684,3.4749999046325684,3.4749999046325684,3.4749999046325684,0,0.0,0.0,0.0
2019-10-15 00:00:00-04:00,3.4749999046325684,3.4749999046325684,3.4749999046325684,3.4749999046325684,0,0.0,0.0,0.0
2019-10-16 00:00:00-04:00,3.4749999046325684,3.4749999046325684,3.4749999046325684,3.4749999046325684,0,0.0,0.0,0.0
2019-10-17 00:00:00-04:00,3.4749999046325684,3.4749999046325684,3.4749999046325684,3.4749999046325684,0,0.0,0.0,0.0
2019-10-18 00:00:00-04:00,3.4749999046325684,3.4749999046325684,3.4749999046325684,3.4749999046325684,0,0.0,0.0,0.0
2019-10-21 00:00:00-04:00,3.4749999046325684,3.4749999046325684,3.4749999046325684,3.4749999046325684,0,0.0,0.0,0.0
2019-10-22 00:00:00-04:00,3.4749999046325684,3.4749999046325684,3.4749999046325684,3.4749999046325684,0,0.0,0.0,0.0
2019-10-23 00:00:00-04:00,3.4749999046325684,3.4749999046325684,3.4749999046325684,3.4749999046325684,0,0.0,0.0,0.0
2019-10-24 00:00:00-04:00,3.4749999046325684,3.4749999046325684,3.4749999046325684,3.4749999046325684,0,0.0,0.0,0.0
2019-10-25 00:00:00-04:00,3.4749999046325684,3.4749999046325684,3.4749999046325684,3.4749999046325684,0,0.0,0.0,0.0
2019-10-28 00:00:00-04:00,3.4749999046325684,3.4749999046325684,3.4749999046325684,3.4749999046325684,0,0.0,0.0,0.0
2019-10-29 00:00:00-04:00,3.4749999046325684,3.4749999046325684,3.4749999046325684,3.4749999046325684,0,0.0,0.0,0.0
2019-10-30 00:00:00-04:00,3.4749999046325684,3.4749999046325684,3.4749999046325684,3.4749999046325684,0,0.0,0.0,0.0
2019-10-31 00:00:00-04:00,3.4749999046325684,3.4749999046325684,3.4749999046325684,3.4749999046325684,0,0.0,0.0,0.0
2019-11-01 00:00:00-04:00,3.4749999046325684,3.4749999046325684,3.4749999046325684,3.4749999046325684,0,0.0,0.0,0.0
2019-11-04 00:00:00-05:00,3.4749999046325684,3.4749999046325684,3.4749999046325684,3.4749999046325684,0,0.0,0.0,0.0
2019-11-05 00:00:00-05:00,3.4749999046325684,3.4749999046325684,3.4749999046325684,3.4749999046325684,0,0.0,0.0,0.0
2019-11-06 00:00:00-05:00,3.4749999046325684,3.4749999046325684,3.4749999046325684,3.4749999046325684,0,0.0,0.0,0.0
2019-11-07 00:00:00-05:00,3.4749999046325684,3.4749999046325684,3.4749999046325684,3.4749999046325684,0,0.0,0.0,0.0
2019-11-08 00:00:00-05:00,3.4749999046325684,3.4749999046325684,3.4749999046325684,3.4749999046325684,0,0.0,0.0,0.0
2019-11-11 00:00:00-05:00,3.4749999046325684,3.4749999046325684,3.4749999046325684,3.4749999046325684,0,0.0,0.0,0.0
2019-11-12 00:00:00-05:00,3.4749999046325684,3.4749999046325684,3.4749999046325684,3.4749999046325684,0,0.0,0.0,0.0
2019-11-13 00:00:00-05:00,3.4749999046325684,3.4749999046325684,3.4749999046325684,3.4749999046325684,0,0.0,0.0,0.0
2019-11-14 00:00:00-05:00,3.4749999046325684,3.4749999046325684,3.4749999046325684,3.4749999046325684,0,0.0,0.0,0.0
2019-11-15 00:00:00-05:00,3.4749999046325684,3.4749999046325684,3.4749999046325684,3.4749999046325684,0,0.0,0.0,0.0
2019-11-18 00:00:00-05:00,3.4749999046325684,3.4749999046325684,3.4749999046325684,3.4749999046325684,0,0.0,0.0,0.0
2019-11-19 00:00:00-05:00,3.4749999046325684,3.4749999046325684,3.4749999046325684,3.4749999046325684,0,0.0,0.0,0.0
2019-11-20 00:00:00-05:00,3.4749999046325684,3.4749999046325684,3.4749999046325684,3.4749999046325684,0,0.0,0.0,0.0
2019-11-21 00:00:00-05:00,3.4749999046325684,3.4749999046325684,3.4749999046325684,3.4749999046325684,0,0.0,0.0,0.0
2019-11-22 00:00:00-05:00,3.4749999046325684,3.4749999046325684,3.4749999046325684,3.4749999046325684,0,0.0,0.0,0.0
2019-11-25 00:00:00-05:00,3.4749999046325684,3.4749999046325684,3.4749999046325684,3.4749999046325684,0,0.0,0.0,0.0
2019-11-26 00:00:00-05:00,3.4749999046325684,3.4749999046325684,3.4749999046325684,3.4749999046325684,0,0.0,0.0,0.0
2019-11-27 00:00:00-05:00,3.4749999046325684,3.4749999046325684,3.4749999046325684,3.4749999046325684,0,0.0,0.0,0.0
2019-11-29 00:00:00-05:00,3.4749999046325684,3.4749999046325684,3.4749999046325684,3.4749999046325684,0,0.0,0.0,0.0
2019-12-02 00:00:00-05:00,3.4749999046325684,3.4749999046325684,3.4749999046325684,3.4749999046325684,0,0.0,0.0,0.0
2019-12-03 00:00:00-05:00,3.4749999046325684,3.4749999046325684,3.4749999046325684,3.4749999046325684,0,0.0,0.0,0.0
2019-12-04 00:00:00-05:00,3.4749999046325684,3.4749999046325684,3.4749999046325684,3.4749999046325684,0,0.0,0.0,0.0
2019-12-05 00:00:00-05:00,3.4749999046325684,3.4749999046325684,3.4749999046325684,3.4749999046325684,0,0.0,0.0,0.0
2019-12-06 00:00:00-05:00,3.4749999046325684,3.4749999046325684,3.4749999046325684,3.4749999046325684,0,0.0,0.0,0.0
2019-12-09 00:00:00-05:00,3.4749999046325684,3.4749999046325684,3.4749999046325684,3.4749999046325684,0,0.0,0.0,0.0
2019-12-10 00:00:00-05:00,3.4749999046325684,3.4749999046325684,3.4749999046325684,3.4749999046325684,0,0.0,0.0,0.0
2019-12-11 00:00:00-05:00,3.4749999046325684,3.4749999046325684,3.4749999046325684,3.4749999046325684,0,0.0,0.0,0.0
2019-12-12 00:00:00-05:00,3.4749999046325684,3.4749999046325684,3.4749999046325684,3.4749999046325684,0,0.0,0.0,0.0
2019-12-13 00:00:00-05:00,3.4749999046325684,3.4749999046325684,3.4749999046325684,3.4749999046325684,0,0.0,0.0,0.0
2019-12-16 00:00:00-05:00,3.4749999046325684,3.4749999046325684,3.4749999046325684,3.4749999046325684,0,0.0,0.0,0.0
2019-12-17 00:00:00-05:00,3.4749999046325684,3.4749999046325684,3.4749999046325684,3.4749999046325684,0,0.0,0.0,0.0
2019-12-18 00:00:00-05:00,3.4749999046325684,3.4749999046325684,3.4749999046325684,3.4749999046325684,0,0.0,0.0,0.0
2019-12-19 00:00:00-05:00,3.4749999046325684,3.4749999046325684,3.4749999046325684,3.4749999046325684,0,0.0,0.0,0.0
2019-12-20 00:00:00-05:00,3.4749999046325684,3.4749999046325684,3.4749999046325684,3.4749999046325684,0,0.0,0.0,0.0
2019-12-23 00:00:00-05:00,3.4749999046325684,3.4749999046325684,3.4749999046325684,3.4749999046325684,0,0.0,0.0,0.0
2019-12-24 00:00:00-05:00,3.4749999046325684,3.4749999046325684,3.4749999046325684,3.4749999046325684,0,0.0,0.0,0.0
2019-12-26 00:00:00-05:00,3.4749999046325684,3.4749999046325684,3.4749999046325684,3.4749999046325684,0,0.0,0.0,0.0
2019-12-27 00:00:00-05:00,3.4749999046325684,3.4749999046325684,3.4749999046325684,3.4749999046325684,0,0.0,0.0,0.0
2019-12-30 00:00:00-05:00,3.4749999046325684,3.4749999046325684,3.4749999046325684,3.4749999046325684,0,0.0,0.0,0.0
2019-12-31 00:00:00-05:00,3.4749999046325684,3.4749999046325684,3.4749999046325684,3.4749999046325684,0,0.0,0.0,0.0
2020-01-02 00:00:00-05:00,3.4749999046325684,3.4749999046325684,3.4749999046325684,3.4749999046325684,0,0.0,0.0,0.0
2020-01-03 00:00:00-05:00,3.4749999046325684,3.4749999046325684,3.4749999046325684,3.4749999046325684,0,0.0,0.0,0.0
2020-01-06 00:00:00-05:00,3.4749999046325684,3.4749999046325684,3.4749999046325684,3.4749999046325684,0,0.0,0.0,0.0
2020-01-07 00:00:00-05:00,3.4749999046325684,3.4749999046325684,3.4749999046325684,3.4749999046325684,0,0.0,0.0,0.0
2020-01-08 00:00:00-05:00,3.4749999046325684,3.4749999046325684,3.4749999046325684,3.4749999046325684,0,0.0,0.0,0.0
2020-01-09 00:00:00-05:00,3.4749999046325684,3.4749999046325684,3.4749999046325684,3.4749999046325684,0,0.0,0.0,0.0
2020-01-10 00:00:00-05:00,3.4749999046325684,3.4749999046325684,3.4749999046325684,3.4749999046325684,0,0.0,0.0,0.0
2020-01-13 00:00:00-05:00,3.4749999046325684,3.4749999046325684,3.4749999046325684,3.4749999046325684,0,0.0,0.0,0.0
2020-01-14 00:00:00-05:00,3.4749999046325684,3.4749999046325684,3.4749999046325684,3.4749999046325684,0,0.0,0.0,0.0
2020-01-15 00:00:00-05:00,3.4749999046325684,3.4749999046325684,3.4749999046325684,3.4749999046325684,0,0.0,0.0,0.0
2020-01-16 00:00:00-05:00,3.4749999046325684,3.4749999046325684,3.4749999046325684,3.4749999046325684,0,0.0,0.0,0.0
2020-01-17 00:00:00-05:00,3.4749999046325684,3.4749999046325684,3.4749999046325684,3.4749999046325684,0,0.0,0.0,0.0
2020-01-21 00:00:00-05:00,6.849999904632568,6.940000057220459,6.849999904632568,6.940000057220459,5100,0.0,0.0,0.0
2020-01-22 00:00:00-05:00,6.800000190734863,6.800000190734863,6.800000190734863,6.800000190734863,150,0.0,0.0,0.0
2020-01-23 00:00:00-05:00,6.800000190734863,6.800000190734863,6.800000190734863,6.800000190734863,0,0.0,0.0,0.0
2020-01-24 00:00:00-05:00,6.800000190734863,6.800000190734863,6.800000190734863,6.800000190734863,0,0.0,0.0,0.0
2020-01-27 00:00:00-05:00,6.800000190734863,6.800000190734863,6.800000190734863,6.800000190734863,0,0.0,0.0,0.0
2020-01-28 00:00:00-05:00,6.800000190734863,6.800000190734863,6.800000190734863,6.800000190734863,0,0.0,0.0,0.0
2020-01-29 00:00:00-05:00,6.800000190734863,6.800000190734863,6.800000190734863,6.800000190734863,0,0.0,0.0,0.0
2020-01-30 00:00:00-05:00,6.800000190734863,6.800000190734863,6.800000190734863,6.800000190734863,0,0.0,0.0,0.0
2020-01-31 00:00:00-05:00,6.800000190734863,6.800000190734863,6.800000190734863,6.800000190734863,0,0.0,0.0,0.0
2020-02-03 00:00:00-05:00,6.800000190734863,6.800000190734863,6.800000190734863,6.800000190734863,0,0.0,0.0,0.0
2020-02-04 00:00:00-05:00,6.800000190734863,6.800000190734863,6.800000190734863,6.800000190734863,0,0.0,0.0,0.0
2020-02-05 00:00:00-05:00,6.800000190734863,6.800000190734863,6.800000190734863,6.800000190734863,0,0.0,0.0,0.0
2020-02-06 00:00:00-05:00,6.010000228881836,6.010000228881836,6.010000228881836,6.010000228881836,150,0.0,0.0,0.0
2020-02-07 00:00:00-05:00,6.010000228881836,6.010000228881836,6.010000228881836,6.010000228881836,0,0.0,0.0,0.0
2020-02-10 00:00:00-05:00,6.010000228881836,6.010000228881836,6.010000228881836,6.010000228881836,0,0.0,0.0,0.0
2020-02-11 00:00:00-05:00,6.010000228881836,6.010000228881836,6.010000228881836,6.010000228881836,0,0.0,0.0,0.0
2020-02-12 00:00:00-05:00,6.010000228881836,6.010000228881836,6.010000228881836,6.010000228881836,0,0.0,0.0,0.0
2020-02-13 00:00:00-05:00,6.010000228881836,6.010000228881836,6.010000228881836,6.010000228881836,0,0.0,0.0,0.0
2020-02-14 00:00:00-05:00,6.010000228881836,6.010000228881836,6.010000228881836,6.010000228881836,0,0.0,0.0,0.0
2020-02-18 00:00:00-05:00,6.010000228881836,6.010000228881836,6.010000228881836,6.010000228881836,0,0.0,0.0,0.0
2020-02-19 00:00:00-05:00,6.010000228881836,6.010000228881836,6.010000228881836,6.010000228881836,0,0.0,0.0,0.0
2020-02-20 00:00:00-05:00,6.010000228881836,6.010000228881836,6.010000228881836,6.010000228881836,0,0.0,0.0,0.0
2020-02-21 00:00:00-05:00,6.010000228881836,6.010000228881836,6.010000228881836,6.010000228881836,0,0.0,0.0,0.0
2020-02-24 00:00:00-05:00,6.010000228881836,6.010000228881836,6.010000228881836,6.010000228881836,0,0.0,0.0,0.0
2020-02-25 00:00:00-05:00,6.010000228881836,6.010000228881836,6.010000228881836,6.010000228881836,0,0.0,0.0,0.0
2020-02-26 00:00:00-05:00,6.010000228881836,6.010000228881836,6.010000228881836,6.010000228881836,0,0.0,0.0,0.0
2020-02-27 00:00:00-05:00,6.010000228881836,6.010000228881836,6.010000228881836,6.010000228881836,0,0.0,0.0,0.0
2020-02-28 00:00:00-05:00,6.010000228881836,6.010000228881836,6.010000228881836,6.010000228881836,0,0.0,0.0,0.0
2020-03-02 00:00:00-05:00,6.010000228881836,6.010000228881836,6.010000228881836,6.010000228881836,0,0.0,0.0,0.0
2020-03-03 00:00:00-05:00,6.010000228881836,6.010000228881836,6.010000228881836,6.010000228881836,0,0.0,0.0,0.0
2020-03-04 00:00:00-05:00,6.010000228881836,6.010000228881836,6.010000228881836,6.010000228881836,0,0.0,0.0,0.0
2020-03-05 00:00:00-05:00,6.010000228881836,6.010000228881836,6.010000228881836,6.010000228881836,0,0.0,0.0,0.0
2020-03-06 00:00:00-05:00,6.010000228881836,6.010000228881836,6.010000228881836,6.010000228881836,0,0.0,0.0,0.0
2020-03-09 00:00:00-04:00,6.010000228881836,6.010000228881836,6.010000228881836,6.010000228881836,0,0.0,0.0,0.0
2020-03-10 00:00:00-04:00,6.010000228881836,6.010000228881836,6.010000228881836,6.010000228881836,0,0.0,0.0,0.0
2020-03-11 00:00:00-04:00,6.010000228881836,6.010000228881836,6.010000228881836,6.010000228881836,0,0.0,0.0,0.0
2020-03-12 00:00:00-04:00,6.010000228881836,6.010000228881836,6.010000228881836,6.010000228881836,0,0.0,0.0,0.0
2020-03-13 00:00:00-04:00,6.010000228881836,6.010000228881836,6.010000228881836,6.010000228881836,0,0.0,0.0,0.0
2020-03-16 00:00:00-04:00,6.010000228881836,6.010000228881836,6.010000228881836,6.010000228881836,0,0.0,0.0,0.0
2020-03-17 00:00:00-04:00,6.010000228881836,6.010000228881836,6.010000228881836,6.010000228881836,0,0.0,0.0,0.0
2020-03-18 00:00:00-04:00,6.010000228881836,6.010000228881836,6.010000228881836,6.010000228881836,0,0.0,0.0,0.0
2020-03-19 00:00:00-04:00,6.010000228881836,6.010000228881836,6.010000228881836,6.010000228881836,0,0.0,0.0,0.0
2020-03-20 00:00:00-04:00,6.010000228881836,6.010000228881836,6.010000228881836,6.010000228881836,0,0.0,0.0,0.0
2020-03-23 00:00:00-04:00,6.010000228881836,6.010000228881836,6.010000228881836,6.010000228881836,0,0.0,0.0,0.0
2020-03-24 00:00:00-04:00,6.010000228881836,6.010000228881836,6.010000228881836,6.010000228881836,0,0.0,0.0,0.0
2020-03-25 00:00:00-04:00,6.010000228881836,6.010000228881836,6.010000228881836,6.010000228881836,0,0.0,0.0,0.0
2020-03-26 00:00:00-04:00,6.010000228881836,6.010000228881836,6.010000228881836,6.010000228881836,0,0.0,0.0,0.0
2020-03-27 00:00:00-04:00,6.010000228881836,6.010000228881836,6.010000228881836,6.010000228881836,0,0.0,0.0,0.0
2020-03-30 00:00:00-04:00,6.010000228881836,6.010000228881836,6.010000228881836,6.010000228881836,0,0.0,0.0,0.0
2020-03-31 00:00:00-04:00,6.010000228881836,6.010000228881836,6.010000228881836,6.010000228881836,0,0.0,0.0,0.0
2020-04-01 00:00:00-04:00,6.010000228881836,6.010000228881836,6.010000228881836,6.010000228881836,0,0.0,0.0,0.0
2020-04-02 00:00:00-04:00,6.010000228881836,6.010000228881836,6.010000228881836,6.010000228881836,0,0.0,0.0,0.0
2020-04-03 00:00:00-04:00,6.010000228881836,6.010000228881836,6.010000228881836,6.010000228881836,0,0.0,0.0,0.0
2020-04-06 00:00:00-04:00,6.010000228881836,6.010000228881836,6.010000228881836,6.010000228881836,0,0.0,0.0,0.0
2020-04-07 00:00:00-04:00,6.010000228881836,6.010000228881836,6.010000228881836,6.010000228881836,0,0.0,0.0,0.0
2020-04-08 00:00:00-04:00,6.010000228881836,6.010000228881836,6.010000228881836,6.010000228881836,0,0.0,0.0,0.0
2020-04-09 00:00:00-04:00,6.010000228881836,6.010000228881836,6.010000228881836,6.010000228881836,0,0.0,0.0,0.0
2020-04-13 00:00:00-04:00,6.010000228881836,6.010000228881836,6.010000228881836,6.010000228881836,0,0.0,0.0,0.0
2020-04-14 00:00:00-04:00,6.010000228881836,6.010000228881836,6.010000228881836,6.010000228881836,0,0.0,0.0,0.0
2020-04-15 00:00:00-04:00,6.010000228881836,6.010000228881836,6.010000228881836,6.010000228881836,0,0.0,0.0,0.0
2020-04-16 00:00:00-04:00,6.010000228881836,6.010000228881836,6.010000228881836,6.010000228881836,0,0.0,0.0,0.0
2020-04-17 00:00:00-04:00,3.950000047683716,3.950000047683716,3.950000047683716,3.950000047683716,500,0.0,0.0,0.0
2020-04-20 00:00:00-04:00,3.950000047683716,3.950000047683716,3.950000047683716,3.950000047683716,0,0.0,0.0,0.0
2020-04-21 00:00:00-04:00,3.950000047683716,3.950000047683716,3.950000047683716,3.950000047683716,0,0.0,0.0,0.0
2020-04-22 00:00:00-04:00,3.950000047683716,3.950000047683716,3.950000047683716,3.950000047683716,0,0.0,0.0,0.0
2020-04-23 00:00:00-04:00,3.950000047683716,3.950000047683716,3.950000047683716,3.950000047683716,0,0.0,0.0,0.0
2020-04-24 00:00:00-04:00,3.950000047683716,3.950000047683716,3.950000047683716,3.950000047683716,0,0.0,0.0,0.0
2020-04-27 00:00:00-04:00,3.950000047683716,3.950000047683716,3.950000047683716,3.950000047683716,0,0.0,0.0,0.0
2020-04-28 00:00:00-04:00,3.950000047683716,3.950000047683716,3.950000047683716,3.950000047683716,0,0.0,0.0,0.0
2020-04-29 00:00:00-04:00,3.950000047683716,3.950000047683716,3.950000047683716,3.950000047683716,0,0.0,0.0,0.0
2020-04-30 00:00:00-04:00,3.950000047683716,3.950000047683716,3.950000047683716,3.950000047683716,0,0.0,0.0,0.0
2020-05-01 00:00:00-04:00,3.950000047683716,3.950000047683716,3.950000047683716,3.950000047683716,0,0.0,0.0,0.0
2020-05-04 00:00:00-04:00,3.950000047683716,3.950000047683716,3.950000047683716,3.950000047683716,0,0.0,0.0,0.0
2020-05-05 00:00:00-04:00,3.950000047683716,3.950000047683716,3.950000047683716,3.950000047683716,0,0.0,0.0,0.0
2020-05-06 00:00:00-04:00,3.950000047683716,3.950000047683716,3.950000047683716,3.950000047683716,0,0.0,0.0,0.0
2020-05-07 00:00:00-04:00,3.950000047683716,3.950000047683716,3.950000047683716,3.950000047683716,0,0.0,0.0,0.0
2020-05-08 00:00:00-04:00,3.950000047683716,3.950000047683716,3.950000047683716,3.950000047683716,0,0.0,0.0,0.0
2020-05-11 00:00:00-04:00,3.950000047683716,3.950000047683716,3.950000047683716,3.950000047683716,0,0.0,0.0,0.0
2020-05-12 00:00:00-04:00,3.950000047683716,3.950000047683716,3.950000047683716,3.950000047683716,0,0.0,0.0,0.0
2020-05-13 00:00:00-04:00,3.950000047683716,3.950000047683716,3.950000047683716,3.950000047683716,0,0.0,0.0,0.0
2020-05-14 00:00:00-04:00,3.950000047683716,3.950000047683716,3.950000047683716,3.950000047683716,0,0.0,0.0,0.0
2020-05-15 00:00:00-04:00,3.950000047683716,3.950000047683716,3.950000047683716,3.950000047683716,0,0.0,0.0,0.0
2020-05-18 00:00:00-04:00,3.950000047683716,3.950000047683716,3.950000047683716,3.950000047683716,0,0.0,0.0,0.0
2020-05-19 00:00:00-04:00,3.950000047683716,3.950000047683716,3.950000047683716,3.950000047683716,0,0.0,0.0,0.0
2020-05-20 00:00:00-04:00,3.950000047683716,3.950000047683716,3.950000047683716,3.950000047683716,0,0.0,0.0,0.0
2020-05-21 00:00:00-04:00,3.950000047683716,3.950000047683716,3.950000047683716,3.950000047683716,0,0.0,0.0,0.0
2020-05-22 00:00:00-04:00,3.950000047683716,3.950000047683716,3.950000047683716,3.950000047683716,0,0.0,0.0,0.0
2020-05-26 00:00:00-04:00,3.950000047683716,3.950000047683716,3.950000047683716,3.950000047683716,0,0.0,0.0,0.0
2020-05-27 00:00:00-04:00,3.950000047683716,3.950000047683716,3.950000047683716,3.950000047683716,0,0.0,0.0,0.0
2020-05-28 00:00:00-04:00,3.950000047683716,3.950000047683716,3.950000047683716,3.950000047683716,0,0.0,0.0,0.0
2020-05-29 00:00:00-04:00,3.950000047683716,3.950000047683716,3.950000047683716,3.950000047683716,0,0.0,0.0,0.0
2020-06-01 00:00:00-04:00,3.950000047683716,3.950000047683716,3.950000047683716,3.950000047683716,0,0.0,0.0,0.0
2020-06-02 00:00:00-04:00,3.950000047683716,3.950000047683716,3.950000047683716,3.950000047683716,0,0.0,0.0,0.0
2020-06-03 00:00:00-04:00,3.950000047683716,3.950000047683716,3.950000047683716,3.950000047683716,0,0.0,0.0,0.0
2020-06-04 00:00:00-04:00,3.950000047683716,3.950000047683716,3.950000047683716,3.950000047683716,0,0.0,0.0,0.0
2020-06-05 00:00:00-04:00,3.950000047683716,3.950000047683716,3.950000047683716,3.950000047683716,0,0.0,0.0,0.0
2020-06-08 00:00:00-04:00,3.950000047683716,3.950000047683716,3.950000047683716,3.950000047683716,0,0.0,0.0,0.0
2020-06-09 00:00:00-04:00,3.950000047683716,3.950000047683716,3.950000047683716,3.950000047683716,0,0.0,0.0,0.0
2020-06-10 00:00:00-04:00,3.950000047683716,3.950000047683716,3.950000047683716,3.950000047683716,0,0.0,0.0,0.0
2020-06-11 00:00:00-04:00,3.950000047683716,3.950000047683716,3.950000047683716,3.950000047683716,0,0.0,0.0,0.0
2020-06-12 00:00:00-04:00,3.950000047683716,3.950000047683716,3.950000047683716,3.950000047683716,0,0.0,0.0,0.0
2020-06-15 00:00:00-04:00,3.950000047683716,3.950000047683716,3.950000047683716,3.950000047683716,0,0.0,0.0,0.0
2020-06-16 00:00:00-04:00,3.950000047683716,3.950000047683716,3.950000047683716,3.950000047683716,0,0.0,0.0,0.0
2020-06-17 00:00:00-04:00,3.950000047683716,3.950000047683716,3.950000047683716,3.950000047683716,0,0.0,0.0,0.0
2020-06-18 00:00:00-04:00,3.950000047683716,3.950000047683716,3.950000047683716,3.950000047683716,0,0.0,0.0,0.0
2020-06-19 00:00:00-04:00,3.950000047683716,3.950000047683716,3.950000047683716,3.950000047683716,0,0.0,0.0,0.0
2020-06-22 00:00:00-04:00,3.950000047683716,3.950000047683716,3.950000047683716,3.950000047683716,0,0.0,0.0,0.0
2020-06-23 00:00:00-04:00,3.950000047683716,3.950000047683716,3.950000047683716,3.950000047683716,0,0.0,0.0,0.0
2020-06-24 00:00:00-04:00,3.950000047683716,3.950000047683716,3.950000047683716,3.950000047683716,0,0.0,0.0,0.0
2020-06-25 00:00:00-04:00,3.950000047683716,3.950000047683716,3.950000047683716,3.950000047683716,0,0.0,0.0,0.0
2020-06-26 00:00:00-04:00,3.950000047683716,3.950000047683716,3.950000047683716,3.950000047683716,0,0.0,0.0,0.0
2020-06-29 00:00:00-04:00,3.950000047683716,3.950000047683716,3.950000047683716,3.950000047683716,0,0.0,0.0,0.0
2020-06-30 00:00:00-04:00,3.950000047683716,3.950000047683716,3.950000047683716,3.950000047683716,0,0.0,0.0,0.0
2020-07-01 00:00:00-04:00,3.950000047683716,3.950000047683716,3.950000047683716,3.950000047683716,0,0.0,0.0,0.0
2020-07-02 00:00:00-04:00,3.950000047683716,3.950000047683716,3.950000047683716,3.950000047683716,0,0.0,0.0,0.0
2020-07-06 00:00:00-04:00,3.950000047683716,3.950000047683716,3.950000047683716,3.950000047683716,0,0.0,0.0,0.0
2020-07-07 00:00:00-04:00,3.950000047683716,3.950000047683716,3.950000047683716,3.950000047683716,0,0.0,0.0,0.0
2020-07-08 00:00:00-04:00,3.950000047683716,3.950000047683716,3.950000047683716,3.950000047683716,0,0.0,0.0,0.0
2020-07-09 00:00:00-04:00,3.950000047683716,3.950000047683716,3.950000047683716,3.950000047683716,0,0.0,0.0,0.0
2020-07-10 00:00:00-04:00,3.950000047683716,3.950000047683716,3.950000047683716,3.950000047683716,0,0.0,0.0,0.0
2020-07-13 00:00:00-04:00,3.950000047683716,3.950000047683716,3.950000047683716,3.950000047683716,0,0.0,0.0,0.0
2020-07-14 00:00:00-04:00,3.950000047683716,3.950000047683716,3.950000047683716,3.950000047683716,0,0.0,0.0,0.0
2020-07-15 00:00:00-04:00,3.950000047683716,3.950000047683716,3.950000047683716,3.950000047683716,0,0.0,0.0,0.0
2020-07-16 00:00:00-04:00,3.950000047683716,3.950000047683716,3.950000047683716,3.950000047683716,0,0.0,0.0,0.0
2020-07-17 00:00:00-04:00,3.950000047683716,3.950000047683716,3.950000047683716,3.950000047683716,0,0.0,0.0,0.0
2020-07-20 00:00:00-04:00,5.840000152587891,5.840000152587891,5.840000152587891,5.840000152587891,1300,0.0,0.0,0.0
2020-07-21 00:00:00-04:00,5.840000152587891,5.840000152587891,5.840000152587891,5.840000152587891,0,0.0,0.0,0.0
2020-07-22 00:00:00-04:00,5.840000152587891,5.840000152587891,5.840000152587891,5.840000152587891,0,0.0,0.0,0.0
2020-07-23 00:00:00-04:00,5.840000152587891,5.840000152587891,5.840000152587891,5.840000152587891,0,0.0,0.0,0.0
2020-07-24 00:00:00-04:00,5.840000152587891,5.840000152587891,5.840000152587891,5.840000152587891,0,0.0,0.0,0.0
2020-07-27 00:00:00-04:00,5.840000152587891,5.840000152587891,5.840000152587891,5.840000152587891,0,0.0,0.0,0.0
2020-07-28 00:00:00-04:00,6.579999923706055,6.579999923706055,6.579999923706055,6.579999923706055,170,0.0,0.0,0.0
2020-07-29 00:00:00-04:00,6.579999923706055,6.579999923706055,6.579999923706055,6.579999923706055,0,0.0,0.0,0.0
2020-07-30 00:00:00-04:00,6.579999923706055,6.579999923706055,6.579999923706055,6.579999923706055,0,0.0,0.0,0.0
2020-07-31 00:00:00-04:00,6.579999923706055,6.579999923706055,6.579999923706055,6.579999923706055,100,0.0,0.0,0.0
2020-08-03 00:00:00-04:00,6.579999923706055,6.579999923706055,6.579999923706055,6.579999923706055,0,0.0,0.0,0.0
2020-08-04 00:00:00-04:00,6.579999923706055,6.579999923706055,6.579999923706055,6.579999923706055,0,0.0,0.0,0.0
2020-08-05 00:00:00-04:00,6.579999923706055,6.579999923706055,6.579999923706055,6.579999923706055,0,0.0,0.0,0.0
2020-08-06 00:00:00-04:00,6.579999923706055,6.579999923706055,6.579999923706055,6.579999923706055,0,0.0,0.0,0.0
2020-08-07 00:00:00-04:00,7.010000228881836,7.010000228881836,7.010000228881836,7.010000228881836,400,0.0,0.0,0.0
2020-08-10 00:00:00-04:00,7.010000228881836,7.010000228881836,7.010000228881836,7.010000228881836,0,0.0,0.0,0.0
2020-08-11 00:00:00-04:00,7.300000190734863,7.300000190734863,7.300000190734863,7.300000190734863,518,0.0,0.0,0.0
2020-08-12 00:00:00-04:00,7.300000190734863,7.300000190734863,7.300000190734863,7.300000190734863,0,0.0,0.0,0.0
2020-08-13 00:00:00-04:00,7.300000190734863,7.300000190734863,7.300000190734863,7.300000190734863,0,0.0,0.0,0.0
2020-08-14 00:00:00-04:00,7.300000190734863,7.300000190734863,7.300000190734863,7.300000190734863,0,0.0,0.0,0.0
2020-08-17 00:00:00-04:00,7.300000190734863,7.300000190734863,7.300000190734863,7.300000190734863,0,0.0,0.0,0.0
2020-08-18 00:00:00-04:00,7.300000190734863,7.300000190734863,7.300000190734863,7.300000190734863,0,0.0,0.0,0.0
2020-08-19 00:00:00-04:00,7.300000190734863,7.300000190734863,7.300000190734863,7.300000190734863,0,0.0,0.0,0.0
2020-08-20 00:00:00-04:00,7.300000190734863,7.300000190734863,7.300000190734863,7.300000190734863,0,0.0,0.0,0.0
2020-08-21 00:00:00-04:00,7.300000190734863,7.300000190734863,7.300000190734863,7.300000190734863,0,0.0,0.0,0.0
2020-08-24 00:00:00-04:00,7.349999904632568,7.349999904632568,7.349999904632568,7.349999904632568,537,0.0,0.0,0.0
2020-08-25 00:00:00-04:00,7.349999904632568,7.349999904632568,7.349999904632568,7.349999904632568,0,0.0,0.0,0.0
2020-08-26 00:00:00-04:00,7.349999904632568,7.349999904632568,7.349999904632568,7.349999904632568,0,0.0,0.0,0.0
2020-08-27 00:00:00-04:00,7.349999904632568,7.349999904632568,7.349999904632568,7.349999904632568,0,0.0,0.0,0.0
2020-08-28 00:00:00-04:00,7.349999904632568,7.349999904632568,7.349999904632568,7.349999904632568,0,0.0,0.0,0.0
2020-08-31 00:00:00-04:00,7.349999904632568,7.349999904632568,7.349999904632568,7.349999904632568,0,0.0,0.0,0.0
2020-09-01 00:00:00-04:00,7.349999904632568,7.349999904632568,7.349999904632568,7.349999904632568,0,0.0,0.0,0.0
2020-09-02 00:00:00-04:00,7.349999904632568,7.349999904632568,7.349999904632568,7.349999904632568,0,0.0,0.0,0.0
2020-09-03 00:00:00-04:00,7.349999904632568,7.349999904632568,7.349999904632568,7.349999904632568,0,0.0,0.0,0.0
2020-09-04 00:00:00-04:00,7.349999904632568,7.349999904632568,7.349999904632568,7.349999904632568,0,0.0,0.0,0.0
2020-09-08 00:00:00-04:00,7.349999904632568,7.349999904632568,7.349999904632568,7.349999904632568,0,0.0,0.0,0.0
2020-09-09 00:00:00-04:00,7.349999904632568,7.349999904632568,7.349999904632568,7.349999904632568,0,0.0,0.0,0.0
2020-09-10 00:00:00-04:00,7.349999904632568,7.349999904632568,7.349999904632568,7.349999904632568,0,0.0,0.0,0.0
2020-09-11 00:00:00-04:00,7.349999904632568,7.349999904632568,7.349999904632568,7.349999904632568,0,0.0,0.0,0.0
2020-09-14 00:00:00-04:00,7.349999904632568,7.349999904632568,7.349999904632568,7.349999904632568,0,0.0,0.0,0.0
2020-09-15 00:00:00-04:00,7.349999904632568,7.349999904632568,7.349999904632568,7.349999904632568,0,0.0,0.0,0.0
2020-09-16 00:00:00-04:00,7.349999904632568,7.349999904632568,7.349999904632568,7.349999904632568,0,0.0,0.0,0.0
2020-09-17 00:00:00-04:00,7.349999904632568,7.349999904632568,7.349999904632568,7.349999904632568,0,0.0,0.0,0.0
2020-09-18 00:00:00-04:00,7.349999904632568,7.349999904632568,7.349999904632568,7.349999904632568,0,0.0,0.0,0.0
2020-09-21 00:00:00-04:00,7.349999904632568,7.349999904632568,7.349999904632568,7.349999904632568,0,0.0,0.0,0.0
2020-09-22 00:00:00-04:00,7.349999904632568,7.349999904632568,7.349999904632568,7.349999904632568,0,0.0,0.0,0.0
2020-09-23 00:00:00-04:00,7.349999904632568,7.349999904632568,7.349999904632568,7.349999904632568,0,0.0,0.0,0.0
2020-09-24 00:00:00-04:00,7.349999904632568,7.349999904632568,7.349999904632568,7.349999904632568,0,0.0,0.0,0.0
2020-09-25 00:00:00-04:00,7.349999904632568,7.349999904632568,7.349999904632568,7.349999904632568,0,0.0,0.0,0.0
2020-09-28 00:00:00-04:00,7.349999904632568,7.349999904632568,7.349999904632568,7.349999904632568,0,0.0,0.0,0.0
2020-09-29 00:00:00-04:00,7.349999904632568,7.349999904632568,7.349999904632568,7.349999904632568,0,0.0,0.0,0.0
2020-09-30 00:00:00-04:00,7.349999904632568,7.349999904632568,7.349999904632568,7.349999904632568,0,0.0,0.0,0.0
2020-10-01 00:00:00-04:00,7.349999904632568,7.349999904632568,7.349999904632568,7.349999904632568,0,0.0,0.0,0.0
2020-10-02 00:00:00-04:00,7.349999904632568,7.349999904632568,7.349999904632568,7.349999904632568,0,0.0,0.0,0.0
2020-10-05 00:00:00-04:00,7.349999904632568,7.349999904632568,7.349999904632568,7.349999904632568,0,0.0,0.0,0.0
2020-10-06 00:00:00-04:00,7.349999904632568,7.349999904632568,7.349999904632568,7.349999904632568,0,0.0,0.0,0.0
2020-10-07 00:00:00-04:00,7.349999904632568,7.349999904632568,7.349999904632568,7.349999904632568,0,0.0,0.0,0.0
2020-10-08 00:00:00-04:00,7.349999904632568,7.349999904632568,7.349999904632568,7.349999904632568,0,0.0,0.0,0.0
2020-10-09 00:00:00-04:00,7.349999904632568,7.349999904632568,7.349999904632568,7.349999904632568,0,0.0,0.0,0.0
2020-10-12 00:00:00-04:00,7.349999904632568,7.349999904632568,7.349999904632568,7.349999904632568,0,0.0,0.0,0.0
2020-10-13 00:00:00-04:00,7.349999904632568,7.349999904632568,7.349999904632568,7.349999904632568,0,0.0,0.0,0.0
2020-10-14 00:00:00-04:00,7.349999904632568,7.349999904632568,7.349999904632568,7.349999904632568,0,0.0,0.0,0.0
2020-10-15 00:00:00-04:00,7.349999904632568,7.349999904632568,7.349999904632568,7.349999904632568,0,0.0,0.0,0.0
2020-10-16 00:00:00-04:00,7.349999904632568,7.349999904632568,7.349999904632568,7.349999904632568,0,0.0,0.0,0.0
2020-10-19 00:00:00-04:00,7.349999904632568,7.349999904632568,7.349999904632568,7.349999904632568,0,0.0,0.0,0.0
2020-10-20 00:00:00-04:00,7.349999904632568,7.349999904632568,7.349999904632568,7.349999904632568,0,0.0,0.0,0.0
2020-10-21 00:00:00-04:00,7.349999904632568,7.349999904632568,7.349999904632568,7.349999904632568,0,0.0,0.0,0.0
2020-10-22 00:00:00-04:00,7.349999904632568,7.349999904632568,7.349999904632568,7.349999904632568,0,0.0,0.0,0.0
2020-10-23 00:00:00-04:00,7.349999904632568,7.349999904632568,7.349999904632568,7.349999904632568,0,0.0,0.0,0.0
2020-10-26 00:00:00-04:00,7.760000228881836,7.760000228881836,7.760000228881836,7.760000228881836,100,0.0,0.0,0.0
2020-10-27 00:00:00-04:00,7.760000228881836,7.760000228881836,7.760000228881836,7.760000228881836,0,0.0,0.0,0.0
2020-10-28 00:00:00-04:00,7.760000228881836,7.760000228881836,7.760000228881836,7.760000228881836,0,0.0,0.0,0.0
2020-10-29 00:00:00-04:00,7.760000228881836,7.760000228881836,7.760000228881836,7.760000228881836,0,0.0,0.0,0.0
2020-10-30 00:00:00-04:00,7.760000228881836,7.760000228881836,7.760000228881836,7.760000228881836,0,0.0,0.0,0.0
2020-11-02 00:00:00-05:00,7.760000228881836,7.760000228881836,7.760000228881836,7.760000228881836,0,0.0,0.0,0.0
2020-11-03 00:00:00-05:00,7.760000228881836,7.760000228881836,7.760000228881836,7.760000228881836,0,0.0,0.0,0.0
2020-11-04 00:00:00-05:00,7.760000228881836,7.760000228881836,7.760000228881836,7.760000228881836,0,0.0,0.0,0.0
2020-11-05 00:00:00-05:00,7.760000228881836,7.760000228881836,7.760000228881836,7.760000228881836,0,0.0,0.0,0.0
2020-11-06 00:00:00-05:00,7.760000228881836,7.760000228881836,7.760000228881836,7.760000228881836,0,0.0,0.0,0.0
2020-11-09 00:00:00-05:00,7.760000228881836,7.760000228881836,7.760000228881836,7.760000228881836,0,0.0,0.0,0.0
2020-11-10 00:00:00-05:00,7.760000228881836,7.760000228881836,7.760000228881836,7.760000228881836,0,0.0,0.0,0.0
2020-11-11 00:00:00-05:00,7.760000228881836,7.760000228881836,7.760000228881836,7.760000228881836,0,0.0,0.0,0.0
2020-11-12 00:00:00-05:00,7.400000095367432,7.400000095367432,7.400000095367432,7.400000095367432,909,0.0,0.0,0.0
2020-11-13 00:00:00-05:00,7.800000190734863,7.800000190734863,7.800000190734863,7.800000190734863,200,0.0,0.0,0.0
2020-11-16 00:00:00-05:00,7.800000190734863,7.800000190734863,7.800000190734863,7.800000190734863,0,0.0,0.0,0.0
2020-11-17 00:00:00-05:00,7.800000190734863,7.800000190734863,7.800000190734863,7.800000190734863,0,0.0,0.0,0.0
2020-11-18 00:00:00-05:00,7.800000190734863,7.800000190734863,7.800000190734863,7.800000190734863,0,0.0,0.0,0.0
2020-11-19 00:00:00-05:00,7.800000190734863,7.800000190734863,7.800000190734863,7.800000190734863,0,0.0,0.0,0.0
2020-11-20 00:00:00-05:00,7.800000190734863,7.800000190734863,7.800000190734863,7.800000190734863,0,0.0,0.0,0.0
2020-11-23 00:00:00-05:00,7.800000190734863,7.800000190734863,7.800000190734863,7.800000190734863,0,0.0,0.0,0.0
2020-11-24 00:00:00-05:00,7.800000190734863,7.800000190734863,7.800000190734863,7.800000190734863,0,0.0,0.0,0.0
2020-11-25 00:00:00-05:00,7.800000190734863,7.800000190734863,7.800000190734863,7.800000190734863,0,0.0,0.0,0.0
2020-11-27 00:00:00-05:00,7.800000190734863,7.800000190734863,7.800000190734863,7.800000190734863,0,0.0,0.0,0.0
2020-11-30 00:00:00-05:00,7.800000190734863,7.800000190734863,7.800000190734863,7.800000190734863,0,0.0,0.0,0.0
2020-12-01 00:00:00-05:00,7.800000190734863,7.800000190734863,7.800000190734863,7.800000190734863,0,0.0,0.0,0.0
2020-12-02 00:00:00-05:00,7.800000190734863,7.800000190734863,7.800000190734863,7.800000190734863,0,0.0,0.0,0.0
2020-12-03 00:00:00-05:00,7.800000190734863,7.800000190734863,7.800000190734863,7.800000190734863,0,0.0,0.0,0.0
2020-12-04 00:00:00-05:00,7.800000190734863,7.800000190734863,7.800000190734863,7.800000190734863,0,0.0,0.0,0.0
2020-12-07 00:00:00-05:00,7.800000190734863,7.800000190734863,7.800000190734863,7.800000190734863,0,0.0,0.0,0.0
2020-12-08 00:00:00-05:00,7.800000190734863,7.800000190734863,7.800000190734863,7.800000190734863,0,0.0,0.0,0.0
2020-12-09 00:00:00-05:00,7.800000190734863,7.800000190734863,7.800000190734863,7.800000190734863,0,0.0,0.0,0.0
2020-12-10 00:00:00-05:00,7.800000190734863,7.800000190734863,7.800000190734863,7.800000190734863,0,0.0,0.0,0.0
2020-12-11 00:00:00-05:00,7.800000190734863,7.800000190734863,7.800000190734863,7.800000190734863,0,0.0,0.0,0.0
2020-12-14 00:00:00-05:00,7.800000190734863,7.800000190734863,7.800000190734863,7.800000190734863,0,0.0,0.0,0.0
2020-12-15 00:00:00-05:00,7.800000190734863,7.800000190734863,7.800000190734863,7.800000190734863,0,0.0,0.0,0.0
2020-12-16 00:00:00-05:00,7.800000190734863,7.800000190734863,7.800000190734863,7.800000190734863,0,0.0,0.0,0.0
2020-12-17 00:00:00-05:00,7.800000190734863,7.800000190734863,7.800000190734863,7.800000190734863,0,0.0,0.0,0.0
2020-12-18 00:00:00-05:00,9.420000076293945,9.420000076293945,9.420000076293945,9.420000076293945,1391,0.0,0.0,0.0
2020-12-21 00:00:00-05:00,9.420000076293945,9.420000076293945,9.420000076293945,9.420000076293945,0,0.0,0.0,0.0
2020-12-22 00:00:00-05:00,9.420000076293945,9.420000076293945,9.420000076293945,9.420000076293945,0,0.0,0.0,0.0
2020-12-23 00:00:00-05:00,9.420000076293945,9.420000076293945,9.420000076293945,9.420000076293945,0,0.0,0.0,0.0
2020-12-24 00:00:00-05:00,9.420000076293945,9.420000076293945,9.420000076293945,9.420000076293945,0,0.0,0.0,0.0
2020-12-28 00:00:00-05:00,9.420000076293945,9.420000076293945,9.420000076293945,9.420000076293945,0,0.0,0.0,0.0
2020-12-29 00:00:00-05:00,9.420000076293945,9.420000076293945,9.420000076293945,9.420000076293945,0,0.0,0.0,0.0
2020-12-30 00:00:00-05:00,9.420000076293945,9.420000076293945,9.420000076293945,9.420000076293945,0,0.0,0.0,0.0
2020-12-31 00:00:00-05:00,9.420000076293945,9.420000076293945,9.420000076293945,9.420000076293945,0,0.0,0.0,0.0
2021-01-04 00:00:00-05:00,9.420000076293945,9.420000076293945,9.420000076293945,9.420000076293945,0,0.0,0.0,0.0
2021-01-05 00:00:00-05:00,9.420000076293945,9.420000076293945,9.420000076293945,9.420000076293945,0,0.0,0.0,0.0
2021-01-06 00:00:00-05:00,9.420000076293945,9.420000076293945,9.420000076293945,9.420000076293945,0,0.0,0.0,0.0
2021-01-07 00:00:00-05:00,9.420000076293945,9.420000076293945,9.420000076293945,9.420000076293945,0,0.0,0.0,0.0
2021-01-08 00:00:00-05:00,9.420000076293945,9.420000076293945,9.420000076293945,9.420000076293945,0,0.0,0.0,0.0
2021-01-11 00:00:00-05:00,9.420000076293945,9.420000076293945,9.420000076293945,9.420000076293945,0,0.0,0.0,0.0
2021-01-12 00:00:00-05:00,9.420000076293945,9.420000076293945,9.420000076293945,9.420000076293945,0,0.0,0.0,0.0
2021-01-13 00:00:00-05:00,9.420000076293945,9.420000076293945,9.420000076293945,9.420000076293945,0,0.0,0.0,0.0
2021-01-14 00:00:00-05:00,9.420000076293945,9.420000076293945,9.420000076293945,9.420000076293945,0,0.0,0.0,0.0
2021-01-15 00:00:00-05:00,9.420000076293945,9.420000076293945,9.420000076293945,9.420000076293945,0,0.0,0.0,0.0
2021-01-19 00:00:00-05:00,9.420000076293945,9.420000076293945,9.420000076293945,9.420000076293945,0,0.0,0.0,0.0
2021-01-20 00:00:00-05:00,9.420000076293945,9.420000076293945,9.420000076293945,9.420000076293945,0,0.0,0.0,0.0
2021-01-21 00:00:00-05:00,9.420000076293945,9.420000076293945,9.420000076293945,9.420000076293945,0,0.0,0.0,0.0
2021-01-22 00:00:00-05:00,9.420000076293945,9.420000076293945,9.420000076293945,9.420000076293945,0,0.0,0.0,0.0
2021-01-25 00:00:00-05:00,9.420000076293945,9.420000076293945,9.420000076293945,9.420000076293945,0,0.0,0.0,0.0
2021-01-26 00:00:00-05:00,9.420000076293945,9.420000076293945,9.420000076293945,9.420000076293945,0,0.0,0.0,0.0
2021-01-27 00:00:00-05:00,9.420000076293945,9.420000076293945,9.420000076293945,9.420000076293945,0,0.0,0.0,0.0
2021-01-28 00:00:00-05:00,9.420000076293945,9.420000076293945,9.420000076293945,9.420000076293945,0,0.0,0.0,0.0
2021-01-29 00:00:00-05:00,9.420000076293945,9.420000076293945,9.420000076293945,9.420000076293945,0,0.0,0.0,0.0
2021-02-01 00:00:00-05:00,9.420000076293945,9.420000076293945,9.420000076293945,9.420000076293945,0,0.0,0.0,0.0
2021-02-02 00:00:00-05:00,9.420000076293945,9.420000076293945,9.420000076293945,9.420000076293945,0,0.0,0.0,0.0
2021-02-03 00:00:00-05:00,9.420000076293945,9.420000076293945,9.420000076293945,9.420000076293945,0,0.0,0.0,0.0
2021-02-04 00:00:00-05:00,9.420000076293945,9.420000076293945,9.420000076293945,9.420000076293945,0,0.0,0.0,0.0
2021-02-05 00:00:00-05:00,9.720000267028809,9.720000267028809,9.720000267028809,9.720000267028809,215,0.0,0.0,0.0
2021-02-08 00:00:00-05:00,9.720000267028809,9.720000267028809,9.720000267028809,9.720000267028809,0,0.0,0.0,0.0
2021-02-09 00:00:00-05:00,9.720000267028809,9.720000267028809,9.720000267028809,9.720000267028809,0,0.0,0.0,0.0
2021-02-10 00:00:00-05:00,9.720000267028809,9.720000267028809,9.720000267028809,9.720000267028809,0,0.0,0.0,0.0
2021-02-11 00:00:00-05:00,9.720000267028809,9.720000267028809,9.720000267028809,9.720000267028809,0,0.0,0.0,0.0
2021-02-12 00:00:00-05:00,9.720000267028809,9.720000267028809,9.720000267028809,9.720000267028809,0,0.0,0.0,0.0
2021-02-16 00:00:00-05:00,9.720000267028809,9.720000267028809,9.720000267028809,9.720000267028809,0,0.0,0.0,0.0
2021-02-17 00:00:00-05:00,10.800000190734863,10.800000190734863,10.800000190734863,10.800000190734863,1935,0.0,0.0,0.0
2021-02-18 00:00:00-05:00,10.800000190734863,10.800000190734863,10.800000190734863,10.800000190734863,0,0.0,0.0,0.0
2021-02-19 00:00:00-05:00,10.800000190734863,10.800000190734863,10.800000190734863,10.800000190734863,0,0.0,0.0,0.0
2021-02-22 00:00:00-05:00,10.800000190734863,10.800000190734863,10.800000190734863,10.800000190734863,0,0.0,0.0,0.0
2021-02-23 00:00:00-05:00,10.800000190734863,10.800000190734863,10.800000190734863,10.800000190734863,0,0.0,0.0,0.0
2021-02-24 00:00:00-05:00,10.800000190734863,10.800000190734863,10.800000190734863,10.800000190734863,0,0.0,0.0,0.0
2021-02-25 00:00:00-05:00,10.800000190734863,10.800000190734863,10.800000190734863,10.800000190734863,0,0.0,0.0,0.0
2021-02-26 00:00:00-05:00,10.800000190734863,10.800000190734863,10.800000190734863,10.800000190734863,0,0.0,0.0,0.0
2021-03-01 00:00:00-05:00,10.800000190734863,10.800000190734863,10.800000190734863,10.800000190734863,0,0.0,0.0,0.0
2021-03-02 00:00:00-05:00,10.800000190734863,10.800000190734863,10.800000190734863,10.800000190734863,0,0.0,0.0,0.0
2021-03-03 00:00:00-05:00,10.800000190734863,10.800000190734863,10.800000190734863,10.800000190734863,0,0.0,0.0,0.0
2021-03-04 00:00:00-05:00,10.800000190734863,10.800000190734863,10.800000190734863,10.800000190734863,0,0.0,0.0,0.0
2021-03-05 00:00:00-05:00,10.800000190734863,10.800000190734863,10.800000190734863,10.800000190734863,0,0.0,0.0,0.0
2021-03-08 00:00:00-05:00,10.800000190734863,10.800000190734863,10.800000190734863,10.800000190734863,0,0.0,0.0,0.0
2021-03-09 00:00:00-05:00,10.800000190734863,10.800000190734863,10.800000190734863,10.800000190734863,0,0.0,0.0,0.0
2021-03-10 00:00:00-05:00,10.800000190734863,10.800000190734863,10.800000190734863,10.800000190734863,0,0.0,0.0,0.0
2021-03-11 00:00:00-05:00,11.0,11.0,11.0,11.0,1000,0.0,0.0,0.0
2021-03-12 00:00:00-05:00,11.0,11.0,11.0,11.0,0,0.0,0.0,0.0
2021-03-15 00:00:00-04:00,11.0,11.0,11.0,11.0,0,0.0,0.0,0.0
2021-03-16 00:00:00-04:00,11.0,11.0,11.0,11.0,0,0.0,0.0,0.0
2021-03-17 00:00:00-04:00,11.0,11.0,11.0,11.0,0,0.0,0.0,0.0
2021-03-18 00:00:00-04:00,11.0,11.0,11.0,11.0,0,0.0,0.0,0.0
2021-03-19 00:00:00-04:00,11.0,11.0,11.0,11.0,0,0.0,0.0,0.0
2021-03-22 00:00:00-04:00,11.0,11.0,11.0,11.0,0,0.0,0.0,0.0
2021-03-23 00:00:00-04:00,11.0,11.0,11.0,11.0,0,0.0,0.0,0.0
2021-03-24 00:00:00-04:00,11.0,11.0,11.0,11.0,0,0.0,0.0,0.0
2021-03-25 00:00:00-04:00,11.0,11.0,11.0,11.0,0,0.0,0.0,0.0
2021-03-26 00:00:00-04:00,11.0,11.0,11.0,11.0,0,0.0,0.0,0.0
2021-03-29 00:00:00-04:00,11.0,11.0,11.0,11.0,0,0.0,0.0,0.0
2021-03-30 00:00:00-04:00,11.0,11.0,11.0,11.0,0,0.0,0.0,0.0
2021-03-31 00:00:00-04:00,11.0,11.0,11.0,11.0,0,0.0,0.0,0.0
2021-04-01 00:00:00-04:00,11.0,11.0,11.0,11.0,0,0.0,0.0,0.0
2021-04-05 00:00:00-04:00,11.0,11.0,11.0,11.0,0,0.0,0.0,0.0
2021-04-06 00:00:00-04:00,11.0,11.0,11.0,11.0,0,0.0,0.0,0.0
2021-04-07 00:00:00-04:00,11.0,11.0,11.0,11.0,0,0.0,0.0,0.0
2021-04-08 00:00:00-04:00,11.0,11.0,11.0,11.0,0,0.0,0.0,0.0
2021-04-09 00:00:00-04:00,11.4399995803833,11.4399995803833,11.4399995803833,11.4399995803833,2000,0.0,0.0,0.0
2021-04-12 00:00:00-04:00,11.4399995803833,11.4399995803833,11.4399995803833,11.4399995803833,0,0.0,0.0,0.0
2021-04-13 00:00:00-04:00,11.4399995803833,11.4399995803833,11.4399995803833,11.4399995803833,0,0.0,0.0,0.0
2021-04-14 00:00:00-04:00,11.4399995803833,11.4399995803833,11.4399995803833,11.4399995803833,0,0.0,0.0,0.0
2021-04-15 00:00:00-04:00,11.4399995803833,11.4399995803833,11.4399995803833,11.4399995803833,0,0.0,0.0,0.0
2021-04-16 00:00:00-04:00,11.4399995803833,11.4399995803833,11.4399995803833,11.4399995803833,0,0.0,0.0,0.0
2021-04-19 00:00:00-04:00,11.4399995803833,11.4399995803833,11.4399995803833,11.4399995803833,0,0.0,0.0,0.0
2021-04-20 00:00:00-04:00,11.4399995803833,11.4399995803833,11.4399995803833,11.4399995803833,0,0.0,0.0,0.0
2021-04-21 00:00:00-04:00,11.4399995803833,11.4399995803833,11.4399995803833,11.4399995803833,0,0.0,0.0,0.0
2021-04-22 00:00:00-04:00,11.4399995803833,11.4399995803833,11.4399995803833,11.4399995803833,0,0.0,0.0,0.0
2021-04-23 00:00:00-04:00,11.4399995803833,11.4399995803833,11.4399995803833,11.4399995803833,0,0.0,0.0,0.0
2021-04-26 00:00:00-04:00,11.4399995803833,11.4399995803833,11.4399995803833,11.4399995803833,0,0.0,0.0,0.0
2021-04-27 00:00:00-04:00,11.4399995803833,11.4399995803833,11.4399995803833,11.4399995803833,0,0.0,0.0,0.0
2021-04-28 00:00:00-04:00,11.4399995803833,11.4399995803833,11.4399995803833,11.4399995803833,0,0.0,0.0,0.0
2021-04-29 00:00:00-04:00,11.4399995803833,11.4399995803833,11.4399995803833,11.4399995803833,0,0.0,0.0,0.0
2021-04-30 00:00:00-04:00,11.4399995803833,11.4399995803833,11.4399995803833,11.4399995803833,0,0.0,0.0,0.0
2021-05-03 00:00:00-04:00,11.4399995803833,11.4399995803833,11.4399995803833,11.4399995803833,0,0.0,0.0,0.0
2021-05-04 00:00:00-04:00,11.4399995803833,11.4399995803833,11.4399995803833,11.4399995803833,0,0.0,0.0,0.0
2021-05-05 00:00:00-04:00,11.4399995803833,11.4399995803833,11.4399995803833,11.4399995803833,0,0.0,0.0,0.0
2021-05-06 00:00:00-04:00,11.4399995803833,11.4399995803833,11.4399995803833,11.4399995803833,0,0.0,0.0,0.0
2021-05-07 00:00:00-04:00,11.4399995803833,11.4399995803833,11.4399995803833,11.4399995803833,0,0.0,0.0,0.0
2021-05-10 00:00:00-04:00,11.4399995803833,11.4399995803833,11.4399995803833,11.4399995803833,0,0.0,0.0,0.0
2021-05-11 00:00:00-04:00,11.4399995803833,11.4399995803833,11.4399995803833,11.4399995803833,0,0.0,0.0,0.0
2021-05-12 00:00:00-04:00,11.4399995803833,11.4399995803833,11.4399995803833,11.4399995803833,0,0.0,0.0,0.0
2021-05-13 00:00:00-04:00,11.4399995803833,11.4399995803833,11.4399995803833,11.4399995803833,0,0.0,0.0,0.0
2021-05-14 00:00:00-04:00,11.4399995803833,11.4399995803833,11.4399995803833,11.4399995803833,0,0.0,0.0,0.0
2021-05-17 00:00:00-04:00,11.4399995803833,11.4399995803833,11.4399995803833,11.4399995803833,0,0.0,0.0,0.0
2021-05-18 00:00:00-04:00,11.699999809265137,11.699999809265137,11.699999809265137,11.699999809265137,300,0.0,0.0,0.0
2021-05-19 00:00:00-04:00,11.699999809265137,11.699999809265137,11.699999809265137,11.699999809265137,0,0.0,0.0,0.0
2021-05-20 00:00:00-04:00,11.699999809265137,11.699999809265137,11.699999809265137,11.699999809265137,0,0.0,0.0,0.0
2021-05-21 00:00:00-04:00,11.699999809265137,11.699999809265137,11.699999809265137,11.699999809265137,0,0.0,0.0,0.0
2021-05-24 00:00:00-04:00,11.699999809265137,11.699999809265137,11.699999809265137,11.699999809265137,0,0.0,0.0,0.0
2021-05-25 00:00:00-04:00,11.699999809265137,11.699999809265137,11.699999809265137,11.699999809265137,0,0.0,0.0,0.0
2021-05-26 00:00:00-04:00,11.699999809265137,11.699999809265137,11.699999809265137,11.699999809265137,0,0.0,0.0,0.0
2021-05-27 00:00:00-04:00,11.699999809265137,11.699999809265137,11.699999809265137,11.699999809265137,0,0.0,0.0,0.0
2021-05-28 00:00:00-04:00,11.699999809265137,11.699999809265137,11.699999809265137,11.699999809265137,0,0.0,0.0,0.0
2021-06-01 00:00:00-04:00,11.699999809265137,11.699999809265137,11.699999809265137,11.699999809265137,0,0.0,0.0,0.0
2021-06-02 00:00:00-04:00,11.699999809265137,11.699999809265137,11.699999809265137,11.699999809265137,0,0.0,0.0,0.0
2021-06-03 00:00:00-04:00,11.699999809265137,11.699999809265137,11.699999809265137,11.699999809265137,0,0.0,0.0,0.0
2021-06-04 00:00:00-04:00,11.699999809265137,11.699999809265137,11.699999809265137,11.699999809265137,0,0.0,0.0,0.0
2021-06-07 00:00:00-04:00,11.699999809265137,11.699999809265137,11.699999809265137,11.699999809265137,0,0.0,0.0,0.0
2021-06-08 00:00:00-04:00,11.699999809265137,11.699999809265137,11.699999809265137,11.699999809265137,0,0.0,0.0,0.0
2021-06-09 00:00:00-04:00,11.699999809265137,11.699999809265137,11.699999809265137,11.699999809265137,0,0.0,0.0,0.0
2021-06-10 00:00:00-04:00,11.699999809265137,11.699999809265137,11.699999809265137,11.699999809265137,0,0.0,0.0,0.0
2021-06-11 00:00:00-04:00,11.699999809265137,11.699999809265137,11.699999809265137,11.699999809265137,0,0.0,0.0,0.0
2021-06-14 00:00:00-04:00,11.699999809265137,11.699999809265137,11.699999809265137,11.699999809265137,0,0.0,0.0,0.0
2021-06-15 00:00:00-04:00,11.699999809265137,11.699999809265137,11.699999809265137,11.699999809265137,0,0.0,0.0,0.0
2021-06-16 00:00:00-04:00,11.699999809265137,11.699999809265137,11.699999809265137,11.699999809265137,0,0.0,0.0,0.0
2021-06-17 00:00:00-04:00,11.699999809265137,11.699999809265137,11.699999809265137,11.699999809265137,0,0.0,0.0,0.0
2021-06-18 00:00:00-04:00,11.699999809265137,11.699999809265137,11.699999809265137,11.699999809265137,0,0.0,0.0,0.0
2021-06-21 00:00:00-04:00,11.699999809265137,11.699999809265137,11.699999809265137,11.699999809265137,0,0.0,0.0,0.0
2021-06-22 00:00:00-04:00,11.699999809265137,11.699999809265137,11.699999809265137,11.699999809265137,0,0.0,0.0,0.0
2021-06-23 00:00:00-04:00,11.699999809265137,11.699999809265137,11.699999809265137,11.699999809265137,0,0.0,0.0,0.0
2021-06-24 00:00:00-04:00,11.699999809265137,11.699999809265137,11.699999809265137,11.699999809265137,0,0.0,0.0,0.0
2021-06-25 00:00:00-04:00,11.699999809265137,11.699999809265137,11.699999809265137,11.699999809265137,0,0.0,0.0,0.0
2021-06-28 00:00:00-04:00,11.699999809265137,11.699999809265137,11.699999809265137,11.699999809265137,0,0.0,0.0,0.0
2021-06-29 00:00:00-04:00,11.699999809265137,11.699999809265137,11.699999809265137,11.699999809265137,0,0.0,0.0,0.0
2021-06-30 00:00:00-04:00,11.699999809265137,11.699999809265137,11.699999809265137,11.699999809265137,0,0.0,0.0,0.0
2021-07-01 00:00:00-04:00,11.699999809265137,11.699999809265137,11.699999809265137,11.699999809265137,0,0.0,0.0,0.0
2021-07-02 00:00:00-04:00,11.699999809265137,11.699999809265137,11.699999809265137,11.699999809265137,0,0.0,0.0,0.0
2021-07-06 00:00:00-04:00,11.699999809265137,11.699999809265137,11.699999809265137,11.699999809265137,0,0.0,0.0,0.0
2021-07-07 00:00:00-04:00,11.699999809265137,11.699999809265137,11.699999809265137,11.699999809265137,0,0.0,0.0,0.0
2021-07-08 00:00:00-04:00,11.699999809265137,11.699999809265137,11.699999809265137,11.699999809265137,0,0.0,0.0,0.0
2021-07-09 00:00:00-04:00,11.699999809265137,11.699999809265137,11.699999809265137,11.699999809265137,0,0.0,0.0,0.0
2021-07-12 00:00:00-04:00,11.699999809265137,11.699999809265137,11.699999809265137,11.699999809265137,0,0.0,0.0,0.0
2021-07-13 00:00:00-04:00,11.699999809265137,11.699999809265137,11.699999809265137,11.699999809265137,0,0.0,0.0,0.0
2021-07-14 00:00:00-04:00,11.699999809265137,11.699999809265137,11.699999809265137,11.699999809265137,0,0.0,0.0,0.0
2021-07-15 00:00:00-04:00,11.699999809265137,11.699999809265137,11.699999809265137,11.699999809265137,0,0.0,0.0,0.0
2021-07-16 00:00:00-04:00,11.699999809265137,11.699999809265137,11.699999809265137,11.699999809265137,0,0.0,0.0,0.0
2021-07-19 00:00:00-04:00,11.699999809265137,11.699999809265137,11.699999809265137,11.699999809265137,0,0.0,0.0,0.0
2021-07-20 00:00:00-04:00,11.699999809265137,11.699999809265137,11.699999809265137,11.699999809265137,0,0.0,0.0,0.0
2021-07-21 00:00:00-04:00,11.699999809265137,11.699999809265137,11.699999809265137,11.699999809265137,0,0.0,0.0,0.0
2021-07-22 00:00:00-04:00,11.699999809265137,11.699999809265137,11.699999809265137,11.699999809265137,0,0.0,0.0,0.0
2021-07-23 00:00:00-04:00,11.699999809265137,11.699999809265137,11.699999809265137,11.699999809265137,0,0.0,0.0,0.0
2021-07-26 00:00:00-04:00,11.699999809265137,11.699999809265137,11.699999809265137,11.699999809265137,0,0.0,0.0,0.0
2021-07-27 00:00:00-04:00,11.699999809265137,11.699999809265137,11.699999809265137,11.699999809265137,0,0.0,0.0,0.0
2021-07-28 00:00:00-04:00,11.699999809265137,11.699999809265137,11.699999809265137,11.699999809265137,0,0.0,0.0,0.0
2021-07-29 00:00:00-04:00,11.699999809265137,11.699999809265137,11.699999809265137,11.699999809265137,0,0.0,0.0,0.0
2021-07-30 00:00:00-04:00,11.699999809265137,11.699999809265137,11.699999809265137,11.699999809265137,0,0.0,0.0,0.0
2021-08-02 00:00:00-04:00,11.699999809265137,11.699999809265137,11.699999809265137,11.699999809265137,0,0.0,0.0,0.0
2021-08-03 00:00:00-04:00,11.699999809265137,11.699999809265137,11.699999809265137,11.699999809265137,0,0.0,0.0,0.0
2021-08-04 00:00:00-04:00,11.699999809265137,11.699999809265137,11.699999809265137,11.699999809265137,0,0.0,0.0,0.0
2021-08-05 00:00:00-04:00,11.699999809265137,11.699999809265137,11.699999809265137,11.699999809265137,0,0.0,0.0,0.0
2021-08-06 00:00:00-04:00,11.699999809265137,11.699999809265137,11.699999809265137,11.699999809265137,0,0.0,0.0,0.0
2021-08-09 00:00:00-04:00,11.699999809265137,11.699999809265137,11.699999809265137,11.699999809265137,0,0.0,0.0,0.0
2021-08-10 00:00:00-04:00,11.699999809265137,11.699999809265137,11.699999809265137,11.699999809265137,0,0.0,0.0,0.0
2021-08-11 00:00:00-04:00,11.699999809265137,11.699999809265137,11.699999809265137,11.699999809265137,0,0.0,0.0,0.0
2021-08-12 00:00:00-04:00,11.699999809265137,11.699999809265137,11.699999809265137,11.699999809265137,0,0.0,0.0,0.0
2021-08-13 00:00:00-04:00,11.699999809265137,11.699999809265137,11.699999809265137,11.699999809265137,0,0.0,0.0,0.0
2021-08-16 00:00:00-04:00,11.699999809265137,11.699999809265137,11.699999809265137,11.699999809265137,0,0.0,0.0,0.0
2021-08-17 00:00:00-04:00,11.699999809265137,11.699999809265137,11.699999809265137,11.699999809265137,0,0.0,0.0,0.0
2021-08-18 00:00:00-04:00,11.699999809265137,11.699999809265137,11.699999809265137,11.699999809265137,0,0.0,0.0,0.0
2021-08-19 00:00:00-04:00,11.699999809265137,11.699999809265137,11.699999809265137,11.699999809265137,0,0.0,0.0,0.0
2021-08-20 00:00:00-04:00,11.699999809265137,11.699999809265137,11.699999809265137,11.699999809265137,0,0.0,0.0,0.0
2021-08-23 00:00:00-04:00,11.699999809265137,11.699999809265137,11.699999809265137,11.699999809265137,0,0.0,0.0,0.0
2021-08-24 00:00:00-04:00,11.699999809265137,11.699999809265137,11.699999809265137,11.699999809265137,0,0.0,0.0,0.0
2021-08-25 00:00:00-04:00,11.699999809265137,11.699999809265137,11.699999809265137,11.699999809265137,0,0.0,0.0,0.0
2021-08-26 00:00:00-04:00,11.699999809265137,11.699999809265137,11.699999809265137,11.699999809265137,0,0.0,0.0,0.0
2021-08-27 00:00:00-04:00,11.699999809265137,11.699999809265137,11.699999809265137,11.699999809265137,0,0.0,0.0,0.0
2021-08-30 00:00:00-04:00,11.699999809265137,11.699999809265137,11.699999809265137,11.699999809265137,0,0.0,0.0,0.0
2021-08-31 00:00:00-04:00,11.699999809265137,11.699999809265137,11.699999809265137,11.699999809265137,0,0.0,0.0,0.0
2021-09-01 00:00:00-04:00,11.699999809265137,11.699999809265137,11.699999809265137,11.699999809265137,0,0.0,0.0,0.0
2021-09-02 00:00:00-04:00,11.699999809265137,11.699999809265137,11.699999809265137,11.699999809265137,0,0.0,0.0,0.0
2021-09-03 00:00:00-04:00,11.699999809265137,11.699999809265137,11.699999809265137,11.699999809265137,0,0.0,0.0,0.0
2021-09-07 00:00:00-04:00,11.699999809265137,11.699999809265137,11.699999809265137,11.699999809265137,0,0.0,0.0,0.0
2021-09-08 00:00:00-04:00,11.699999809265137,11.699999809265137,11.699999809265137,11.699999809265137,0,0.0,0.0,0.0
2021-09-09 00:00:00-04:00,11.699999809265137,11.699999809265137,11.699999809265137,11.699999809265137,0,0.0,0.0,0.0
2021-09-10 00:00:00-04:00,11.699999809265137,11.699999809265137,11.699999809265137,11.699999809265137,0,0.0,0.0,0.0
2021-09-13 00:00:00-04:00,10.523200035095215,10.523200035095215,10.523200035095215,10.523200035095215,88230,0.0,0.0,0.0
2021-09-14 00:00:00-04:00,10.75,10.75,10.566399574279785,10.566399574279785,96795,0.0,0.0,0.0
2021-09-15 00:00:00-04:00,10.649999618530273,10.649999618530273,10.649999618530273,10.649999618530273,169,0.0,0.0,0.0
2021-09-16 00:00:00-04:00,10.350000381469727,10.350000381469727,10.350000381469727,10.350000381469727,212,0.0,0.0,0.0
2021-09-17 00:00:00-04:00,9.869999885559082,9.869999885559082,9.859999656677246,9.859999656677246,302,0.0,0.0,0.0
2021-09-20 00:00:00-04:00,9.279999732971191,9.420000076293945,9.279999732971191,9.420000076293945,878,0.0,0.0,0.0
2021-09-21 00:00:00-04:00,9.350000381469727,9.350000381469727,9.25,9.25,8573,0.0,0.0,0.0
2021-09-22 00:00:00-04:00,9.569999694824219,9.569999694824219,9.569999694824219,9.569999694824219,497,0.0,0.0,0.0
2021-09-23 00:00:00-04:00,9.449999809265137,9.5,9.449999809265137,9.449999809265137,512,0.0,0.0,0.0
2021-09-24 00:00:00-04:00,9.460000038146973,9.460000038146973,9.399999618530273,9.399999618530273,1871,0.0,0.0,0.0
2021-09-27 00:00:00-04:00,9.430000305175781,9.430000305175781,9.430000305175781,9.430000305175781,249,0.0,0.0,0.0
2021-09-28 00:00:00-04:00,9.430000305175781,9.430000305175781,9.430000305175781,9.430000305175781,0,0.0,0.0,0.0
2021-09-29 00:00:00-04:00,9.430000305175781,9.430000305175781,9.430000305175781,9.430000305175781,0,0.0,0.0,0.0
2021-09-30 00:00:00-04:00,8.887999534606934,8.887999534606934,8.880000114440918,8.880000114440918,286,0.0,0.0,0.0
2021-10-01 00:00:00-04:00,8.656000137329102,8.656000137329102,8.633000373840332,8.633000373840332,714,0.0,0.0,0.0
2021-10-04 00:00:00-04:00,8.633000373840332,8.633000373840332,8.633000373840332,8.633000373840332,0,0.0,0.0,0.0
2021-10-05 00:00:00-04:00,8.833999633789062,8.833999633789062,8.734000205993652,8.734000205993652,1321,0.0,0.0,0.0
2021-10-06 00:00:00-04:00,8.800000190734863,8.800000190734863,8.451000213623047,8.5600004196167,2847,0.0,0.0,0.0
2021-10-07 00:00:00-04:00,8.777000427246094,8.777000427246094,8.777000427246094,8.777000427246094,325,0.0,0.0,0.0
2021-10-08 00:00:00-04:00,8.777000427246094,8.777000427246094,8.777000427246094,8.777000427246094,0,0.0,0.0,0.0
2021-10-11 00:00:00-04:00,8.777000427246094,8.777000427246094,8.777000427246094,8.777000427246094,0,0.0,0.0,0.0
2021-10-12 00:00:00-04:00,8.777000427246094,8.777000427246094,8.777000427246094,8.777000427246094,0,0.0,0.0,0.0
2021-10-13 00:00:00-04:00,9.569999694824219,9.569999694824219,9.569999694824219,9.569999694824219,343,0.0,0.0,0.0
2021-10-14 00:00:00-04:00,9.6899995803833,9.6899995803833,9.6899995803833,9.6899995803833,305,0.0,0.0,0.0
2021-10-15 00:00:00-04:00,9.819999694824219,9.819999694824219,9.819999694824219,9.819999694824219,639,0.0,0.0,0.0
2021-10-18 00:00:00-04:00,9.800000190734863,9.800000190734863,9.468999862670898,9.468999862670898,927,0.0,0.0,0.0
2021-10-19 00:00:00-04:00,9.60200023651123,9.60200023651123,9.593000411987305,9.593000411987305,1514,0.0,0.0,0.0
2021-10-20 00:00:00-04:00,9.593000411987305,9.593000411987305,9.593000411987305,9.593000411987305,0,0.0,0.0,0.0
2021-10-21 00:00:00-04:00,9.593000411987305,9.593000411987305,9.593000411987305,9.593000411987305,0,0.0,0.0,0.0
2021-10-22 00:00:00-04:00,10.126999855041504,10.126999855041504,10.126999855041504,10.126999855041504,651,0.0,0.0,0.0
2021-10-25 00:00:00-04:00,9.895999908447266,9.937999725341797,9.59000015258789,9.692500114440918,10308,0.0,0.0,0.0
2021-10-26 00:00:00-04:00,9.781000137329102,9.781000137329102,9.739999771118164,9.739999771118164,825,0.0,0.0,0.0
2021-10-27 00:00:00-04:00,9.86299991607666,9.86299991607666,9.821000099182129,9.821000099182129,548,0.0,0.0,0.0
2021-10-28 00:00:00-04:00,10.13700008392334,10.166999816894531,9.90999984741211,9.90999984741211,1675,0.0,0.0,0.0
2021-10-29 00:00:00-04:00,10.0,10.20199966430664,10.0,10.140000343322754,1332,0.0,0.0,0.0
2021-11-01 00:00:00-04:00,10.112000465393066,10.112000465393066,10.112000465393066,10.112000465393066,521,0.0,0.0,0.0
2021-11-02 00:00:00-04:00,10.383000373840332,10.383000373840332,10.383000373840332,10.383000373840332,272,0.0,0.0,0.0
2021-11-03 00:00:00-04:00,10.383000373840332,10.383000373840332,10.383000373840332,10.383000373840332,0,0.0,0.0,0.0
2021-11-04 00:00:00-04:00,10.383000373840332,10.383000373840332,10.383000373840332,10.383000373840332,0,0.0,0.0,0.0
2021-11-05 00:00:00-04:00,11.116000175476074,11.199999809265137,11.116000175476074,11.199999809265137,3134,0.0,0.0,0.0
2021-11-08 00:00:00-05:00,11.152000427246094,11.152000427246094,11.152000427246094,11.152000427246094,1079,0.0,0.0,0.0
2021-11-09 00:00:00-05:00,11.053999900817871,11.053999900817871,10.682999610900879,10.682999610900879,363,0.0,0.0,0.0
2021-11-10 00:00:00-05:00,10.446000099182129,10.545000076293945,10.446000099182129,10.545000076293945,1298,0.0,0.0,0.0
2021-11-11 00:00:00-05:00,10.390000343322754,10.390000343322754,10.390000343322754,10.390000343322754,261,0.0,0.0,0.0
2021-11-12 00:00:00-05:00,10.51099967956543,10.51099967956543,10.51099967956543,10.51099967956543,720,0.0,0.0,0.0
2021-11-15 00:00:00-05:00,10.560999870300293,10.560999870300293,10.560999870300293,10.560999870300293,180,0.0,0.0,0.0
2021-11-16 00:00:00-05:00,10.560999870300293,10.560999870300293,10.560999870300293,10.560999870300293,0,0.0,0.0,0.0
2021-11-17 00:00:00-05:00,10.560999870300293,10.560999870300293,10.560999870300293,10.560999870300293,0,0.0,0.0,0.0
2021-11-18 00:00:00-05:00,10.881999969482422,11.057000160217285,10.793000221252441,10.793000221252441,1404,0.0,0.0,0.0
2021-11-19 00:00:00-05:00,10.793000221252441,10.793000221252441,10.793000221252441,10.793000221252441,0,0.0,0.0,0.0
2021-11-22 00:00:00-05:00,10.854000091552734,10.854000091552734,10.710000038146973,10.710000038146973,1405,0.0,0.0,0.0
2021-11-23 00:00:00-05:00,10.710000038146973,10.710000038146973,10.710000038146973,10.710000038146973,0,0.0,0.0,0.0
2021-11-24 00:00:00-05:00,10.4399995803833,10.4399995803833,10.4399995803833,10.4399995803833,2674,0.0,0.0,0.0
2021-11-26 00:00:00-05:00,10.27299976348877,10.27299976348877,10.130000114440918,10.130000114440918,479,0.0,0.0,0.0
2021-11-29 00:00:00-05:00,10.434000015258789,10.434000015258789,9.890999794006348,9.890999794006348,1065,0.0,0.0,0.0
2021-11-30 00:00:00-05:00,9.970000267028809,10.125,9.970000267028809,10.125,1413,0.0,0.0,0.0
2021-12-01 00:00:00-05:00,10.54800033569336,10.54800033569336,10.54800033569336,10.54800033569336,259,0.0,0.0,0.0
2021-12-02 00:00:00-05:00,10.222999572753906,10.406999588012695,10.180000305175781,10.211999893188477,2155,0.0,0.0,0.0
2021-12-03 00:00:00-05:00,9.9399995803833,10.420000076293945,9.890000343322754,10.0,2222,0.0,0.0,0.0
2021-12-06 00:00:00-05:00,10.404000282287598,10.4399995803833,9.899999618530273,10.300000190734863,1659,0.0,0.0,0.0
2021-12-07 00:00:00-05:00,10.399999618530273,10.65999984741211,10.392999649047852,10.65999984741211,746,0.0,0.0,0.0
2021-12-08 00:00:00-05:00,10.300000190734863,10.399999618530273,10.300000190734863,10.399999618530273,1557,0.0,0.0,0.0
2021-12-09 00:00:00-05:00,10.270000457763672,10.37399959564209,10.270000457763672,10.37399959564209,1520,0.0,0.0,0.0
2021-12-10 00:00:00-05:00,10.220000267028809,10.241999626159668,10.180000305175781,10.229999542236328,3671,0.0,0.0,0.0
2021-12-13 00:00:00-05:00,10.538000106811523,10.538000106811523,9.930000305175781,9.930000305175781,1992,0.0,0.0,0.0
2021-12-14 00:00:00-05:00,9.930000305175781,9.930000305175781,9.850000381469727,9.850000381469727,1455,0.0,0.0,0.0
2021-12-15 00:00:00-05:00,10.001999855041504,10.001999855041504,9.850000381469727,9.949999809265137,3454,0.0,0.0,0.0
2021-12-16 00:00:00-05:00,10.26200008392334,10.26200008392334,9.920000076293945,10.119999885559082,2905,0.0,0.0,0.0
2021-12-17 00:00:00-05:00,10.208000183105469,10.208000183105469,9.880000114440918,9.923999786376953,832,0.0,0.0,0.0
2021-12-20 00:00:00-05:00,9.862000465393066,9.984000205993652,9.862000465393066,9.920000076293945,3461,0.0,0.0,0.0
2021-12-21 00:00:00-05:00,10.027000427246094,10.088000297546387,9.925999641418457,10.0600004196167,2732,0.0,0.0,0.0
2021-12-22 00:00:00-05:00,10.161999702453613,10.161999702453613,10.109999656677246,10.109999656677246,878,0.0,0.0,0.0
2021-12-23 00:00:00-05:00,10.369999885559082,10.581999778747559,10.3100004196167,10.3100004196167,366,0.0,0.0,0.0
2021-12-27 00:00:00-05:00,10.982999801635742,11.020000457763672,10.850000381469727,10.850000381469727,3703,0.0,0.0,0.0
2021-12-28 00:00:00-05:00,10.4399995803833,10.449999809265137,10.4399995803833,10.449999809265137,785,0.0,0.0,0.0
2021-12-29 00:00:00-05:00,10.90999984741211,10.90999984741211,10.4399995803833,10.491999626159668,733,0.0,0.0,0.0
2021-12-30 00:00:00-05:00,10.800999641418457,10.800999641418457,10.399999618530273,10.649999618530273,1333,0.0,0.0,0.0
2021-12-31 00:00:00-05:00,10.649999618530273,10.649999618530273,10.649999618530273,10.649999618530273,0,0.0,0.0,0.0
2022-01-03 00:00:00-05:00,11.045999526977539,11.079999923706055,10.670000076293945,11.079999923706055,3007,0.0,0.0,0.0
2022-01-04 00:00:00-05:00,11.026000022888184,11.15999984741211,11.026000022888184,11.15999984741211,324,0.0,0.0,0.0
2022-01-05 00:00:00-05:00,11.1850004196167,11.65999984741211,11.1850004196167,11.300000190734863,1282,0.0,0.0,0.0
2022-01-06 00:00:00-05:00,10.850000381469727,10.850000381469727,10.850000381469727,10.850000381469727,444,0.0,0.0,0.0
2022-01-07 00:00:00-05:00,11.100000381469727,11.355999946594238,11.100000381469727,11.355999946594238,420,0.0,0.0,0.0
2022-01-10 00:00:00-05:00,10.892000198364258,11.289999961853027,10.680000305175781,10.680000305175781,3815,0.0,0.0,0.0
2022-01-11 00:00:00-05:00,11.170000076293945,11.170000076293945,11.170000076293945,11.170000076293945,231,0.0,0.0,0.0
2022-01-12 00:00:00-05:00,11.395999908447266,11.395999908447266,11.170000076293945,11.170000076293945,404,0.0,0.0,0.0
2022-01-13 00:00:00-05:00,11.880000114440918,11.880000114440918,11.880000114440918,11.880000114440918,1275,0.0,0.0,0.0
2022-01-14 00:00:00-05:00,11.880000114440918,11.880000114440918,11.880000114440918,11.880000114440918,0,0.0,0.0,0.0
2022-01-18 00:00:00-05:00,11.65999984741211,12.0600004196167,11.65999984741211,11.899999618530273,6824,0.0,0.0,0.0
2022-01-19 00:00:00-05:00,11.961000442504883,11.961000442504883,11.961000442504883,11.961000442504883,223,0.0,0.0,0.0
2022-01-20 00:00:00-05:00,11.699999809265137,11.770999908447266,11.510000228881836,11.510000228881836,2198,0.0,0.0,0.0
2022-01-21 00:00:00-05:00,11.37399959564209,11.404999732971191,11.119999885559082,11.12399959564209,864,0.0,0.0,0.0
2022-01-24 00:00:00-05:00,10.675999641418457,10.675999641418457,10.675999641418457,10.675999641418457,1349,0.0,0.0,0.0
2022-01-25 00:00:00-05:00,10.449999809265137,10.449999809265137,10.449999809265137,10.449999809265137,125,0.0,0.0,0.0
2022-01-26 00:00:00-05:00,10.746000289916992,10.746000289916992,10.687999725341797,10.687999725341797,404,0.0,0.0,0.0
2022-01-27 00:00:00-05:00,10.82800006866455,10.857000350952148,10.699999809265137,10.699999809265137,1197,0.0,0.0,0.0
2022-01-28 00:00:00-05:00,10.378000259399414,10.378000259399414,10.378000259399414,10.378000259399414,227,0.0,0.0,0.0
2022-01-31 00:00:00-05:00,10.74899959564209,10.74899959564209,10.510000228881836,10.729999542236328,710,0.0,0.0,0.0
2022-02-01 00:00:00-05:00,10.96500015258789,11.069999694824219,10.96500015258789,11.069999694824219,363,0.0,0.0,0.0
2022-02-02 00:00:00-05:00,11.069999694824219,11.069999694824219,11.069999694824219,11.069999694824219,0,0.0,0.0,0.0
2022-02-03 00:00:00-05:00,10.595000267028809,11.050000190734863,10.595000267028809,11.050000190734863,1499,0.0,0.0,0.0
2022-02-04 00:00:00-05:00,10.35200023651123,10.399999618530273,10.35200023651123,10.399999618530273,512,0.0,0.0,0.0
2022-02-07 00:00:00-05:00,10.399999618530273,10.399999618530273,10.399999618530273,10.399999618530273,0,0.0,0.0,0.0
2022-02-08 00:00:00-05:00,10.192000389099121,10.300000190734863,10.170000076293945,10.300000190734863,616,0.0,0.0,0.0
2022-02-09 00:00:00-05:00,10.399999618530273,10.460000038146973,10.399999618530273,10.460000038146973,684,0.0,0.0,0.0
2022-02-10 00:00:00-05:00,10.265000343322754,10.265000343322754,10.175999641418457,10.25,1170,0.0,0.0,0.0
2022-02-11 00:00:00-05:00,10.039999961853027,10.039999961853027,9.902000427246094,9.949999809265137,740,0.0,0.0,0.0
2022-02-14 00:00:00-05:00,10.163999557495117,10.163999557495117,9.75,9.75,2573,0.0,0.0,0.0
2022-02-15 00:00:00-05:00,10.34000015258789,10.34000015258789,10.34000015258789,10.34000015258789,256,0.0,0.0,0.0
2022-02-16 00:00:00-05:00,9.880000114440918,9.880000114440918,9.880000114440918,9.880000114440918,417,0.0,0.0,0.0
2022-02-17 00:00:00-05:00,10.182000160217285,10.1899995803833,10.182000160217285,10.1899995803833,985,0.0,0.0,0.0
2022-02-18 00:00:00-05:00,9.782999992370605,9.782999992370605,9.489999771118164,9.489999771118164,1478,0.0,0.0,0.0
2022-02-22 00:00:00-05:00,9.399999618530273,9.399999618530273,9.399999618530273,9.399999618530273,1092,0.0,0.0,0.0
2022-02-23 00:00:00-05:00,9.399999618530273,9.399999618530273,9.399999618530273,9.399999618530273,198,0.0,0.0,0.0
2022-02-24 00:00:00-05:00,9.170000076293945,9.170000076293945,8.892999649047852,8.892999649047852,345,0.0,0.0,0.0
2022-02-25 00:00:00-05:00,8.892999649047852,8.892999649047852,8.892999649047852,8.892999649047852,0,0.0,0.0,0.0
2022-02-28 00:00:00-05:00,8.270000457763672,8.550000190734863,8.140000343322754,8.140000343322754,1007,0.0,0.0,0.0
2022-03-01 00:00:00-05:00,8.090999603271484,8.090999603271484,8.090999603271484,8.090999603271484,149,0.0,0.0,0.0
2022-03-02 00:00:00-05:00,7.840000152587891,8.149999618530273,7.840000152587891,8.149999618530273,838,0.0,0.0,0.0
2022-03-03 00:00:00-05:00,7.650000095367432,7.650000095367432,7.650000095367432,7.650000095367432,320,0.0,0.0,0.0
2022-03-04 00:00:00-05:00,7.46999979019165,7.46999979019165,6.889999866485596,7.25,1344,0.0,0.0,0.0
2022-03-07 00:00:00-05:00,7.019999980926514,7.089000225067139,6.929999828338623,6.929999828338623,905,0.0,0.0,0.0
2022-03-08 00:00:00-05:00,7.389999866485596,7.510000228881836,7.389999866485596,7.5,532,0.0,0.0,0.0
2022-03-09 00:00:00-05:00,8.175000190734863,8.175000190734863,7.869999885559082,7.869999885559082,1205,0.0,0.0,0.0
2022-03-10 00:00:00-05:00,7.920000076293945,8.1899995803833,7.920000076293945,8.1899995803833,572,0.0,0.0,0.0
2022-03-11 00:00:00-05:00,8.135000228881836,8.135000228881836,7.934000015258789,8.050000190734863,1477,0.0,0.0,0.0
2022-03-14 00:00:00-04:00,8.458999633789062,8.468999862670898,8.229999542236328,8.229999542236328,788,0.0,0.0,0.0
2022-03-15 00:00:00-04:00,8.324999809265137,8.324999809265137,8.069999694824219,8.220000267028809,6864,0.0,0.0,0.0
2022-03-16 00:00:00-04:00,8.220000267028809,8.220000267028809,8.220000267028809,8.220000267028809,0,0.0,0.0,0.0
2022-03-17 00:00:00-04:00,8.869000434875488,8.869000434875488,8.800000190734863,8.800000190734863,361,0.0,0.0,0.0
2022-03-18 00:00:00-04:00,8.800000190734863,8.800000190734863,8.800000190734863,8.800000190734863,0,0.0,0.0,0.0
2022-03-21 00:00:00-04:00,8.680999755859375,8.680999755859375,8.642000198364258,8.642000198364258,1382,0.0,0.0,0.0
2022-03-22 00:00:00-04:00,8.850000381469727,8.850000381469727,8.850000381469727,8.850000381469727,226,0.0,0.0,0.0
2022-03-23 00:00:00-04:00,8.744999885559082,8.744999885559082,8.744999885559082,8.744999885559082,432,0.0,0.0,0.0
2022-03-24 00:00:00-04:00,8.744999885559082,8.744999885559082,8.744999885559082,8.744999885559082,0,0.0,0.0,0.0
2022-03-25 00:00:00-04:00,7.796999931335449,7.820000171661377,7.705999851226807,7.800000190734863,15793,0.0,0.0,0.0
2022-03-28 00:00:00-04:00,7.960000038146973,7.960000038146973,7.960000038146973,7.960000038146973,460,0.0,0.0,0.0
2022-03-29 00:00:00-04:00,8.520000457763672,8.609999656677246,8.520000457763672,8.609999656677246,531,0.0,0.0,0.0
2022-03-30 00:00:00-04:00,8.609999656677246,8.609999656677246,8.609999656677246,8.609999656677246,0,0.0,0.0,0.0
2022-03-31 00:00:00-04:00,8.34000015258789,8.34000015258789,8.34000015258789,8.34000015258789,363,0.0,0.0,0.0
2022-04-01 00:00:00-04:00,8.560999870300293,8.560999870300293,8.560999870300293,8.560999870300293,282,0.0,0.0,0.0
2022-04-04 00:00:00-04:00,8.560999870300293,8.560999870300293,8.560999870300293,8.560999870300293,0,0.0,0.0,0.0
2022-04-05 00:00:00-04:00,8.291000366210938,8.479999542236328,8.291000366210938,8.479999542236328,353,0.0,0.0,0.0
2022-04-06 00:00:00-04:00,8.079999923706055,8.079999923706055,8.079999923706055,8.079999923706055,751,0.0,0.0,0.0
2022-04-07 00:00:00-04:00,8.03499984741211,8.03499984741211,7.839000225067139,7.839000225067139,348,0.0,0.0,0.0
2022-04-08 00:00:00-04:00,8.321000099182129,8.369999885559082,7.949999809265137,8.369999885559082,1425,0.0,0.0,0.0
2022-04-11 00:00:00-04:00,7.882999897003174,7.909999847412109,7.882999897003174,7.909999847412109,816,0.0,0.0,0.0
2022-04-12 00:00:00-04:00,7.880000114440918,7.989999771118164,7.770100116729736,7.989999771118164,1873,0.0,0.0,0.0
2022-04-13 00:00:00-04:00,7.8480000495910645,8.17199993133545,7.8480000495910645,8.0,1861,0.0,0.0,0.0
2022-04-14 00:00:00-04:00,7.910999774932861,8.09000015258789,7.910999774932861,8.09000015258789,1640,0.0,0.0,0.0
2022-04-18 00:00:00-04:00,7.820000171661377,8.109999656677246,7.820000171661377,7.822000026702881,2312,0.0,0.0,0.0
2022-04-19 00:00:00-04:00,8.159000396728516,8.34000015258789,8.159000396728516,8.196000099182129,2114,0.0,0.0,0.0
2022-04-20 00:00:00-04:00,8.359999656677246,8.545000076293945,8.359999656677246,8.545000076293945,687,0.0,0.0,0.0
2022-04-21 00:00:00-04:00,9.270000457763672,9.647000312805176,9.270000457763672,9.647000312805176,794,0.0,0.0,0.0
2022-04-22 00:00:00-04:00,8.774999618530273,8.949000358581543,8.774999618530273,8.850000381469727,1854,0.0,0.0,0.0
2022-04-25 00:00:00-04:00,8.534000396728516,8.569999694824219,8.534000396728516,8.569999694824219,14446,0.0,0.0,0.0
2022-04-26 00:00:00-04:00,8.414999961853027,8.414999961853027,8.414999961853027,8.414999961853027,337,0.0,0.0,0.0
2022-04-27 00:00:00-04:00,8.458999633789062,8.654999732971191,8.458999633789062,8.550000190734863,1422,0.0,0.0,0.0
2022-04-28 00:00:00-04:00,8.550000190734863,8.6899995803833,8.54699993133545,8.54699993133545,986,0.0,0.0,0.0
2022-04-29 00:00:00-04:00,8.8100004196167,8.8100004196167,8.670000076293945,8.694999694824219,413,0.0,0.0,0.0
2022-05-02 00:00:00-04:00,8.29699993133545,8.616999626159668,8.130000114440918,8.300000190734863,6067,0.0,0.0,0.0
2022-05-03 00:00:00-04:00,8.333000183105469,8.470000267028809,8.25,8.399999618530273,8073,0.0,0.0,0.0
2022-05-04 00:00:00-04:00,8.210000038146973,8.617500305175781,8.180000305175781,8.180000305175781,3101,0.0,0.0,0.0
2022-05-05 00:00:00-04:00,8.270000457763672,8.270000457763672,8.020000457763672,8.100000381469727,5478,0.0,0.0,0.0
2022-05-06 00:00:00-04:00,7.954999923706055,8.225000381469727,7.926000118255615,8.225000381469727,1356,0.0,0.0,0.0
2022-05-09 00:00:00-04:00,7.631999969482422,7.968999862670898,7.631999969482422,7.800000190734863,866,0.0,0.0,0.0
2022-05-10 00:00:00-04:00,7.817999839782715,7.914999961853027,7.758999824523926,7.78000020980835,2319,0.0,0.0,0.0
2022-05-11 00:00:00-04:00,7.769999980926514,7.769999980926514,7.635000228881836,7.639999866485596,3598,0.0,0.0,0.0
2022-05-12 00:00:00-04:00,7.651000022888184,7.722499847412109,7.389999866485596,7.5,61287,0.0,0.0,0.0
2022-05-13 00:00:00-04:00,7.880000114440918,7.915999889373779,7.880000114440918,7.915999889373779,1015,0.0,0.0,0.0
2022-05-16 00:00:00-04:00,8.239999771118164,8.25,7.953000068664551,7.953000068664551,1364,0.0,0.0,0.0
2022-05-17 00:00:00-04:00,8.190999984741211,8.350000381469727,8.190999984741211,8.210000038146973,1002,0.0,0.0,0.0
2022-05-18 00:00:00-04:00,8.210000038146973,8.210000038146973,8.210000038146973,8.210000038146973,0,0.0,0.0,0.0
2022-05-19 00:00:00-04:00,8.609000205993652,8.616999626159668,8.329999923706055,8.329999923706055,3454,0.0,0.0,0.0
2022-05-20 00:00:00-04:00,8.267999649047852,8.350000381469727,8.267999649047852,8.350000381469727,1161,0.0,0.0,0.0
2022-05-23 00:00:00-04:00,8.84000015258789,9.001999855041504,8.600000381469727,8.65999984741211,1194,0.0,0.0,0.0
2022-05-24 00:00:00-04:00,8.819999694824219,8.819999694824219,8.819999694824219,8.819999694824219,526,0.0,0.0,0.0
2022-05-25 00:00:00-04:00,8.678000450134277,8.979999542236328,8.678000450134277,8.979999542236328,1590,0.0,0.0,0.0
2022-05-26 00:00:00-04:00,8.449999809265137,8.449999809265137,8.449999809265137,8.449999809265137,161,0.0,0.0,0.0
2022-05-27 00:00:00-04:00,8.85200023651123,8.949999809265137,8.85200023651123,8.949999809265137,716,0.0,0.0,0.0
2022-05-31 00:00:00-04:00,9.378999710083008,9.378999710083008,9.09000015258789,9.09000015258789,1731,0.0,0.0,0.0
2022-06-01 00:00:00-04:00,9.307499885559082,9.307499885559082,9.234000205993652,9.234000205993652,249,0.0,0.0,0.0
2022-06-02 00:00:00-04:00,9.392000198364258,9.748000144958496,9.369999885559082,9.529999732971191,5192,0.0,0.0,0.0
2022-06-03 00:00:00-04:00,9.512999534606934,9.779999732971191,9.512999534606934,9.779999732971191,1504,0.0,0.0,0.0
2022-06-06 00:00:00-04:00,9.479999542236328,9.895000457763672,9.359999656677246,9.359999656677246,4276,0.0,0.0,0.0
2022-06-07 00:00:00-04:00,9.378999710083008,9.529999732971191,9.378999710083008,9.479999542236328,1925,0.0,0.0,0.0
2022-06-08 00:00:00-04:00,9.470000267028809,9.470000267028809,9.460000038146973,9.460000038146973,315,0.0,0.0,0.0
2022-06-09 00:00:00-04:00,9.37600040435791,9.416000366210938,9.37600040435791,9.416000366210938,1836,0.0,0.0,0.0
2022-06-10 00:00:00-04:00,9.37399959564209,9.37399959564209,8.92199993133545,8.92199993133545,865,0.0,0.0,0.0
2022-06-13 00:00:00-04:00,9.003999710083008,9.003999710083008,8.479999542236328,8.479999542236328,2739,0.0,0.0,0.0
2022-06-14 00:00:00-04:00,8.774999618530273,8.774999618530273,8.401000022888184,8.449999809265137,3088,0.0,0.0,0.0
2022-06-15 00:00:00-04:00,8.623000144958496,8.663000106811523,8.59000015258789,8.59000015258789,953,0.0,0.0,0.0
2022-06-16 00:00:00-04:00,8.231499671936035,8.260000228881836,8.231499671936035,8.260000228881836,1268,0.0,0.0,0.0
2022-06-17 00:00:00-04:00,8.62600040435791,8.62600040435791,8.100000381469727,8.5600004196167,850,0.0,0.0,0.0
2022-06-21 00:00:00-04:00,8.494999885559082,8.83080005645752,8.335000038146973,8.335000038146973,3078,0.0,0.0,0.0
2022-06-22 00:00:00-04:00,7.88100004196167,7.960000038146973,7.8420000076293945,7.960000038146973,13845,0.0,0.0,0.0
2022-06-23 00:00:00-04:00,8.090999603271484,8.090999603271484,7.835000038146973,8.079999923706055,1340,0.0,0.0,0.0
2022-06-24 00:00:00-04:00,7.716000080108643,7.914999961853027,7.670000076293945,7.670000076293945,818,0.0,0.0,0.0
2022-06-27 00:00:00-04:00,7.960000038146973,7.960000038146973,7.920000076293945,7.920000076293945,2143,0.0,0.0,0.0
2022-06-28 00:00:00-04:00,7.960000038146973,8.1850004196167,7.929999828338623,8.1850004196167,931,0.0,0.0,0.0
2022-06-29 00:00:00-04:00,7.65500020980835,7.75,7.650000095367432,7.75,2179,0.0,0.0,0.0
2022-06-30 00:00:00-04:00,7.199999809265137,7.400000095367432,7.199999809265137,7.400000095367432,465,0.0,0.0,0.0
2022-07-01 00:00:00-04:00,7.275000095367432,7.50600004196167,7.275000095367432,7.50600004196167,644,0.0,0.0,0.0
2022-07-05 00:00:00-04:00,7.172999858856201,7.2179999351501465,7.170000076293945,7.170000076293945,1862,0.0,0.0,0.0
2022-07-06 00:00:00-04:00,7.010000228881836,7.010000228881836,6.989999771118164,6.989999771118164,330,0.0,0.0,0.0
2022-07-07 00:00:00-04:00,7.329999923706055,7.409999847412109,7.329999923706055,7.409999847412109,1429,0.0,0.0,0.0
2022-07-08 00:00:00-04:00,7.572999954223633,7.650000095367432,7.498000144958496,7.650000095367432,947,0.0,0.0,0.0
2022-07-11 00:00:00-04:00,6.997000217437744,7.289999961853027,6.997000217437744,7.050000190734863,2341,0.0,0.0,0.0
2022-07-12 00:00:00-04:00,6.926000118255615,7.0,6.918000221252441,7.0,1279,0.0,0.0,0.0
2022-07-13 00:00:00-04:00,6.940000057220459,6.940000057220459,6.940000057220459,6.940000057220459,230,0.0,0.0,0.0
2022-07-14 00:00:00-04:00,6.685999870300293,6.9070000648498535,6.6529998779296875,6.6529998779296875,1024,0.0,0.0,0.0
2022-07-15 00:00:00-04:00,6.894000053405762,6.99399995803833,6.894000053405762,6.949999809265137,2420,0.0,0.0,0.0
2022-07-18 00:00:00-04:00,7.285999774932861,7.285999774932861,7.150000095367432,7.150000095367432,576,0.0,0.0,0.0
2022-07-19 00:00:00-04:00,7.104000091552734,7.300000190734863,7.104000091552734,7.300000190734863,1849,0.0,0.0,0.0
2022-07-20 00:00:00-04:00,7.2789998054504395,7.300000190734863,7.2789998054504395,7.300000190734863,694,0.0,0.0,0.0
2022-07-21 00:00:00-04:00,7.35699987411499,7.380000114440918,7.35699987411499,7.380000114440918,473,0.0,0.0,0.0
2022-07-22 00:00:00-04:00,7.999000072479248,8.008999824523926,7.5,7.5,111258,0.0,0.0,0.0
2022-07-25 00:00:00-04:00,7.848999977111816,8.09000015258789,7.699999809265137,7.920000076293945,11104,0.0,0.0,0.0
2022-07-26 00:00:00-04:00,7.920000076293945,7.920000076293945,7.920000076293945,7.920000076293945,0,0.0,0.0,0.0
2022-07-27 00:00:00-04:00,7.320000171661377,7.75,7.320000171661377,7.75,1094,0.0,0.0,0.0
2022-07-28 00:00:00-04:00,7.739999771118164,7.739999771118164,7.739999771118164,7.739999771118164,774,0.0,0.0,0.0
2022-07-29 00:00:00-04:00,8.142499923706055,8.199999809265137,8.081000328063965,8.199999809265137,1620,0.0,0.0,0.0
2022-08-01 00:00:00-04:00,8.468999862670898,8.479999542236328,8.123000144958496,8.479999542236328,2349,0.0,0.0,0.0
2022-08-02 00:00:00-04:00,7.962500095367432,7.962500095367432,7.962500095367432,7.962500095367432,151,0.0,0.0,0.0
2022-08-03 00:00:00-04:00,7.962500095367432,7.962500095367432,7.962500095367432,7.962500095367432,0,0.0,0.0,0.0
2022-08-04 00:00:00-04:00,7.962500095367432,7.962500095367432,7.962500095367432,7.962500095367432,0,0.0,0.0,0.0
2022-08-05 00:00:00-04:00,7.96999979019165,7.96999979019165,7.889999866485596,7.949999809265137,550,0.0,0.0,0.0
2022-08-08 00:00:00-04:00,8.480999946594238,8.480999946594238,8.020000457763672,8.050000190734863,4121,0.0,0.0,0.0
2022-08-09 00:00:00-04:00,7.960000038146973,7.980000019073486,7.960000038146973,7.980000019073486,2870,0.0,0.0,0.0
2022-08-10 00:00:00-04:00,8.5600004196167,8.5600004196167,8.553999900817871,8.553999900817871,451,0.0,0.0,0.0
2022-08-11 00:00:00-04:00,8.899999618530273,8.914999961853027,8.899999618530273,8.914999961853027,380,0.0,0.0,0.0
2022-08-12 00:00:00-04:00,8.930000305175781,8.930000305175781,8.850000381469727,8.850000381469727,1069,0.0,0.0,0.0
2022-08-15 00:00:00-04:00,8.64900016784668,8.64900016784668,8.199999809265137,8.21500015258789,1865,0.0,0.0,0.0
2022-08-16 00:00:00-04:00,8.53499984741211,8.53499984741211,8.53499984741211,8.53499984741211,147,0.0,0.0,0.0
2022-08-17 00:00:00-04:00,8.15999984741211,8.15999984741211,8.15999984741211,8.15999984741211,213,0.0,0.0,0.0
2022-08-18 00:00:00-04:00,8.300000190734863,8.369999885559082,8.277000427246094,8.369999885559082,622,0.0,0.0,0.0
2022-08-19 00:00:00-04:00,8.36400032043457,8.36400032043457,8.279999732971191,8.279999732971191,1146,0.0,0.0,0.0
2022-08-22 00:00:00-04:00,8.020999908447266,8.024999618530273,7.900000095367432,7.900000095367432,1586,0.0,0.0,0.0
2022-08-23 00:00:00-04:00,7.909999847412109,7.909999847412109,7.909999847412109,7.909999847412109,1142,0.0,0.0,0.0
2022-08-24 00:00:00-04:00,8.11299991607666,8.11299991607666,7.849999904632568,7.949999809265137,1647,0.0,0.0,0.0
2022-08-25 00:00:00-04:00,7.829999923706055,7.829999923706055,7.829999923706055,7.829999923706055,787,0.0,0.0,0.0
2022-08-26 00:00:00-04:00,7.710000038146973,7.710000038146973,7.630000114440918,7.630000114440918,292,0.0,0.0,0.0
2022-08-29 00:00:00-04:00,8.02299976348877,8.02299976348877,7.630000114440918,7.630000114440918,798,0.0,0.0,0.0
2022-08-30 00:00:00-04:00,7.670000076293945,7.670000076293945,7.670000076293945,7.670000076293945,184,0.0,0.0,0.0
2022-08-31 00:00:00-04:00,7.683000087738037,7.820000171661377,7.683000087738037,7.820000171661377,734,0.0,0.0,0.0
2022-09-01 00:00:00-04:00,7.099999904632568,7.099999904632568,7.099999904632568,7.099999904632568,254,0.0,0.0,0.0
2022-09-02 00:00:00-04:00,7.099999904632568,7.099999904632568,7.099999904632568,7.099999904632568,0,0.0,0.0,0.0
2022-09-06 00:00:00-04:00,7.159999847412109,7.159999847412109,7.159999847412109,7.159999847412109,458,0.0,0.0,0.0
2022-09-07 00:00:00-04:00,7.25,7.25,7.25,7.25,383,0.0,0.0,0.0
2022-09-08 00:00:00-04:00,7.520999908447266,8.100000381469727,7.520999908447266,7.880000114440918,2108,0.0,0.0,0.0
2022-09-09 00:00:00-04:00,7.791999816894531,7.791999816894531,7.791999816894531,7.791999816894531,133,0.0,0.0,0.0
2022-09-12 00:00:00-04:00,8.552000045776367,8.552000045776367,8.25,8.25,973,0.0,0.0,0.0
2022-09-13 00:00:00-04:00,7.973999977111816,7.973999977111816,7.659999847412109,7.949999809265137,2321,0.0,0.0,0.0
2022-09-14 00:00:00-04:00,8.449999809265137,8.449999809265137,7.590000152587891,7.590000152587891,931,0.0,0.0,0.0
2022-09-15 00:00:00-04:00,7.739999771118164,7.75,7.739999771118164,7.75,1662,0.0,0.0,0.0
2022-09-16 00:00:00-04:00,7.260000228881836,7.570000171661377,7.21999979019165,7.570000171661377,1657,0.0,0.0,0.0
2022-09-19 00:00:00-04:00,7.85099983215332,7.85099983215332,7.800000190734863,7.800000190734863,741,0.0,0.0,0.0
2022-09-20 00:00:00-04:00,7.357999801635742,7.5,7.320000171661377,7.5,1471,0.0,0.0,0.0
2022-09-21 00:00:00-04:00,7.324999809265137,8.029999732971191,7.324999809265137,8.029999732971191,380,0.0,0.0,0.0
2022-09-22 00:00:00-04:00,6.918000221252441,7.559999942779541,6.739999771118164,6.789999961853027,1567,0.0,0.0,0.0
2022-09-23 00:00:00-04:00,6.590000152587891,6.590000152587891,6.519999980926514,6.519999980926514,364,0.0,0.0,0.0
2022-09-26 00:00:00-04:00,6.9720001220703125,6.9720001220703125,6.309999942779541,6.849999904632568,1130,0.0,0.0,0.0
2022-09-27 00:00:00-04:00,6.327000141143799,6.5,6.327000141143799,6.5,360,0.0,0.0,0.0
2022-09-28 00:00:00-04:00,5.997000217437744,6.445000171661377,5.968999862670898,6.130000114440918,23038,0.0,0.0,0.0
2022-09-29 00:00:00-04:00,5.900000095367432,5.960000038146973,5.900000095367432,5.960000038146973,1503,0.0,0.0,0.0
2022-09-30 00:00:00-04:00,6.39900016784668,6.650000095367432,6.300000190734863,6.309999942779541,4605,0.0,0.0,0.0
2022-10-03 00:00:00-04:00,6.933599948883057,7.230999946594238,6.590000152587891,7.230000019073486,57400,0.0,0.0,0.0
2022-10-04 00:00:00-04:00,7.110000133514404,7.195000171661377,7.110000133514404,7.195000171661377,636,0.0,0.0,0.0
2022-10-05 00:00:00-04:00,7.039999961853027,7.349999904632568,7.039999961853027,7.349999904632568,1089,0.0,0.0,0.0
2022-10-06 00:00:00-04:00,6.860000133514404,6.860000133514404,6.809999942779541,6.809999942779541,924,0.0,0.0,0.0
2022-10-07 00:00:00-04:00,6.550000190734863,6.693999767303467,6.550000190734863,6.693999767303467,2481,0.0,0.0,0.0
2022-10-10 00:00:00-04:00,6.607999801635742,7.208000183105469,6.607999801635742,7.208000183105469,3182,0.0,0.0,0.0
2022-10-11 00:00:00-04:00,6.5920000076293945,6.800000190734863,6.566999912261963,6.800000190734863,1676,0.0,0.0,0.0
2022-10-12 00:00:00-04:00,6.510000228881836,6.800000190734863,6.460000038146973,6.800000190734863,5561,0.0,0.0,0.0
2022-10-13 00:00:00-04:00,6.690000057220459,7.079999923706055,6.690000057220459,6.690000057220459,30118,0.0,0.0,0.0
2022-10-14 00:00:00-04:00,7.056000232696533,7.35699987411499,6.78000020980835,7.099999904632568,2843,0.0,0.0,0.0
2022-10-17 00:00:00-04:00,7.689000129699707,7.689000129699707,7.114999771118164,7.114999771118164,1029,0.0,0.0,0.0
2022-10-18 00:00:00-04:00,7.315000057220459,7.400000095367432,7.315000057220459,7.400000095367432,651,0.0,0.0,0.0
2022-10-19 00:00:00-04:00,6.960000038146973,6.960000038146973,6.960000038146973,6.960000038146973,206,0.0,0.0,0.0
2022-10-20 00:00:00-04:00,7.03000020980835,7.698999881744385,7.03000020980835,7.5,1109,0.0,0.0,0.0
2022-10-21 00:00:00-04:00,7.119999885559082,7.119999885559082,7.119999885559082,7.119999885559082,2160,0.0,0.0,0.0
2022-10-24 00:00:00-04:00,7.828000068664551,7.828000068664551,7.170000076293945,7.599999904632568,1594,0.0,0.0,0.0
2022-10-25 00:00:00-04:00,7.211999893188477,7.211999893188477,7.211999893188477,7.211999893188477,116,0.0,0.0,0.0
2022-10-26 00:00:00-04:00,7.5,7.5,7.5,7.5,116,0.0,0.0,0.0
2022-10-27 00:00:00-04:00,7.5,7.5,7.5,7.5,0,0.0,0.0,0.0
2022-10-28 00:00:00-04:00,7.75,7.75,7.269999980926514,7.269999980926514,1033,0.0,0.0,0.0
2022-10-31 00:00:00-04:00,7.3429999351501465,8.006999969482422,7.25,7.599999904632568,17314,0.0,0.0,0.0
2022-11-01 00:00:00-04:00,8.314000129699707,8.314000129699707,7.449999809265137,7.699999809265137,1974,0.0,0.0,0.0
2022-11-02 00:00:00-04:00,7.289999961853027,7.5,7.289999961853027,7.5,938,0.0,0.0,0.0
2022-11-03 00:00:00-04:00,7.23199987411499,7.60699987411499,7.23199987411499,7.46999979019165,3665,0.0,0.0,0.0
2022-11-04 00:00:00-04:00,7.980000019073486,7.980000019073486,7.980000019073486,7.980000019073486,307,0.0,0.0,0.0
2022-11-07 00:00:00-05:00,8.633999824523926,8.633999824523926,8.633999824523926,8.633999824523926,2266,0.0,0.0,0.0
2022-11-08 00:00:00-05:00,8.38700008392334,8.40999984741211,8.369999885559082,8.369999885559082,422,0.0,0.0,0.0
2022-11-09 00:00:00-05:00,8.380000114440918,8.380000114440918,8.199999809265137,8.199999809265137,1021,0.0,0.0,0.0
2022-11-10 00:00:00-05:00,8.470000267028809,8.75,8.470000267028809,8.75,2229,0.0,0.0,0.0
2022-11-11 00:00:00-05:00,9.269000053405762,9.383999824523926,8.480999946594238,9.361000061035156,4076,0.0,0.0,0.0
2022-11-14 00:00:00-05:00,9.029999732971191,9.039999961853027,8.711000442504883,8.819999694824219,5740,0.0,0.0,0.0
2022-11-15 00:00:00-05:00,8.859999656677246,8.859999656677246,8.449999809265137,8.460000038146973,680,0.0,0.0,0.0
2022-11-16 00:00:00-05:00,8.526000022888184,8.850000381469727,8.4399995803833,8.850000381469727,1518,0.0,0.0,0.0
2022-11-17 00:00:00-05:00,8.456000328063965,8.984999656677246,8.456000328063965,8.850000381469727,2159,0.0,0.0,0.0
2022-11-18 00:00:00-05:00,8.850000381469727,8.850000381469727,8.850000381469727,8.850000381469727,0,0.0,0.0,0.0
2022-11-21 00:00:00-05:00,9.218999862670898,9.239999771118164,8.907999992370605,9.0,5795,0.0,0.0,0.0
2022-11-22 00:00:00-05:00,9.156000137329102,9.156000137329102,9.156000137329102,9.156000137329102,415,0.0,0.0,0.0
2022-11-23 00:00:00-05:00,9.149999618530273,9.41100025177002,9.149999618530273,9.359999656677246,6311,0.0,0.0,0.0
2022-11-25 00:00:00-05:00,9.359999656677246,9.359999656677246,9.359999656677246,9.359999656677246,137,0.0,0.0,0.0
2022-11-28 00:00:00-05:00,9.071000099182129,9.350000381469727,9.071000099182129,9.100000381469727,685,0.0,0.0,0.0
2022-11-29 00:00:00-05:00,8.967000007629395,9.050000190734863,8.967000007629395,9.050000190734863,830,0.0,0.0,0.0
2022-11-30 00:00:00-05:00,9.190999984741211,9.300000190734863,9.111000061035156,9.300000190734863,1192,0.0,0.0,0.0
2022-12-01 00:00:00-05:00,9.25,9.399999618530273,9.25,9.399999618530273,654,0.0,0.0,0.0
2022-12-02 00:00:00-05:00,9.800999641418457,9.800999641418457,9.800999641418457,9.800999641418457,4109,0.0,0.0,0.0
2022-12-05 00:00:00-05:00,9.99899959564209,9.99899959564209,9.40999984741211,9.75,2988,0.0,0.0,0.0
2022-12-06 00:00:00-05:00,9.388999938964844,9.5,9.388999938964844,9.5,582,0.0,0.0,0.0
2022-12-07 00:00:00-05:00,9.5,9.5,9.5,9.5,0,0.0,0.0,0.0
2022-12-08 00:00:00-05:00,9.288999557495117,9.288999557495117,9.25,9.25,426,0.0,0.0,0.0
2022-12-09 00:00:00-05:00,9.359999656677246,9.449999809265137,9.359999656677246,9.449999809265137,1178,0.0,0.0,0.0
2022-12-12 00:00:00-05:00,9.279000282287598,9.399999618530273,9.279000282287598,9.399999618530273,770,0.0,0.0,0.0
2022-12-13 00:00:00-05:00,9.821999549865723,9.970000267028809,9.800000190734863,9.800000190734863,3218,0.0,0.0,0.0
2022-12-14 00:00:00-05:00,9.842000007629395,10.157999992370605,9.76200008392334,9.76200008392334,1359,0.0,0.0,0.0
2022-12-15 00:00:00-05:00,9.722000122070312,9.779999732971191,9.640000343322754,9.640000343322754,1691,0.0,0.0,0.0
2022-12-16 00:00:00-05:00,9.541999816894531,9.541999816894531,9.541999816894531,9.541999816894531,356,0.0,0.0,0.0
2022-12-19 00:00:00-05:00,9.958000183105469,9.958000183105469,9.800000190734863,9.800000190734863,1767,0.0,0.0,0.0
2022-12-20 00:00:00-05:00,9.51200008392334,9.800000190734863,9.48900032043457,9.800000190734863,1240,0.0,0.0,0.0
2022-12-21 00:00:00-05:00,10.699999809265137,10.699999809265137,10.699999809265137,10.699999809265137,214,0.0,0.0,0.0
2022-12-22 00:00:00-05:00,10.366000175476074,10.430000305175781,9.720999717712402,9.720999717712402,2821,0.0,0.0,0.0
2022-12-23 00:00:00-05:00,10.506999969482422,10.506999969482422,10.260000228881836,10.5,2262,0.0,0.0,0.0
2022-12-27 00:00:00-05:00,10.053999900817871,10.199999809265137,10.053999900817871,10.199999809265137,1564,0.0,0.0,0.0
2022-12-28 00:00:00-05:00,10.111000061035156,10.111000061035156,10.029999732971191,10.029999732971191,572,0.0,0.0,0.0
2022-12-29 00:00:00-05:00,10.4399995803833,10.4399995803833,10.4399995803833,10.4399995803833,210,0.0,0.0,0.0
2022-12-30 00:00:00-05:00,10.527999877929688,10.829999923706055,10.527999877929688,10.829999923706055,541,0.0,0.0,0.0
2023-01-03 00:00:00-05:00,10.347000122070312,10.380000114440918,10.319999694824219,10.319999694824219,2666,0.0,0.0,0.0
2023-01-04 00:00:00-05:00,10.319999694824219,10.319999694824219,10.319999694824219,10.319999694824219,0,0.0,0.0,0.0
2023-01-05 00:00:00-05:00,10.303000450134277,10.399999618530273,10.303000450134277,10.399999618530273,1384,0.0,0.0,0.0
2023-01-06 00:00:00-05:00,10.4399995803833,10.65999984741211,10.4399995803833,10.65999984741211,490,0.0,0.0,0.0
2023-01-09 00:00:00-05:00,11.223999977111816,11.223999977111816,11.100000381469727,11.100000381469727,559,0.0,0.0,0.0
2023-01-10 00:00:00-05:00,11.145000457763672,11.145000457763672,10.90999984741211,10.90999984741211,1189,0.0,0.0,0.0
2023-01-11 00:00:00-05:00,10.800000190734863,10.800000190734863,10.760000228881836,10.760000228881836,2113,0.0,0.0,0.0
2023-01-12 00:00:00-05:00,10.760000228881836,10.760000228881836,10.760000228881836,10.760000228881836,0,0.0,0.0,0.0
2023-01-13 00:00:00-05:00,11.324999809265137,11.324999809265137,11.239999771118164,11.239999771118164,2570,0.0,0.0,0.0
2023-01-17 00:00:00-05:00,11.324999809265137,11.324999809265137,10.84000015258789,10.84000015258789,2300,0.0,0.0,0.0
2023-01-18 00:00:00-05:00,11.185999870300293,11.524999618530273,11.166000366210938,11.350000381469727,1407,0.0,0.0,0.0
2023-01-19 00:00:00-05:00,10.850000381469727,10.850000381469727,10.850000381469727,10.850000381469727,319,0.0,0.0,0.0
2023-01-20 00:00:00-05:00,11.140000343322754,11.300000190734863,11.140000343322754,11.300000190734863,714,0.0,0.0,0.0
2023-01-23 00:00:00-05:00,11.61400032043457,11.635000228881836,11.454999923706055,11.5,1320,0.0,0.0,0.0
2023-01-24 00:00:00-05:00,11.385000228881836,11.385000228881836,11.385000228881836,11.385000228881836,226,0.0,0.0,0.0
2023-01-25 00:00:00-05:00,11.270000457763672,11.449999809265137,11.270000457763672,11.449999809265137,958,0.0,0.0,0.0
2023-01-26 00:00:00-05:00,11.265000343322754,11.265000343322754,11.265000343322754,11.265000343322754,299,0.0,0.0,0.0
2023-01-27 00:00:00-05:00,11.682999610900879,11.682999610900879,11.550000190734863,11.550000190734863,1196,0.0,0.0,0.0
2023-01-30 00:00:00-05:00,11.666999816894531,11.666999816894531,11.260100364685059,11.399999618530273,512,0.0,0.0,0.0
2023-01-31 00:00:00-05:00,11.399999618530273,11.399999618530273,11.399999618530273,11.399999618530273,0,0.0,0.0,0.0
2023-02-01 00:00:00-05:00,11.260000228881836,11.260000228881836,11.260000228881836,11.260000228881836,142,0.0,0.0,0.0
2023-02-02 00:00:00-05:00,11.87399959564209,11.87399959564209,11.800000190734863,11.800000190734863,557,0.0,0.0,0.0
2023-02-03 00:00:00-05:00,11.314000129699707,11.600000381469727,11.314000129699707,11.600000381469727,550,0.0,0.0,0.0
2023-02-06 00:00:00-05:00,11.696000099182129,11.696000099182129,11.300000190734863,11.300000190734863,624,0.0,0.0,0.0
2023-02-07 00:00:00-05:00,11.09000015258789,11.09000015258789,11.09000015258789,11.09000015258789,280,0.0,0.0,0.0
2023-02-08 00:00:00-05:00,11.140000343322754,11.140000343322754,11.140000343322754,11.140000343322754,319,0.0,0.0,0.0
2023-02-09 00:00:00-05:00,11.026000022888184,11.385000228881836,11.026000022888184,11.385000228881836,424,0.0,0.0,0.0
2023-02-10 00:00:00-05:00,11.35099983215332,11.35099983215332,10.75,10.75,808,0.0,0.0,0.0
2023-02-13 00:00:00-05:00,10.949999809265137,10.949999809265137,10.949999809265137,10.949999809265137,426,0.0,0.0,0.0
2023-02-14 00:00:00-05:00,10.949999809265137,10.949999809265137,10.949999809265137,10.949999809265137,0,0.0,0.0,0.0
2023-02-15 00:00:00-05:00,10.949999809265137,10.949999809265137,10.949999809265137,10.949999809265137,0,0.0,0.0,0.0
2023-02-16 00:00:00-05:00,10.949999809265137,10.949999809265137,10.949999809265137,10.949999809265137,0,0.0,0.0,0.0
2023-02-17 00:00:00-05:00,10.75,10.75,10.75,10.75,236,0.0,0.0,0.0
2023-02-21 00:00:00-05:00,10.779999732971191,11.175999641418457,10.779999732971191,11.050000190734863,2606,0.0,0.0,0.0
2023-02-22 00:00:00-05:00,10.319999694824219,10.319999694824219,10.319999694824219,10.319999694824219,182,0.0,0.0,0.0
2023-02-23 00:00:00-05:00,10.319999694824219,10.319999694824219,10.319999694824219,10.319999694824219,0,0.0,0.0,0.0
2023-02-24 00:00:00-05:00,10.319999694824219,10.319999694824219,10.319999694824219,10.319999694824219,0,0.0,0.0,0.0
2023-02-27 00:00:00-05:00,10.625,10.625,10.625,10.625,249,0.0,0.0,0.0
2023-02-28 00:00:00-05:00,10.625,10.625,10.625,10.625,0,0.0,0.0,0.0
2023-03-01 00:00:00-05:00,10.720000267028809,10.720100402832031,10.510000228881836,10.510000228881836,1752,0.0,0.0,0.0
2023-03-02 00:00:00-05:00,10.510000228881836,10.510000228881836,10.510000228881836,10.510000228881836,0,0.0,0.0,0.0
2023-03-03 00:00:00-05:00,10.739999771118164,10.739999771118164,10.739999771118164,10.739999771118164,223,0.0,0.0,0.0
2023-03-06 00:00:00-05:00,10.729999542236328,10.729999542236328,10.720000267028809,10.720000267028809,433,0.0,0.0,0.0
2023-03-07 00:00:00-05:00,10.720000267028809,10.720000267028809,10.720000267028809,10.720000267028809,0,0.0,0.0,0.0
2023-03-08 00:00:00-05:00,10.510000228881836,10.510000228881836,10.510000228881836,10.510000228881836,2931,0.0,0.0,0.0
2023-03-09 00:00:00-05:00,10.510000228881836,10.510000228881836,10.300000190734863,10.300000190734863,949,0.0,0.0,0.0
2023-03-10 00:00:00-05:00,10.291899681091309,10.468999862670898,10.291899681091309,10.468999862670898,680,0.0,0.0,0.0
2023-03-13 00:00:00-04:00,9.890000343322754,10.100000381469727,9.890000343322754,10.100000381469727,1271,0.0,0.0,0.0
2023-03-14 00:00:00-04:00,10.15999984741211,10.199999809265137,10.15999984741211,10.199999809265137,312,0.0,0.0,0.0
2023-03-15 00:00:00-04:00,9.4399995803833,9.4399995803833,9.4399995803833,9.4399995803833,781,0.0,0.0,0.0
2023-03-16 00:00:00-04:00,9.734999656677246,9.734999656677246,9.569999694824219,9.569999694824219,473,0.0,0.0,0.0
2023-03-17 00:00:00-04:00,9.581999778747559,9.581999778747559,9.581999778747559,9.581999778747559,274,0.0,0.0,0.0
2023-03-20 00:00:00-04:00,9.883000373840332,9.883000373840332,9.883000373840332,9.883000373840332,307,0.0,0.0,0.0
2023-03-21 00:00:00-04:00,10.23799991607666,10.23799991607666,10.212499618530273,10.212499618530273,1265,0.0,0.0,0.0
2023-03-22 00:00:00-04:00,10.324999809265137,10.324999809265137,9.989999771118164,9.989999771118164,1282,0.0,0.0,0.0
2023-03-23 00:00:00-04:00,10.300000190734863,10.300000190734863,10.300000190734863,10.300000190734863,466,0.0,0.0,0.0
2023-03-24 00:00:00-04:00,9.59000015258789,9.649999618530273,9.59000015258789,9.649999618530273,833,0.0,0.0,0.0
2023-03-27 00:00:00-04:00,9.649999618530273,9.649999618530273,9.649999618530273,9.649999618530273,0,0.0,0.0,0.0
2023-03-28 00:00:00-04:00,9.90999984741211,9.90999984741211,9.90999984741211,9.90999984741211,350,0.0,0.0,0.0
2023-03-29 00:00:00-04:00,10.539999961853027,10.539999961853027,10.539999961853027,10.539999961853027,229,0.0,0.0,0.0
2023-03-30 00:00:00-04:00,10.539999961853027,10.539999961853027,10.539999961853027,10.539999961853027,0,0.0,0.0,0.0
2023-03-31 00:00:00-04:00,10.895999908447266,10.895999908447266,10.800000190734863,10.800000190734863,365,0.0,0.0,0.0
2023-04-03 00:00:00-04:00,10.800000190734863,10.800000190734863,10.800000190734863,10.800000190734863,0,0.0,0.0,0.0
2023-04-04 00:00:00-04:00,11.0600004196167,11.0600004196167,11.0600004196167,11.0600004196167,12199,0.0,0.0,0.0
2023-04-05 00:00:00-04:00,10.810099601745605,10.810099601745605,10.810099601745605,10.810099601745605,4571,0.0,0.0,0.0
2023-04-06 00:00:00-04:00,10.791999816894531,10.800000190734863,10.791999816894531,10.800000190734863,942,0.0,0.0,0.0
2023-04-10 00:00:00-04:00,10.329999923706055,10.329999923706055,10.329999923706055,10.329999923706055,397,0.0,0.0,0.0
2023-04-11 00:00:00-04:00,11.244999885559082,11.244999885559082,11.244999885559082,11.244999885559082,208,0.0,0.0,0.0
2023-04-12 00:00:00-04:00,11.244999885559082,11.244999885559082,11.244999885559082,11.244999885559082,0,0.0,0.0,0.0
2023-04-13 00:00:00-04:00,11.527950286865234,11.527950286865234,11.45300006866455,11.5,1460,0.0,0.0,0.0
2023-04-14 00:00:00-04:00,11.5,11.5,11.5,11.5,0,0.0,0.0,0.0
2023-04-17 00:00:00-04:00,11.84000015258789,11.84000015258789,11.84000015258789,11.84000015258789,593,0.0,0.0,0.0
2023-04-18 00:00:00-04:00,12.121000289916992,12.121000289916992,12.0,12.0,520,0.0,0.0,0.0
2023-04-19 00:00:00-04:00,11.800000190734863,11.800000190734863,11.800000190734863,11.800000190734863,340,0.0,0.0,0.0
2023-04-20 00:00:00-04:00,11.904999732971191,11.904999732971191,11.529999732971191,11.529999732971191,878,0.0,0.0,0.0
2023-04-21 00:00:00-04:00,11.595000267028809,11.595000267028809,11.390000343322754,11.390000343322754,616,0.0,0.0,0.0
2023-04-24 00:00:00-04:00,11.70199966430664,11.70199966430664,11.70199966430664,11.70199966430664,1046,0.0,0.0,0.0
2023-04-25 00:00:00-04:00,11.70199966430664,11.70199966430664,11.70199966430664,11.70199966430664,0,0.0,0.0,0.0
2023-04-26 00:00:00-04:00,10.920000076293945,11.70199966430664,10.920000076293945,11.069999694824219,2608,0.0,0.0,0.0
2023-04-27 00:00:00-04:00,11.069999694824219,11.069999694824219,11.069999694824219,11.069999694824219,0,0.0,0.0,0.0
2023-04-28 00:00:00-04:00,11.069999694824219,11.069999694824219,11.069999694824219,11.069999694824219,0,0.0,0.0,0.0
2023-05-01 00:00:00-04:00,10.687999725341797,10.819999694824219,10.520000457763672,10.520000457763672,663,0.0,0.0,0.0
2023-05-02 00:00:00-04:00,10.640000343322754,10.800000190734863,10.593999862670898,10.800000190734863,963,0.0,0.0,0.0
2023-05-03 00:00:00-04:00,11.734999656677246,11.734999656677246,11.100099563598633,11.100099563598633,5471,0.0,0.0,0.0
2023-05-04 00:00:00-04:00,11.59000015258789,11.59000015258789,11.59000015258789,11.59000015258789,2026,0.0,0.0,0.0
2023-05-05 00:00:00-04:00,11.166000366210938,11.550000190734863,11.166000366210938,11.5,94108,0.0,0.0,0.0
2023-05-08 00:00:00-04:00,11.729999542236328,11.885000228881836,11.729999542236328,11.885000228881836,4316,0.0,0.0,0.0
2023-05-09 00:00:00-04:00,11.885000228881836,11.885000228881836,11.885000228881836,11.885000228881836,0,0.0,0.0,0.0
2023-05-10 00:00:00-04:00,11.607000350952148,11.725000381469727,11.510000228881836,11.725000381469727,32908,0.0,0.0,0.0
2023-05-11 00:00:00-04:00,11.550000190734863,11.550000190734863,11.545000076293945,11.550000190734863,2458,0.0,0.0,0.0
2023-05-12 00:00:00-04:00,11.649999618530273,11.649999618530273,11.5,11.5,573,0.0,0.0,0.0
2023-05-15 00:00:00-04:00,11.460000038146973,11.460000038146973,11.460000038146973,11.460000038146973,1700,0.0,0.0,0.0
2023-05-16 00:00:00-04:00,11.109999656677246,11.109999656677246,11.109999656677246,11.109999656677246,1275,0.0,0.0,0.0
2023-05-17 00:00:00-04:00,10.989999771118164,10.989999771118164,10.989999771118164,10.989999771118164,668,0.0,0.0,0.0
2023-05-18 00:00:00-04:00,11.354999542236328,11.354999542236328,10.989999771118164,10.989999771118164,678,0.0,0.0,0.0
2023-05-19 00:00:00-04:00,11.694999694824219,11.699999809265137,11.550999641418457,11.699999809265137,634,0.0,0.0,0.0
2023-05-22 00:00:00-04:00,11.5,11.5,11.5,11.5,255,0.0,0.0,0.0
2023-05-23 00:00:00-04:00,11.5,11.5,11.5,11.5,0,0.0,0.0,0.0
2023-05-24 00:00:00-04:00,10.949999809265137,10.949999809265137,10.949999809265137,10.949999809265137,183,0.0,0.0,0.0
2023-05-25 00:00:00-04:00,10.96500015258789,10.96500015258789,10.5,10.699999809265137,999,0.0,0.0,0.0
2023-05-26 00:00:00-04:00,10.699999809265137,10.930000305175781,10.699999809265137,10.930000305175781,1623,0.0,0.0,0.0
2023-05-30 00:00:00-04:00,10.930000305175781,10.930000305175781,10.930000305175781,10.930000305175781,0,0.0,0.0,0.0
2023-05-31 00:00:00-04:00,10.819999694824219,10.819999694824219,10.680000305175781,10.680000305175781,757,0.0,0.0,0.0
2023-06-01 00:00:00-04:00,10.732999801635742,10.899999618530273,10.732999801635742,10.899999618530273,770,0.0,0.0,0.0
2023-06-02 00:00:00-04:00,11.100000381469727,11.100000381469727,11.100000381469727,11.100000381469727,380,0.0,0.0,0.0
2023-06-05 00:00:00-04:00,11.100000381469727,11.100000381469727,11.100000381469727,11.100000381469727,0,0.0,0.0,0.0
2023-06-06 00:00:00-04:00,11.279999732971191,11.279999732971191,11.279999732971191,11.279999732971191,313,0.0,0.0,0.0
2023-06-07 00:00:00-04:00,10.789999961853027,11.449999809265137,10.789999961853027,11.449999809265137,8396,0.0,0.0,0.0
2023-06-08 00:00:00-04:00,11.449999809265137,11.449999809265137,11.449999809265137,11.449999809265137,0,0.0,0.0,0.0
2023-06-09 00:00:00-04:00,11.449999809265137,11.449999809265137,11.449999809265137,11.449999809265137,0,0.0,0.0,0.0
2023-06-12 00:00:00-04:00,11.399999618530273,11.86400032043457,11.399999618530273,11.850000381469727,1276,0.0,0.0,0.0
2023-06-13 00:00:00-04:00,11.75,11.75,11.75,11.75,336,0.0,0.0,0.0
2023-06-14 00:00:00-04:00,11.920000076293945,11.949999809265137,11.920000076293945,11.949999809265137,898,0.0,0.0,0.0
2023-06-15 00:00:00-04:00,11.949999809265137,11.949999809265137,11.949999809265137,11.949999809265137,0,0.0,0.0,0.0
2023-06-16 00:00:00-04:00,11.949999809265137,11.949999809265137,11.949999809265137,11.949999809265137,0,0.0,0.0,0.0
2023-06-20 00:00:00-04:00,11.5649995803833,11.5649995803833,11.5649995803833,11.5649995803833,796,0.0,0.0,0.0
2023-06-21 00:00:00-04:00,11.5649995803833,11.5649995803833,11.5649995803833,11.5649995803833,0,0.0,0.0,0.0
2023-06-22 00:00:00-04:00,11.470000267028809,11.470000267028809,11.470000267028809,11.470000267028809,499,0.0,0.0,0.0
2023-06-23 00:00:00-04:00,11.609999656677246,11.609999656677246,10.880000114440918,10.880000114440918,800,0.0,0.0,0.0
2023-06-26 00:00:00-04:00,10.880000114440918,10.880000114440918,10.880000114440918,10.880000114440918,0,0.0,0.0,0.0
2023-06-27 00:00:00-04:00,10.880000114440918,10.880000114440918,10.880000114440918,10.880000114440918,0,0.0,0.0,0.0
2023-06-28 00:00:00-04:00,11.579999923706055,11.579999923706055,11.579999923706055,11.579999923706055,122,0.0,0.0,0.0
2023-06-29 00:00:00-04:00,11.579999923706055,11.579999923706055,11.579999923706055,11.579999923706055,0,0.0,0.0,0.0
2023-06-30 00:00:00-04:00,11.579999923706055,11.579999923706055,11.579999923706055,11.579999923706055,0,0.0,0.0,0.0
2023-07-03 00:00:00-04:00,12.579000473022461,12.579000473022461,12.064000129699707,12.399999618530273,858,0.0,0.0,0.0
2023-07-05 00:00:00-04:00,12.399999618530273,12.399999618530273,12.399999618530273,12.399999618530273,0,0.0,0.0,0.0
2023-07-06 00:00:00-04:00,11.600000381469727,11.600000381469727,11.600000381469727,11.600000381469727,435,0.0,0.0,0.0
2023-07-07 00:00:00-04:00,11.600000381469727,11.600000381469727,11.600000381469727,11.600000381469727,0,0.0,0.0,0.0
2023-07-10 00:00:00-04:00,12.0,12.0,12.0,12.0,281,0.0,0.0,0.0
2023-07-11 00:00:00-04:00,12.0,12.0,12.0,12.0,0,0.0,0.0,0.0
2023-07-12 00:00:00-04:00,12.0,12.0,12.0,12.0,0,0.0,0.0,0.0
2023-07-13 00:00:00-04:00,12.0,12.0,12.0,12.0,0,0.0,0.0,0.0
2023-07-14 00:00:00-04:00,12.170000076293945,12.170000076293945,12.170000076293945,12.170000076293945,1440,0.0,0.0,0.0
2023-07-17 00:00:00-04:00,12.170000076293945,12.170000076293945,12.170000076293945,12.170000076293945,0,0.0,0.0,0.0
2023-07-18 00:00:00-04:00,12.899999618530273,12.899999618530273,12.899999618530273,12.899999618530273,2320,0.0,0.0,0.0
2023-07-19 00:00:00-04:00,12.899999618530273,12.899999618530273,12.899999618530273,12.899999618530273,0,0.0,0.0,0.0
2023-07-20 00:00:00-04:00,12.899999618530273,12.899999618530273,12.899999618530273,12.899999618530273,0,0.0,0.0,0.0
2023-07-21 00:00:00-04:00,11.243000030517578,11.350000381469727,11.243000030517578,11.350000381469727,335,0.0,0.0,0.0
2023-07-24 00:00:00-04:00,11.350000381469727,11.350000381469727,11.350000381469727,11.350000381469727,0,0.0,0.0,0.0
2023-07-25 00:00:00-04:00,11.350000381469727,11.350000381469727,11.350000381469727,11.350000381469727,0,0.0,0.0,0.0
2023-07-26 00:00:00-04:00,11.779999732971191,11.779999732971191,11.4399995803833,11.4399995803833,677,0.0,0.0,0.0
2023-07-27 00:00:00-04:00,11.460000038146973,11.460000038146973,11.460000038146973,11.460000038146973,973,0.0,0.0,0.0
2023-07-28 00:00:00-04:00,11.460000038146973,11.460000038146973,11.460000038146973,11.460000038146973,0,0.0,0.0,0.0
2023-07-31 00:00:00-04:00,11.460000038146973,11.460000038146973,11.460000038146973,11.460000038146973,0,0.0,0.0,0.0
2023-08-01 00:00:00-04:00,11.128999710083008,11.128999710083008,11.128999710083008,11.128999710083008,143,0.0,0.0,0.0
2023-08-02 00:00:00-04:00,11.050000190734863,11.050000190734863,11.050000190734863,11.050000190734863,295,0.0,0.0,0.0
2023-08-03 00:00:00-04:00,11.050000190734863,11.050000190734863,11.050000190734863,11.050000190734863,0,0.0,0.0,0.0
2023-08-04 00:00:00-04:00,11.050000190734863,11.050000190734863,11.050000190734863,11.050000190734863,0,0.0,0.0,0.0
2023-08-07 00:00:00-04:00,11.4350004196167,11.4350004196167,11.4350004196167,11.4350004196167,200,0.0,0.0,0.0
2023-08-08 00:00:00-04:00,11.100000381469727,11.100000381469727,11.100000381469727,11.100000381469727,191,0.0,0.0,0.0
2023-08-09 00:00:00-04:00,11.100000381469727,11.100000381469727,11.100000381469727,11.100000381469727,0,0.0,0.0,0.0
2023-08-10 00:00:00-04:00,11.100000381469727,11.100000381469727,11.100000381469727,11.100000381469727,0,0.0,0.0,0.0
2023-08-11 00:00:00-04:00,11.100000381469727,11.100000381469727,11.100000381469727,11.100000381469727,0,0.0,0.0,0.0
2023-08-14 00:00:00-04:00,11.100000381469727,11.100000381469727,11.100000381469727,11.100000381469727,209,0.0,0.0,0.0
2023-08-15 00:00:00-04:00,10.539999961853027,10.539999961853027,10.539999961853027,10.539999961853027,2597,0.0,0.0,0.0
2023-08-16 00:00:00-04:00,10.539999961853027,10.539999961853027,10.539999961853027,10.539999961853027,0,0.0,0.0,0.0
2023-08-17 00:00:00-04:00,10.539999961853027,10.539999961853027,10.539999961853027,10.539999961853027,0,0.0,0.0,0.0
2023-08-18 00:00:00-04:00,10.539999961853027,10.539999961853027,10.539999961853027,10.539999961853027,0,0.0,0.0,0.0
2023-08-21 00:00:00-04:00,11.409000396728516,11.409000396728516,11.25,11.25,423,0.0,0.0,0.0
2023-08-22 00:00:00-04:00,11.25,11.25,11.25,11.25,0,0.0,0.0,0.0
2023-08-23 00:00:00-04:00,11.611000061035156,11.611000061035156,11.5,11.5,757,0.0,0.0,0.0
2023-08-24 00:00:00-04:00,10.982000350952148,10.982000350952148,10.899999618530273,10.899999618530273,360,0.0,0.0,0.0
2023-08-25 00:00:00-04:00,11.0,11.0,11.0,11.0,369,0.0,0.0,0.0
2023-08-28 00:00:00-04:00,11.0,11.0,11.0,11.0,0,0.0,0.0,0.0
2023-08-29 00:00:00-04:00,11.913000106811523,11.913000106811523,11.913000106811523,11.913000106811523,107,0.0,0.0,0.0
2023-08-30 00:00:00-04:00,11.479999542236328,11.479999542236328,11.479999542236328,11.479999542236328,126,0.0,0.0,0.0
2023-08-31 00:00:00-04:00,11.567000389099121,11.567000389099121,11.399999618530273,11.399999618530273,567,0.0,0.0,0.0
2023-09-01 00:00:00-04:00,11.399999618530273,11.399999618530273,11.399999618530273,11.399999618530273,0,0.0,0.0,0.0
2023-09-05 00:00:00-04:00,11.399999618530273,11.399999618530273,11.399999618530273,11.399999618530273,0,0.0,0.0,0.0
2023-09-06 00:00:00-04:00,11.550000190734863,11.550000190734863,11.550000190734863,11.550000190734863,9619,0.0,0.0,0.0
2023-09-07 00:00:00-04:00,11.539999961853027,11.539999961853027,11.539999961853027,11.539999961853027,266,0.0,0.0,0.0
2023-09-08 00:00:00-04:00,11.531000137329102,11.531000137329102,11.310500144958496,11.350000381469727,581,0.0,0.0,0.0
2023-09-11 00:00:00-04:00,11.70199966430664,11.70199966430664,10.979999542236328,10.979999542236328,1535,0.0,0.0,0.0
2023-09-12 00:00:00-04:00,10.979999542236328,10.979999542236328,10.979999542236328,10.979999542236328,0,0.0,0.0,0.0
2023-09-13 00:00:00-04:00,10.979999542236328,10.979999542236328,10.979999542236328,10.979999542236328,0,0.0,0.0,0.0
2023-09-14 00:00:00-04:00,11.0,11.0,11.0,11.0,351,0.0,0.0,0.0
2023-09-15 00:00:00-04:00,10.800000190734863,10.800000190734863,10.800000190734863,10.800000190734863,144,0.0,0.0,0.0
2023-09-18 00:00:00-04:00,10.961999893188477,10.961999893188477,10.961999893188477,10.961999893188477,70793,0.0,0.0,0.0
2023-09-19 00:00:00-04:00,10.866000175476074,11.0,10.866000175476074,11.0,1506,0.0,0.0,0.0
2023-09-20 00:00:00-04:00,11.265000343322754,11.265000343322754,11.265000343322754,11.265000343322754,768,0.0,0.0,0.0
2023-09-21 00:00:00-04:00,11.265000343322754,11.265000343322754,11.265000343322754,11.265000343322754,0,0.0,0.0,0.0
2023-09-22 00:00:00-04:00,11.265000343322754,11.265000343322754,11.265000343322754,11.265000343322754,0,0.0,0.0,0.0
2023-09-25 00:00:00-04:00,10.130000114440918,10.130000114440918,10.130000114440918,10.130000114440918,425,0.0,0.0,0.0
2023-09-26 00:00:00-04:00,9.932000160217285,10.100000381469727,9.932000160217285,10.100000381469727,3338,0.0,0.0,0.0
2023-09-27 00:00:00-04:00,10.100000381469727,10.100000381469727,10.100000381469727,10.100000381469727,0,0.0,0.0,0.0
2023-09-28 00:00:00-04:00,10.289999961853027,10.305000305175781,10.079999923706055,10.079999923706055,1457,0.0,0.0,0.0
2023-09-29 00:00:00-04:00,10.329999923706055,10.329999923706055,10.329999923706055,10.329999923706055,271,0.0,0.0,0.0
2023-10-02 00:00:00-04:00,10.359000205993652,10.420000076293945,10.069999694824219,10.300000190734863,870,0.0,0.0,0.0
2023-10-03 00:00:00-04:00,9.829999923706055,9.829999923706055,9.829999923706055,9.829999923706055,994,0.0,0.0,0.0
2023-10-04 00:00:00-04:00,9.819999694824219,9.819999694824219,9.819999694824219,9.819999694824219,178,0.0,0.0,0.0
2023-10-05 00:00:00-04:00,9.781000137329102,9.850000381469727,9.781000137329102,9.850000381469727,522,0.0,0.0,0.0
2023-10-06 00:00:00-04:00,9.850000381469727,9.850000381469727,9.850000381469727,9.850000381469727,0,0.0,0.0,0.0
2023-10-09 00:00:00-04:00,9.850000381469727,9.850000381469727,9.850000381469727,9.850000381469727,0,0.0,0.0,0.0
2023-10-10 00:00:00-04:00,9.850000381469727,9.850000381469727,9.850000381469727,9.850000381469727,0,0.0,0.0,0.0
2023-10-11 00:00:00-04:00,9.850000381469727,9.850000381469727,9.850000381469727,9.850000381469727,0,0.0,0.0,0.0
2023-10-12 00:00:00-04:00,9.850000381469727,9.850000381469727,9.850000381469727,9.850000381469727,0,0.0,0.0,0.0
2023-10-13 00:00:00-04:00,10.0,10.0,10.0,10.0,110,0.0,0.0,0.0
2023-10-16 00:00:00-04:00,9.970000267028809,9.970000267028809,9.970000267028809,9.970000267028809,257,0.0,0.0,0.0
2023-10-17 00:00:00-04:00,10.079999923706055,10.079999923706055,10.079999923706055,10.079999923706055,587,0.0,0.0,0.0
2023-10-18 00:00:00-04:00,9.779999732971191,9.779999732971191,9.5,9.5,615,0.0,0.0,0.0
2023-10-19 00:00:00-04:00,9.5,9.5,9.5,9.5,0,0.0,0.0,0.0
2023-10-20 00:00:00-04:00,9.3100004196167,9.3100004196167,9.3100004196167,9.3100004196167,206,0.0,0.0,0.0
2023-10-23 00:00:00-04:00,9.3100004196167,9.3100004196167,9.3100004196167,9.3100004196167,0,0.0,0.0,0.0
2023-10-24 00:00:00-04:00,9.170000076293945,9.170000076293945,9.170000076293945,9.170000076293945,227,0.0,0.0,0.0
2023-10-25 00:00:00-04:00,9.170000076293945,9.170000076293945,9.170000076293945,9.170000076293945,0,0.0,0.0,0.0
2023-10-26 00:00:00-04:00,9.170000076293945,9.170000076293945,9.170000076293945,9.170000076293945,0,0.0,0.0,0.0
2023-10-27 00:00:00-04:00,9.0,9.0,8.369999885559082,8.399999618530273,500,0.0,0.0,0.0
2023-10-30 00:00:00-04:00,8.399999618530273,8.399999618530273,8.399999618530273,8.399999618530273,0,0.0,0.0,0.0
2023-10-31 00:00:00-04:00,8.399999618530273,8.399999618530273,8.399999618530273,8.399999618530273,0,0.0,0.0,0.0
2023-11-01 00:00:00-04:00,8.399999618530273,8.399999618530273,8.399999618530273,8.399999618530273,0,0.0,0.0,0.0
2023-11-02 00:00:00-04:00,8.864999771118164,8.864999771118164,8.864999771118164,8.864999771118164,432,0.0,0.0,0.0
2023-11-03 00:00:00-04:00,8.864999771118164,8.864999771118164,8.864999771118164,8.864999771118164,0,0.0,0.0,0.0
2023-11-06 00:00:00-05:00,9.020000457763672,9.020000457763672,9.020000457763672,9.020000457763672,113,0.0,0.0,0.0
2023-11-07 00:00:00-05:00,9.020000457763672,9.020000457763672,9.020000457763672,9.020000457763672,0,0.0,0.0,0.0
2023-11-08 00:00:00-05:00,9.020000457763672,9.020000457763672,9.020000457763672,9.020000457763672,0,0.0,0.0,0.0
2023-11-09 00:00:00-05:00,9.395000457763672,9.395000457763672,9.270000457763672,9.270000457763672,2685,0.0,0.0,0.0
2023-11-10 00:00:00-05:00,9.270000457763672,9.270000457763672,9.270000457763672,9.270000457763672,0,0.0,0.0,0.0
2023-11-13 00:00:00-05:00,9.270000457763672,9.270000457763672,9.270000457763672,9.270000457763672,0,0.0,0.0,0.0
2023-11-14 00:00:00-05:00,9.270000457763672,9.270000457763672,9.270000457763672,9.270000457763672,0,0.0,0.0,0.0
2023-11-15 00:00:00-05:00,9.90999984741211,9.90999984741211,9.5600004196167,9.5600004196167,698,0.0,0.0,0.0
2023-11-16 00:00:00-05:00,9.482000350952148,9.649999618530273,9.482000350952148,9.649999618530273,519,0.0,0.0,0.0
2023-11-17 00:00:00-05:00,9.649999618530273,9.649999618530273,9.649999618530273,9.649999618530273,0,0.0,0.0,0.0
2023-11-20 00:00:00-05:00,9.59000015258789,9.59000015258789,9.59000015258789,9.59000015258789,101,0.0,0.0,0.0
2023-11-21 00:00:00-05:00,9.710000038146973,9.800000190734863,9.529999732971191,9.800000190734863,550,0.0,0.0,0.0
2023-11-22 00:00:00-05:00,9.774999618530273,9.774999618530273,9.774999618530273,9.774999618530273,497,0.0,0.0,0.0
2023-11-24 00:00:00-05:00,9.774999618530273,9.774999618530273,9.774999618530273,9.774999618530273,0,0.0,0.0,0.0
2023-11-27 00:00:00-05:00,9.774999618530273,9.774999618530273,9.774999618530273,9.774999618530273,0,0.0,0.0,0.0
2023-11-28 00:00:00-05:00,9.774999618530273,9.774999618530273,9.774999618530273,9.774999618530273,0,0.0,0.0,0.0
2023-11-29 00:00:00-05:00,9.779999732971191,9.779999732971191,9.779999732971191,9.779999732971191,279,0.0,0.0,0.0
2023-11-30 00:00:00-05:00,9.779999732971191,9.779999732971191,9.779999732971191,9.779999732971191,0,0.0,0.0,0.0
2023-12-01 00:00:00-05:00,9.779999732971191,9.779999732971191,9.779999732971191,9.779999732971191,0,0.0,0.0,0.0
2023-12-04 00:00:00-05:00,9.779999732971191,9.779999732971191,9.779999732971191,9.779999732971191,0,0.0,0.0,0.0
2023-12-05 00:00:00-05:00,9.779999732971191,9.779999732971191,9.779999732971191,9.779999732971191,0,0.0,0.0,0.0
2023-12-06 00:00:00-05:00,9.779999732971191,9.779999732971191,9.779999732971191,9.779999732971191,0,0.0,0.0,0.0
2023-12-07 00:00:00-05:00,9.59000015258789,9.59000015258789,9.579999923706055,9.579999923706055,234,0.0,0.0,0.0
2023-12-08 00:00:00-05:00,9.579999923706055,9.579999923706055,9.579999923706055,9.579999923706055,0,0.0,0.0,0.0
2023-12-11 00:00:00-05:00,9.579999923706055,9.579999923706055,9.579999923706055,9.579999923706055,0,0.0,0.0,0.0
2023-12-12 00:00:00-05:00,9.579999923706055,9.579999923706055,9.579999923706055,9.579999923706055,0,0.0,0.0,0.0
2023-12-13 00:00:00-05:00,9.579999923706055,9.579999923706055,9.579999923706055,9.579999923706055,0,0.0,0.0,0.0
2023-12-14 00:00:00-05:00,9.579999923706055,9.579999923706055,9.579999923706055,9.579999923706055,0,0.0,0.0,0.0
2023-12-15 00:00:00-05:00,9.579999923706055,9.579999923706055,9.579999923706055,9.579999923706055,0,0.0,0.0,0.0
2023-12-18 00:00:00-05:00,9.579999923706055,9.579999923706055,9.579999923706055,9.579999923706055,0,0.0,0.0,0.0
2023-12-19 00:00:00-05:00,9.579999923706055,9.579999923706055,9.579999923706055,9.579999923706055,0,0.0,0.0,0.0
2023-12-20 00:00:00-05:00,9.579999923706055,9.579999923706055,9.579999923706055,9.579999923706055,0,0.0,0.0,0.0
2023-12-21 00:00:00-05:00,9.767999649047852,10.0,9.767999649047852,10.0,275,0.0,0.0,0.0
2023-12-22 00:00:00-05:00,10.0,10.0,10.0,10.0,0,0.0,0.0,0.0
2023-12-26 00:00:00-05:00,10.0,10.0,10.0,10.0,0,0.0,0.0,0.0
2023-12-27 00:00:00-05:00,10.0,10.0,10.0,10.0,0,0.0,0.0,0.0
2023-12-28 00:00:00-05:00,10.0,10.0,10.0,10.0,0,0.0,0.0,0.0
2023-12-29 00:00:00-05:00,10.0,10.0,10.0,10.0,0,0.0,0.0,0.0
2024-01-02 00:00:00-05:00,10.0,10.0,10.0,10.0,0,0.0,0.0,0.0
2024-01-03 00:00:00-05:00,10.0,10.0,10.0,10.0,0,0.0,0.0,0.0
2024-01-04 00:00:00-05:00,10.0,10.0,10.0,10.0,0,0.0,0.0,0.0
2024-01-05 00:00:00-05:00,10.0,10.0,10.0,10.0,0,0.0,0.0,0.0
2024-01-08 00:00:00-05:00,9.91100025177002,10.020000457763672,9.90999984741211,10.020000457763672,1918,0.0,0.0,0.0
2024-01-09 00:00:00-05:00,10.020000457763672,10.020000457763672,10.020000457763672,10.020000457763672,0,0.0,0.0,0.0
2024-01-10 00:00:00-05:00,9.854999542236328,9.854999542236328,9.854999542236328,9.854999542236328,868,0.0,0.0,0.0
2024-01-11 00:00:00-05:00,9.739999771118164,9.739999771118164,9.739999771118164,9.739999771118164,291,0.0,0.0,0.0
2024-01-12 00:00:00-05:00,9.739999771118164,9.739999771118164,9.739999771118164,9.739999771118164,0,0.0,0.0,0.0
2024-01-16 00:00:00-05:00,9.739999771118164,9.739999771118164,9.739999771118164,9.739999771118164,0,0.0,0.0,0.0
2024-01-17 00:00:00-05:00,9.619999885559082,9.619999885559082,9.619999885559082,9.619999885559082,134,0.0,0.0,0.0
2024-01-18 00:00:00-05:00,9.619999885559082,9.619999885559082,9.619999885559082,9.619999885559082,0,0.0,0.0,0.0
2024-01-19 00:00:00-05:00,9.619999885559082,9.619999885559082,9.619999885559082,9.619999885559082,0,0.0,0.0,0.0
2024-01-22 00:00:00-05:00,9.619999885559082,9.619999885559082,9.619999885559082,9.619999885559082,0,0.0,0.0,0.0
2024-01-23 00:00:00-05:00,10.369999885559082,10.369999885559082,10.050000190734863,10.050000190734863,70339,0.0,0.0,0.0
2024-01-24 00:00:00-05:00,10.050000190734863,10.050000190734863,10.050000190734863,10.050000190734863,0,0.0,0.0,0.0
2024-01-25 00:00:00-05:00,10.050000190734863,10.050000190734863,10.050000190734863,10.050000190734863,0,0.0,0.0,0.0
2024-01-26 00:00:00-05:00,10.050000190734863,10.050000190734863,10.050000190734863,10.050000190734863,0,0.0,0.0,0.0
2024-01-29 00:00:00-05:00,10.050000190734863,10.050000190734863,10.050000190734863,10.050000190734863,0,0.0,0.0,0.0
2024-01-30 00:00:00-05:00,10.074999809265137,10.074999809265137,10.074999809265137,10.074999809265137,1730,0.0,0.0,0.0
2024-01-31 00:00:00-05:00,10.074999809265137,10.074999809265137,10.074999809265137,10.074999809265137,0,0.0,0.0,0.0
2024-02-01 00:00:00-05:00,9.970000267028809,9.970000267028809,9.970000267028809,9.970000267028809,321,0.0,0.0,0.0
2024-02-02 00:00:00-05:00,9.970000267028809,9.970000267028809,9.970000267028809,9.970000267028809,0,0.0,0.0,0.0
2024-02-05 00:00:00-05:00,9.970000267028809,9.970000267028809,9.970000267028809,9.970000267028809,0,0.0,0.0,0.0
2024-02-06 00:00:00-05:00,9.970000267028809,9.970000267028809,9.970000267028809,9.970000267028809,0,0.0,0.0,0.0
2024-02-07 00:00:00-05:00,9.970000267028809,9.970000267028809,9.970000267028809,9.970000267028809,0,0.0,0.0,0.0
2024-02-08 00:00:00-05:00,10.420000076293945,10.420000076293945,10.40999984741211,10.40999984741211,220,0.0,0.0,0.0
2024-02-09 00:00:00-05:00,10.40999984741211,10.40999984741211,10.40999984741211,10.40999984741211,0,0.0,0.0,0.0
2024-02-12 00:00:00-05:00,10.40999984741211,10.40999984741211,10.40999984741211,10.40999984741211,0,0.0,0.0,0.0
2024-02-13 00:00:00-05:00,9.819999694824219,9.819999694824219,9.819999694824219,9.819999694824219,1767,0.0,0.0,0.0
2024-02-14 00:00:00-05:00,9.819999694824219,9.819999694824219,9.819999694824219,9.819999694824219,0,0.0,0.0,0.0
2024-02-15 00:00:00-05:00,10.260000228881836,10.260000228881836,10.260000228881836,10.260000228881836,133,0.0,0.0,0.0
2024-02-16 00:00:00-05:00,10.260000228881836,10.260000228881836,10.260000228881836,10.260000228881836,0,0.0,0.0,0.0
2024-02-20 00:00:00-05:00,11.041000366210938,11.041000366210938,10.9399995803833,10.9399995803833,742,0.0,0.0,0.0
2024-02-21 00:00:00-05:00,10.9399995803833,10.9399995803833,10.9399995803833,10.9399995803833,0,0.0,0.0,0.0
2024-02-22 00:00:00-05:00,10.9399995803833,10.9399995803833,10.9399995803833,10.9399995803833,0,0.0,0.0,0.0
2024-02-23 00:00:00-05:00,10.9399995803833,10.9399995803833,10.9399995803833,10.9399995803833,0,0.0,0.0,0.0
2024-02-26 00:00:00-05:00,10.9399995803833,10.9399995803833,10.9399995803833,10.9399995803833,0,0.0,0.0,0.0
2024-02-27 00:00:00-05:00,10.9399995803833,10.9399995803833,10.9399995803833,10.9399995803833,0,0.0,0.0,0.0
2024-02-28 00:00:00-05:00,10.9399995803833,10.9399995803833,10.9399995803833,10.9399995803833,0,0.0,0.0,0.0
2024-02-29 00:00:00-05:00,10.9399995803833,10.9399995803833,10.9399995803833,10.9399995803833,0,0.0,0.0,0.0
2024-03-01 00:00:00-05:00,10.9399995803833,10.9399995803833,10.9399995803833,10.9399995803833,0,0.0,0.0,0.0
2024-03-04 00:00:00-05:00,10.9399995803833,10.9399995803833,10.9399995803833,10.9399995803833,0,0.0,0.0,0.0
2024-03-05 00:00:00-05:00,10.9399995803833,10.9399995803833,10.9399995803833,10.9399995803833,0,0.0,0.0,0.0
2024-03-06 00:00:00-05:00,10.9399995803833,10.9399995803833,10.9399995803833,10.9399995803833,0,0.0,0.0,0.0
2024-03-07 00:00:00-05:00,10.857000350952148,10.857000350952148,10.857000350952148,10.857000350952148,154,0.0,0.0,0.0
2024-03-08 00:00:00-05:00,10.857000350952148,10.857000350952148,10.857000350952148,10.857000350952148,0,0.0,0.0,0.0
2024-03-11 00:00:00-04:00,10.857000350952148,10.857000350952148,10.857000350952148,10.857000350952148,0,0.0,0.0,0.0
2024-03-12 00:00:00-04:00,10.857000350952148,10.857000350952148,10.857000350952148,10.857000350952148,0,0.0,0.0,0.0
2024-03-13 00:00:00-04:00,10.857000350952148,10.857000350952148,10.857000350952148,10.857000350952148,0,0.0,0.0,0.0
2024-03-14 00:00:00-04:00,10.857000350952148,10.857000350952148,10.857000350952148,10.857000350952148,0,0.0,0.0,0.0
2024-03-15 00:00:00-04:00,10.857000350952148,10.857000350952148,10.857000350952148,10.857000350952148,0,0.0,0.0,0.0
2024-03-18 00:00:00-04:00,10.857000350952148,10.857000350952148,10.857000350952148,10.857000350952148,0,0.0,0.0,0.0
2024-03-19 00:00:00-04:00,10.857000350952148,10.857000350952148,10.857000350952148,10.857000350952148,0,0.0,0.0,0.0
2024-03-20 00:00:00-04:00,10.84000015258789,10.84000015258789,10.84000015258789,10.84000015258789,484,0.0,0.0,0.0
2024-03-21 00:00:00-04:00,10.84000015258789,10.84000015258789,10.84000015258789,10.84000015258789,0,0.0,0.0,0.0
2024-03-22 00:00:00-04:00,10.84000015258789,10.84000015258789,10.84000015258789,10.84000015258789,0,0.0,0.0,0.0
2024-03-25 00:00:00-04:00,11.899999618530273,11.899999618530273,11.899999618530273,11.899999618530273,469,0.0,0.0,0.0
2024-03-26 00:00:00-04:00,11.899999618530273,11.899999618530273,11.899999618530273,11.899999618530273,0,0.0,0.0,0.0
2024-03-27 00:00:00-04:00,12.013999938964844,12.013999938964844,12.013999938964844,12.013999938964844,114,0.0,0.0,0.0
2024-03-28 00:00:00-04:00,12.013999938964844,12.013999938964844,12.013999938964844,12.013999938964844,0,0.0,0.0,0.0
2024-04-01 00:00:00-04:00,12.013999938964844,12.013999938964844,12.013999938964844,12.013999938964844,0,0.0,0.0,0.0
2024-04-02 00:00:00-04:00,12.013999938964844,12.013999938964844,12.013999938964844,12.013999938964844,0,0.0,0.0,0.0
2024-04-03 00:00:00-04:00,12.013999938964844,12.013999938964844,12.013999938964844,12.013999938964844,0,0.0,0.0,0.0
2024-04-04 00:00:00-04:00,12.494999885559082,12.494999885559082,12.494999885559082,12.494999885559082,670,0.0,0.0,0.0
2024-04-05 00:00:00-04:00,12.199999809265137,12.199999809265137,12.199999809265137,12.199999809265137,139,0.0,0.0,0.0
2024-04-08 00:00:00-04:00,12.199999809265137,12.199999809265137,12.199999809265137,12.199999809265137,0,0.0,0.0,0.0
2024-04-09 00:00:00-04:00,12.199999809265137,12.199999809265137,12.199999809265137,12.199999809265137,0,0.0,0.0,0.0
2024-04-10 00:00:00-04:00,12.199999809265137,12.199999809265137,12.199999809265137,12.199999809265137,0,0.0,0.0,0.0
2024-04-11 00:00:00-04:00,12.199999809265137,12.199999809265137,12.199999809265137,12.199999809265137,0,0.0,0.0,0.0
2024-04-12 00:00:00-04:00,11.949999809265137,11.949999809265137,11.949999809265137,11.949999809265137,294,0.0,0.0,0.0
2024-04-15 00:00:00-04:00,11.949999809265137,11.949999809265137,11.949999809265137,11.949999809265137,0,0.0,0.0,0.0
2024-04-16 00:00:00-04:00,11.949999809265137,11.949999809265137,11.949999809265137,11.949999809265137,0,0.0,0.0,0.0
2024-04-17 00:00:00-04:00,11.949999809265137,11.949999809265137,11.949999809265137,11.949999809265137,0,0.0,0.0,0.0
2024-04-18 00:00:00-04:00,11.949999809265137,11.949999809265137,11.949999809265137,11.949999809265137,0,0.0,0.0,0.0
2024-04-19 00:00:00-04:00,11.949999809265137,11.949999809265137,11.949999809265137,11.949999809265137,0,0.0,0.0,0.0
2024-04-22 00:00:00-04:00,11.949999809265137,11.949999809265137,11.949999809265137,11.949999809265137,0,0.0,0.0,0.0
2024-04-23 00:00:00-04:00,11.949999809265137,11.949999809265137,11.949999809265137,11.949999809265137,0,0.0,0.0,0.0
2024-04-24 00:00:00-04:00,11.949999809265137,11.949999809265137,11.949999809265137,11.949999809265137,0,0.0,0.0,0.0
2024-04-25 00:00:00-04:00,11.34000015258789,11.34000015258789,11.34000015258789,11.34000015258789,100,0.0,0.0,0.0
2024-04-26 00:00:00-04:00,11.34000015258789,11.34000015258789,11.34000015258789,11.34000015258789,0,0.0,0.0,0.0
2024-04-29 00:00:00-04:00,11.34000015258789,11.34000015258789,11.34000015258789,11.34000015258789,0,0.0,0.0,0.0
2024-04-30 00:00:00-04:00,10.6899995803833,10.6899995803833,10.6899995803833,10.6899995803833,409,0.0,0.0,0.0
2024-05-01 00:00:00-04:00,10.6899995803833,10.6899995803833,10.6899995803833,10.6899995803833,0,0.0,0.0,0.0
2024-05-02 00:00:00-04:00,10.6899995803833,10.6899995803833,10.6899995803833,10.6899995803833,0,0.0,0.0,0.0
2024-05-03 00:00:00-04:00,10.6899995803833,10.6899995803833,10.6899995803833,10.6899995803833,0,0.0,0.0,0.0
2024-05-06 00:00:00-04:00,10.6899995803833,10.6899995803833,10.6899995803833,10.6899995803833,0,0.0,0.0,0.0
2024-05-07 00:00:00-04:00,10.6899995803833,10.6899995803833,10.6899995803833,10.6899995803833,0,0.0,0.0,0.0
2024-05-08 00:00:00-04:00,10.6899995803833,10.6899995803833,10.6899995803833,10.6899995803833,0,0.0,0.0,0.0
2024-05-09 00:00:00-04:00,10.6899995803833,10.6899995803833,10.6899995803833,10.6899995803833,0,0.0,0.0,0.0
2024-05-10 00:00:00-04:00,12.204999923706055,12.457500457763672,12.204999923706055,12.457500457763672,218,0.0,0.0,0.0
2024-05-13 00:00:00-04:00,12.457500457763672,12.457500457763672,12.457500457763672,12.457500457763672,0,0.0,0.0,0.0
2024-05-14 00:00:00-04:00,12.457500457763672,12.457500457763672,12.457500457763672,12.457500457763672,0,0.0,0.0,0.0
2024-05-15 00:00:00-04:00,12.521570205688477,12.521570205688477,12.521570205688477,12.521570205688477,3699,0.0,0.0,0.0
2024-05-16 00:00:00-04:00,12.364999771118164,12.364999771118164,12.364999771118164,12.364999771118164,101,0.0,0.0,0.0
2024-05-17 00:00:00-04:00,12.364999771118164,12.364999771118164,12.364999771118164,12.364999771118164,0,0.0,0.0,0.0
2024-05-20 00:00:00-04:00,12.449999809265137,12.449999809265137,12.449999809265137,12.449999809265137,187,0.0,0.0,0.0
2024-05-21 00:00:00-04:00,12.449999809265137,12.449999809265137,12.449999809265137,12.449999809265137,0,0.0,0.0,0.0
2024-05-22 00:00:00-04:00,12.449999809265137,12.449999809265137,12.449999809265137,12.449999809265137,0,0.0,0.0,0.0
2024-05-23 00:00:00-04:00,12.449999809265137,12.449999809265137,12.449999809265137,12.449999809265137,0,0.0,0.0,0.0
2024-05-24 00:00:00-04:00,12.449999809265137,12.449999809265137,12.449999809265137,12.449999809265137,0,0.0,0.0,0.0
2024-05-28 00:00:00-04:00,12.449999809265137,12.449999809265137,12.449999809265137,12.449999809265137,0,0.0,0.0,0.0
2024-05-29 00:00:00-04:00,12.449999809265137,12.449999809265137,12.449999809265137,12.449999809265137,0,0.0,0.0,0.0
2024-05-30 00:00:00-04:00,12.449999809265137,12.449999809265137,12.449999809265137,12.449999809265137,0,0.0,0.0,0.0
2024-05-31 00:00:00-04:00,12.449999809265137,12.449999809265137,12.449999809265137,12.449999809265137,0,0.0,0.0,0.0
2024-06-03 00:00:00-04:00,12.449999809265137,12.449999809265137,12.449999809265137,12.449999809265137,0,0.0,0.0,0.0
2024-06-04 00:00:00-04:00,12.449999809265137,12.449999809265137,12.449999809265137,12.449999809265137,0,0.0,0.0,0.0
2024-06-05 00:00:00-04:00,12.449999809265137,12.449999809265137,12.449999809265137,12.449999809265137,0,0.0,0.0,0.0
2024-06-06 00:00:00-04:00,12.449999809265137,12.449999809265137,12.449999809265137,12.449999809265137,0,0.0,0.0,0.0
2024-06-07 00:00:00-04:00,12.449999809265137,12.449999809265137,12.449999809265137,12.449999809265137,0,0.0,0.0,0.0
2024-06-10 00:00:00-04:00,11.505000114440918,11.505000114440918,11.505000114440918,11.505000114440918,100,0.0,0.0,0.0
2024-06-11 00:00:00-04:00,11.505000114440918,11.505000114440918,11.505000114440918,11.505000114440918,0,0.0,0.0,0.0
2024-06-12 00:00:00-04:00,11.505000114440918,11.505000114440918,11.505000114440918,11.505000114440918,0,0.0,0.0,0.0
2024-06-13 00:00:00-04:00,12.119999885559082,12.15999984741211,12.119999885559082,12.15999984741211,200,0.0,0.0,0.0
2024-06-14 00:00:00-04:00,12.15999984741211,12.15999984741211,12.15999984741211,12.15999984741211,0,0.0,0.0,0.0
2024-06-17 00:00:00-04:00,12.15999984741211,12.15999984741211,12.15999984741211,12.15999984741211,0,0.0,0.0,0.0
2024-06-18 00:00:00-04:00,12.15999984741211,12.15999984741211,12.15999984741211,12.15999984741211,0,0.0,0.0,0.0
2024-06-20 00:00:00-04:00,12.15999984741211,12.15999984741211,12.15999984741211,12.15999984741211,0,0.0,0.0,0.0
2024-06-21 00:00:00-04:00,12.15999984741211,12.15999984741211,12.15999984741211,12.15999984741211,0,0.0,0.0,0.0
2024-06-24 00:00:00-04:00,12.15999984741211,12.15999984741211,12.15999984741211,12.15999984741211,0,0.0,0.0,0.0
2024-06-25 00:00:00-04:00,12.15999984741211,12.15999984741211,12.15999984741211,12.15999984741211,0,0.0,0.0,0.0
2024-06-26 00:00:00-04:00,12.15999984741211,12.15999984741211,12.15999984741211,12.15999984741211,0,0.0,0.0,0.0
2024-06-27 00:00:00-04:00,12.15999984741211,12.15999984741211,12.15999984741211,12.15999984741211,0,0.0,0.0,0.0
2024-06-28 00:00:00-04:00,12.15999984741211,12.15999984741211,12.15999984741211,12.15999984741211,0,0.0,0.0,0.0
2024-07-01 00:00:00-04:00,12.15999984741211,12.15999984741211,12.15999984741211,12.15999984741211,0,0.0,0.0,0.0
2024-07-02 00:00:00-04:00,12.15999984741211,12.15999984741211,12.15999984741211,12.15999984741211,0,0.0,0.0,0.0
2024-07-03 00:00:00-04:00,12.15999984741211,12.15999984741211,12.15999984741211,12.15999984741211,0,0.0,0.0,0.0
2024-07-05 00:00:00-04:00,12.15999984741211,12.15999984741211,12.15999984741211,12.15999984741211,0,0.0,0.0,0.0
2024-07-08 00:00:00-04:00,12.15999984741211,12.15999984741211,12.15999984741211,12.15999984741211,0,0.0,0.0,0.0
2024-07-09 00:00:00-04:00,12.15999984741211,12.15999984741211,12.15999984741211,12.15999984741211,0,0.0,0.0,0.0
2024-07-10 00:00:00-04:00,12.15999984741211,12.15999984741211,12.15999984741211,12.15999984741211,0,0.0,0.0,0.0
2024-07-11 00:00:00-04:00,12.15999984741211,12.15999984741211,12.15999984741211,12.15999984741211,0,0.0,0.0,0.0
2024-07-12 00:00:00-04:00,12.15999984741211,12.15999984741211,12.15999984741211,12.15999984741211,0,0.0,0.0,0.0
2024-07-15 00:00:00-04:00,12.15999984741211,12.15999984741211,12.15999984741211,12.15999984741211,0,0.0,0.0,0.0
2024-07-16 00:00:00-04:00,12.15999984741211,12.15999984741211,12.15999984741211,12.15999984741211,0,0.0,0.0,0.0
2024-07-17 00:00:00-04:00,12.15999984741211,12.15999984741211,12.15999984741211,12.15999984741211,0,0.0,0.0,0.0
2024-07-18 00:00:00-04:00,12.15999984741211,12.15999984741211,12.15999984741211,12.15999984741211,0,0.0,0.0,0.0
2024-07-19 00:00:00-04:00,12.15999984741211,12.15999984741211,12.15999984741211,12.15999984741211,0,0.0,0.0,0.0
